record_id,search_id,origin,destination,route,outbound_date,return_date,collection_timestamp,collection_date,advance_purchase_days,booking_window_category,airline,flight_type,currency,price,total_fare,base_fare,taxes_fees,stops,total_duration_minutes,departure_time,arrival_time,travel_class,carbon_emissions_kg,seats_available,sold_out,booking_token,source,source_engine,travel_year,travel_month,travel_week,travel_day,travel_day_of_week,travel_day_name,travel_month_name,is_weekend,collection_hour,fare_band,log_fare,fare_outlier,route_average_fare,fare_vs_route_average_pct,route_airline_count,route_observation_count,search_currency,search_timestamp,search_request_id,id,collected_at
fdeba52d5753e35ffc5557bdbbc52f963fb9f2112b4c72fce4fb1d8f80265d53,1,BLR,DEL,BLR-DEL,2026-09-12,2026-09-19,2026-09-12 18:34:35.713985,2026-09-12,0,0-3 days,Air India,Round trip,INR,19171.0,19171.0,,,0,165.0,,,,143.0,,,WyJDalJJWTFnMGRuTjBVbXhSUnpCQlNGaDBVVUZDUnkwdExTMHRMUzB0TFhaM2FtOHlORUZCUVVGQlIzRnNWRmxWUlc5aWJtMUJFZ1pCU1RJNE1UZ2FDd2pqbFFFUUFCb0RTVTVTT0J4dzM1d0IiLFtbIkJMUiIsIjIwMjYtMDktMTIiLCJERUwiLG51bGwsIkFJIiwiMjgxOCJdXV0=,SerpApi,Google Flights,2026,9,37,12,5,Saturday,September,True,18,15001-25000,9.861206160279522,False,23502.451612903227,-18.429786322909347,5,31,INR,2026-09-12 18:34:35.709017,6aa54d840e4be0c388db1297,82,2026-09-12 18:34:35.713985
7d5162997e30b2eae56042527378b47c5781d3d14993ba9cb7196117bb751fa0,1,BLR,DEL,BLR-DEL,2026-09-12,2026-09-19,2026-09-12 18:34:35.735782,2026-09-12,0,0-3 days,IndiGo,Round trip,INR,24450.0,24450.0,,,1,295.0,,,,157.0,,,WyJDalJJWTFnMGRuTjBVbXhSUnpCQlNGaDBVVUZDUnkwdExTMHRMUzB0TFhaM2FtOHlORUZCUVVGQlIzRnNWRmxWUlc5aWJtMUJFZ3cyUlRFeE5udzJSVEkwTVRnYUN3aUN2d0VRQUJvRFNVNVNPQnh3ODhjQiIsW1siQkxSIiwiMjAyNi0wOS0xMiIsIlBOUSIsbnVsbCwiNkUiLCIxMTYiXSxbIlBOUSIsIjIwMjYtMDktMTMiLCJERUwiLG51bGwsIjZFIiwiMjQxOCJdXV0=,SerpApi,Google Flights,2026,9,37,12,5,Saturday,September,True,18,15001-25000,10.104426393862145,False,23502.451612903227,4.031700193253673,5,31,INR,2026-09-12 18:34:35.709017,6aa54d840e4be0c388db1297,83,2026-09-12 18:34:35.735782
954a762c9dea3b670620be74e0c1322e5a61b458735cfde113dcaca8382b572f,1,BLR,DEL,BLR-DEL,2026-09-12,2026-09-19,2026-09-12 18:34:35.739239,2026-09-12,0,0-3 days,"Air India Express, Air India",Round trip,INR,25800.0,25800.0,,,1,700.0,,,,191.0,,,WyJDalJJWTFnMGRuTjBVbXhSUnpCQlNGaDBVVUZDUnkwdExTMHRMUzB0TFhaM2FtOHlORUZCUVVGQlIzRnNWRmxWUlc5aWJtMUJFZzFKV0RJM09EZDhRVWt5T0RnMkdnc0l5TWtCRUFBYUEwbE9VamdjY1BqU0FRPT0iLFtbIkJMUiIsIjIwMjYtMDktMTIiLCJNQUEiLG51bGwsIklYIiwiMjc4NyJdLFsiTUFBIiwiMjAyNi0wOS0xMyIsIkRFTCIsbnVsbCwiQUkiLCIyODg2Il1dXQ==,SerpApi,Google Flights,2026,9,37,12,5,Saturday,September,True,18,25000+,10.158168529848494,False,23502.451612903227,9.775781799016148,5,31,INR,2026-09-12 18:34:35.709017,6aa54d840e4be0c388db1297,84,2026-09-12 18:34:35.739239
8627c6ea349223d2ee5f8237594214ed64404068d0c81a2e5c7db270dddfeb4e,1,BLR,DEL,BLR-DEL,2026-09-12,2026-09-19,2026-09-12 18:34:35.742335,2026-09-12,0,0-3 days,IndiGo,Round trip,INR,27081.0,27081.0,,,1,290.0,,,,155.0,,,WyJDalJJWTFnMGRuTjBVbXhSUnpCQlNGaDBVVUZDUnkwdExTMHRMUzB0TFhaM2FtOHlORUZCUVVGQlIzRnNWRmxWUlc5aWJtMUJFZ3cyUlRVeU9IdzJSVFV6TWpFYUN3akowd0VRQUJvRFNVNVNPQnh3dGQwQiIsW1siQkxSIiwiMjAyNi0wOS0xMiIsIlBOUSIsbnVsbCwiNkUiLCI1MjgiXSxbIlBOUSIsIjIwMjYtMDktMTMiLCJERUwiLG51bGwsIjZFIiwiNTMyMSJdXV0=,SerpApi,Google Flights,2026,9,37,12,5,Saturday,September,True,18,25000+,10.206624579542769,False,23502.451612903227,15.226277011595224,5,31,INR,2026-09-12 18:34:35.709017,6aa54d840e4be0c388db1297,85,2026-09-12 18:34:35.742335
abfa78b7c5a032e05d56f331b1b12a6741bf609d3b0bd6e9407e51417f7e749f,1,BLR,DEL,BLR-DEL,2026-09-12,2026-09-19,2026-09-12 18:34:35.745170,2026-09-12,0,0-3 days,Air India Express,Round trip,INR,27803.0,27803.0,,,1,740.0,,,,190.0,,,WyJDalJJWTFnMGRuTjBVbXhSUnpCQlNGaDBVVUZDUnkwdExTMHRMUzB0TFhaM2FtOHlORUZCUVVGQlIzRnNWRmxWUlc5aWJtMUJFZzFKV0RJMk9EQjhTVmd4TmpjeUdnc0ltOWtCRUFBYUEwbE9VamdjY0tqakFRPT0iLFtbIkJMUiIsIjIwMjYtMDktMTIiLCJQTlEiLG51bGwsIklYIiwiMjY4MCJdLFsiUE5RIiwiMjAyNi0wOS0xMyIsIkRFTCIsbnVsbCwiSVgiLCIxNjcyIl1dXQ==,SerpApi,Google Flights,2026,9,37,12,5,Saturday,September,True,18,25000+,10.232935174220376,False,23502.451612903227,18.29829695186225,5,31,INR,2026-09-12 18:34:35.709017,6aa54d840e4be0c388db1297,86,2026-09-12 18:34:35.745170
0ed85d01e3639390cc4105dd001b505932a71c9229201a7779eee0c589d5a74c,1,BLR,DEL,BLR-DEL,2026-09-12,2026-09-19,2026-09-12 18:34:35.747730,2026-09-12,0,0-3 days,"Air India Express, Air India",Round trip,INR,30673.0,30673.0,,,1,405.0,,,,171.0,,,WyJDalJJWTFnMGRuTjBVbXhSUnpCQlNGaDBVVUZDUnkwdExTMHRMUzB0TFhaM2FtOHlORUZCUVVGQlIzRnNWRmxWUlc5aWJtMUJFZzFKV0RFM01qTjhRVWt4T0RBMkdnc0kwZThCRUFBYUEwbE9VamdjY09UNkFRPT0iLFtbIkJMUiIsIjIwMjYtMDktMTIiLCJIWUQiLG51bGwsIklYIiwiMTcyMyJdLFsiSFlEIiwiMjAyNi0wOS0xMyIsIkRFTCIsbnVsbCwiQUkiLCIxODA2Il1dXQ==,SerpApi,Google Flights,2026,9,37,12,5,Saturday,September,True,18,25000+,10.331170669210724,False,23502.451612903227,30.509788958186924,5,31,INR,2026-09-12 18:34:35.709017,6aa54d840e4be0c388db1297,87,2026-09-12 18:34:35.747730
98c34559a4edbbf0ac9c20a0aa5f8f33a433f4f92b10e7f21b58f4bc81e65f73,1,BLR,DEL,BLR-DEL,2026-09-12,2026-09-19,2026-09-12 18:34:35.752752,2026-09-12,0,0-3 days,IndiGo,Round trip,INR,38098.0,38098.0,,,0,170.0,,,,186.0,,,WyJDalJJWTFnMGRuTjBVbXhSUnpCQlNGaDBVVUZDUnkwdExTMHRMUzB0TFhaM2FtOHlORUZCUVVGQlIzRnNWRmxWUlc5aWJtMUJFZ1kyUlRJek1UTWFDd2pTcVFJUUFCb0RTVTVTT0J4d3ZyY0MiLFtbIkJMUiIsIjIwMjYtMDktMTIiLCJERUwiLG51bGwsIjZFIiwiMjMxMyJdXV0=,SerpApi,Google Flights,2026,9,37,12,5,Saturday,September,True,18,25000+,10.547943314051182,True,23502.451612903227,62.10223778988053,5,31,INR,2026-09-12 18:34:35.709017,6aa54d840e4be0c388db1297,89,2026-09-12 18:34:35.752752
b902054954637b4d9a4a6140a76057a0036cae27a8f5cf2866338157ac619fea,1,BLR,DEL,BLR-DEL,2026-09-12,2026-09-19,2026-09-12 18:34:35.755130,2026-09-12,0,0-3 days,Air India,Round trip,INR,55813.0,55813.0,,,0,175.0,,,,215.0,,,WyJDalJJWTFnMGRuTjBVbXhSUnpCQlNGaDBVVUZDUnkwdExTMHRMUzB0TFhaM2FtOHlORUZCUVVGQlIzRnNWRmxWUlc5aWJtMUJFZ1pCU1RJME9EZ2FDd2lGdEFNUUFCb0RTVTVTT0J4d3FjZ0QiLFtbIkJMUiIsIjIwMjYtMDktMTIiLCJERUwiLG51bGwsIkFJIiwiMjQ4OCJdXV0=,SerpApi,Google Flights,2026,9,37,12,5,Saturday,September,True,18,25000+,10.929780012957599,True,23502.451612903227,137.47735308327478,5,31,INR,2026-09-12 18:34:35.709017,6aa54d840e4be0c388db1297,90,2026-09-12 18:34:35.755130
a3943b7e457df6278eea5c3cb81ea171eb83e2cf8193edc0cd8dfe437a443daa,1,BLR,DEL,BLR-DEL,2026-09-12,2026-09-19,2026-09-12 18:34:35.757438,2026-09-12,0,0-3 days,Air India,Round trip,INR,67171.0,67171.0,,,1,350.0,,,,189.0,,,WyJDalJJWTFnMGRuTjBVbXhSUnpCQlNGaDBVVUZDUnkwdExTMHRMUzB0TFhaM2FtOHlORUZCUVVGQlIzRnNWRmxWUlc5aWJtMUJFZzFCU1RJMk5ESjhRVWt5TkRJeUdnc0k0NHdFRUFBYUEwbE9VamdjY0plbEJBPT0iLFtbIkJMUiIsIjIwMjYtMDktMTIiLCJCT00iLG51bGwsIkFJIiwiMjY0MiJdLFsiQk9NIiwiMjAyNi0wOS0xMyIsIkRFTCIsbnVsbCwiQUkiLCIyNDIyIl1dXQ==,SerpApi,Google Flights,2026,9,37,12,5,Saturday,September,True,18,25000+,11.1150117730149,True,23502.451612903227,185.80422632642302,5,31,INR,2026-09-12 18:34:35.709017,6aa54d840e4be0c388db1297,91,2026-09-12 18:34:35.757438
98d4e99816a45da41a846812634df78e7992d73cdd89bb3c4751d0abb8f9bf8a,2,BLR,BOM,BLR-BOM,2026-09-12,2026-09-19,2026-09-12 18:34:37.334154,2026-09-12,0,0-3 days,IndiGo,Round trip,INR,13034.0,13034.0,,,1,250.0,,,,122.0,,,WyJDalJJWVd0dE5YcElOazVJY2xWQlJscDFUR2RDUnkwdExTMHRMWFJzWVdReE9DMXVNa0ZCUVVGQlIzRnNWRmt3UnpkT2JXTkJFZzAyUlRZd056ZDhOa1UyTWpJMUdnb0k2bVVRQUJvRFNVNVNPQnh3eUdvPSIsW1siQkxSIiwiMjAyNi0wOS0xMiIsIk1BQSIsbnVsbCwiNkUiLCI2MDc3Il0sWyJNQUEiLCIyMDI2LTA5LTEyIiwiQk9NIixudWxsLCI2RSIsIjYyMjUiXV1d,SerpApi,Google Flights,2026,9,37,12,5,Saturday,September,True,18,10001-15000,9.475393326367602,False,15874.59375,-17.89396185335451,3,32,INR,2026-09-12 18:34:37.328775,6aa54d8cd0a88f65d7aaa150,92,2026-09-12 18:34:37.334154
3fec73c9b787772411f184f0a4134a7479e3bc75b9764bd77559452ba1093b92,2,BLR,BOM,BLR-BOM,2026-09-12,2026-09-19,2026-09-12 18:34:37.339150,2026-09-12,0,0-3 days,Akasa Air,Round trip,INR,15377.0,15377.0,,,0,110.0,,,,73.0,,,WyJDalJJWVd0dE5YcElOazVJY2xWQlJscDFUR2RDUnkwdExTMHRMWFJzWVdReE9DMXVNa0ZCUVVGQlIzRnNWRmt3UnpkT2JXTkJFZ1pSVURFeE16UWFDZ2lSZUJBQUdnTkpUbEk0SEhEY2ZRPT0iLFtbIkJMUiIsIjIwMjYtMDktMTIiLCJCT00iLG51bGwsIlFQIiwiMTEzNCJdXV0=,SerpApi,Google Flights,2026,9,37,12,5,Saturday,September,True,18,15001-25000,9.640693195592126,False,15874.59375,-3.134529033223288,3,32,INR,2026-09-12 18:34:37.328775,6aa54d8cd0a88f65d7aaa150,93,2026-09-12 18:34:37.339150
5a3d71d2856ec57d9f48fa6165463c1dd5462f0336ecaa83d905cf76640cacbf,2,BLR,BOM,BLR-BOM,2026-09-12,2026-09-19,2026-09-12 18:34:37.341535,2026-09-12,0,0-3 days,Air India,Round trip,INR,15648.0,15648.0,,,0,130.0,,,,83.0,,,WyJDalJJWVd0dE5YcElOazVJY2xWQlJscDFUR2RDUnkwdExTMHRMWFJzWVdReE9DMXVNa0ZCUVVGQlIzRnNWRmt3UnpkT2JXTkJFZ1pCU1RJNE5UQWFDZ2lnZWhBQUdnTkpUbEk0SEhENGZ3PT0iLFtbIkJMUiIsIjIwMjYtMDktMTIiLCJCT00iLG51bGwsIkFJIiwiMjg1MCJdXV0=,SerpApi,Google Flights,2026,9,37,12,5,Saturday,September,True,18,15001-25000,9.658162296163171,False,15874.59375,-1.4273987326447357,3,32,INR,2026-09-12 18:34:37.328775,6aa54d8cd0a88f65d7aaa150,94,2026-09-12 18:34:37.341535
a7fce020126fa75dff934a1ce0f138920dfe75f875acd83f03abe8144634965b,2,BLR,BOM,BLR-BOM,2026-09-12,2026-09-19,2026-09-12 18:34:37.343908,2026-09-12,0,0-3 days,IndiGo,Round trip,INR,16130.0,16130.0,,,0,105.0,,,,71.0,,,WyJDalJJWVd0dE5YcElOazVJY2xWQlJscDFUR2RDUnkwdExTMHRMWFJzWVdReE9DMXVNa0ZCUVVGQlIzRnNWRmt3UnpkT2JXTkJFZ1kyUlRVek56WWFDZ2lDZmhBQUdnTkpUbEk0SEhEd2d3RT0iLFtbIkJMUiIsIjIwMjYtMDktMTIiLCJCT00iLG51bGwsIjZFIiwiNTM3NiJdXV0=,SerpApi,Google Flights,2026,9,37,12,5,Saturday,September,True,18,15001-25000,9.688498165477787,False,15874.59375,1.608899440340017,3,32,INR,2026-09-12 18:34:37.328775,6aa54d8cd0a88f65d7aaa150,95,2026-09-12 18:34:37.343908
94191e8317535ba320f298465d76ed9acef7b334245544cb6934c530b46b4591,2,BLR,BOM,BLR-BOM,2026-09-12,2026-09-19,2026-09-12 18:34:37.348189,2026-09-12,0,0-3 days,IndiGo,Round trip,INR,18879.0,18879.0,,,1,270.0,,,,145.0,,,WyJDalJJWVd0dE5YcElOazVJY2xWQlJscDFUR2RDUnkwdExTMHRMWFJzWVdReE9DMXVNa0ZCUVVGQlIzRnNWRmt3UnpkT2JXTkJFZzAyUlRZME1qTjhOa1UyTXpVeEdnc0l2NU1CRUFBYUEwbE9VamdjY0syYUFRPT0iLFtbIkJMUiIsIjIwMjYtMDktMTIiLCJBTUQiLG51bGwsIjZFIiwiNjQyMyJdLFsiQU1EIiwiMjAyNi0wOS0xMiIsIkJPTSIsbnVsbCwiNkUiLCI2MzUxIl1dXQ==,SerpApi,Google Flights,2026,9,37,12,5,Saturday,September,True,18,15001-25000,9.84585843969949,True,15874.59375,18.925878024437637,3,32,INR,2026-09-12 18:34:37.328775,6aa54d8cd0a88f65d7aaa150,96,2026-09-12 18:34:37.348189
d874c60bdcc771b65bed0ebdca567aedaa0fc51e54757056c4ddfed535314a13,2,BLR,BOM,BLR-BOM,2026-09-12,2026-09-19,2026-09-12 18:34:37.351275,2026-09-12,0,0-3 days,Air India,Round trip,INR,21654.0,21654.0,,,0,125.0,,,,83.0,,,WyJDalJJWVd0dE5YcElOazVJY2xWQlJscDFUR2RDUnkwdExTMHRMWFJzWVdReE9DMXVNa0ZCUVVGQlIzRnNWRmt3UnpkT2JXTkJFZ1pCU1RJNE5EQWFDd2lXcVFFUUFCb0RTVTVTT0J4d2hiRUIiLFtbIkJMUiIsIjIwMjYtMDktMTIiLCJCT00iLG51bGwsIkFJIiwiMjg0MCJdXV0=,SerpApi,Google Flights,2026,9,37,12,5,Saturday,September,True,18,15001-25000,9.982991653648726,True,15874.59375,36.406640327409946,3,32,INR,2026-09-12 18:34:37.328775,6aa54d8cd0a88f65d7aaa150,97,2026-09-12 18:34:37.351275
bfb99a1dead9b8d14cf116630542ae63158c551d3e2c756f2266266e2f780016,2,BLR,BOM,BLR-BOM,2026-09-12,2026-09-19,2026-09-12 18:34:37.353976,2026-09-12,0,0-3 days,Air India,Round trip,INR,32159.0,32159.0,,,0,125.0,,,,83.0,,,WyJDalJJWVd0dE5YcElOazVJY2xWQlJscDFUR2RDUnkwdExTMHRMWFJzWVdReE9DMXVNa0ZCUVVGQlIzRnNWRmt3UnpkT2JXTkJFZ1pCU1RJNE1URWFDd2lmK3dFUUFCb0RTVTVTT0J4dzk0WUMiLFtbIkJMUiIsIjIwMjYtMDktMTIiLCJCT00iLG51bGwsIkFJIiwiMjgxMSJdXV0=,SerpApi,Google Flights,2026,9,37,12,5,Saturday,September,True,18,25000+,10.378478723292902,True,15874.59375,102.58156212658984,3,32,INR,2026-09-12 18:34:37.328775,6aa54d8cd0a88f65d7aaa150,98,2026-09-12 18:34:37.353976
8acc9aac4f5821fb199a6bada7eab07d5eac83ace9cb151451b36ea35f38433c,2,BLR,BOM,BLR-BOM,2026-09-12,2026-09-19,2026-09-12 18:34:37.356746,2026-09-12,0,0-3 days,Air India,Round trip,INR,32314.0,32314.0,,,0,125.0,,,,83.0,,,WyJDalJJWVd0dE5YcElOazVJY2xWQlJscDFUR2RDUnkwdExTMHRMWFJzWVdReE9DMXVNa0ZCUVVGQlIzRnNWRmt3UnpkT2JXTkJFZ1pCU1RJMk5ESWFDd2k2L0FFUUFCb0RTVTVTT0J4d21ZZ0MiLFtbIkJMUiIsIjIwMjYtMDktMTIiLCJCT00iLG51bGwsIkFJIiwiMjY0MiJdXV0=,SerpApi,Google Flights,2026,9,37,12,5,Saturday,September,True,18,25000+,10.383286797696996,True,15874.59375,103.55796506603517,3,32,INR,2026-09-12 18:34:37.328775,6aa54d8cd0a88f65d7aaa150,99,2026-09-12 18:34:37.356746
5d68757dedfa3e3c04a7c4942702a3b27b9f0224854d3a9541b7cfcc1dab7a6d,3,BLR,HYD,BLR-HYD,2026-09-12,2026-09-19,2026-09-12 18:34:39.479484,2026-09-12,0,0-3 days,Air India Express,Round trip,INR,13459.0,13459.0,,,0,70.0,,,,57.0,,,WyJDalJJZFhWRFN6SlpObUk1TWxGQlIxRkRUVkZDUnkwdExTMHRMUzB0TFhscGNtc3hOVUZCUVVGQlIzRnNWRnBWVFc1eFJVVkJFZ1pKV0RFM01qTWFDZ2lUYVJBQUdnTkpUbEk0SEhDRmJnPT0iLFtbIkJMUiIsIjIwMjYtMDktMTIiLCJIWUQiLG51bGwsIklYIiwiMTcyMyJdXV0=,SerpApi,Google Flights,2026,9,37,12,5,Saturday,September,True,18,10001-15000,9.50747760319872,False,12825.058823529413,4.942988450918695,2,17,INR,2026-09-12 18:34:39.475106,6aa54d95ad9ecfcc84eb3468,100,2026-09-12 18:34:39.479484
58b7fc25d2c5f76eb3a32eb9271ee729011e611c39df336b547aef35165fb500,3,BLR,HYD,BLR-HYD,2026-09-12,2026-09-19,2026-09-12 18:34:39.481416,2026-09-12,0,0-3 days,IndiGo,Round trip,INR,14767.0,14767.0,,,0,75.0,,,,47.0,,,WyJDalJJZFhWRFN6SlpObUk1TWxGQlIxRkRUVkZDUnkwdExTMHRMUzB0TFhscGNtc3hOVUZCUVVGQlIzRnNWRnBWVFc1eFJVVkJFZ1kyUlRZM09EUWFDZ2l2Y3hBQUdnTkpUbEk0SEhEZWVBPT0iLFtbIkJMUiIsIjIwMjYtMDktMTIiLCJIWUQiLG51bGwsIjZFIiwiNjc4NCJdXV0=,SerpApi,Google Flights,2026,9,37,12,5,Saturday,September,True,18,10001-15000,9.600217956742634,False,12825.058823529413,15.14177208222871,2,17,INR,2026-09-12 18:34:39.475106,6aa54d95ad9ecfcc84eb3468,101,2026-09-12 18:34:39.481416
adacfa2233c0d94d6f55b645b02c70a2b010303819fadd0de1a2fbfac188a447,3,BLR,HYD,BLR-HYD,2026-09-12,2026-09-19,2026-09-12 18:34:39.483157,2026-09-12,0,0-3 days,IndiGo,Round trip,INR,19290.0,19290.0,,,1,245.0,,,,111.0,,,WyJDalJJZFhWRFN6SlpObUk1TWxGQlIxRkRUVkZDUnkwdExTMHRMUzB0TFhscGNtc3hOVUZCUVVGQlIzRnNWRnBWVFc1eFJVVkJFZ3MyUlRFeE5udzJSVE16TmhvTENOcVdBUkFBR2dOSlRsSTRISERiblFFPSIsW1siQkxSIiwiMjAyNi0wOS0xMiIsIlBOUSIsbnVsbCwiNkUiLCIxMTYiXSxbIlBOUSIsIjIwMjYtMDktMTMiLCJIWUQiLG51bGwsIjZFIiwiMzM2Il1dXQ==,SerpApi,Google Flights,2026,9,37,12,5,Saturday,September,True,18,15001-25000,9.867393944887889,True,12825.058823529413,50.4086668562465,2,17,INR,2026-09-12 18:34:39.475106,6aa54d95ad9ecfcc84eb3468,102,2026-09-12 18:34:39.483157
ca49f7c187232abf73833b3f79d6aba7f3fa66676041ab7add539f37746a6af3,4,BLR,MAA,BLR-MAA,2026-09-12,2026-09-19,2026-09-12 18:34:41.266208,2026-09-12,0,0-3 days,IndiGo,Round trip,INR,7932.0,7932.0,,,0,65.0,,,,40.0,,,WyJDalJJYW5sNVFtZExPVmxWZURoQlQxbDJOa0ZDUnkwdExTMHRMUzB0TFMxdmVXTmlOMEZCUVVGQlIzRnNWRnByUmxONmJVRkJFZ1kyUlRZMU5qSWFDZ2o4UFJBQUdnTkpUbEk0SEhEdFFBPT0iLFtbIkJMUiIsIjIwMjYtMDktMTIiLCJNQUEiLG51bGwsIjZFIiwiNjU2MiJdXV0=,SerpApi,Google Flights,2026,9,37,12,5,Saturday,September,True,18,7501-10000,8.978786553302003,False,8027.428571428572,-1.1887813211845066,2,7,INR,2026-09-12 18:34:41.257708,6aa54d98868180be543e0e24,104,2026-09-12 18:34:41.266208
03b82d945d65fbe1f23f321328b698a929ce68b47f611150b93818428d65b2a6,4,BLR,MAA,BLR-MAA,2026-09-12,2026-09-19,2026-09-12 18:34:41.269187,2026-09-12,0,0-3 days,Air India Express,Round trip,INR,8266.0,8266.0,,,0,70.0,,,,46.0,,,WyJDalJJYW5sNVFtZExPVmxWZURoQlQxbDJOa0ZDUnkwdExTMHRMUzB0TFMxdmVXTmlOMEZCUVVGQlIzRnNWRnByUmxONmJVRkJFZ1pKV0RJM09EY2FDZ2pLUUJBQUdnTkpUbEk0SEhES1F3PT0iLFtbIkJMUiIsIjIwMjYtMDktMTIiLCJNQUEiLG51bGwsIklYIiwiMjc4NyJdXV0=,SerpApi,Google Flights,2026,9,37,12,5,Saturday,September,True,18,7501-10000,9.020026965252676,False,8027.428571428572,2.971953302961272,2,7,INR,2026-09-12 18:34:41.257708,6aa54d98868180be543e0e24,105,2026-09-12 18:34:41.269187
a9068d0870dfbed96bf6acf36c812129331117db899c03293471380a08648cec,5,BLR,CCU,BLR-CCU,2026-09-12,2026-09-19,2026-09-12 18:34:42.994427,2026-09-12,0,0-3 days,Air India Express,Round trip,INR,21195.0,21195.0,,,0,155.0,,,,130.0,,,WyJDalJJYW1WNVEweDNhVmhTWWpSQlNqbG9kM2RDUnkwdExTMHRMUzB0TFMxdmEyUnFORUZCUVVGQlIzRnNWR0ZOU0U1RVkydEJFZ1pKV0RFek56QWFDd2pMcFFFUUFCb0RTVTVTT0J4d3BhMEIiLFtbIkJMUiIsIjIwMjYtMDktMTIiLCJDQ1UiLG51bGwsIklYIiwiMTM3MCJdXV0=,SerpApi,Google Flights,2026,9,37,12,5,Saturday,September,True,18,15001-25000,9.961567763612653,False,19822.833333333332,6.922152063697595,3,24,INR,2026-09-12 18:34:42.991003,6aa54d9d2713322c45a5b311,107,2026-09-12 18:34:42.994427
1e20d8c1e7b02fa9dfc327231ae2d6fafa0f6ad09b6f6fb969b5d250b75ef5d5,5,BLR,CCU,BLR-CCU,2026-09-12,2026-09-19,2026-09-12 18:34:42.997917,2026-09-12,0,0-3 days,IndiGo,Round trip,INR,27432.0,27432.0,,,1,340.0,,,,180.0,,,WyJDalJJYW1WNVEweDNhVmhTWWpSQlNqbG9kM2RDUnkwdExTMHRMUzB0TFMxdmEyUnFORUZCUVVGQlIzRnNWR0ZOU0U1RVkydEJFZ3cyUlRRME1YdzJSVFk1TWpFYUN3aW8xZ0VRQUJvRFNVNVNPQnh3cE9BQiIsW1siQkxSIiwiMjAyNi0wOS0xMiIsIlBOUSIsbnVsbCwiNkUiLCI0NDEiXSxbIlBOUSIsIjIwMjYtMDktMTIiLCJDQ1UiLG51bGwsIjZFIiwiNjkyMSJdXV0=,SerpApi,Google Flights,2026,9,37,12,5,Saturday,September,True,18,25000+,10.219501947254944,False,19822.833333333332,38.38586814868377,3,24,INR,2026-09-12 18:34:42.991003,6aa54d9d2713322c45a5b311,108,2026-09-12 18:34:42.997917
fc51233ed9b27ccd33d59732a300cb88b79081ab3c2525a785442b19d4f066eb,5,BLR,CCU,BLR-CCU,2026-09-12,2026-09-19,2026-09-12 18:34:43.002486,2026-09-12,0,0-3 days,IndiGo,Round trip,INR,27919.0,27919.0,,,0,160.0,,,,111.0,,,WyJDalJJYW1WNVEweDNhVmhTWWpSQlNqbG9kM2RDUnkwdExTMHRMUzB0TFMxdmEyUnFORUZCUVVGQlIzRnNWR0ZOU0U1RVkydEJFZ1UyUlRrMU1ob0xDSS9hQVJBQUdnTkpUbEk0SEhDaTVBRT0iLFtbIkJMUiIsIjIwMjYtMDktMTIiLCJDQ1UiLG51bGwsIjZFIiwiOTUyIl1dXQ==,SerpApi,Google Flights,2026,9,37,12,5,Saturday,September,True,18,25000+,10.237098556876308,False,19822.833333333332,40.842630972699844,3,24,INR,2026-09-12 18:34:42.991003,6aa54d9d2713322c45a5b311,109,2026-09-12 18:34:43.002486
5d4de91fd4a74ea3b9855b19d48d46ab5c7fdfc86ea2decf6b13a0baa798cbb4,6,BLR,PNQ,BLR-PNQ,2026-09-12,2026-09-19,2026-09-12 18:34:44.779305,2026-09-12,0,0-3 days,Akasa Air,Round trip,INR,15953.0,15953.0,,,0,90.0,,,,67.0,,,WyJDalJJTkZwb0xXdGFkSEZsUWxGQlFVNWpTRUZDUnkwdExTMHRMUzB0TFc5NVozQXlOVUZCUVVGQlIzRnNWR0ZqU2pNM1ZFZEJFZ1pSVURFek1UY2FDZ2pSZkJBQUdnTkpUbEk0SEhDM2dnRT0iLFtbIkJMUiIsIjIwMjYtMDktMTIiLCJQTlEiLG51bGwsIlFQIiwiMTMxNyJdXV0=,SerpApi,Google Flights,2026,9,37,12,5,Saturday,September,True,18,15001-25000,9.677464860471074,False,11853.277777777777,34.587244972089294,3,18,INR,2026-09-12 18:34:44.777063,6aa54da680a0782768dc5fef,110,2026-09-12 18:34:44.779305
e09064029cb51184201be6b256fcb9e4b9849c8ff12c8a058269ef35b16540b2,6,BLR,PNQ,BLR-PNQ,2026-09-12,2026-09-19,2026-09-12 18:34:44.781910,2026-09-12,0,0-3 days,IndiGo,Round trip,INR,16325.0,16325.0,,,0,85.0,,,,66.0,,,WyJDalJJTkZwb0xXdGFkSEZsUWxGQlFVNWpTRUZDUnkwdExTMHRMUzB0TFc5NVozQXlOVUZCUVVGQlIzRnNWR0ZqU2pNM1ZFZEJFZ1UyUlRRME1Sb0tDTVYvRUFBYUEwbE9VamdjY0x5RkFRPT0iLFtbIkJMUiIsIjIwMjYtMDktMTIiLCJQTlEiLG51bGwsIjZFIiwiNDQxIl1dXQ==,SerpApi,Google Flights,2026,9,37,12,5,Saturday,September,True,18,15001-25000,9.7005142080113,False,11853.277777777777,37.725617386658186,3,18,INR,2026-09-12 18:34:44.777063,6aa54da680a0782768dc5fef,111,2026-09-12 18:34:44.781910
3505e46531f9f50383fc820f464232f40d799459847c8fa006c12547fab3a6b1,6,BLR,PNQ,BLR-PNQ,2026-09-12,2026-09-19,2026-09-12 18:34:44.784101,2026-09-12,0,0-3 days,IndiGo,Round trip,INR,16325.0,16325.0,,,0,90.0,,,,61.0,,,WyJDalJJTkZwb0xXdGFkSEZsUWxGQlFVNWpTRUZDUnkwdExTMHRMUzB0TFc5NVozQXlOVUZCUVVGQlIzRnNWR0ZqU2pNM1ZFZEJFZ1UyUlRVeU9Cb0tDTVYvRUFBYUEwbE9VamdjY0x5RkFRPT0iLFtbIkJMUiIsIjIwMjYtMDktMTIiLCJQTlEiLG51bGwsIjZFIiwiNTI4Il1dXQ==,SerpApi,Google Flights,2026,9,37,12,5,Saturday,September,True,18,15001-25000,9.7005142080113,False,11853.277777777777,37.725617386658186,3,18,INR,2026-09-12 18:34:44.777063,6aa54da680a0782768dc5fef,112,2026-09-12 18:34:44.784101
248a6c9103ecb1d4f84035ecd756d67623be839e5b1ad2bd62bf2fbedb7a945f,6,BLR,PNQ,BLR-PNQ,2026-09-12,2026-09-19,2026-09-12 18:34:44.786274,2026-09-12,0,0-3 days,Air India Express,Round trip,INR,16789.0,16789.0,,,0,100.0,,,,76.0,,,WyJDalJJTkZwb0xXdGFkSEZsUWxGQlFVNWpTRUZDUnkwdExTMHRMUzB0TFc5NVozQXlOVUZCUVVGQlIzRnNWR0ZqU2pNM1ZFZEJFZ1pKV0RJMk9EQWFDd2lWZ3dFUUFCb0RTVTVTT0J4d29va0IiLFtbIkJMUiIsIjIwMjYtMDktMTIiLCJQTlEiLG51bGwsIklYIiwiMjY4MCJdXV0=,SerpApi,Google Flights,2026,9,37,12,5,Saturday,September,True,18,15001-25000,9.728538750071586,False,11853.277777777777,41.64014641988387,3,18,INR,2026-09-12 18:34:44.777063,6aa54da680a0782768dc5fef,113,2026-09-12 18:34:44.786274
00f8f5ce82adc9649c47130309da7f963143530ac887c93192e0c077150a340b,6,BLR,PNQ,BLR-PNQ,2026-09-12,2026-09-19,2026-09-12 18:34:44.788797,2026-09-12,0,0-3 days,IndiGo,Round trip,INR,17950.0,17950.0,,,0,100.0,,,,61.0,,,WyJDalJJTkZwb0xXdGFkSEZsUWxGQlFVNWpTRUZDUnkwdExTMHRMUzB0TFc5NVozQXlOVUZCUVVGQlIzRnNWR0ZqU2pNM1ZFZEJFZ1UyUlRFeE5ob0xDSjZNQVJBQUdnTkpUbEk0SEhEaGtnRT0iLFtbIkJMUiIsIjIwMjYtMDktMTIiLCJQTlEiLG51bGwsIjZFIiwiMTE2Il1dXQ==,SerpApi,Google Flights,2026,9,37,12,5,Saturday,September,True,18,15001-25000,9.79540110267107,False,11853.277777777777,51.43490548793348,3,18,INR,2026-09-12 18:34:44.777063,6aa54da680a0782768dc5fef,114,2026-09-12 18:34:44.788797
72e1b8393f7baf28353da76c8c95b1ae2ec8abac5e59d39f6f76d770d0af221b,7,BLR,AMD,BLR-AMD,2026-09-12,2026-09-19,2026-09-12 18:34:46.814198,2026-09-12,0,0-3 days,Air India,Round trip,INR,17960.0,17960.0,,,1,560.0,,,,159.0,,,WyJDalJJZVU1WlRqVTJXRWR1WjFsQlNUazRVM2RDUnkwdExTMHRMUzB0TFhscFltZHBPVUZCUVVGQlIzRnNWR0YzUXpSSVRrRkJFZ3hCU1RJNE5EQjhRVWswT1RNYUN3aW9qQUVRQUJvRFNVNVNPQnh3NjVJQiIsW1siQkxSIiwiMjAyNi0wOS0xMiIsIkJPTSIsbnVsbCwiQUkiLCIyODQwIl0sWyJCT00iLCIyMDI2LTA5LTEzIiwiQU1EIixudWxsLCJBSSIsIjQ5MyJdXV0=,SerpApi,Google Flights,2026,9,37,12,5,Saturday,September,True,18,15001-25000,9.795958019593462,False,20089.866666666665,-10.601696377609937,4,15,INR,2026-09-12 18:34:46.812546,6aa54dab13f4b6fdec085c76,115,2026-09-12 18:34:46.814198
b5a11d3bb8866af01693a4bcc89ee40d660d6e756fd96e1a1c8d335668eb4173,7,BLR,AMD,BLR-AMD,2026-09-12,2026-09-19,2026-09-12 18:34:46.816564,2026-09-12,0,0-3 days,IndiGo,Round trip,INR,22168.0,22168.0,,,0,130.0,,,,92.0,,,WyJDalJJZVU1WlRqVTJXRWR1WjFsQlNUazRVM2RDUnkwdExTMHRMUzB0TFhscFltZHBPVUZCUVVGQlIzRnNWR0YzUXpSSVRrRkJFZ1kyUlRZME1qTWFDd2lZclFFUUFCb0RTVTVTT0J4d243VUIiLFtbIkJMUiIsIjIwMjYtMDktMTIiLCJBTUQiLG51bGwsIjZFIiwiNjQyMyJdXV0=,SerpApi,Google Flights,2026,9,37,12,5,Saturday,September,True,18,15001-25000,10.006450195593953,False,20089.866666666665,10.34418678736877,4,15,INR,2026-09-12 18:34:46.812546,6aa54dab13f4b6fdec085c76,116,2026-09-12 18:34:46.816564
bb0fc5726bfd3e15d9c3554610ecf89298ccbfd9d58d8de317546d5b4ea913e8,7,BLR,AMD,BLR-AMD,2026-09-12,2026-09-19,2026-09-12 18:34:46.818111,2026-09-12,0,0-3 days,IndiGo,Round trip,INR,24865.0,24865.0,,,1,425.0,,,,113.0,,,WyJDalJJZVU1WlRqVTJXRWR1WjFsQlNUazRVM2RDUnkwdExTMHRMUzB0TFhscFltZHBPVUZCUVVGQlIzRnNWR0YzUXpSSVRrRkJFZ3MyUlRFeE5udzJSVGd4T1JvTENLSENBUkFBR2dOSlRsSTRISENteXdFPSIsW1siQkxSIiwiMjAyNi0wOS0xMiIsIlBOUSIsbnVsbCwiNkUiLCIxMTYiXSxbIlBOUSIsIjIwMjYtMDktMTMiLCJBTUQiLG51bGwsIjZFIiwiODE5Il1dXQ==,SerpApi,Google Flights,2026,9,37,12,5,Saturday,September,True,18,15001-25000,10.121256687512883,False,20089.866666666665,23.768865232223213,4,15,INR,2026-09-12 18:34:46.812546,6aa54dab13f4b6fdec085c76,117,2026-09-12 18:34:46.818111
188c42b7717fca6aed182d1cc090ff14906edd2a2ee23acbe62654eaf678a21c,7,BLR,AMD,BLR-AMD,2026-09-12,2026-09-19,2026-09-12 18:34:46.820914,2026-09-12,0,0-3 days,Air India,Round trip,INR,25255.0,25255.0,,,1,490.0,,,,159.0,,,WyJDalJJZVU1WlRqVTJXRWR1WjFsQlNUazRVM2RDUnkwdExTMHRMUzB0TFhscFltZHBPVUZCUVVGQlIzRnNWR0YzUXpSSVRrRkJFZ3hCU1RJNE1URjhRVWswT1RNYUN3aW54UUVRQUJvRFNVNVNPQnh3dnM0QiIsW1siQkxSIiwiMjAyNi0wOS0xMiIsIkJPTSIsbnVsbCwiQUkiLCIyODExIl0sWyJCT00iLCIyMDI2LTA5LTEzIiwiQU1EIixudWxsLCJBSSIsIjQ5MyJdXV0=,SerpApi,Google Flights,2026,9,37,12,5,Saturday,September,True,18,25000+,10.136819030237827,False,20089.866666666665,25.71014242669605,4,15,INR,2026-09-12 18:34:46.812546,6aa54dab13f4b6fdec085c76,118,2026-09-12 18:34:46.820914
f2a8ae38c0d255111394effe45da31cae60bd71320a0107ea74a35b0c25c4b21,7,BLR,AMD,BLR-AMD,2026-09-12,2026-09-19,2026-09-12 18:34:46.822802,2026-09-12,0,0-3 days,IndiGo,Round trip,INR,34491.0,34491.0,,,1,260.0,,,,177.0,,,WyJDalJJZVU1WlRqVTJXRWR1WjFsQlNUazRVM2RDUnkwdExTMHRMUzB0TFhscFltZHBPVUZCUVVGQlIzRnNWR0YzUXpSSVRrRkJFZzAyUlRVek56WjhOa1UxTVRVeUdnc0l1NDBDRUFBYUEwbE9VamdjY1ArWkFnPT0iLFtbIkJMUiIsIjIwMjYtMDktMTIiLCJCT00iLG51bGwsIjZFIiwiNTM3NiJdLFsiQk9NIiwiMjAyNi0wOS0xMiIsIkFNRCIsbnVsbCwiNkUiLCI1MTUyIl1dXQ==,SerpApi,Google Flights,2026,9,37,12,5,Saturday,September,True,18,25000+,10.448482692072215,True,20089.866666666665,71.68356849887839,4,15,INR,2026-09-12 18:34:46.812546,6aa54dab13f4b6fdec085c76,119,2026-09-12 18:34:46.822802
3f10f5b463452dde89d5340f3fee080aaa408676faa722fe16906cf7e7e2db9f,8,BLR,COK,BLR-COK,2026-09-12,2026-09-19,2026-09-12 18:34:48.631748,2026-09-12,0,0-3 days,IndiGo,Round trip,INR,15617.0,15617.0,,,0,65.0,,,,47.0,,,WyJDalJJZEVaWmJXeEVOV3h1V2pSQlJXaGxlVkZDUnkwdExTMHRMUzB0TFMxd1ptMXpOVUZCUVVGQlIzRnNWR0k0VGpsWFgwOUJFZ1UyUlRRek5Sb0tDSUY2RUFBYUEwbE9VamdjY05kLyIsW1siQkxSIiwiMjAyNi0wOS0xMiIsIkNPSyIsbnVsbCwiNkUiLCI0MzUiXV1d,SerpApi,Google Flights,2026,9,37,12,5,Saturday,September,True,18,15001-25000,9.65617937422262,False,38150.36363636364,-59.06461036949487,3,11,INR,2026-09-12 18:34:48.626548,6aa54db46c3283cdb02f25ba,120,2026-09-12 18:34:48.631748
c2c6d82bea585493fee6db9cec27ef6f242e07eccb6b32abb9975b87ad3deb7e,10,DEL,BLR,DEL-BLR,2026-09-12,2026-09-19,2026-09-12 18:34:52.615874,2026-09-12,0,0-3 days,IndiGo,Round trip,INR,16878.0,16878.0,,,0,175.0,,,,124.0,,,WyJDalJJTVdFM2NsOUJhREUwUVVGQlNqSmpjRkZDUnkwdExTMHRMUzB0TFc5NVlXZ3hNa0ZCUVVGQlIzRnNWR04zUldWQ1pYbEJFZ1kyUlRZMU1UVWFDd2p1Z3dFUUFCb0RTVTVTT0J4dy80a0IiLFtbIkRFTCIsIjIwMjYtMDktMTIiLCJCTFIiLG51bGwsIjZFIiwiNjUxNSJdXV0=,SerpApi,Google Flights,2026,9,37,12,5,Saturday,September,True,18,15001-25000,9.733825524688928,False,17931.59375,-5.875628037803393,4,32,INR,2026-09-12 18:34:52.610208,6aa54dcb703f1768fd933e0d,123,2026-09-12 18:34:52.615874
ea8160b388929b0c87e0d21dcc0e475f604cb05e391bd80f49a52897973433a5,10,DEL,BLR,DEL-BLR,2026-09-12,2026-09-19,2026-09-12 18:34:52.619810,2026-09-12,0,0-3 days,Air India,Round trip,INR,16982.0,16982.0,,,0,175.0,,,,143.0,,,WyJDalJJTVdFM2NsOUJhREUwUVVGQlNqSmpjRkZDUnkwdExTMHRMUzB0TFc5NVlXZ3hNa0ZCUVVGQlIzRnNWR04zUldWQ1pYbEJFZ1pCU1RJME1USWFDd2pXaEFFUUFCb0RTVTVTT0J4dzdJb0IiLFtbIkRFTCIsIjIwMjYtMDktMTIiLCJCTFIiLG51bGwsIkFJIiwiMjQxMiJdXV0=,SerpApi,Google Flights,2026,9,37,12,5,Saturday,September,True,18,15001-25000,9.73996812270477,False,17931.59375,-5.295646127383402,4,32,INR,2026-09-12 18:34:52.610208,6aa54dcb703f1768fd933e0d,124,2026-09-12 18:34:52.619810
0c6527f803bc73f54eb90403b3d7f3816b2b0bfe157185f8f829ad18c47afdca,10,DEL,BLR,DEL-BLR,2026-09-12,2026-09-19,2026-09-12 18:34:52.627402,2026-09-12,0,0-3 days,Akasa Air,Round trip,INR,17436.0,17436.0,,,0,170.0,,,,126.0,,,WyJDalJJTVdFM2NsOUJhREUwUVVGQlNqSmpjRkZDUnkwdExTMHRMUzB0TFc5NVlXZ3hNa0ZCUVVGQlIzRnNWR04zUldWQ1pYbEJFZ1pSVURFNE1USWFDd2ljaUFFUUFCb0RTVTVTT0J4d3g0NEIiLFtbIkRFTCIsIjIwMjYtMDktMTIiLCJCTFIiLG51bGwsIlFQIiwiMTgxMiJdXV0=,SerpApi,Google Flights,2026,9,37,12,5,Saturday,September,True,18,15001-25000,9.766349664317493,False,17931.59375,-2.763802018434647,4,32,INR,2026-09-12 18:34:52.610208,6aa54dcb703f1768fd933e0d,126,2026-09-12 18:34:52.627402
74dff6abef7c834e972ca9309dc822ba0feea74c69e618f4558ceb5d4d63a437,10,DEL,BLR,DEL-BLR,2026-09-12,2026-09-19,2026-09-12 18:34:52.629977,2026-09-12,0,0-3 days,Akasa Air,Round trip,INR,17436.0,17436.0,,,0,180.0,,,,126.0,,,WyJDalJJTVdFM2NsOUJhREUwUVVGQlNqSmpjRkZDUnkwdExTMHRMUzB0TFc5NVlXZ3hNa0ZCUVVGQlIzRnNWR04zUldWQ1pYbEJFZ1pSVURFNE1qUWFDd2ljaUFFUUFCb0RTVTVTT0J4d3g0NEIiLFtbIkRFTCIsIjIwMjYtMDktMTIiLCJCTFIiLG51bGwsIlFQIiwiMTgyNCJdXV0=,SerpApi,Google Flights,2026,9,37,12,5,Saturday,September,True,18,15001-25000,9.766349664317493,False,17931.59375,-2.763802018434647,4,32,INR,2026-09-12 18:34:52.610208,6aa54dcb703f1768fd933e0d,127,2026-09-12 18:34:52.629977
5368b7cada0ca27e25aaca0323b459b53973e06056e362fe61fc5a1a93702c18,10,DEL,BLR,DEL-BLR,2026-09-12,2026-09-19,2026-09-12 18:34:52.632405,2026-09-12,0,0-3 days,Akasa Air,Round trip,INR,17436.0,17436.0,,,0,175.0,,,,124.0,,,WyJDalJJTVdFM2NsOUJhREUwUVVGQlNqSmpjRkZDUnkwdExTMHRMUzB0TFc5NVlXZ3hNa0ZCUVVGQlIzRnNWR04zUldWQ1pYbEJFZ1pSVURFek1EZ2FDd2ljaUFFUUFCb0RTVTVTT0J4d3g0NEIiLFtbIkRFTCIsIjIwMjYtMDktMTIiLCJCTFIiLG51bGwsIlFQIiwiMTMwOCJdXV0=,SerpApi,Google Flights,2026,9,37,12,5,Saturday,September,True,18,15001-25000,9.766349664317493,False,17931.59375,-2.763802018434647,4,32,INR,2026-09-12 18:34:52.610208,6aa54dcb703f1768fd933e0d,128,2026-09-12 18:34:52.632405
2f13abca3f22d511e846750b970887c5396bd3391211ea39f6b8384bfed9a0f5,10,DEL,BLR,DEL-BLR,2026-09-12,2026-09-19,2026-09-12 18:34:52.634763,2026-09-12,0,0-3 days,Air India,Round trip,INR,17439.0,17439.0,,,0,175.0,,,,143.0,,,WyJDalJJTVdFM2NsOUJhREUwUVVGQlNqSmpjRkZDUnkwdExTMHRMUzB0TFc5NVlXZ3hNa0ZCUVVGQlIzRnNWR04zUldWQ1pYbEJFZ1pCU1RJMU1USWFDd2lmaUFFUUFCb0RTVTVTT0J4d3lvNEIiLFtbIkRFTCIsIjIwMjYtMDktMTIiLCJCTFIiLG51bGwsIkFJIiwiMjUxMiJdXV0=,SerpApi,Google Flights,2026,9,37,12,5,Saturday,September,True,18,15001-25000,9.76652169746297,False,17931.59375,-2.747071771018683,4,32,INR,2026-09-12 18:34:52.610208,6aa54dcb703f1768fd933e0d,129,2026-09-12 18:34:52.634763
1b3c9cd77d419e09004034d0baec0b0e52e532889e7e46ed559099c44c10868c,10,DEL,BLR,DEL-BLR,2026-09-12,2026-09-19,2026-09-12 18:34:52.637229,2026-09-12,0,0-3 days,Air India,Round trip,INR,17439.0,17439.0,,,0,170.0,,,,143.0,,,WyJDalJJTVdFM2NsOUJhREUwUVVGQlNqSmpjRkZDUnkwdExTMHRMUzB0TFc5NVlXZ3hNa0ZCUVVGQlIzRnNWR04zUldWQ1pYbEJFZ1pCU1RJNE1Ea2FDd2lmaUFFUUFCb0RTVTVTT0J4d3lvNEIiLFtbIkRFTCIsIjIwMjYtMDktMTIiLCJCTFIiLG51bGwsIkFJIiwiMjgwOSJdXV0=,SerpApi,Google Flights,2026,9,37,12,5,Saturday,September,True,18,15001-25000,9.76652169746297,False,17931.59375,-2.747071771018683,4,32,INR,2026-09-12 18:34:52.610208,6aa54dcb703f1768fd933e0d,130,2026-09-12 18:34:52.637229
3523dee09a2959895ae6a54996439a81d99aeb5779de2dc1e473ba808812cac9,10,DEL,BLR,DEL-BLR,2026-09-12,2026-09-19,2026-09-12 18:34:52.639710,2026-09-12,0,0-3 days,IndiGo,Round trip,INR,17820.0,17820.0,,,0,175.0,,,,124.0,,,WyJDalJJTVdFM2NsOUJhREUwUVVGQlNqSmpjRkZDUnkwdExTMHRMUzB0TFc5NVlXZ3hNa0ZCUVVGQlIzRnNWR04zUldWQ1pYbEJFZ1UyUlRnME5ob0xDSnlMQVJBQUdnTkpUbEk0SEhEWmtRRT0iLFtbIkRFTCIsIjIwMjYtMDktMTIiLCJCTFIiLG51bGwsIjZFIiwiODQ2Il1dXQ==,SerpApi,Google Flights,2026,9,37,12,5,Saturday,September,True,18,15001-25000,9.7881328161731,False,17931.59375,-0.6223303491916354,4,32,INR,2026-09-12 18:34:52.610208,6aa54dcb703f1768fd933e0d,131,2026-09-12 18:34:52.639710
2257a65672ae1ed10264b96441a49b3942dd354fd5097ffb30def8c2fe931e89,11,DEL,BOM,DEL-BOM,2026-09-12,2026-09-19,2026-09-12 18:34:54.929035,2026-09-12,0,0-3 days,Air India,Round trip,INR,12655.0,12655.0,,,0,145.0,,,,103.0,,,WyJDalJJWm1SS1N6UTFOR0V4TUhkQlNVbG5jMmRDUnkwdExTMHRMUzB0TFhaMGJtTXlOVUZCUVVGQlIzRnNWR1JCU0dsemN6QkJFZ1pCU1RJME16a2FDZ2p2WWhBQUdnTkpUbEk0SEhDOFp3PT0iLFtbIkRFTCIsIjIwMjYtMDktMTIiLCJCT00iLG51bGwsIkFJIiwiMjQzOSJdXV0=,SerpApi,Google Flights,2026,9,37,12,5,Saturday,September,True,18,10001-15000,9.445886690007436,False,13832.411764705883,-8.511977410259796,5,34,INR,2026-09-12 18:34:54.924062,6aa54dce0558c0f58c6bb19a,132,2026-09-12 18:34:54.929035
5ac7714fb9d3d1c6b7a57020c7bb01a5efd3db5499663bcd546eedca08701ad8,11,DEL,BOM,DEL-BOM,2026-09-12,2026-09-19,2026-09-12 18:34:54.932463,2026-09-12,0,0-3 days,IndiGo,Round trip,INR,12771.0,12771.0,,,0,135.0,,,,89.0,,,WyJDalJJWm1SS1N6UTFOR0V4TUhkQlNVbG5jMmRDUnkwdExTMHRMUzB0TFhaMGJtTXlOVUZCUVVGQlIzRnNWR1JCU0dsemN6QkJFZ1UyUlRNeU1ob0tDT05qRUFBYUEwbE9VamdjY0xWbyIsW1siREVMIiwiMjAyNi0wOS0xMiIsIkJPTSIsbnVsbCwiNkUiLCIzMjIiXV1d,SerpApi,Google Flights,2026,9,37,12,5,Saturday,September,True,18,10001-15000,9.455010553834672,False,13832.411764705883,-7.673367325675851,5,34,INR,2026-09-12 18:34:54.924062,6aa54dce0558c0f58c6bb19a,133,2026-09-12 18:34:54.932463
3336c87c6d9bae86f7ced4f6086e834f94642761281c8bc781ef875c065e10a6,11,DEL,BOM,DEL-BOM,2026-09-12,2026-09-19,2026-09-12 18:34:54.936113,2026-09-12,0,0-3 days,Air India Express,Round trip,INR,12956.0,12956.0,,,0,145.0,,,,103.0,,,WyJDalJJWm1SS1N6UTFOR0V4TUhkQlNVbG5jMmRDUnkwdExTMHRMUzB0TFhaMGJtTXlOVUZCUVVGQlIzRnNWR1JCU0dsemN6QkJFZ1pKV0RFeU16VWFDZ2ljWlJBQUdnTkpUbEk0SEhEM2FRPT0iLFtbIkRFTCIsIjIwMjYtMDktMTIiLCJCT00iLG51bGwsIklYIiwiMTIzNSJdXV0=,SerpApi,Google Flights,2026,9,37,12,5,Saturday,September,True,18,10001-15000,9.469391461628812,False,13832.411764705883,-6.335928828710069,5,34,INR,2026-09-12 18:34:54.924062,6aa54dce0558c0f58c6bb19a,134,2026-09-12 18:34:54.936113
e5d68625a73daaf1299c5ad5f299ead2529d9e63ff1a9beda23f5d3106bd0ab6,11,DEL,BOM,DEL-BOM,2026-09-12,2026-09-19,2026-09-12 18:34:54.939144,2026-09-12,0,0-3 days,Air India,Round trip,INR,12765.0,12765.0,,,0,140.0,,,,103.0,,,WyJDalJJWm1SS1N6UTFOR0V4TUhkQlNVbG5jMmRDUnkwdExTMHRMUzB0TFhaMGJtTXlOVUZCUVVGQlIzRnNWR1JCU0dsemN6QkJFZ1pCU1RJNU9ERWFDZ2pkWXhBQUdnTkpUbEk0SEhDdmFBPT0iLFtbIkRFTCIsIjIwMjYtMDktMTIiLCJCT00iLG51bGwsIkFJIiwiMjk4MSJdXV0=,SerpApi,Google Flights,2026,9,37,12,5,Saturday,September,True,18,10001-15000,9.454540665816003,False,13832.411764705883,-7.716743709361218,5,34,INR,2026-09-12 18:34:54.924062,6aa54dce0558c0f58c6bb19a,135,2026-09-12 18:34:54.939144
66db4a02418d3be30e6eb8f573c523ff71bd59094af7c89ca300e0fb82856dc2,11,DEL,BOM,DEL-BOM,2026-09-12,2026-09-19,2026-09-12 18:34:54.942392,2026-09-12,0,0-3 days,Air India,Round trip,INR,12765.0,12765.0,,,0,145.0,,,,103.0,,,WyJDalJJWm1SS1N6UTFOR0V4TUhkQlNVbG5jMmRDUnkwdExTMHRMUzB0TFhaMGJtTXlOVUZCUVVGQlIzRnNWR1JCU0dsemN6QkJFZ1pCU1RJME16TWFDZ2pkWXhBQUdnTkpUbEk0SEhDdmFBPT0iLFtbIkRFTCIsIjIwMjYtMDktMTIiLCJCT00iLG51bGwsIkFJIiwiMjQzMyJdXV0=,SerpApi,Google Flights,2026,9,37,12,5,Saturday,September,True,18,10001-15000,9.454540665816003,False,13832.411764705883,-7.716743709361218,5,34,INR,2026-09-12 18:34:54.924062,6aa54dce0558c0f58c6bb19a,136,2026-09-12 18:34:54.942392
c78baef2a137c7e92e252b96c250ca8d3d7b490727bd1ae658709cbefea1d032,11,DEL,BOM,DEL-BOM,2026-09-12,2026-09-19,2026-09-12 18:34:54.946957,2026-09-12,0,0-3 days,IndiGo,Round trip,INR,12771.0,12771.0,,,0,140.0,,,,89.0,,,WyJDalJJWm1SS1N6UTFOR0V4TUhkQlNVbG5jMmRDUnkwdExTMHRMUzB0TFhaMGJtTXlOVUZCUVVGQlIzRnNWR1JCU0dsemN6QkJFZ1kyUlRZeE1UUWFDZ2pqWXhBQUdnTkpUbEk0SEhDMWFBPT0iLFtbIkRFTCIsIjIwMjYtMDktMTIiLCJCT00iLG51bGwsIjZFIiwiNjExNCJdXV0=,SerpApi,Google Flights,2026,9,37,12,5,Saturday,September,True,18,10001-15000,9.455010553834672,False,13832.411764705883,-7.673367325675851,5,34,INR,2026-09-12 18:34:54.924062,6aa54dce0558c0f58c6bb19a,137,2026-09-12 18:34:54.946957
02c8321ed89eacb0478dd4ba6ac5f41d5cb76142f46bec826e3cbd596c1fdeb8,11,DEL,BOM,DEL-BOM,2026-09-12,2026-09-19,2026-09-12 18:34:54.953440,2026-09-12,0,0-3 days,Air India,Round trip,INR,12923.0,12923.0,,,0,145.0,,,,103.0,,,WyJDalJJWm1SS1N6UTFOR0V4TUhkQlNVbG5jMmRDUnkwdExTMHRMUzB0TFhaMGJtTXlOVUZCUVVGQlIzRnNWR1JCU0dsemN6QkJFZ1pCU1RJNU9EVWFDZ2o3WkJBQUdnTkpUbEk0SEhEVWFRPT0iLFtbIkRFTCIsIjIwMjYtMDktMTIiLCJCT00iLG51bGwsIkFJIiwiMjk4NSJdXV0=,SerpApi,Google Flights,2026,9,37,12,5,Saturday,September,True,18,10001-15000,9.466841326944389,False,13832.411764705883,-6.574498938979634,5,34,INR,2026-09-12 18:34:54.924062,6aa54dce0558c0f58c6bb19a,139,2026-09-12 18:34:54.953440
f2cef0484ae0ee90a57857765388ca5b50b386bd89a687e4db5b4264706689a9,11,DEL,BOM,DEL-BOM,2026-09-12,2026-09-19,2026-09-12 18:34:54.956406,2026-09-12,0,0-3 days,IndiGo,Round trip,INR,12929.0,12929.0,,,0,140.0,,,,89.0,,,WyJDalJJWm1SS1N6UTFOR0V4TUhkQlNVbG5jMmRDUnkwdExTMHRMUzB0TFhaMGJtTXlOVUZCUVVGQlIzRnNWR1JCU0dsemN6QkJFZ1UyUlRNNU5Sb0tDSUZsRUFBYUEwbE9VamdjY05wcCIsW1siREVMIiwiMjAyNi0wOS0xMiIsIkJPTSIsbnVsbCwiNkUiLCIzOTUiXV1d,SerpApi,Google Flights,2026,9,37,12,5,Saturday,September,True,18,10001-15000,9.467305471765902,False,13832.411764705883,-6.531122555294266,5,34,INR,2026-09-12 18:34:54.924062,6aa54dce0558c0f58c6bb19a,140,2026-09-12 18:34:54.956406
4dee43407bb65b541d9599145865a4b4c0bd63e239b5e96412a67dfaa2d41d14,11,DEL,BOM,DEL-BOM,2026-09-12,2026-09-19,2026-09-12 18:34:54.958749,2026-09-12,0,0-3 days,Air India,Round trip,INR,13133.0,13133.0,,,0,155.0,,,,103.0,,,WyJDalJJWm1SS1N6UTFOR0V4TUhkQlNVbG5jMmRDUnkwdExTMHRMUzB0TFhaMGJtTXlOVUZCUVVGQlIzRnNWR1JCU0dsemN6QkJFZ1pCU1RJNU5UY2FDZ2pOWmhBQUdnTkpUbEk0SEhDd2F3PT0iLFtbIkRFTCIsIjIwMjYtMDktMTIiLCJCT00iLG51bGwsIkFJIiwiMjk1NyJdXV0=,SerpApi,Google Flights,2026,9,37,12,5,Saturday,September,True,18,10001-15000,9.482959566750917,False,13832.411764705883,-5.056325509991455,5,34,INR,2026-09-12 18:34:54.924062,6aa54dce0558c0f58c6bb19a,141,2026-09-12 18:34:54.958749
c440879c4ee579f582600c894aeb19a748d24ea195a1c1ddb81683c3f749c454,11,DEL,BOM,DEL-BOM,2026-09-12,2026-09-19,2026-09-12 18:34:54.961463,2026-09-12,0,0-3 days,Akasa Air,Round trip,INR,14618.0,14618.0,,,0,145.0,,,,88.0,,,WyJDalJJWm1SS1N6UTFOR0V4TUhkQlNVbG5jMmRDUnkwdExTMHRMUzB0TFhaMGJtTXlOVUZCUVVGQlIzRnNWR1JCU0dsemN6QkJFZ1pSVURFNE1qWWFDZ2lhY2hBQUdnTkpUbEk0SEhEQ2R3PT0iLFtbIkRFTCIsIjIwMjYtMDktMTIiLCJCT00iLG51bGwsIlFQIiwiMTgyNiJdXV0=,SerpApi,Google Flights,2026,9,37,12,5,Saturday,September,True,18,10001-15000,9.590077331511615,True,13832.411764705883,5.67932945213927,5,34,INR,2026-09-12 18:34:54.924062,6aa54dce0558c0f58c6bb19a,142,2026-09-12 18:34:54.961463
9ecde67bbcdd8e470f9bbb1c5af26bfc298f4320b64386902092115b5db59f80,11,DEL,BOM,DEL-BOM,2026-09-12,2026-09-19,2026-09-12 18:34:54.964106,2026-09-12,0,0-3 days,SpiceJet,Round trip,INR,25949.0,25949.0,,,0,160.0,,,,120.0,,,WyJDalJJWm1SS1N6UTFOR0V4TUhkQlNVbG5jMmRDUnkwdExTMHRMUzB0TFhaMGJtTXlOVUZCUVVGQlIzRnNWR1JCU0dsemN6QkJFZ1pUUnpJNE1ESWFDd2pkeWdFUUFCb0RTVTVTT0J4d2xOUUIiLFtbIkRFTCIsIjIwMjYtMDktMTIiLCJCT00iLG51bGwsIlNHIiwiMjgwMiJdXV0=,SerpApi,Google Flights,2026,9,37,12,5,Saturday,September,True,18,25000+,10.163926888594034,True,13832.411764705883,87.59563004197301,5,34,INR,2026-09-12 18:34:54.924062,6aa54dce0558c0f58c6bb19a,143,2026-09-12 18:34:54.964106
0d5605b659ba6cfa77da072af647440192777ef0f8c1f15c2e83ffe96e547bd2,12,DEL,HYD,DEL-HYD,2026-09-12,2026-09-19,2026-09-12 18:34:57.034498,2026-09-12,0,0-3 days,Air India,Round trip,INR,16737.0,16737.0,,,0,140.0,,,,115.0,,,WyJDalJJTTBsaFdqaGtWSHBvZFVsQlNHdHpSM2RDUnkwdExTMHRMWFozWkc0eU1pMXVNVUZCUVVGQlIzRnNWR1JSVDI1MFFXOUJFZ1pCU1RFM01EWWFDd2poZ2dFUUFCb0RTVTVTT0J4dzY0Z0IiLFtbIkRFTCIsIjIwMjYtMDktMTIiLCJIWUQiLG51bGwsIkFJIiwiMTcwNiJdXV0=,SerpApi,Google Flights,2026,9,37,12,5,Saturday,September,True,18,15001-25000,9.725436862592819,False,16848.333333333332,-0.6607973093283093,3,18,INR,2026-09-12 18:34:57.026429,6aa54dd47d6e7075c8c467fe,145,2026-09-12 18:34:57.034498
974228243e1c54ca351830ede96fdbda9bd2b5567da8f02e9ce4445353059440,12,DEL,HYD,DEL-HYD,2026-09-12,2026-09-19,2026-09-12 18:34:57.040378,2026-09-12,0,0-3 days,Akasa Air,Round trip,INR,17537.0,17537.0,,,0,150.0,,,,100.0,,,WyJDalJJTTBsaFdqaGtWSHBvZFVsQlNHdHpSM2RDUnkwdExTMHRMWFozWkc0eU1pMXVNVUZCUVVGQlIzRnNWR1JSVDI1MFFXOUJFZ1pSVURFME1Ea2FDd2lCaVFFUUFCb0RTVTVTT0J4d3NZOEIiLFtbIkRFTCIsIjIwMjYtMDktMTIiLCJIWUQiLG51bGwsIlFQIiwiMTQwOSJdXV0=,SerpApi,Google Flights,2026,9,37,12,5,Saturday,September,True,18,15001-25000,9.7721252343393,True,16848.333333333332,4.087446829557817,3,18,INR,2026-09-12 18:34:57.026429,6aa54dd47d6e7075c8c467fe,147,2026-09-12 18:34:57.040378
8de729c23fb31c2489db0ed2963ca8fe96dc58d751e419518341dfa9a2861cb1,12,DEL,HYD,DEL-HYD,2026-09-12,2026-09-19,2026-09-12 18:34:57.043174,2026-09-12,0,0-3 days,IndiGo,Round trip,INR,16120.0,16120.0,,,1,370.0,,,,161.0,,,WyJDalJJTTBsaFdqaGtWSHBvZFVsQlNHdHpSM2RDUnkwdExTMHRMWFozWkc0eU1pMXVNVUZCUVVGQlIzRnNWR1JSVDI1MFFXOUJFZ3cyUlRNd00zdzJSVFl4T0RjYUNnajRmUkFBR2dOSlRsSTRISERtZ3dFPSIsW1siREVMIiwiMjAyNi0wOS0xMiIsIkJPTSIsbnVsbCwiNkUiLCIzMDMiXSxbIkJPTSIsIjIwMjYtMDktMTMiLCJIWUQiLG51bGwsIjZFIiwiNjE4NyJdXV0=,SerpApi,Google Flights,2026,9,37,12,5,Saturday,September,True,18,15001-25000,9.687878048875998,True,16848.333333333332,-4.322880601444245,3,18,INR,2026-09-12 18:34:57.026429,6aa54dd47d6e7075c8c467fe,148,2026-09-12 18:34:57.043174
d8bc70e28d89946455dd5e69fa2af77c44416dca588e32bc74486f55bdaf91c3,12,DEL,HYD,DEL-HYD,2026-09-12,2026-09-19,2026-09-12 18:34:57.045983,2026-09-12,0,0-3 days,IndiGo,Round trip,INR,16799.0,16799.0,,,0,135.0,,,,99.0,,,WyJDalJJTTBsaFdqaGtWSHBvZFVsQlNHdHpSM2RDUnkwdExTMHRMWFozWkc0eU1pMXVNVUZCUVVGQlIzRnNWR1JSVDI1MFFXOUJFZ1UyUlRNNE1ob0xDSitEQVJBQUdnTkpUbEk0SEhDc2lRRT0iLFtbIkRFTCIsIjIwMjYtMDktMTIiLCJIWUQiLG51bGwsIjZFIiwiMzgyIl1dXQ==,SerpApi,Google Flights,2026,9,37,12,5,Saturday,September,True,18,15001-25000,9.72913416539135,False,16848.333333333332,-0.292808388564636,3,18,INR,2026-09-12 18:34:57.026429,6aa54dd47d6e7075c8c467fe,149,2026-09-12 18:34:57.045983
69b938949e831baf3fc6e61f75497e14d5b9e7b700207e66ca358527f257c8f6,12,DEL,HYD,DEL-HYD,2026-09-12,2026-09-19,2026-09-12 18:34:57.050719,2026-09-12,0,0-3 days,Air India,Round trip,INR,16997.0,16997.0,,,0,140.0,,,,115.0,,,WyJDalJJTTBsaFdqaGtWSHBvZFVsQlNHdHpSM2RDUnkwdExTMHRMWFozWkc0eU1pMXVNVUZCUVVGQlIzRnNWR1JSVDI1MFFXOUJFZ1pCU1RJNE56RWFDd2psaEFFUUFCb0RTVTVTT0J4dy9Jb0IiLFtbIkRFTCIsIjIwMjYtMDktMTIiLCJIWUQiLG51bGwsIkFJIiwiMjg3MSJdXV0=,SerpApi,Google Flights,2026,9,37,12,5,Saturday,September,True,18,15001-25000,9.740850969058572,False,16848.333333333332,0.8823820358096812,3,18,INR,2026-09-12 18:34:57.026429,6aa54dd47d6e7075c8c467fe,151,2026-09-12 18:34:57.050719
69b52bcc5affa20e865388eff97544c5c082ca8e6c28ec310ac92f9ebac66edf,13,DEL,MAA,DEL-MAA,2026-09-12,2026-09-19,2026-09-12 18:34:59.344080,2026-09-12,0,0-3 days,IndiGo,Round trip,INR,19130.0,19130.0,,,0,175.0,,,,126.0,,,WyJDalJJYkdWUlIxQktNMTlDY0hkQlMzRTVlV2RDUnkwdExTMHRMUzB0TFMxMmQybHZOMEZCUVVGQlIzRnNWR1JuU2tabldIRkJFZ1kyUlRZd05qRWFDd2k2bFFFUUFCb0RTVTVTT0J4d3RKd0IiLFtbIkRFTCIsIjIwMjYtMDktMTIiLCJNQUEiLG51bGwsIjZFIiwiNjA2MSJdXV0=,SerpApi,Google Flights,2026,9,37,12,5,Saturday,September,True,18,15001-25000,9.85906533498338,False,22846.8,-16.268361433548673,2,15,INR,2026-09-12 18:34:59.338816,6aa54dd7bb48ad565646f89f,152,2026-09-12 18:34:59.344080
b218cd4d79cca5b84cc90abc31f483ac33287a0813477ad2c160b470806ca601,13,DEL,MAA,DEL-MAA,2026-09-12,2026-09-19,2026-09-12 18:34:59.347580,2026-09-12,0,0-3 days,Air India,Round trip,INR,21553.0,21553.0,,,0,165.0,,,,146.0,,,WyJDalJJYkdWUlIxQktNMTlDY0hkQlMzRTVlV2RDUnkwdExTMHRMUzB0TFMxMmQybHZOMEZCUVVGQlIzRnNWR1JuU2tabldIRkJFZ1pCU1RJNE9UVWFDd2l4cUFFUUFCb0RTVTVTT0J4d203QUIiLFtbIkRFTCIsIjIwMjYtMDktMTIiLCJNQUEiLG51bGwsIkFJIiwiMjg5NSJdXV0=,SerpApi,Google Flights,2026,9,37,12,5,Saturday,September,True,18,15001-25000,9.978316693156778,True,22846.8,-5.66293747920934,2,15,INR,2026-09-12 18:34:59.338816,6aa54dd7bb48ad565646f89f,153,2026-09-12 18:34:59.347580
f635d891541e23d9710dd7f90bd426e27479f529a134c252f1ef11c3885aec09,13,DEL,MAA,DEL-MAA,2026-09-12,2026-09-19,2026-09-12 18:34:59.350116,2026-09-12,0,0-3 days,IndiGo,Round trip,INR,52632.0,52632.0,,,1,395.0,,,,258.0,,,WyJDalJJYkdWUlIxQktNMTlDY0hkQlMzRTVlV2RDUnkwdExTMHRMUzB0TFMxMmQybHZOMEZCUVVGQlIzRnNWR1JuU2tabldIRkJFZ3MyUlRNeU1udzJSVEV6TmhvTENKaWJBeEFBR2dOSlRsSTRISENvcmdNPSIsW1siREVMIiwiMjAyNi0wOS0xMiIsIkJPTSIsbnVsbCwiNkUiLCIzMjIiXSxbIkJPTSIsIjIwMjYtMDktMTMiLCJNQUEiLG51bGwsIjZFIiwiMTM2Il1dXQ==,SerpApi,Google Flights,2026,9,37,12,5,Saturday,September,True,18,25000+,10.87109857843334,True,22846.8,130.36924208204215,2,15,INR,2026-09-12 18:34:59.338816,6aa54dd7bb48ad565646f89f,154,2026-09-12 18:34:59.350116
27d610e1d812340a4cfa7639ff31bd115895f0a88accf6c66b09c11294ba6b86,14,DEL,CCU,DEL-CCU,2026-09-12,2026-09-19,2026-09-12 18:35:01.579748,2026-09-12,0,0-3 days,SpiceJet,Round trip,INR,17002.0,17002.0,,,0,140.0,,,,121.0,,,WyJDalJJU0VaYWJGWkZlWFU1ZFdOQlNFZDVSMUZDUnkwdExTMHRMUzB0TFMxMmRISnJNVUZCUVVGQlIzRnNWR1IzUlVSS1FtRkJFZ1ZUUnprd05Sb0xDT3FFQVJBQUdnTkpUbEk0SEhDQml3RT0iLFtbIkRFTCIsIjIwMjYtMDktMTIiLCJDQ1UiLG51bGwsIlNHIiwiOTA1Il1dXQ==,SerpApi,Google Flights,2026,9,37,12,5,Saturday,September,True,18,15001-25000,9.741145078057485,False,18374.136363636364,-7.4677597710220205,4,22,INR,2026-09-12 18:35:01.577680,6aa54ddb5c9301b29c72b7ad,155,2026-09-12 18:35:01.579748
febea0cbebae647003bc404748b74b426b17c77e3888ffcc43ede06cb4957617,14,DEL,CCU,DEL-CCU,2026-09-12,2026-09-19,2026-09-12 18:35:01.582478,2026-09-12,0,0-3 days,IndiGo,Round trip,INR,17486.0,17486.0,,,0,135.0,,,,99.0,,,WyJDalJJU0VaYWJGWkZlWFU1ZFdOQlNFZDVSMUZDUnkwdExTMHRMUzB0TFMxMmRISnJNVUZCUVVGQlIzRnNWR1IzUlVSS1FtRkJFZ1UyUlRJME54b0xDTTZJQVJBQUdnTkpUbEk0SEhEN2pnRT0iLFtbIkRFTCIsIjIwMjYtMDktMTIiLCJDQ1UiLG51bGwsIjZFIiwiMjQ3Il1dXQ==,SerpApi,Google Flights,2026,9,37,12,5,Saturday,September,True,18,15001-25000,9.76921302671366,False,18374.136363636364,-4.833622359492473,4,22,INR,2026-09-12 18:35:01.577680,6aa54ddb5c9301b29c72b7ad,156,2026-09-12 18:35:01.582478
877867b06ca08c577235727c277fde3fbaa0bd5409c30cf93d574c8b2c94ea19,14,DEL,CCU,DEL-CCU,2026-09-12,2026-09-19,2026-09-12 18:35:01.584785,2026-09-12,0,0-3 days,Air India,Round trip,INR,18628.0,18628.0,,,0,140.0,,,,115.0,,,WyJDalJJU0VaYWJGWkZlWFU1ZFdOQlNFZDVSMUZDUnkwdExTMHRMUzB0TFMxMmRISnJNVUZCUVVGQlIzRnNWR1IzUlVSS1FtRkJFZ1pCU1RFM01UUWFDd2pFa1FFUUFCb0RTVTVTT0J4d3BwZ0IiLFtbIkRFTCIsIjIwMjYtMDktMTIiLCJDQ1UiLG51bGwsIkFJIiwiMTcxNCJdXV0=,SerpApi,Google Flights,2026,9,37,12,5,Saturday,September,True,18,15001-25000,9.832474785289708,False,18374.136363636364,1.3816357478768415,4,22,INR,2026-09-12 18:35:01.577680,6aa54ddb5c9301b29c72b7ad,157,2026-09-12 18:35:01.584785
ae77ff90d2329b643fb176149068a972376e9e51c28ca1f590a618f989888d9a,15,DEL,PNQ,DEL-PNQ,2026-09-12,2026-09-19,2026-09-12 18:35:03.469613,2026-09-12,0,0-3 days,Air India Express,Round trip,INR,17970.0,17970.0,,,0,135.0,,,,107.0,,,WyJDalJJWW1GelkwcEVYMTlPVDBWQlIyUlRlSGRDUnkwdExTMHRMUzB0TFMxMmRHNW1Oa0ZCUVVGQlIzRnNWR1ZSVG5OaFdrdEJFZ1pKV0RFeU5UY2FDd2l5akFFUUFCb0RTVTVTT0J4dzlwSUIiLFtbIkRFTCIsIjIwMjYtMDktMTIiLCJQTlEiLG51bGwsIklYIiwiMTI1NyJdXV0=,SerpApi,Google Flights,2026,9,37,12,5,Saturday,September,True,18,15001-25000,9.796514626532023,False,16708.0,7.553267895618876,5,22,INR,2026-09-12 18:35:03.464049,6aa54de3bcd927d23ea8e8d6,158,2026-09-12 18:35:03.469613
3ac76f2d07d0fe949a84bc511f42b0f1d1a1f0c4b0d75c866cf9aa14363eb563,15,DEL,PNQ,DEL-PNQ,2026-09-12,2026-09-19,2026-09-12 18:35:03.473481,2026-09-12,0,0-3 days,IndiGo,Round trip,INR,19166.0,19166.0,,,0,125.0,,,,91.0,,,WyJDalJJWW1GelkwcEVYMTlPVDBWQlIyUlRlSGRDUnkwdExTMHRMUzB0TFMxMmRHNW1Oa0ZCUVVGQlIzRnNWR1ZSVG5OaFdrdEJFZ1kyUlRJMk1UZ2FDd2plbFFFUUFCb0RTVTVTT0J4dzJad0IiLFtbIkRFTCIsIjIwMjYtMDktMTIiLCJQTlEiLG51bGwsIjZFIiwiMjYxOCJdXV0=,SerpApi,Google Flights,2026,9,37,12,5,Saturday,September,True,18,15001-25000,9.860945329270454,False,16708.0,14.71151544170457,5,22,INR,2026-09-12 18:35:03.464049,6aa54de3bcd927d23ea8e8d6,159,2026-09-12 18:35:03.473481
0e0ec7a9fb4b0a73a49f8956fa0665237fad465e5c6b5b0ab5b794205d797a4a,15,DEL,PNQ,DEL-PNQ,2026-09-12,2026-09-19,2026-09-12 18:35:03.476206,2026-09-12,0,0-3 days,Air India,Round trip,INR,21332.0,21332.0,,,0,135.0,,,,105.0,,,WyJDalJJWW1GelkwcEVYMTlPVDBWQlIyUlRlSGRDUnkwdExTMHRMUzB0TFMxMmRHNW1Oa0ZCUVVGQlIzRnNWR1ZSVG5OaFdrdEJFZ1pCU1RJMk1Ea2FDd2pVcGdFUUFCb0RTVTVTT0J4d3RLNEIiLFtbIkRFTCIsIjIwMjYtMDktMTIiLCJQTlEiLG51bGwsIkFJIiwiMjYwOSJdXV0=,SerpApi,Google Flights,2026,9,37,12,5,Saturday,September,True,18,15001-25000,9.968010448551627,False,16708.0,27.675365094565475,5,22,INR,2026-09-12 18:35:03.464049,6aa54de3bcd927d23ea8e8d6,160,2026-09-12 18:35:03.476206
d653a0dcd61c84ea3f74e9ce07f2636db088f06178c158ea830a997691e5d68f,15,DEL,PNQ,DEL-PNQ,2026-09-12,2026-09-19,2026-09-12 18:35:03.479044,2026-09-12,0,0-3 days,Air India,Round trip,INR,21668.0,21668.0,,,0,125.0,,,,105.0,,,WyJDalJJWW1GelkwcEVYMTlPVDBWQlIyUlRlSGRDUnkwdExTMHRMUzB0TFMxMmRHNW1Oa0ZCUVVGQlIzRnNWR1ZSVG5OaFdrdEJFZ1pCU1RFM016QWFDd2lrcVFFUUFCb0RTVTVTT0J4d2xMRUIiLFtbIkRFTCIsIjIwMjYtMDktMTIiLCJQTlEiLG51bGwsIkFJIiwiMTczMCJdXV0=,SerpApi,Google Flights,2026,9,37,12,5,Saturday,September,True,18,15001-25000,9.983637946718957,False,16708.0,29.686377783097928,5,22,INR,2026-09-12 18:35:03.464049,6aa54de3bcd927d23ea8e8d6,161,2026-09-12 18:35:03.479044
c3a3542b105931b2e7172078e7ce4c3c633c543fbc5d26c188cd70c27f137948,15,DEL,PNQ,DEL-PNQ,2026-09-12,2026-09-19,2026-09-12 18:35:03.481786,2026-09-12,0,0-3 days,Air India,Round trip,INR,31397.0,31397.0,,,0,135.0,,,,105.0,,,WyJDalJJWW1GelkwcEVYMTlPVDBWQlIyUlRlSGRDUnkwdExTMHRMUzB0TFMxMmRHNW1Oa0ZCUVVGQlIzRnNWR1ZSVG5OaFdrdEJFZ1pCU1RJNU56TWFDd2lsOVFFUUFCb0RTVTVTT0J4dzJZQUMiLFtbIkRFTCIsIjIwMjYtMDktMTIiLCJQTlEiLG51bGwsIkFJIiwiMjk3MyJdXV0=,SerpApi,Google Flights,2026,9,37,12,5,Saturday,September,True,18,25000+,10.354499475600262,True,16708.0,87.91596839837203,5,22,INR,2026-09-12 18:35:03.464049,6aa54de3bcd927d23ea8e8d6,162,2026-09-12 18:35:03.481786
9b7b1cfc853a63f64d5c76a577ab3dae273e0eb4a9a7ee5621a34dc216d888a6,31,DEL,AMD,DEL-AMD,2026-09-12,2026-09-19,2026-09-12 18:35:12.766271,2026-09-12,0,0-3 days,Air India,Round trip,INR,12358.0,12358.0,,,0,100.0,,,,77.0,,,WyJDalJJYUhOd2RqaExjRm8zZW1kQlNFUnZaMmRDUnkwdExTMHRMUzF2YTNSd09DMXVNVUZCUVVGQlIzRnNWR2hCUzE5ZlVFdEJFZ1pCU1RJMU5EVWFDZ2pHWUJBQUdnTkpUbEk0SEhDRlpRPT0iLFtbIkRFTCIsIjIwMjYtMDktMTIiLCJBTUQiLG51bGwsIkFJIiwiMjU0NSJdXV0=,SerpApi,Google Flights,2026,9,37,12,5,Saturday,September,True,18,10001-15000,9.422139821589736,False,14632.25,-15.542722411112441,2,16,INR,2026-09-12 18:35:12.760641,6aa54e0aa8dce66d13e81400,163,2026-09-12 18:35:12.766271
367d7f48a8f204c1f6b48e4ac1bdd2be9e0098b32be03727b9198d6bd837afee,31,DEL,AMD,DEL-AMD,2026-09-12,2026-09-19,2026-09-12 18:35:12.772722,2026-09-12,0,0-3 days,Air India,Round trip,INR,13303.0,13303.0,,,0,105.0,,,,77.0,,,WyJDalJJYUhOd2RqaExjRm8zZW1kQlNFUnZaMmRDUnkwdExTMHRMUzF2YTNSd09DMXVNVUZCUVVGQlIzRnNWR2hCUzE5ZlVFdEJFZ1pCU1RJNU1Ea2FDZ2ozWnhBQUdnTkpUbEk0SEhEaWJBPT0iLFtbIkRFTCIsIjIwMjYtMDktMTIiLCJBTUQiLG51bGwsIkFJIiwiMjkwOSJdXV0=,SerpApi,Google Flights,2026,9,37,12,5,Saturday,September,True,18,10001-15000,9.495820020872763,False,14632.25,-9.084385518290084,2,16,INR,2026-09-12 18:35:12.760641,6aa54e0aa8dce66d13e81400,164,2026-09-12 18:35:12.772722
b1dabde7ec114be641d4177b7942689140308bc07536c1db5d58f39d91e4bc7c,31,DEL,AMD,DEL-AMD,2026-09-12,2026-09-19,2026-09-12 18:35:12.776419,2026-09-12,0,0-3 days,IndiGo,Round trip,INR,13400.0,13400.0,,,0,95.0,,,,64.0,,,WyJDalJJYUhOd2RqaExjRm8zZW1kQlNFUnZaMmRDUnkwdExTMHRMUzF2YTNSd09DMXVNVUZCUVVGQlIzRnNWR2hCUzE5ZlVFdEJFZ1kyUlRJd01UTWFDZ2pZYUJBQUdnTkpUbEk0SEhESGJRPT0iLFtbIkRFTCIsIjIwMjYtMDktMTIiLCJBTUQiLG51bGwsIjZFIiwiMjAxMyJdXV0=,SerpApi,Google Flights,2026,9,37,12,5,Saturday,September,True,18,10001-15000,9.503084610020228,False,14632.25,-8.42146628167233,2,16,INR,2026-09-12 18:35:12.760641,6aa54e0aa8dce66d13e81400,165,2026-09-12 18:35:12.776419
8c7c6e3279d39ae6179c4740e00fdb42bd3c0ffd6df012ac14e1f246f3efa88f,32,DEL,COK,DEL-COK,2026-09-12,2026-09-19,2026-09-12 18:35:21.955348,2026-09-12,0,0-3 days,Air India,Round trip,INR,24187.0,24187.0,,,0,190.0,,,,165.0,,,WyJDalJJVDBWS2NGRnVWWFJsZVd0QlN6SktjRkZDUnkwdExTMHRMUzB0TFMxNWJHdDJPVUZCUVVGQlIzRnNWR2hSUjJoVVJqWkJFZ1pCU1RJNE9ETWFDd2o3dkFFUUFCb0RTVTVTT0J4dzRNVUIiLFtbIkRFTCIsIjIwMjYtMDktMTIiLCJDT0siLG51bGwsIkFJIiwiMjg4MyJdXV0=,SerpApi,Google Flights,2026,9,37,12,5,Saturday,September,True,18,15001-25000,10.093611921393103,False,27641.266666666666,-12.496774146867363,5,15,INR,2026-09-12 18:35:21.949828,6aa54e136539a29d59dc097d,166,2026-09-12 18:35:21.955348
247da48e2e6d2c8c43354f9e3a868621063f1e5eaf786bf9333763d2a6ec4e72,32,DEL,COK,DEL-COK,2026-09-12,2026-09-19,2026-09-12 18:35:21.958448,2026-09-12,0,0-3 days,Air India Express,Round trip,INR,26869.0,26869.0,,,1,460.0,,,,214.0,,,WyJDalJJVDBWS2NGRnVWWFJsZVd0QlN6SktjRkZDUnkwdExTMHRMUzB0TFMxNWJHdDJPVUZCUVVGQlIzRnNWR2hSUjJoVVJqWkJFZzFKV0RFeU16VjhTVmd4TnprM0dnc0k5ZEVCRUFBYUEwbE9VamdjY05mYkFRPT0iLFtbIkRFTCIsIjIwMjYtMDktMTIiLCJCT00iLG51bGwsIklYIiwiMTIzNSJdLFsiQk9NIiwiMjAyNi0wOS0xMyIsIkNPSyIsbnVsbCwiSVgiLCIxNzk3Il1dXQ==,SerpApi,Google Flights,2026,9,37,12,5,Saturday,September,True,18,25000+,10.198765701609537,False,27641.266666666666,-2.7938902944631083,5,15,INR,2026-09-12 18:35:21.949828,6aa54e136539a29d59dc097d,167,2026-09-12 18:35:21.958448
a647671a29acf438eef7261de3d6d8ba35b9b21cc8b8dfcac08a42fea2b85023,32,DEL,COK,DEL-COK,2026-09-12,2026-09-19,2026-09-12 18:35:21.962002,2026-09-12,0,0-3 days,Air India,Round trip,INR,29889.0,29889.0,,,1,575.0,,,,199.0,,,WyJDalJJVDBWS2NGRnVWWFJsZVd0QlN6SktjRkZDUnkwdExTMHRMUzB0TFMxNWJHdDJPVUZCUVVGQlIzRnNWR2hSUjJoVVJqWkJFZzFCU1RJME16bDhRVWt5TnpnM0dnc0l3ZWtCRUFBYUEwbE9VamdjY0svMEFRPT0iLFtbIkRFTCIsIjIwMjYtMDktMTIiLCJCT00iLG51bGwsIkFJIiwiMjQzOSJdLFsiQk9NIiwiMjAyNi0wOS0xMyIsIkNPSyIsbnVsbCwiQUkiLCIyNzg3Il1dXQ==,SerpApi,Google Flights,2026,9,37,12,5,Saturday,September,True,18,25000+,10.305279255277984,False,27641.266666666666,8.131802932330645,5,15,INR,2026-09-12 18:35:21.949828,6aa54e136539a29d59dc097d,168,2026-09-12 18:35:21.962002
515769d6f45b03f04d9aeaf1bab0b3f8ee44d6e00dbff11a760229868ee2537e,32,DEL,COK,DEL-COK,2026-09-12,2026-09-19,2026-09-12 18:35:21.964946,2026-09-12,0,0-3 days,Air India Express,Round trip,INR,26058.0,26058.0,,,1,975.0,,,,200.0,,,WyJDalJJVDBWS2NGRnVWWFJsZVd0QlN6SktjRkZDUnkwdExTMHRMUzB0TFMxNWJHdDJPVUZCUVVGQlIzRnNWR2hSUjJoVVJqWkJFZzFKV0RFeU16VjhTVmd4T0RFd0dnc0l5c3NCRUFBYUEwbE9VamdjY0liVkFRPT0iLFtbIkRFTCIsIjIwMjYtMDktMTIiLCJCT00iLG51bGwsIklYIiwiMTIzNSJdLFsiQk9NIiwiMjAyNi0wOS0xMyIsIkNPSyIsbnVsbCwiSVgiLCIxODEwIl1dXQ==,SerpApi,Google Flights,2026,9,37,12,5,Saturday,September,True,18,25000+,10.168118476957156,False,27641.266666666666,-5.727909237155071,5,15,INR,2026-09-12 18:35:21.949828,6aa54e136539a29d59dc097d,169,2026-09-12 18:35:21.964946
f9765981c08b51dc0c0d6be05ea16eea47221c9abea8d66fa60b48d51af143e6,32,DEL,COK,DEL-COK,2026-09-12,2026-09-19,2026-09-12 18:35:21.967773,2026-09-12,0,0-3 days,"Air India Express, Air India",Round trip,INR,29672.0,29672.0,,,1,550.0,,,,199.0,,,WyJDalJJVDBWS2NGRnVWWFJsZVd0QlN6SktjRkZDUnkwdExTMHRMUzB0TFMxNWJHdDJPVUZCUVVGQlIzRnNWR2hSUjJoVVJqWkJFZzFKV0RFeU16VjhRVWt5TnpnM0dnc0k2T2NCRUFBYUEwbE9VamdjY016eUFRPT0iLFtbIkRFTCIsIjIwMjYtMDktMTIiLCJCT00iLG51bGwsIklYIiwiMTIzNSJdLFsiQk9NIiwiMjAyNi0wOS0xMyIsIkNPSyIsbnVsbCwiQUkiLCIyNzg3Il1dXQ==,SerpApi,Google Flights,2026,9,37,12,5,Saturday,September,True,18,25000+,10.29799282040795,False,27641.266666666666,7.346744842855735,5,15,INR,2026-09-12 18:35:21.949828,6aa54e136539a29d59dc097d,170,2026-09-12 18:35:21.967773
f021e62ad100582cbf52d61bb66db311adf962e6caab096b52f56b558f5e26ec,32,DEL,COK,DEL-COK,2026-09-12,2026-09-19,2026-09-12 18:35:21.970557,2026-09-12,0,0-3 days,"Air India, Air India Express",Round trip,INR,30367.0,30367.0,,,1,485.0,,,,214.0,,,WyJDalJJVDBWS2NGRnVWWFJsZVd0QlN6SktjRkZDUnkwdExTMHRMUzB0TFMxNWJHdDJPVUZCUVVGQlIzRnNWR2hSUjJoVVJqWkJFZzFCU1RJME16bDhTVmd4TnprM0dnc0luKzBCRUFBYUEwbE9VamdjY0tQNEFRPT0iLFtbIkRFTCIsIjIwMjYtMDktMTIiLCJCT00iLG51bGwsIkFJIiwiMjQzOSJdLFsiQk9NIiwiMjAyNi0wOS0xMyIsIkNPSyIsbnVsbCwiSVgiLCIxNzk3Il1dXQ==,SerpApi,Google Flights,2026,9,37,12,5,Saturday,September,True,18,25000+,10.321144701409654,False,27641.266666666666,9.861101396703953,5,15,INR,2026-09-12 18:35:21.949828,6aa54e136539a29d59dc097d,171,2026-09-12 18:35:21.970557
cff946984cb70d79685984657b56aa4b3e60b9238fc162b4425cb1f66156db15,32,DEL,COK,DEL-COK,2026-09-12,2026-09-19,2026-09-12 18:35:21.973306,2026-09-12,0,0-3 days,IndiGo,Round trip,INR,44599.0,44599.0,,,1,350.0,,,,257.0,,,WyJDalJJVDBWS2NGRnVWWFJsZVd0QlN6SktjRkZDUnkwdExTMHRMUzB0TFMxNWJHdDJPVUZCUVVGQlIzRnNWR2hSUjJoVVJqWkJFZzAyUlRJMk1UaDhOa1UyTVRJNUdnc0l0OXdDRUFBYUEwbE9VamdjY05Ic0FnPT0iLFtbIkRFTCIsIjIwMjYtMDktMTIiLCJQTlEiLG51bGwsIjZFIiwiMjYxOCJdLFsiUE5RIiwiMjAyNi0wOS0xMyIsIkNPSyIsbnVsbCwiNkUiLCI2MTI5Il1dXQ==,SerpApi,Google Flights,2026,9,37,12,5,Saturday,September,True,18,25000+,10.705489138008156,True,27641.266666666666,61.34933517277308,5,15,INR,2026-09-12 18:35:21.949828,6aa54e136539a29d59dc097d,172,2026-09-12 18:35:21.973306
1bc6480ccbffa683b9d9687f6434e4a4e7e2f25cf2a5c058c6b5c6de3e329eea,33,DEL,GOI,DEL-GOI,2026-09-12,2026-09-19,2026-09-12 18:35:33.449878,2026-09-12,0,0-3 days,Air India Express,Round trip,INR,22457.0,22457.0,,,1,860.0,,,,159.0,,,WyJDalJJWWpWMVQzWlNheTAyVGxsQlNqSmlZM2RDUnkwdExTMHRMUzB0TFMxNWJHNTBPRUZCUVVGQlIzRnNWR2cwUWxwM2ExZEJFZzFKV0RFeU16VjhTVmd4TWpNNEdnc0l1YThCRUFBYUEwbE9VamdjY002M0FRPT0iLFtbIkRFTCIsIjIwMjYtMDktMTIiLCJCT00iLG51bGwsIklYIiwiMTIzNSJdLFsiQk9NIiwiMjAyNi0wOS0xMyIsIkdPSSIsbnVsbCwiSVgiLCIxMjM4Il1dXQ==,SerpApi,Google Flights,2026,9,37,12,5,Saturday,September,True,18,15001-25000,10.019402177132484,False,26690.222222222223,-15.860573160375003,4,18,INR,2026-09-12 18:35:33.444896,6aa54e1c48c791a2cf68b23f,174,2026-09-12 18:35:33.449878
52060e29dd8a4f24012ecf25cbbf16ef582075f62e65a60316aa942ed5608f55,33,DEL,GOI,DEL-GOI,2026-09-12,2026-09-19,2026-09-12 18:35:33.453800,2026-09-12,0,0-3 days,Air India,Round trip,INR,25800.0,25800.0,,,1,920.0,,,,182.0,,,WyJDalJJWWpWMVQzWlNheTAyVGxsQlNqSmlZM2RDUnkwdExTMHRMUzB0TFMxNWJHNTBPRUZCUVVGQlIzRnNWR2cwUWxwM2ExZEJFZzFCU1RJME16bDhRVWt5TkRjM0dnc0l5TWtCRUFBYUEwbE9VamdjY1BqU0FRPT0iLFtbIkRFTCIsIjIwMjYtMDktMTIiLCJCT00iLG51bGwsIkFJIiwiMjQzOSJdLFsiQk9NIiwiMjAyNi0wOS0xMyIsIkdPSSIsbnVsbCwiQUkiLCIyNDc3Il1dXQ==,SerpApi,Google Flights,2026,9,37,12,5,Saturday,September,True,18,25000+,10.158168529848494,False,26690.222222222223,-3.33538707475064,4,18,INR,2026-09-12 18:35:33.444896,6aa54e1c48c791a2cf68b23f,175,2026-09-12 18:35:33.453800
d9b6c74376267830b22b1f942b2b6816e88c01022e39e85964af207fe6c1daac,33,DEL,GOI,DEL-GOI,2026-09-12,2026-09-19,2026-09-12 18:35:33.458389,2026-09-12,0,0-3 days,Air India,Round trip,INR,31245.0,31245.0,,,1,450.0,,,,158.0,,,WyJDalJJWWpWMVQzWlNheTAyVGxsQlNqSmlZM2RDUnkwdExTMHRMUzB0TFMxNWJHNTBPRUZCUVVGQlIzRnNWR2cwUWxwM2ExZEJFZ3hCU1RJME16bDhRVWsyTURNYUN3aU45QUVRQUJvRFNVNVNPQnh3dXY4QiIsW1siREVMIiwiMjAyNi0wOS0xMiIsIkJPTSIsbnVsbCwiQUkiLCIyNDM5Il0sWyJCT00iLCIyMDI2LTA5LTEzIiwiR09JIixudWxsLCJBSSIsIjYwMyJdXV0=,SerpApi,Google Flights,2026,9,37,12,5,Saturday,September,True,18,25000+,10.349646646971848,False,26690.222222222223,17.065342280985128,4,18,INR,2026-09-12 18:35:33.444896,6aa54e1c48c791a2cf68b23f,176,2026-09-12 18:35:33.458389
d0e743e1e7ee7346962268451e60402bfb1f6c09f56715e6910d9ce4be27211f,33,DEL,GOI,DEL-GOI,2026-09-12,2026-09-19,2026-09-12 18:35:33.461616,2026-09-12,0,0-3 days,"Air India Express, Air India",Round trip,INR,27902.0,27902.0,,,1,1045.0,,,,158.0,,,WyJDalJJWWpWMVQzWlNheTAyVGxsQlNqSmlZM2RDUnkwdExTMHRMUzB0TFMxNWJHNTBPRUZCUVVGQlIzRnNWR2cwUWxwM2ExZEJFZzFKV0RFeU16VjhRVWt5TnpRMUdnc0kvdGtCRUFBYUEwbE9VamdjY0pEa0FRPT0iLFtbIkRFTCIsIjIwMjYtMDktMTIiLCJCT00iLG51bGwsIklYIiwiMTIzNSJdLFsiQk9NIiwiMjAyNi0wOS0xMyIsIkdPSSIsbnVsbCwiQUkiLCIyNzQ1Il1dXQ==,SerpApi,Google Flights,2026,9,37,12,5,Saturday,September,True,18,25000+,10.236489488910577,False,26690.222222222223,4.540156195360767,4,18,INR,2026-09-12 18:35:33.444896,6aa54e1c48c791a2cf68b23f,177,2026-09-12 18:35:33.461616
0302c953f8b2dc6c8575286096830afe3d26cf0f51e12f0c5b95deabedd4fcbc,33,DEL,GOI,DEL-GOI,2026-09-12,2026-09-19,2026-09-12 18:35:33.465207,2026-09-12,0,0-3 days,"Air India Express, Air India",Round trip,INR,29431.0,29431.0,,,1,895.0,,,,182.0,,,WyJDalJJWWpWMVQzWlNheTAyVGxsQlNqSmlZM2RDUnkwdExTMHRMUzB0TFMxNWJHNTBPRUZCUVVGQlIzRnNWR2cwUWxwM2ExZEJFZzFKV0RFeU16VjhRVWt5TkRjM0dnc0k5K1VCRUFBYUEwbE9VamdjY05Ed0FRPT0iLFtbIkRFTCIsIjIwMjYtMDktMTIiLCJCT00iLG51bGwsIklYIiwiMTIzNSJdLFsiQk9NIiwiMjAyNi0wOS0xMyIsIkdPSSIsbnVsbCwiQUkiLCIyNDc3Il1dXQ==,SerpApi,Google Flights,2026,9,37,12,5,Saturday,September,True,18,25000+,10.28983779678461,False,26690.222222222223,10.268845852829989,4,18,INR,2026-09-12 18:35:33.444896,6aa54e1c48c791a2cf68b23f,178,2026-09-12 18:35:33.465207
7163dfc550109fbce1fbfb2944cd2ab653f58fc3e5ad2834edd7767df154ffdb,33,DEL,GOI,DEL-GOI,2026-09-12,2026-09-19,2026-09-12 18:35:33.469257,2026-09-12,0,0-3 days,Air India,Round trip,INR,30673.0,30673.0,,,1,820.0,,,,173.0,,,WyJDalJJWWpWMVQzWlNheTAyVGxsQlNqSmlZM2RDUnkwdExTMHRMUzB0TFMxNWJHNTBPRUZCUVVGQlIzRnNWR2cwUWxwM2ExZEJFZzFCU1RJME16bDhRVWt5TkRJd0dnc0kwZThCRUFBYUEwbE9VamdjY09UNkFRPT0iLFtbIkRFTCIsIjIwMjYtMDktMTIiLCJCT00iLG51bGwsIkFJIiwiMjQzOSJdLFsiQk9NIiwiMjAyNi0wOS0xMyIsIkdPSSIsbnVsbCwiQUkiLCIyNDIwIl1dXQ==,SerpApi,Google Flights,2026,9,37,12,5,Saturday,September,True,18,25000+,10.331170669210724,False,26690.222222222223,14.922235358766422,4,18,INR,2026-09-12 18:35:33.444896,6aa54e1c48c791a2cf68b23f,179,2026-09-12 18:35:33.469257
124992822e3fa3716302888f25834acd6025b7f8459c26a6fd5503ce287432e7,33,DEL,GOI,DEL-GOI,2026-09-12,2026-09-19,2026-09-12 18:35:33.472917,2026-09-12,0,0-3 days,"Air India Express, Air India",Round trip,INR,37267.0,37267.0,,,1,425.0,,,,158.0,,,WyJDalJJWWpWMVQzWlNheTAyVGxsQlNqSmlZM2RDUnkwdExTMHRMUzB0TFMxNWJHNTBPRUZCUVVGQlIzRnNWR2cwUWxwM2ExZEJFZ3hKV0RFeU16VjhRVWsyTURNYUN3aVRvd0lRQUJvRFNVNVNPQnh3MkxBQyIsW1siREVMIiwiMjAyNi0wOS0xMiIsIkJPTSIsbnVsbCwiSVgiLCIxMjM1Il0sWyJCT00iLCIyMDI2LTA5LTEzIiwiR09JIixudWxsLCJBSSIsIjYwMyJdXV0=,SerpApi,Google Flights,2026,9,37,12,5,Saturday,September,True,18,25000+,10.525890328570316,False,26690.222222222223,39.627912011056885,4,18,INR,2026-09-12 18:35:33.444896,6aa54e1c48c791a2cf68b23f,180,2026-09-12 18:35:33.472917
7d0367adb053e844026b4e17eb461dea464192407fe0f28ef39c66f2f4260dea,33,DEL,GOI,DEL-GOI,2026-09-12,2026-09-19,2026-09-12 18:35:33.476312,2026-09-12,0,0-3 days,IndiGo,Round trip,INR,43220.0,43220.0,,,1,440.0,,,,200.0,,,WyJDalJJWWpWMVQzWlNheTAyVGxsQlNqSmlZM2RDUnkwdExTMHRMUzB0TFMxNWJHNTBPRUZCUVVGQlIzRnNWR2cwUWxwM2ExZEJFZzAyUlRZeE1UUjhOa1UyTXpZeEdnc0kxTkVDRUFBYUEwbE9VamdjY0s3aEFnPT0iLFtbIkRFTCIsIjIwMjYtMDktMTIiLCJCT00iLG51bGwsIjZFIiwiNjExNCJdLFsiQk9NIiwiMjAyNi0wOS0xMyIsIkdPSSIsbnVsbCwiNkUiLCI2MzYxIl1dXQ==,SerpApi,Google Flights,2026,9,37,12,5,Saturday,September,True,18,25000+,10.674081767229582,False,26690.222222222223,61.93196010190998,4,18,INR,2026-09-12 18:35:33.444896,6aa54e1c48c791a2cf68b23f,181,2026-09-12 18:35:33.476312
2da440e9df4eda64ba812c54c4125aba6e2772f5f124ba144a9d60b46f8bfae4,33,DEL,GOI,DEL-GOI,2026-09-12,2026-09-19,2026-09-12 18:35:33.479647,2026-09-12,0,0-3 days,IndiGo,Round trip,INR,46819.0,46819.0,,,1,395.0,,,,200.0,,,WyJDalJJWWpWMVQzWlNheTAyVGxsQlNqSmlZM2RDUnkwdExTMHRMUzB0TFMxNWJHNTBPRUZCUVVGQlIzRnNWR2cwUWxwM2ExZEJFZ3cyUlRNeU1udzJSVFl6TmpFYUN3amo3UUlRQUJvRFNVNVNPQnh3NWY0QyIsW1siREVMIiwiMjAyNi0wOS0xMiIsIkJPTSIsbnVsbCwiNkUiLCIzMjIiXSxbIkJPTSIsIjIwMjYtMDktMTMiLCJHT0kiLG51bGwsIjZFIiwiNjM2MSJdXV0=,SerpApi,Google Flights,2026,9,37,12,5,Saturday,September,True,18,25000+,10.754065741044903,True,26690.222222222223,75.4162989359399,4,18,INR,2026-09-12 18:35:33.444896,6aa54e1c48c791a2cf68b23f,182,2026-09-12 18:35:33.479647
d1f884f8aec69a9618d4794b1d73d08d95942b9e6a76da3113f2847d4943bf83,34,BOM,BLR,BOM-BLR,2026-09-12,2026-09-19,2026-09-12 18:35:37.619323,2026-09-12,0,0-3 days,IndiGo,Round trip,INR,16056.0,16056.0,,,0,115.0,,,,72.0,,,WyJDalJJZVRCdlVqbERjbTVXYmtGQlN6bGxXbmRDUnkwdExTMHRMUzB0TFc5NWNtRXlOa0ZCUVVGQlIzRnNWR2xuVEdWRFNtdEJFZ1kyUlRZeE9EZ2FDZ2k0ZlJBQUdnTkpUbEk0SEhDamd3RT0iLFtbIkJPTSIsIjIwMjYtMDktMTIiLCJCTFIiLG51bGwsIjZFIiwiNjE4OCJdXV0=,SerpApi,Google Flights,2026,9,37,12,5,Saturday,September,True,18,15001-25000,9.683900170549684,True,14019.636363636364,14.525081703584576,3,33,INR,2026-09-12 18:35:37.613873,6aa54e2849579a5b9e6d6fc5,183,2026-09-12 18:35:37.619323
b66fb5c21cc6b3f30288ab0ca8c593fd0e17f507157735f5424c111b8e28f2c0,34,BOM,BLR,BOM-BLR,2026-09-12,2026-09-19,2026-09-12 18:35:37.622704,2026-09-12,0,0-3 days,Akasa Air,Round trip,INR,16395.0,16395.0,,,0,120.0,,,,75.0,,,WyJDalJJZVRCdlVqbERjbTVXYmtGQlN6bGxXbmRDUnkwdExTMHRMUzB0TFc5NWNtRXlOa0ZCUVVGQlIzRnNWR2xuVEdWRFNtdEJFZ1pSVURFMU1UZ2FDd2lMZ0FFUUFCb0RTVTVTT0J4d2hvWUIiLFtbIkJPTSIsIjIwMjYtMDktMTIiLCJCTFIiLG51bGwsIlFQIiwiMTUxOCJdXV0=,SerpApi,Google Flights,2026,9,37,12,5,Saturday,September,True,18,15001-25000,9.704792681624228,True,14019.636363636364,16.94311874254293,3,33,INR,2026-09-12 18:35:37.613873,6aa54e2849579a5b9e6d6fc5,184,2026-09-12 18:35:37.622704
f81d2cbd6c4b9ecdcdf46a02865dc1a531cdbdca9774eb9db1c198f260fcdd29,34,BOM,BLR,BOM-BLR,2026-09-12,2026-09-19,2026-09-12 18:35:37.625716,2026-09-12,0,0-3 days,Air India,Round trip,INR,16483.0,16483.0,,,0,120.0,,,,84.0,,,WyJDalJJZVRCdlVqbERjbTVXYmtGQlN6bGxXbmRDUnkwdExTMHRMUzB0TFc5NWNtRXlOa0ZCUVVGQlIzRnNWR2xuVEdWRFNtdEJFZ1pCU1RJME1ERWFDd2pqZ0FFUUFCb0RTVTVTT0J4dzRvWUIiLFtbIkJPTSIsIjIwMjYtMDktMTIiLCJCTFIiLG51bGwsIkFJIiwiMjQwMSJdXV0=,SerpApi,Google Flights,2026,9,37,12,5,Saturday,September,True,18,15001-25000,9.710145492458707,True,14019.636363636364,17.570809773304962,3,33,INR,2026-09-12 18:35:37.613873,6aa54e2849579a5b9e6d6fc5,185,2026-09-12 18:35:37.625716
86fea63c2af522f40e497e1a6539d2bf72d4a78ce68a2bf832ca48e53f10b585,34,BOM,BLR,BOM-BLR,2026-09-12,2026-09-19,2026-09-12 18:35:37.628388,2026-09-12,0,0-3 days,IndiGo,Round trip,INR,16686.0,16686.0,,,0,120.0,,,,72.0,,,WyJDalJJZVRCdlVqbERjbTVXYmtGQlN6bGxXbmRDUnkwdExTMHRMUzB0TFc5NWNtRXlOa0ZCUVVGQlIzRnNWR2xuVEdWRFNtdEJFZ1kyUlRVek9EZ2FDd2l1Z2dFUUFCb0RTVTVTT0J4d3RvZ0IiLFtbIkJPTSIsIjIwMjYtMDktMTIiLCJCTFIiLG51bGwsIjZFIiwiNTM4OCJdXV0=,SerpApi,Google Flights,2026,9,37,12,5,Saturday,September,True,18,15001-25000,9.722385252146903,True,14019.636363636364,19.01877885563106,3,33,INR,2026-09-12 18:35:37.613873,6aa54e2849579a5b9e6d6fc5,186,2026-09-12 18:35:37.628388
8c44b5f021aab824830b6617ef7d71d213ab9998932797be67d066fa24b35f9c,34,BOM,BLR,BOM-BLR,2026-09-12,2026-09-19,2026-09-12 18:35:37.630848,2026-09-12,0,0-3 days,Akasa Air,Round trip,INR,17262.0,17262.0,,,0,125.0,,,,71.0,,,WyJDalJJZVRCdlVqbERjbTVXYmtGQlN6bGxXbmRDUnkwdExTMHRMUzB0TFc5NWNtRXlOa0ZCUVVGQlIzRnNWR2xuVEdWRFNtdEJFZ1pSVURFeE16TWFDd2p1aGdFUUFCb0RTVTVTT0J4d2tZMEIiLFtbIkJPTSIsIjIwMjYtMDktMTIiLCJCTFIiLG51bGwsIlFQIiwiMTEzMyJdXV0=,SerpApi,Google Flights,2026,9,37,12,5,Saturday,September,True,18,15001-25000,9.756320761816548,True,14019.636363636364,23.127301966073553,3,33,INR,2026-09-12 18:35:37.613873,6aa54e2849579a5b9e6d6fc5,187,2026-09-12 18:35:37.630848
0b0573ec9ce8ceaa3e84af5c4591750cb02c131393cbe1e4764125d3bdc3fe82,34,BOM,BLR,BOM-BLR,2026-09-12,2026-09-19,2026-09-12 18:35:37.634613,2026-09-12,0,0-3 days,Air India,Round trip,INR,34025.0,34025.0,,,0,125.0,,,,84.0,,,WyJDalJJZVRCdlVqbERjbTVXYmtGQlN6bGxXbmRDUnkwdExTMHRMUzB0TFc5NWNtRXlOa0ZCUVVGQlIzRnNWR2xuVEdWRFNtdEJFZ1pCU1RJNE5UY2FDd2pwaVFJUUFCb0RTVTVTT0J4d21KWUMiLFtbIkJPTSIsIjIwMjYtMDktMTIiLCJCTFIiLG51bGwsIkFJIiwiMjg1NyJdXV0=,SerpApi,Google Flights,2026,9,37,12,5,Saturday,September,True,18,25000+,10.434880217242084,True,14019.636363636364,142.69531047362142,3,33,INR,2026-09-12 18:35:37.613873,6aa54e2849579a5b9e6d6fc5,188,2026-09-12 18:35:37.634613
8767d951a3826b165b367d89de57a9518f0fcef762cc43ceb342515cecad731f,35,BOM,DEL,BOM-DEL,2026-09-12,2026-09-19,2026-09-12 18:35:41.722300,2026-09-12,0,0-3 days,IndiGo,Round trip,INR,13389.0,13389.0,,,1,360.0,,,,117.0,,,WyJDalJJUkdkWlREZFNjRVU0VTJOQlJtcEJhMEZDUnkwdExTMHRMUzB0TFhscFltZHdPRUZCUVVGQlIzRnNWR2t3VGxRMGIxVkJFZzAyUlRVeE1EZDhOa1UxTXpnMUdnb0l6V2dRQUJvRFNVNVNPQnh3dkcwPSIsW1siQk9NIiwiMjAyNi0wOS0xMiIsIkFNRCIsbnVsbCwiNkUiLCI1MTA3Il0sWyJBTUQiLCIyMDI2LTA5LTEzIiwiREVMIixudWxsLCI2RSIsIjUzODUiXV1d,SerpApi,Google Flights,2026,9,37,12,5,Saturday,September,True,18,10001-15000,9.502263438685219,False,15942.371428571429,-16.016258559848595,5,35,INR,2026-09-12 18:35:41.717972,6aa54e2cdd2e161f3182bbec,189,2026-09-12 18:35:41.722300
c8a63d6d9db177e3f6120a775d04abc453a681f54dc3f7472c2d91d846a0e3ab,35,BOM,DEL,BOM-DEL,2026-09-12,2026-09-19,2026-09-12 18:35:41.725837,2026-09-12,0,0-3 days,Air India,Round trip,INR,19233.0,19233.0,,,0,140.0,,,,106.0,,,WyJDalJJUkdkWlREZFNjRVU0VTJOQlJtcEJhMEZDUnkwdExTMHRMUzB0TFhscFltZHdPRUZCUVVGQlIzRnNWR2t3VGxRMGIxVkJFZ1pCU1RFNE9ESWFDd2lobGdFUUFCb0RTVTVTT0J4d29KMEIiLFtbIkJPTSIsIjIwMjYtMDktMTIiLCJERUwiLG51bGwsIkFJIiwiMTg4MiJdXV0=,SerpApi,Google Flights,2026,9,37,12,5,Saturday,September,True,18,15001-25000,9.864434825272427,False,15942.371428571429,20.640772209906032,5,35,INR,2026-09-12 18:35:41.717972,6aa54e2cdd2e161f3182bbec,191,2026-09-12 18:35:41.725837
a4d6a751271e8292087a1fe6e280c4e072ae3fb17b8b6588afc560860540c582,35,BOM,DEL,BOM-DEL,2026-09-12,2026-09-19,2026-09-12 18:35:41.727338,2026-09-12,0,0-3 days,Air India,Round trip,INR,19344.0,19344.0,,,0,140.0,,,,106.0,,,WyJDalJJUkdkWlREZFNjRVU0VTJOQlJtcEJhMEZDUnkwdExTMHRMUzB0TFhscFltZHdPRUZCUVVGQlIzRnNWR2t3VGxRMGIxVkJFZ1pCU1RJNU5EQWFDd2lRbHdFUUFCb0RTVTVTT0J4d2xKNEIiLFtbIkJPTSIsIjIwMjYtMDktMTIiLCJERUwiLG51bGwsIkFJIiwiMjk0MCJdXV0=,SerpApi,Google Flights,2026,9,37,12,5,Saturday,September,True,18,15001-25000,9.870189267134613,False,15942.371428571429,21.33702998120015,5,35,INR,2026-09-12 18:35:41.717972,6aa54e2cdd2e161f3182bbec,192,2026-09-12 18:35:41.727338
637af38085e5b13b012754f3c81440ad24f88e4d96541a012ee022197d1fc1ce,35,BOM,DEL,BOM-DEL,2026-09-12,2026-09-19,2026-09-12 18:35:41.729432,2026-09-12,0,0-3 days,Air India,Round trip,INR,19344.0,19344.0,,,0,135.0,,,,106.0,,,WyJDalJJUkdkWlREZFNjRVU0VTJOQlJtcEJhMEZDUnkwdExTMHRMUzB0TFhscFltZHdPRUZCUVVGQlIzRnNWR2t3VGxRMGIxVkJFZ1pCU1RFNE9UVWFDd2lRbHdFUUFCb0RTVTVTT0J4d2xKNEIiLFtbIkJPTSIsIjIwMjYtMDktMTIiLCJERUwiLG51bGwsIkFJIiwiMTg5NSJdXV0=,SerpApi,Google Flights,2026,9,37,12,5,Saturday,September,True,18,15001-25000,9.870189267134613,False,15942.371428571429,21.33702998120015,5,35,INR,2026-09-12 18:35:41.717972,6aa54e2cdd2e161f3182bbec,193,2026-09-12 18:35:41.729432
adfdfc253791159a9580a99aad10079b1f9e40ebf0f9f238dce3eb5793148912,35,BOM,DEL,BOM-DEL,2026-09-12,2026-09-19,2026-09-12 18:35:41.731180,2026-09-12,0,0-3 days,Air India,Round trip,INR,19501.0,19501.0,,,0,135.0,,,,119.0,,,WyJDalJJUkdkWlREZFNjRVU0VTJOQlJtcEJhMEZDUnkwdExTMHRMUzB0TFhscFltZHdPRUZCUVVGQlIzRnNWR2t3VGxRMGIxVkJFZ1ZCU1RneE5ob0xDSzJZQVJBQUdnTkpUbEk0SEhDNG53RT0iLFtbIkJPTSIsIjIwMjYtMDktMTIiLCJERUwiLG51bGwsIkFJIiwiODE2Il1dXQ==,SerpApi,Google Flights,2026,9,37,12,5,Saturday,September,True,18,15001-25000,9.878272303395065,False,15942.371428571429,22.321827009066574,5,35,INR,2026-09-12 18:35:41.717972,6aa54e2cdd2e161f3182bbec,194,2026-09-12 18:35:41.731180
d950045e077dee7715b3e19ab0d9e5dbf954eed41aed8cc482ccf6b46b7bb145,35,BOM,DEL,BOM-DEL,2026-09-12,2026-09-19,2026-09-12 18:35:41.733245,2026-09-12,0,0-3 days,Air India,Round trip,INR,22924.0,22924.0,,,0,140.0,,,,106.0,,,WyJDalJJUkdkWlREZFNjRVU0VTJOQlJtcEJhMEZDUnkwdExTMHRMUzB0TFhscFltZHdPRUZCUVVGQlIzRnNWR2t3VGxRMGIxVkJFZ1pCU1RJNU9EZ2FDd2lNc3dFUUFCb0RTVTVTT0J4d3Ryc0IiLFtbIkJPTSIsIjIwMjYtMDktMTIiLCJERUwiLG51bGwsIkFJIiwiMjk4OCJdXV0=,SerpApi,Google Flights,2026,9,37,12,5,Saturday,September,True,18,15001-25000,10.039983297124666,False,15942.371428571429,43.792911253568654,5,35,INR,2026-09-12 18:35:41.717972,6aa54e2cdd2e161f3182bbec,195,2026-09-12 18:35:41.733245
3c6ad5d5c8915d8d50940bac6f87de38bb37ef1f394cb98e0dd2cb80932df116,35,BOM,DEL,BOM-DEL,2026-09-12,2026-09-19,2026-09-12 18:35:41.734888,2026-09-12,0,0-3 days,Air India,Round trip,INR,23460.0,23460.0,,,0,135.0,,,,106.0,,,WyJDalJJUkdkWlREZFNjRVU0VTJOQlJtcEJhMEZDUnkwdExTMHRMUzB0TFhscFltZHdPRUZCUVVGQlIzRnNWR2t3VGxRMGIxVkJFZ1pCU1RJME1EZ2FDd2lrdHdFUUFCb0RTVTVTT0J4dzU3OEIiLFtbIkJPTSIsIjIwMjYtMDktMTIiLCJERUwiLG51bGwsIkFJIiwiMjQwOCJdXV0=,SerpApi,Google Flights,2026,9,37,12,5,Saturday,September,True,18,15001-25000,10.063094747044966,False,15942.371428571429,47.15502085188976,5,35,INR,2026-09-12 18:35:41.717972,6aa54e2cdd2e161f3182bbec,196,2026-09-12 18:35:41.734888
6d116f5d185f5c61dfe22ef85ebaad6b6e3e89842d62fa4ce2002c5b09d7be02,35,BOM,DEL,BOM-DEL,2026-09-12,2026-09-19,2026-09-12 18:35:41.737297,2026-09-12,0,0-3 days,IndiGo,Round trip,INR,23691.0,23691.0,,,1,265.0,,,,131.0,,,WyJDalJJUkdkWlREZFNjRVU0VTJOQlJtcEJhMEZDUnkwdExTMHRMUzB0TFhscFltZHdPRUZCUVVGQlIzRnNWR2t3VGxRMGIxVkJFZzAyUlRVeE5qUjhOa1UyT1RjeUdnc0lpN2tCRUFBYUEwbE9VamdjY05uQkFRPT0iLFtbIkJPTSIsIjIwMjYtMDktMTIiLCJJRFIiLG51bGwsIjZFIiwiNTE2NCJdLFsiSURSIiwiMjAyNi0wOS0xMiIsIkRFTCIsbnVsbCwiNkUiLCI2OTcyIl1dXQ==,SerpApi,Google Flights,2026,9,37,12,5,Saturday,September,True,18,15001-25000,10.072892717396856,False,15942.371428571429,48.603989727285594,5,35,INR,2026-09-12 18:35:41.717972,6aa54e2cdd2e161f3182bbec,197,2026-09-12 18:35:41.737297
4889bdb6ac69fae4e948a0899e8a3cd9b26ea66b40977c5c252ddbcc7e427f89,35,BOM,DEL,BOM-DEL,2026-09-12,2026-09-19,2026-09-12 18:35:41.739587,2026-09-12,0,0-3 days,IndiGo,Round trip,INR,30768.0,30768.0,,,0,145.0,,,,137.0,,,WyJDalJJUkdkWlREZFNjRVU0VTJOQlJtcEJhMEZDUnkwdExTMHRMUzB0TFhscFltZHdPRUZCUVVGQlIzRnNWR2t3VGxRMGIxVkJFZ1UyUlRNek1Cb0xDTER3QVJBQUdnTkpUbEk0SEhESCt3RT0iLFtbIkJPTSIsIjIwMjYtMDktMTIiLCJERUwiLG51bGwsIjZFIiwiMzMwIl1dXQ==,SerpApi,Google Flights,2026,9,37,12,5,Saturday,September,True,18,25000+,10.334262968600457,True,15942.371428571429,92.99512709168557,5,35,INR,2026-09-12 18:35:41.717972,6aa54e2cdd2e161f3182bbec,198,2026-09-12 18:35:41.739587
7f122b28707d8df3b9a7dd552066c5128c6fe443aa26691209ef29cba9950038,35,BOM,DEL,BOM-DEL,2026-09-12,2026-09-19,2026-09-12 18:35:41.745554,2026-09-12,0,0-3 days,IndiGo,Round trip,INR,30768.0,30768.0,,,0,135.0,,,,137.0,,,WyJDalJJUkdkWlREZFNjRVU0VTJOQlJtcEJhMEZDUnkwdExTMHRMUzB0TFhscFltZHdPRUZCUVVGQlIzRnNWR2t3VGxRMGIxVkJFZ1UyUlRNMU1Cb0xDTER3QVJBQUdnTkpUbEk0SEhESCt3RT0iLFtbIkJPTSIsIjIwMjYtMDktMTIiLCJERUwiLG51bGwsIjZFIiwiMzUwIl1dXQ==,SerpApi,Google Flights,2026,9,37,12,5,Saturday,September,True,18,25000+,10.334262968600457,True,15942.371428571429,92.99512709168557,5,35,INR,2026-09-12 18:35:41.717972,6aa54e2cdd2e161f3182bbec,201,2026-09-12 18:35:41.745554
b03b96d78f0c0196045da895126c7ad0ad1a6d04548d599b9d1237402480a256,36,BOM,HYD,BOM-HYD,2026-09-12,2026-09-19,2026-09-12 18:35:49.909433,2026-09-12,0,0-3 days,IndiGo,Round trip,INR,13978.0,13978.0,,,0,95.0,,,,59.0,,,WyJDalJJWm1SS1N6UTFOR0V4TUhkQlNVbDZiMmRDUnkwdExTMHRMUzB0TFhaMGJtTXlOVUZCUVVGQlIzRnNWR3BGUjJWU1ZHdEJFZ1kyUlRZeE9UVWFDZ2lhYlJBQUdnTkpUbEk0SEhDa2NnPT0iLFtbIkJPTSIsIjIwMjYtMDktMTIiLCJIWUQiLG51bGwsIjZFIiwiNjE5NSJdXV0=,SerpApi,Google Flights,2026,9,37,12,5,Saturday,September,True,18,10001-15000,9.545311482471128,False,14554.923076923076,-3.963765894701232,2,13,INR,2026-09-12 18:35:49.904377,6aa54e30a89e02ad541f8201,202,2026-09-12 18:35:49.909433
c1f515a2bc019c48a4f02fd04de424f98badfcfd1d06687a9e6ab4e0ee178292,36,BOM,HYD,BOM-HYD,2026-09-12,2026-09-19,2026-09-12 18:35:49.913105,2026-09-12,0,0-3 days,IndiGo,Round trip,INR,16498.0,16498.0,,,0,95.0,,,,59.0,,,WyJDalJJWm1SS1N6UTFOR0V4TUhkQlNVbDZiMmRDUnkwdExTMHRMUzB0TFhaMGJtTXlOVUZCUVVGQlIzRnNWR3BGUjJWU1ZHdEJFZ1kyUlRVd05UWWFDd2p5Z0FFUUFCb0RTVTVTT0J4dzhZWUIiLFtbIkJPTSIsIjIwMjYtMDktMTIiLCJIWUQiLG51bGwsIjZFIiwiNTA1NiJdXV0=,SerpApi,Google Flights,2026,9,37,12,5,Saturday,September,True,18,15001-25000,9.711055051991444,False,14554.923076923076,13.349963533353781,2,13,INR,2026-09-12 18:35:49.904377,6aa54e30a89e02ad541f8201,203,2026-09-12 18:35:49.913105
57dd00c22d9c5a605f43f7fd0c624dc7678272981a907d63ba380649748b2fe0,36,BOM,HYD,BOM-HYD,2026-09-12,2026-09-19,2026-09-12 18:35:49.915741,2026-09-12,0,0-3 days,Air India,Round trip,INR,17027.0,17027.0,,,0,100.0,,,,70.0,,,WyJDalJJWm1SS1N6UTFOR0V4TUhkQlNVbDZiMmRDUnkwdExTMHRMUzB0TFhaMGJtTXlOVUZCUVVGQlIzRnNWR3BGUjJWU1ZHdEJFZ1pCU1RJNE5qa2FDd2lEaFFFUUFCb0RTVTVTT0J4d200c0IiLFtbIkJPTSIsIjIwMjYtMDktMTIiLCJIWUQiLG51bGwsIkFJIiwiMjg2OSJdXV0=,SerpApi,Google Flights,2026,9,37,12,5,Saturday,September,True,18,15001-25000,9.742614326948043,True,14554.923076923076,16.984472607735167,2,13,INR,2026-09-12 18:35:49.904377,6aa54e30a89e02ad541f8201,204,2026-09-12 18:35:49.915741
08500b461086f3e16d6d3fbe0c25866ddea26e28d4c55f0c0a583c065919f172,36,BOM,HYD,BOM-HYD,2026-09-12,2026-09-19,2026-09-12 18:35:49.918311,2026-09-12,0,0-3 days,Air India,Round trip,INR,32489.0,32489.0,,,1,505.0,,,,221.0,,,WyJDalJJWm1SS1N6UTFOR0V4TUhkQlNVbDZiMmRDUnkwdExTMHRMUzB0TFhaMGJtTXlOVUZCUVVGQlIzRnNWR3BGUjJWU1ZHdEJFZzFCU1RFNE9ESjhRVWt4Tnprekdnc0k2ZjBCRUFBYUEwbE9VamdjY05DSkFnPT0iLFtbIkJPTSIsIjIwMjYtMDktMTIiLCJERUwiLG51bGwsIkFJIiwiMTg4MiJdLFsiREVMIiwiMjAyNi0wOS0xMyIsIkhZRCIsbnVsbCwiQUkiLCIxNzkzIl1dXQ==,SerpApi,Google Flights,2026,9,37,12,5,Saturday,September,True,18,25000+,10.388687628663146,True,14554.923076923076,123.2165695984441,2,13,INR,2026-09-12 18:35:49.904377,6aa54e30a89e02ad541f8201,205,2026-09-12 18:35:49.918311
5e2d91b6e839364ddf6391b281765c8d1855b1598c640de3389cd5e16f03bd5b,37,BOM,MAA,BOM-MAA,2026-09-12,2026-09-19,2026-09-12 18:35:59.336287,2026-09-12,0,0-3 days,Air India,Round trip,INR,16339.0,16339.0,,,0,130.0,,,,97.0,,,WyJDalJJVFRoeFkxQTJhVU4yZVd0QlNEQlVaM2RDUnkwdExTMHRMWFozYUdreE1DMXVNVUZCUVVGQlIzRnNWR3B2UVZOMWFrTkJFZ1ZCU1RZek9Sb0tDTk4vRUFBYUEwbE9VamdjY011RkFRPT0iLFtbIkJPTSIsIjIwMjYtMDktMTIiLCJNQUEiLG51bGwsIkFJIiwiNjM5Il1dXQ==,SerpApi,Google Flights,2026,9,37,12,5,Saturday,September,True,18,15001-25000,9.701371368413994,False,15756.285714285714,3.6982972781837598,4,14,INR,2026-09-12 18:35:59.331699,6aa54e386539a29d5d6fa001,206,2026-09-12 18:35:59.336287
0b0ab3f04adb399bcd2fcaffd4b239ad7229fb168b7ee81108c922628f002fb5,37,BOM,MAA,BOM-MAA,2026-09-12,2026-09-19,2026-09-12 18:35:59.338579,2026-09-12,0,0-3 days,Air India,Round trip,INR,17447.0,17447.0,,,0,125.0,,,,97.0,,,WyJDalJJVFRoeFkxQTJhVU4yZVd0QlNEQlVaM2RDUnkwdExTMHRMWFozYUdreE1DMXVNVUZCUVVGQlIzRnNWR3B2UVZOMWFrTkJFZ1pCU1RJNE1qY2FDd2luaUFFUUFCb0RTVTVTT0J4dzBvNEIiLFtbIkJPTSIsIjIwMjYtMDktMTIiLCJNQUEiLG51bGwsIkFJIiwiMjgyNyJdXV0=,SerpApi,Google Flights,2026,9,37,12,5,Saturday,September,True,18,15001-25000,9.766980307881465,False,15756.285714285714,10.730411445772203,4,14,INR,2026-09-12 18:35:59.331699,6aa54e386539a29d5d6fa001,207,2026-09-12 18:35:59.338579
a63f8ad6cb313a4c3fc24b1c61fe097b6e560373b27d48cb8767d472e8962c1c,38,BOM,CCU,BOM-CCU,2026-09-12,2026-09-19,2026-09-12 18:36:08.141401,2026-09-12,0,0-3 days,Air India,Round trip,INR,24559.0,24559.0,,,0,185.0,,,,139.0,,,WyJDalJJUlRJeFdreEhTVnA0TkVWQlJuSmxTbEZDUnkwdExTMHRMUzB0TFhCbWEyMHhNVUZCUVVGQlIzRnNWR3RuUWpVM1EybEJFZ1pCU1RJMk5ETWFDd2p2dndFUUFCb0RTVTVTT0J4dzVjZ0IiLFtbIkJPTSIsIjIwMjYtMDktMTIiLCJDQ1UiLG51bGwsIkFJIiwiMjY0MyJdXV0=,SerpApi,Google Flights,2026,9,37,12,5,Saturday,September,True,18,15001-25000,10.108874382261078,True,18431.2,33.246885715525835,3,15,INR,2026-09-12 18:36:08.135992,6aa54e42badf0b272fcc9ba8,208,2026-09-12 18:36:08.141401
6fca808593d8819459ef109d39ea8178ad5242d9a8d6a14142090bffec5581c3,39,BOM,AMD,BOM-AMD,2026-09-12,2026-09-19,2026-09-12 18:36:31.120379,2026-09-12,0,0-3 days,IndiGo,Round trip,INR,9957.0,9957.0,,,0,85.0,,,,47.0,,,WyJDalJJTkZwb0xXdGFkSEZsUWxGQlFVOWpXR2RDUnkwdExTMHRMUzB0TFc5NVozQXlOVUZCUVVGQlIzRnNWR3cwVFhsMVNXVkJFZ1kyUlRVeE5USWFDZ2psVFJBQUdnTkpUbEk0SEhDMFVRPT0iLFtbIkJPTSIsIjIwMjYtMDktMTIiLCJBTUQiLG51bGwsIjZFIiwiNTE1MiJdXV0=,SerpApi,Google Flights,2026,9,37,12,5,Saturday,September,True,18,7501-10000,9.206131527202128,False,9233.2,7.839102369709305,3,20,INR,2026-09-12 18:36:31.114418,6aa54e5c71b49226f2a6a88d,210,2026-09-12 18:36:31.120379
2a7c6f5aa39a5a1efd8af3d88e50593be2f8183eddf41a109174b32ff6018825,39,BOM,AMD,BOM-AMD,2026-09-12,2026-09-19,2026-09-12 18:36:31.123948,2026-09-12,0,0-3 days,Air India,Round trip,INR,10520.0,10520.0,,,0,80.0,,,,58.0,,,WyJDalJJTkZwb0xXdGFkSEZsUWxGQlFVOWpXR2RDUnkwdExTMHRMUzB0TFc5NVozQXlOVUZCUVVGQlIzRnNWR3cwVFhsMVNXVkJFZ1pCU1RJNU1Ua2FDZ2lZVWhBQUdnTkpUbEk0SEhDQlZnPT0iLFtbIkJPTSIsIjIwMjYtMDktMTIiLCJBTUQiLG51bGwsIkFJIiwiMjkxOSJdXV0=,SerpApi,Google Flights,2026,9,37,12,5,Saturday,September,True,18,10001-15000,9.261128538808288,False,9233.2,13.936663345319067,3,20,INR,2026-09-12 18:36:31.114418,6aa54e5c71b49226f2a6a88d,211,2026-09-12 18:36:31.123948
4aab13fb87914fa068dd7e8a2e320a746ac9b18069cb5b820be99807e3f4c12b,39,BOM,AMD,BOM-AMD,2026-09-12,2026-09-19,2026-09-12 18:36:31.126460,2026-09-12,0,0-3 days,IndiGo,Round trip,INR,10531.0,10531.0,,,0,95.0,,,,51.0,,,WyJDalJJTkZwb0xXdGFkSEZsUWxGQlFVOWpXR2RDUnkwdExTMHRMUzB0TFc5NVozQXlOVUZCUVVGQlIzRnNWR3cwVFhsMVNXVkJFZ1kyUlRVeU9ETWFDZ2lqVWhBQUdnTkpUbEk0SEhDTlZnPT0iLFtbIkJPTSIsIjIwMjYtMDktMTIiLCJBTUQiLG51bGwsIjZFIiwiNTI4MyJdXV0=,SerpApi,Google Flights,2026,9,37,12,5,Saturday,September,True,18,10001-15000,9.2621735206162,False,9233.2,14.055798639691531,3,20,INR,2026-09-12 18:36:31.114418,6aa54e5c71b49226f2a6a88d,212,2026-09-12 18:36:31.126460
fcaa8df37983bfd7a71de577517374ca9dd1595464e128a45dbbb2779d0991ad,39,BOM,AMD,BOM-AMD,2026-09-12,2026-09-19,2026-09-12 18:36:31.129433,2026-09-12,0,0-3 days,Akasa Air,Round trip,INR,11146.0,11146.0,,,0,90.0,,,,50.0,,,WyJDalJJTkZwb0xXdGFkSEZsUWxGQlFVOWpXR2RDUnkwdExTMHRMUzB0TFc5NVozQXlOVUZCUVVGQlIzRnNWR3cwVFhsMVNXVkJFZ1pSVURFeE9UVWFDZ2lLVnhBQUdnTkpUbEk0SEhDUVd3PT0iLFtbIkJPTSIsIjIwMjYtMDktMTIiLCJBTUQiLG51bGwsIlFQIiwiMTE5NSJdXV0=,SerpApi,Google Flights,2026,9,37,12,5,Saturday,September,True,18,10001-15000,9.318925682389624,False,9233.2,20.716544643243928,3,20,INR,2026-09-12 18:36:31.114418,6aa54e5c71b49226f2a6a88d,213,2026-09-12 18:36:31.129433
27dfa91669a1debd8852729a3e04d9be282fcfb8cc12c18f15fbebfeee353f41,39,BOM,AMD,BOM-AMD,2026-09-12,2026-09-19,2026-09-12 18:36:31.132272,2026-09-12,0,0-3 days,IndiGo,Round trip,INR,12001.0,12001.0,,,0,80.0,,,,51.0,,,WyJDalJJTkZwb0xXdGFkSEZsUWxGQlFVOWpXR2RDUnkwdExTMHRMUzB0TFc5NVozQXlOVUZCUVVGQlIzRnNWR3cwVFhsMVNXVkJFZ1kyUlRVeE1EY2FDZ2poWFJBQUdnTkpUbEk0SEhDUFlnPT0iLFtbIkJPTSIsIjIwMjYtMDktMTIiLCJBTUQiLG51bGwsIjZFIiwiNTEwNyJdXV0=,SerpApi,Google Flights,2026,9,37,12,5,Saturday,September,True,18,10001-15000,9.392828581549459,True,9233.2,29.976606160377763,3,20,INR,2026-09-12 18:36:31.114418,6aa54e5c71b49226f2a6a88d,214,2026-09-12 18:36:31.132272
df828c7ca92bea07525235c1e590975f783c5f96f7dda314dc44bcbd97728f51,40,BOM,COK,BOM-COK,2026-09-12,2026-09-19,2026-09-12 18:36:41.134365,2026-09-12,0,0-3 days,Air India Express,Round trip,INR,21309.0,21309.0,,,0,120.0,,,,111.0,,,WyJDalJJZUdKNFFVRkNNRWR5TldkQlJrdEtjbEZDUnkwdExTMHRMUzB0TFMxd2FuTnZOVUZCUVVGQlIzRnNWRzFKVEd4Q2RVZEJFZ1pKV0RFNE1ERWFDd2k5cGdFUUFCb0RTVTVTT0J4d25LNEIiLFtbIkJPTSIsIjIwMjYtMDktMTIiLCJDT0siLG51bGwsIklYIiwiMTgwMSJdXV0=,SerpApi,Google Flights,2026,9,37,12,5,Saturday,September,True,18,15001-25000,9.966931725092662,False,24775.4,-13.991297819611393,5,15,INR,2026-09-12 18:36:41.131076,6aa54e618c60cacdb5fccf13,215,2026-09-12 18:36:41.134365
7fa7d27d0378f3865aa009585e4d10a894631ade19adb3b242e7ceb98156c1dd,40,BOM,COK,BOM-COK,2026-09-12,2026-09-19,2026-09-12 18:36:41.138259,2026-09-12,0,0-3 days,IndiGo,Round trip,INR,21604.0,21604.0,,,0,115.0,,,,81.0,,,WyJDalJJZUdKNFFVRkNNRWR5TldkQlJrdEtjbEZDUnkwdExTMHRMUzB0TFMxd2FuTnZOVUZCUVVGQlIzRnNWRzFKVEd4Q2RVZEJFZ1kyUlRJd09UTWFDd2prcUFFUUFCb0RTVTVTT0J4dzBiQUIiLFtbIkJPTSIsIjIwMjYtMDktMTIiLCJDT0siLG51bGwsIjZFIiwiMjA5MyJdXV0=,SerpApi,Google Flights,2026,9,37,12,5,Saturday,September,True,18,15001-25000,9.980680048366034,False,24775.4,-12.800600595752243,5,15,INR,2026-09-12 18:36:41.131076,6aa54e618c60cacdb5fccf13,216,2026-09-12 18:36:41.138259
a92b9b0f61f947227b86264461020e97d7f7a50824aec58b3552157dc3444403,40,BOM,COK,BOM-COK,2026-09-12,2026-09-19,2026-09-12 18:36:41.140929,2026-09-12,0,0-3 days,Air India,Round trip,INR,46344.0,46344.0,,,1,925.0,,,,271.0,,,WyJDalJJZUdKNFFVRkNNRWR5TldkQlJrdEtjbEZDUnkwdExTMHRMUzB0TFMxd2FuTnZOVUZCUVVGQlIzRnNWRzFKVEd4Q2RVZEJFZzFCU1RFNE9ESjhRVWt5TkRVNEdnc0lpT29DRUFBYUEwbE9VamdjY1BUNkFnPT0iLFtbIkJPTSIsIjIwMjYtMDktMTIiLCJERUwiLG51bGwsIkFJIiwiMTg4MiJdLFsiREVMIiwiMjAyNi0wOS0xMyIsIkNPSyIsbnVsbCwiQUkiLCIyNDU4Il1dXQ==,SerpApi,Google Flights,2026,9,37,12,5,Saturday,September,True,18,25000+,10.743868690309933,True,24775.4,87.05651573738464,5,15,INR,2026-09-12 18:36:41.131076,6aa54e618c60cacdb5fccf13,217,2026-09-12 18:36:41.140929
172a2c3c2c2258b8b02ec4d181534878ab6c678d98a1028e5c4a4cd5edcb7bce,40,BOM,COK,BOM-COK,2026-09-12,2026-09-19,2026-09-12 18:36:41.144696,2026-09-12,0,0-3 days,"Air India, Air India Express",Round trip,INR,47396.0,47396.0,,,1,1355.0,,,,290.0,,,WyJDalJJZUdKNFFVRkNNRWR5TldkQlJrdEtjbEZDUnkwdExTMHRMUzB0TFMxd2FuTnZOVUZCUVVGQlIzRnNWRzFKVEd4Q2RVZEJFZzFCU1RFNE9ESjhTVmd4T0RFMUdnc0lwUElDRUFBYUEwbE9VamdjY01DREF3PT0iLFtbIkJPTSIsIjIwMjYtMDktMTIiLCJERUwiLG51bGwsIkFJIiwiMTg4MiJdLFsiREVMIiwiMjAyNi0wOS0xMyIsIkNPSyIsbnVsbCwiSVgiLCIxODE1Il1dXQ==,SerpApi,Google Flights,2026,9,37,12,5,Saturday,September,True,18,25000+,10.766314214540959,True,24775.4,91.30266312551967,5,15,INR,2026-09-12 18:36:41.131076,6aa54e618c60cacdb5fccf13,218,2026-09-12 18:36:41.144696
d91bf70a2d1a04b22ca18c10762f41468773d5dc7d448935d747ea935ceebcf5,40,BOM,COK,BOM-COK,2026-09-12,2026-09-19,2026-09-12 18:36:41.147377,2026-09-12,0,0-3 days,"Air India, Air India Express",Round trip,INR,49211.0,49211.0,,,1,870.0,,,,290.0,,,WyJDalJJZUdKNFFVRkNNRWR5TldkQlJrdEtjbEZDUnkwdExTMHRMUzB0TFMxd2FuTnZOVUZCUVVGQlIzRnNWRzFKVEd4Q2RVZEJFZzFCU1RFNE9ESjhTVmd4T0RFeUdnc0l1NEFERUFBYUEwbE9VamdjY0t5U0F3PT0iLFtbIkJPTSIsIjIwMjYtMDktMTIiLCJERUwiLG51bGwsIkFJIiwiMTg4MiJdLFsiREVMIiwiMjAyNi0wOS0xMyIsIkNPSyIsbnVsbCwiSVgiLCIxODEyIl1dXQ==,SerpApi,Google Flights,2026,9,37,12,5,Saturday,September,True,18,25000+,10.80389277518006,True,24775.4,98.62847824858527,5,15,INR,2026-09-12 18:36:41.131076,6aa54e618c60cacdb5fccf13,219,2026-09-12 18:36:41.147377
47e5f2b3259a178733276659c594d50c2e7934c10f64126d8cc907899a3f8685,41,BOM,GOI,BOM-GOI,2026-09-12,2026-09-19,2026-09-12 18:36:51.088726,2026-09-12,0,0-3 days,IndiGo,Round trip,INR,21863.0,21863.0,,,0,80.0,,,,49.0,,,WyJDalJJTmtOWlUyMVplbEZmU1dOQlIwVmtOV2RDUnkwdExTMHRMUzB0TFhaMGVHVXlOMEZCUVVGQlIzRnNWRzVKUTFGQ1pDMUJFZ1kyUlRVeE1EWWFDd2pucWdFUUFCb0RTVTVTT0J4dzRMSUIiLFtbIkJPTSIsIjIwMjYtMDktMTIiLCJHT0kiLG51bGwsIjZFIiwiNTEwNiJdXV0=,SerpApi,Google Flights,2026,9,37,12,5,Saturday,September,True,18,15001-25000,9.992596727607904,False,19694.75,11.009279122608806,4,16,INR,2026-09-12 18:36:51.083842,6aa54e6bad9ecfcc5095a5d6,220,2026-09-12 18:36:51.088726
411665c6b889a63c626c83f1d0c5ed217f6b40943705c9b9e25e952562d2013a,41,BOM,GOI,BOM-GOI,2026-09-12,2026-09-19,2026-09-12 18:36:51.091194,2026-09-12,0,0-3 days,"Air India, Air India Express",Round trip,INR,28953.0,28953.0,,,1,450.0,,,,252.0,,,WyJDalJJTmtOWlUyMVplbEZmU1dOQlIwVmtOV2RDUnkwdExTMHRMUzB0TFhaMGVHVXlOMEZCUVVGQlIzRnNWRzVKUTFGQ1pDMUJFZzFCU1RFNE9ESjhTVmd4TVRBNEdnc0ltZUlCRUFBYUEwbE9VamdjY056c0FRPT0iLFtbIkJPTSIsIjIwMjYtMDktMTIiLCJERUwiLG51bGwsIkFJIiwiMTg4MiJdLFsiREVMIiwiMjAyNi0wOS0xMyIsIkdPSSIsbnVsbCwiSVgiLCIxMTA4Il1dXQ==,SerpApi,Google Flights,2026,9,37,12,5,Saturday,September,True,18,25000+,10.273463642713988,False,19694.75,47.00872059812895,4,16,INR,2026-09-12 18:36:51.083842,6aa54e6bad9ecfcc5095a5d6,221,2026-09-12 18:36:51.091194
938b1c31f3a197435077636799da88362c80018811601f31bdbbc80e342e3c07,41,BOM,GOI,BOM-GOI,2026-09-12,2026-09-19,2026-09-12 18:36:51.094243,2026-09-12,0,0-3 days,Air India,Round trip,INR,30262.0,30262.0,,,1,1115.0,,,,236.0,,,WyJDalJJTmtOWlUyMVplbEZmU1dOQlIwVmtOV2RDUnkwdExTMHRMUzB0TFhaMGVHVXlOMEZCUVVGQlIzRnNWRzVKUTFGQ1pDMUJFZ3hCU1RFNE9ESjhRVWswT0RjYUN3aTI3QUVRQUJvRFNVNVNPQnh3dHZjQiIsW1siQk9NIiwiMjAyNi0wOS0xMiIsIkRFTCIsbnVsbCwiQUkiLCIxODgyIl0sWyJERUwiLCIyMDI2LTA5LTEzIiwiR09JIixudWxsLCJBSSIsIjQ4NyJdXV0=,SerpApi,Google Flights,2026,9,37,12,5,Saturday,September,True,18,25000+,10.317681123208132,False,19694.75,53.65516190863047,4,16,INR,2026-09-12 18:36:51.083842,6aa54e6bad9ecfcc5095a5d6,222,2026-09-12 18:36:51.094243
0833dd5a68fc2dc92555e83abf751d4d9d99493cc3709e32339daf9621403987,41,BOM,GOI,BOM-GOI,2026-09-12,2026-09-19,2026-09-12 18:36:51.097403,2026-09-12,0,0-3 days,Air India,Round trip,INR,36407.0,36407.0,,,1,815.0,,,,236.0,,,WyJDalJJTmtOWlUyMVplbEZmU1dOQlIwVmtOV2RDUnkwdExTMHRMUzB0TFhaMGVHVXlOMEZCUVVGQlIzRnNWRzVKUTFGQ1pDMUJFZzFCU1RFNE9ESjhRVWt5TmpJM0dnc0l0NXdDRUFBYUEwbE9VamdjY05TcEFnPT0iLFtbIkJPTSIsIjIwMjYtMDktMTIiLCJERUwiLG51bGwsIkFJIiwiMTg4MiJdLFsiREVMIiwiMjAyNi0wOS0xMyIsIkdPSSIsbnVsbCwiQUkiLCIyNjI3Il1dXQ==,SerpApi,Google Flights,2026,9,37,12,5,Saturday,September,True,18,25000+,10.502543809696478,False,19694.75,84.85637035250511,4,16,INR,2026-09-12 18:36:51.083842,6aa54e6bad9ecfcc5095a5d6,223,2026-09-12 18:36:51.097403
26483a666f0e00ccd8f775f9649e3d111576359bc680dc91b88218e2d7027ede,42,HYD,BLR,HYD-BLR,2026-09-12,2026-09-19,2026-09-12 18:36:55.042437,2026-09-12,0,0-3 days,Air India Express,Round trip,INR,14529.0,14529.0,,,0,85.0,,,,58.0,,,WyJDalJJT0VoSlYyUXRTVjlPUzFsQlMySkdaWGRDUnkwdExTMHRMUzB0TFhsc2JIRXhPVUZCUVVGQlIzRnNWRzVqU0hNMlRrTkJFZ1pKV0RJNU9ETWFDZ2pCY1JBQUdnTkpUbEk0SEhEbGRnPT0iLFtbIkhZRCIsIjIwMjYtMDktMTIiLCJCTFIiLG51bGwsIklYIiwiMjk4MyJdXV0=,SerpApi,Google Flights,2026,9,37,12,5,Saturday,September,True,18,10001-15000,9.583970756564328,False,11532.9375,25.978312116925984,3,16,INR,2026-09-12 18:36:55.036778,6aa54e76484c09b0c60b81e1,224,2026-09-12 18:36:55.042437
787a1e45576c90c87827f8cb7cc89c6c8555ae7d186d07cd032acb1aa5e4bfaa,42,HYD,BLR,HYD-BLR,2026-09-12,2026-09-19,2026-09-12 18:36:55.045831,2026-09-12,0,0-3 days,Air India Express,Round trip,INR,14529.0,14529.0,,,0,80.0,,,,58.0,,,WyJDalJJT0VoSlYyUXRTVjlPUzFsQlMySkdaWGRDUnkwdExTMHRMUzB0TFhsc2JIRXhPVUZCUVVGQlIzRnNWRzVqU0hNMlRrTkJFZ1pKV0RFek56Z2FDZ2pCY1JBQUdnTkpUbEk0SEhEbGRnPT0iLFtbIkhZRCIsIjIwMjYtMDktMTIiLCJCTFIiLG51bGwsIklYIiwiMTM3OCJdXV0=,SerpApi,Google Flights,2026,9,37,12,5,Saturday,September,True,18,10001-15000,9.583970756564328,False,11532.9375,25.978312116925984,3,16,INR,2026-09-12 18:36:55.036778,6aa54e76484c09b0c60b81e1,225,2026-09-12 18:36:55.045831
8f7b157b04455cabc0270b5a089089b51b3040dae6e20733a9ceb65f0fef73cc,42,HYD,BLR,HYD-BLR,2026-09-12,2026-09-19,2026-09-12 18:36:55.048844,2026-09-12,0,0-3 days,IndiGo,Round trip,INR,15018.0,15018.0,,,0,80.0,,,,53.0,,,WyJDalJJT0VoSlYyUXRTVjlPUzFsQlMySkdaWGRDUnkwdExTMHRMUzB0TFhsc2JIRXhPVUZCUVVGQlIzRnNWRzVqU0hNMlRrTkJFZ1UyUlRJNE5Sb0tDS3AxRUFBYUEwbE9VamdjY09WNiIsW1siSFlEIiwiMjAyNi0wOS0xMiIsIkJMUiIsbnVsbCwiNkUiLCIyODUiXV1d,SerpApi,Google Flights,2026,9,37,12,5,Saturday,September,True,18,15001-25000,9.61707134520558,False,11532.9375,30.21834203124747,3,16,INR,2026-09-12 18:36:55.036778,6aa54e76484c09b0c60b81e1,226,2026-09-12 18:36:55.048844
11827dc4cf4bce83bc90bad1cfc02d92bfd379d178844d4e4f7c89f26e47b6df,42,HYD,BLR,HYD-BLR,2026-09-12,2026-09-19,2026-09-12 18:36:55.052303,2026-09-12,0,0-3 days,IndiGo,Round trip,INR,16853.0,16853.0,,,0,80.0,,,,48.0,,,WyJDalJJT0VoSlYyUXRTVjlPUzFsQlMySkdaWGRDUnkwdExTMHRMUzB0TFhsc2JIRXhPVUZCUVVGQlIzRnNWRzVqU0hNMlRrTkJFZ1kyUlRZMU1EVWFDd2pWZ3dFUUFCb0RTVTVTT0J4dzVZa0IiLFtbIkhZRCIsIjIwMjYtMDktMTIiLCJCTFIiLG51bGwsIjZFIiwiNjUwNSJdXV0=,SerpApi,Google Flights,2026,9,37,12,5,Saturday,September,True,18,15001-25000,9.7323432963323,False,11532.9375,46.129292732228876,3,16,INR,2026-09-12 18:36:55.036778,6aa54e76484c09b0c60b81e1,227,2026-09-12 18:36:55.052303
21415a01c321dbce0c25a0786177f0c6044a7788f9b8804e62b53c52d4e79643,43,HYD,DEL,HYD-DEL,2026-09-12,2026-09-19,2026-09-12 18:36:58.136988,2026-09-12,0,0-3 days,IndiGo,Round trip,INR,17428.0,17428.0,,,0,135.0,,,,98.0,,,WyJDalJJVldaVVRWVmpkVmRpYjI5QlMwUnlOM2RDUnkwdExTMHRMUzB0TFMxdmVYSnBPVUZCUVVGQlIzRnNWRzV2U0dkM1ptMUJFZ1kyUlRZd01qVWFDd2lVaUFFUUFCb0RTVTVTT0J4d3Y0NEIiLFtbIkhZRCIsIjIwMjYtMDktMTIiLCJERUwiLG51bGwsIjZFIiwiNjAyNSJdXV0=,SerpApi,Google Flights,2026,9,37,12,5,Saturday,September,True,18,15001-25000,9.765890764521682,False,17585.24,-0.8941589651321302,3,25,INR,2026-09-12 18:36:58.131598,6aa54e79217ade809a5aff7b,228,2026-09-12 18:36:58.136988
e44bb9e6323fd01f5cd8625264cac006036d9221b3c7aa63a79ff1774af1b0c5,43,HYD,DEL,HYD-DEL,2026-09-12,2026-09-19,2026-09-12 18:36:58.140252,2026-09-12,0,0-3 days,Air India,Round trip,INR,17910.0,17910.0,,,0,150.0,,,,113.0,,,WyJDalJJVldaVVRWVmpkVmRpYjI5QlMwUnlOM2RDUnkwdExTMHRMUzB0TFMxdmVYSnBPVUZCUVVGQlIzRnNWRzV2U0dkM1ptMUJFZ1pCU1RJM056WWFDd2oyaXdFUUFCb0RTVTVTT0J4d3Q1SUIiLFtbIkhZRCIsIjIwMjYtMDktMTIiLCJERUwiLG51bGwsIkFJIiwiMjc3NiJdXV0=,SerpApi,Google Flights,2026,9,37,12,5,Saturday,September,True,18,15001-25000,9.793170328225258,False,17585.24,1.846776046275167,3,25,INR,2026-09-12 18:36:58.131598,6aa54e79217ade809a5aff7b,229,2026-09-12 18:36:58.140252
bc7ac3a8e431d9fa822a049709fe7fa77cba822a9f2f9bc150e48705cdbbf108,43,HYD,DEL,HYD-DEL,2026-09-12,2026-09-19,2026-09-12 18:36:58.142858,2026-09-12,0,0-3 days,Air India,Round trip,INR,18461.0,18461.0,,,0,150.0,,,,113.0,,,WyJDalJJVldaVVRWVmpkVmRpYjI5QlMwUnlOM2RDUnkwdExTMHRMUzB0TFMxdmVYSnBPVUZCUVVGQlIzRnNWRzV2U0dkM1ptMUJFZ1pCU1RFNE9EQWFDd2lka0FFUUFCb0RTVTVTT0J4dytKWUIiLFtbIkhZRCIsIjIwMjYtMDktMTIiLCJERUwiLG51bGwsIkFJIiwiMTg4MCJdXV0=,SerpApi,Google Flights,2026,9,37,12,5,Saturday,September,True,18,15001-25000,9.823469844550097,False,17585.24,4.980085571763593,3,25,INR,2026-09-12 18:36:58.131598,6aa54e79217ade809a5aff7b,230,2026-09-12 18:36:58.142858
d7ed389cc6a542d7fc968b3cea83ceb59cf530eb57ee38df42b16f15ea36b061,43,HYD,DEL,HYD-DEL,2026-09-12,2026-09-19,2026-09-12 18:36:58.145486,2026-09-12,0,0-3 days,IndiGo,Round trip,INR,19056.0,19056.0,,,0,145.0,,,,98.0,,,WyJDalJJVldaVVRWVmpkVmRpYjI5QlMwUnlOM2RDUnkwdExTMHRMUzB0TFMxdmVYSnBPVUZCUVVGQlIzRnNWRzV2U0dkM1ptMUJFZ1UyUlRnNU1Cb0xDUENVQVJBQUdnTkpUbEk0SEhEbW13RT0iLFtbIkhZRCIsIjIwMjYtMDktMTIiLCJERUwiLG51bGwsIjZFIiwiODkwIl1dXQ==,SerpApi,Google Flights,2026,9,37,12,5,Saturday,September,True,18,15001-25000,9.855189767128376,False,17585.24,8.363604932318225,3,25,INR,2026-09-12 18:36:58.131598,6aa54e79217ade809a5aff7b,231,2026-09-12 18:36:58.145486
3cdb3d45f698e3c6168779180590db3b0b5062fa55ba1d47654afe99cb4a5994,43,HYD,DEL,HYD-DEL,2026-09-12,2026-09-19,2026-09-12 18:36:58.148201,2026-09-12,0,0-3 days,Air India,Round trip,INR,19102.0,19102.0,,,0,145.0,,,,113.0,,,WyJDalJJVldaVVRWVmpkVmRpYjI5QlMwUnlOM2RDUnkwdExTMHRMUzB0TFMxdmVYSnBPVUZCUVVGQlIzRnNWRzV2U0dkM1ptMUJFZ1pCU1RJNE56QWFDd2llbFFFUUFCb0RTVTVTT0J4d2xwd0IiLFtbIkhZRCIsIjIwMjYtMDktMTIiLCJERUwiLG51bGwsIkFJIiwiMjg3MCJdXV0=,SerpApi,Google Flights,2026,9,37,12,5,Saturday,September,True,18,15001-25000,9.857600669763652,False,17585.24,8.625187941705658,3,25,INR,2026-09-12 18:36:58.131598,6aa54e79217ade809a5aff7b,232,2026-09-12 18:36:58.148201
b5ac8b4f43bc1c20744dda78f163e5728ed0a5ac128a43d003e6552806ef331b,43,HYD,DEL,HYD-DEL,2026-09-12,2026-09-19,2026-09-12 18:36:58.150700,2026-09-12,0,0-3 days,Air India,Round trip,INR,19889.0,19889.0,,,0,145.0,,,,111.0,,,WyJDalJJVldaVVRWVmpkVmRpYjI5QlMwUnlOM2RDUnkwdExTMHRMUzB0TFMxdmVYSnBPVUZCUVVGQlIzRnNWRzV2U0dkM1ptMUJFZ1pCU1RJMU1qQWFDd2l4bXdFUUFCb0RTVTVTT0J4d3pxSUIiLFtbIkhZRCIsIjIwMjYtMDktMTIiLCJERUwiLG51bGwsIkFJIiwiMjUyMCJdXV0=,SerpApi,Google Flights,2026,9,37,12,5,Saturday,September,True,18,15001-25000,9.897972371848018,True,17585.24,13.100532037094737,3,25,INR,2026-09-12 18:36:58.131598,6aa54e79217ade809a5aff7b,233,2026-09-12 18:36:58.150700
06cfa0a94ff7db469f8fa28cd70c9b5194fd6c2e1f15bee6258987e909e47f14,44,HYD,BOM,HYD-BOM,2026-09-12,2026-09-19,2026-09-12 18:37:06.505895,2026-09-12,0,0-3 days,IndiGo,Round trip,INR,14299.0,14299.0,,,1,340.0,,,,128.0,,,WyJDalJJWW1GelkwcEVYMTlPVDBWQlIyUnhPSGRDUnkwdExTMHRMUzB0TFMxMmRHNW1Oa0ZCUVVGQlIzRnNWRzQwUlVzemNIRkJFZ3cyUlRJeE5udzJSVFl5TURVYUNnamJieEFBR2dOSlRsSTRISEQwZEE9PSIsW1siSFlEIiwiMjAyNi0wOS0xMiIsIkFNRCIsbnVsbCwiNkUiLCIyMTYiXSxbIkFNRCIsIjIwMjYtMDktMTMiLCJCT00iLG51bGwsIjZFIiwiNjIwNSJdXV0=,SerpApi,Google Flights,2026,9,37,12,5,Saturday,September,True,18,10001-15000,9.568014816247999,False,15599.3125,-8.335703897207003,2,16,INR,2026-09-12 18:37:06.500685,6aa54e7c13f4b6fe0a1b8505,234,2026-09-12 18:37:06.505895
3b5da664dec219ce104bf30db5d4f81e5604800776411c3d6d440c3161c1f077,44,HYD,BOM,HYD-BOM,2026-09-12,2026-09-19,2026-09-12 18:37:06.509564,2026-09-12,0,0-3 days,IndiGo,Round trip,INR,18913.0,18913.0,,,0,90.0,,,,61.0,,,WyJDalJJWW1GelkwcEVYMTlPVDBWQlIyUnhPSGRDUnkwdExTMHRMUzB0TFMxMmRHNW1Oa0ZCUVVGQlIzRnNWRzQwUlVzemNIRkJFZ1kyUlRZek5qTWFDd2poa3dFUUFCb0RTVTVTT0J4dzBab0IiLFtbIkhZRCIsIjIwMjYtMDktMTIiLCJCT00iLG51bGwsIjZFIiwiNjM2MyJdXV0=,SerpApi,Google Flights,2026,9,37,12,5,Saturday,September,True,18,15001-25000,9.847657667575458,True,15599.3125,21.242522707330846,2,16,INR,2026-09-12 18:37:06.500685,6aa54e7c13f4b6fe0a1b8505,235,2026-09-12 18:37:06.509564
4e4ae3648c8093a3671f8f889600e70414ca7b9e2e499483a53be20c0be0fe9f,44,HYD,BOM,HYD-BOM,2026-09-12,2026-09-19,2026-09-12 18:37:06.515353,2026-09-12,0,0-3 days,Air India,Round trip,INR,25475.0,25475.0,,,0,115.0,,,,71.0,,,WyJDalJJWW1GelkwcEVYMTlPVDBWQlIyUnhPSGRDUnkwdExTMHRMUzB0TFMxMmRHNW1Oa0ZCUVVGQlIzRnNWRzQwUlVzemNIRkJFZ1pCU1RJNE56WWFDd2lEeHdFUUFCb0RTVTVTT0J4d3BOQUIiLFtbIkhZRCIsIjIwMjYtMDktMTIiLCJCT00iLG51bGwsIkFJIiwiMjg3NiJdXV0=,SerpApi,Google Flights,2026,9,37,12,5,Saturday,September,True,18,25000+,10.145492111491256,True,15599.3125,63.308479139705675,2,16,INR,2026-09-12 18:37:06.500685,6aa54e7c13f4b6fe0a1b8505,237,2026-09-12 18:37:06.515353
40da586b5578c94c4726caaa7bf62ec7fce38c60702e8683d0f055a0954e7141,44,HYD,BOM,HYD-BOM,2026-09-12,2026-09-19,2026-09-12 18:37:06.517636,2026-09-12,0,0-3 days,IndiGo,Round trip,INR,40712.0,40712.0,,,1,325.0,,,,179.0,,,WyJDalJJWW1GelkwcEVYMTlPVDBWQlIyUnhPSGRDUnkwdExTMHRMUzB0TFMxMmRHNW1Oa0ZCUVVGQlIzRnNWRzQwUlVzemNIRkJFZzAyUlRZMU1EVjhOa1UxTWprekdnc0lpTDRDRUFBYUEwbE9VamdjY083TUFnPT0iLFtbIkhZRCIsIjIwMjYtMDktMTIiLCJCTFIiLG51bGwsIjZFIiwiNjUwNSJdLFsiQkxSIiwiMjAyNi0wOS0xMyIsIkJPTSIsbnVsbCwiNkUiLCI1MjkzIl1dXQ==,SerpApi,Google Flights,2026,9,37,12,5,Saturday,September,True,18,25000+,10.61430273074948,True,15599.3125,160.98586075508138,2,16,INR,2026-09-12 18:37:06.500685,6aa54e7c13f4b6fe0a1b8505,238,2026-09-12 18:37:06.517636
afb65a7eb4395c36f04fc068bfb52d57e1e3d96357c0d7f4d420fc95f6cfab37,45,HYD,MAA,HYD-MAA,2026-09-12,2026-09-19,2026-09-12 18:37:20.130147,2026-09-12,0,0-3 days,IndiGo,Round trip,INR,15332.0,15332.0,,,0,85.0,,,,51.0,,,WyJDalJJYjFwemNXOUxkVlJzTjJkQlFXeFhaSGRDUnkwdExTMHRMUzB0TFMxdmVXWnlOVUZCUVVGQlIzRnNWRzg0VDJ4NmVUQkJFZ1kyUlRZeE56UWFDZ2prZHhBQUdnTkpUbEk0SEhDdGZRPT0iLFtbIkhZRCIsIjIwMjYtMDktMTIiLCJNQUEiLG51bGwsIjZFIiwiNjE3NCJdXV0=,SerpApi,Google Flights,2026,9,37,12,5,Saturday,September,True,18,15001-25000,9.63776264743639,False,13242.3,15.78049130438066,2,10,INR,2026-09-12 18:37:20.124630,6aa54e8503610aa9b1403793,239,2026-09-12 18:37:20.130147
b41f31c6695b251baa0d56d449b81aeb9a6865c8b31c40b0edce4e46a94cc365,46,HYD,CCU,HYD-CCU,2026-09-12,2026-09-19,2026-09-12 18:37:24.421902,2026-09-12,0,0-3 days,IndiGo,Round trip,INR,22671.0,22671.0,,,0,130.0,,,,93.0,,,WyJDalJJYlY4dE9XSXdRek5qTmxsQlNUbHpXV2RDUnkwdExTMHRMUzB0TFhscFltVmhNVUZCUVVGQlIzRnNWSEJSUjFGV1RqQkJFZ1UyUlRrME5Cb0xDSSt4QVJBQUdnTkpUbEk0SEhDdHVRRT0iLFtbIkhZRCIsIjIwMjYtMDktMTIiLCJDQ1UiLG51bGwsIjZFIiwiOTQ0Il1dXQ==,SerpApi,Google Flights,2026,9,37,12,5,Saturday,September,True,18,15001-25000,10.028885961930461,False,20027.125,13.201470505626745,1,8,INR,2026-09-12 18:37:24.417031,6aa54e936feec4b74ceb8321,241,2026-09-12 18:37:24.421902
e197766996fb486f87276e3c4a27f61528b51b396561239d152981632ff6c882,47,HYD,PNQ,HYD-PNQ,2026-09-12,2026-09-19,2026-09-12 18:37:38.102106,2026-09-12,0,0-3 days,IndiGo,Round trip,INR,22535.0,22535.0,,,0,70.0,,,,49.0,,,WyJDalJJT0doM2VuTlRlVTFQWDNkQlNIQXpjbEZDUnkwdExTMHRMUzB0TFMxMmQzTnlORUZCUVVGQlIzRnNWSEZKUlZOUFJFbEJFZ1UyUlRReU5ob0xDSWV3QVJBQUdnTkpUbEk0SEhDZnVBRT0iLFtbIkhZRCIsIjIwMjYtMDktMTIiLCJQTlEiLG51bGwsIjZFIiwiNDI2Il1dXQ==,SerpApi,Google Flights,2026,9,37,12,5,Saturday,September,True,18,15001-25000,10.022869309556208,True,11665.0,93.1847406772396,2,9,INR,2026-09-12 18:37:38.097075,6aa54e97c29c3decba73a387,243,2026-09-12 18:37:38.102106
bb16081e63e9beb8188fa6c0502550a1d641eb805e0ba169f27bc043abba26a8,48,HYD,AMD,HYD-AMD,2026-09-12,2026-09-19,2026-09-12 18:37:41.322188,2026-09-12,0,0-3 days,IndiGo,Round trip,INR,21211.0,21211.0,,,0,105.0,,,,79.0,,,WyJDalJJT0ZZNVIxTmlWRXBuUmxWQlNtRjNiM2RDUnkwdExTMHRMUzB0TFhsc1pXMHlNVUZCUVVGQlIzRnNWSEZWU3pSQmJtVkJFZ1UyUlRJeE5ob0xDTnVsQVJBQUdnTkpUbEk0SEhDMnJRRT0iLFtbIkhZRCIsIjIwMjYtMDktMTIiLCJBTUQiLG51bGwsIjZFIiwiMjE2Il1dXQ==,SerpApi,Google Flights,2026,9,37,12,5,Saturday,September,True,18,15001-25000,9.962322338257021,False,19321.545454545456,9.779003185327717,1,11,INR,2026-09-12 18:37:41.319648,6aa54ea5c75443e62d98b2cf,245,2026-09-12 18:37:41.322188
1d05235a6fd5c22b14a64c0e0bd9b933b6525f048a5c1cebc0145ec7167107b0,48,HYD,AMD,HYD-AMD,2026-09-12,2026-09-19,2026-09-12 18:37:41.325352,2026-09-12,0,0-3 days,IndiGo,Round trip,INR,29652.0,29652.0,,,1,645.0,,,,161.0,,,WyJDalJJT0ZZNVIxTmlWRXBuUmxWQlNtRjNiM2RDUnkwdExTMHRMUzB0TFhsc1pXMHlNVUZCUVVGQlIzRnNWSEZWU3pSQmJtVkJFZzAyUlRZek5qTjhOa1V5TXpRM0dnc0kxT2NCRUFBYUEwbE9VamdjY0xmeUFRPT0iLFtbIkhZRCIsIjIwMjYtMDktMTIiLCJCT00iLG51bGwsIjZFIiwiNjM2MyJdLFsiQk9NIiwiMjAyNi0wOS0xMyIsIkFNRCIsbnVsbCwiNkUiLCIyMzQ3Il1dXQ==,SerpApi,Google Flights,2026,9,37,12,5,Saturday,September,True,18,25000+,10.297318579745925,False,19321.545454545456,53.465984746185356,1,11,INR,2026-09-12 18:37:41.319648,6aa54ea5c75443e62d98b2cf,246,2026-09-12 18:37:41.325352
5f86bf8b76d3aee394fd5bc40ba9253b0a657aeaf273c4c6d75a0085ec0da0ed,48,HYD,AMD,HYD-AMD,2026-09-12,2026-09-19,2026-09-12 18:37:41.328463,2026-09-12,0,0-3 days,IndiGo,Round trip,INR,30006.0,30006.0,,,1,475.0,,,,180.0,,,WyJDalJJT0ZZNVIxTmlWRXBuUmxWQlNtRjNiM2RDUnkwdExTMHRMUzB0TFhsc1pXMHlNVUZCUVVGQlIzRnNWSEZWU3pSQmJtVkJFZzAyUlRZek5qTjhOa1UxTVRRMEdnc0l0dW9CRUFBYUEwbE9VamdjY0tyMUFRPT0iLFtbIkhZRCIsIjIwMjYtMDktMTIiLCJCT00iLG51bGwsIjZFIiwiNjM2MyJdLFsiQk9NIiwiMjAyNi0wOS0xMyIsIkFNRCIsbnVsbCwiNkUiLCI1MTQ0Il1dXQ==,SerpApi,Google Flights,2026,9,37,12,5,Saturday,September,True,18,25000+,10.309185966759637,False,19321.545454545456,55.298136324498785,1,11,INR,2026-09-12 18:37:41.319648,6aa54ea5c75443e62d98b2cf,247,2026-09-12 18:37:41.328463
10ebcb85fe8664df81b65d89e520dcc23d7ade3af5ea076d5132228729594b12,48,HYD,AMD,HYD-AMD,2026-09-12,2026-09-19,2026-09-12 18:37:41.331953,2026-09-12,0,0-3 days,IndiGo,Round trip,INR,30186.0,30186.0,,,1,350.0,,,,168.0,,,WyJDalJJT0ZZNVIxTmlWRXBuUmxWQlNtRjNiM2RDUnkwdExTMHRMUzB0TFhsc1pXMHlNVUZCUVVGQlIzRnNWSEZWU3pSQmJtVkJFZ3cyUlRZek5qTjhOa1UyTXpJYUN3anE2d0VRQUJvRFNVNVNPQnh3NXZZQiIsW1siSFlEIiwiMjAyNi0wOS0xMiIsIkJPTSIsbnVsbCwiNkUiLCI2MzYzIl0sWyJCT00iLCIyMDI2LTA5LTEzIiwiQU1EIixudWxsLCI2RSIsIjYzMiJdXV0=,SerpApi,Google Flights,2026,9,37,12,5,Saturday,September,True,18,25000+,10.31516664711076,False,19321.545454545456,56.229738821946285,1,11,INR,2026-09-12 18:37:41.319648,6aa54ea5c75443e62d98b2cf,248,2026-09-12 18:37:41.331953
932948c5ef73d6d2848e227cf6d4f228284297eaed708800a99fa90098f3d228,49,HYD,COK,HYD-COK,2026-09-12,2026-09-19,2026-09-12 18:37:52.731392,2026-09-12,0,0-3 days,Air India Express,Round trip,INR,28093.0,28093.0,,,1,620.0,,,,111.0,,,WyJDalJJWld4TlVVZ3hVVmxGZEdkQlNIcGxTbWRDUnkwdExTMHRMUzB0TFhaM1pHMHhPRUZCUVVGQlIzRnNWSEZ2VEhBemFVOUJFZzFKV0RFek56aDhTVmd5TmpjNEdnc0l2ZHNCRUFBYUEwbE9VamdjY05qbEFRPT0iLFtbIkhZRCIsIjIwMjYtMDktMTIiLCJCTFIiLG51bGwsIklYIiwiMTM3OCJdLFsiQkxSIiwiMjAyNi0wOS0xMyIsIkNPSyIsbnVsbCwiSVgiLCIyNjc4Il1dXQ==,SerpApi,Google Flights,2026,9,37,12,5,Saturday,September,True,18,25000+,10.243311309390855,False,30973.933333333334,-9.301154303941594,4,15,INR,2026-09-12 18:37:52.728807,6aa54ea8392e0b66433d79b7,250,2026-09-12 18:37:52.731392
3d6c9494f2863886d668e0181e284170ac709b371ec0cd3a6e102e91605bd39a,49,HYD,COK,HYD-COK,2026-09-12,2026-09-19,2026-09-12 18:37:52.735721,2026-09-12,0,0-3 days,Air India,Round trip,INR,35108.0,35108.0,,,1,950.0,,,,278.0,,,WyJDalJJWld4TlVVZ3hVVmxGZEdkQlNIcGxTbWRDUnkwdExTMHRMUzB0TFhaM1pHMHhPRUZCUVVGQlIzRnNWSEZ2VEhBemFVOUJFZzFCU1RJM056WjhRVWt5TkRVNEdnc0lwSklDRUFBYUEwbE9VamdjY0lXZkFnPT0iLFtbIkhZRCIsIjIwMjYtMDktMTIiLCJERUwiLG51bGwsIkFJIiwiMjc3NiJdLFsiREVMIiwiMjAyNi0wOS0xMyIsIkNPSyIsbnVsbCwiQUkiLCIyNDU4Il1dXQ==,SerpApi,Google Flights,2026,9,37,12,5,Saturday,September,True,18,25000+,10.466212786842876,False,30973.933333333334,13.346921820283297,4,15,INR,2026-09-12 18:37:52.728807,6aa54ea8392e0b66433d79b7,251,2026-09-12 18:37:52.735721
de4499cf73fbde7a5c77055be4c6a39c0616a9fe28db2307710d941e8160ce84,49,HYD,COK,HYD-COK,2026-09-12,2026-09-19,2026-09-12 18:37:52.738642,2026-09-12,0,0-3 days,"Air India, Air India Express",Round trip,INR,36309.0,36309.0,,,1,895.0,,,,297.0,,,WyJDalJJWld4TlVVZ3hVVmxGZEdkQlNIcGxTbWRDUnkwdExTMHRMUzB0TFhaM1pHMHhPRUZCUVVGQlIzRnNWSEZ2VEhBemFVOUJFZzFCU1RJM056WjhTVmd4T0RFeUdnc0kxWnNDRUFBYUEwbE9VamdjY082b0FnPT0iLFtbIkhZRCIsIjIwMjYtMDktMTIiLCJERUwiLG51bGwsIkFJIiwiMjc3NiJdLFsiREVMIiwiMjAyNi0wOS0xMyIsIkNPSyIsbnVsbCwiSVgiLCIxODEyIl1dXQ==,SerpApi,Google Flights,2026,9,37,12,5,Saturday,September,True,18,25000+,10.499848464408382,False,30973.933333333334,17.22437576542857,4,15,INR,2026-09-12 18:37:52.728807,6aa54ea8392e0b66433d79b7,252,2026-09-12 18:37:52.738642
64e8bd4fd3481272dd04bbbada6d8cb5d1d6c17ca3f91943519bce6baaf5177a,49,HYD,COK,HYD-COK,2026-09-12,2026-09-19,2026-09-12 18:37:52.741672,2026-09-12,0,0-3 days,Air India,Round trip,INR,33744.0,33744.0,,,1,1150.0,,,,278.0,,,WyJDalJJWld4TlVVZ3hVVmxGZEdkQlNIcGxTbWRDUnkwdExTMHRMUzB0TFhaM1pHMHhPRUZCUVVGQlIzRnNWSEZ2VEhBemFVOUJFZzFCU1RJM056WjhRVWt5TkRjekdnc0kwSWNDRUFBYUEwbE9VamdjY1BLVEFnPT0iLFtbIkhZRCIsIjIwMjYtMDktMTIiLCJERUwiLG51bGwsIkFJIiwiMjc3NiJdLFsiREVMIiwiMjAyNi0wOS0xMyIsIkNPSyIsbnVsbCwiQUkiLCIyNDczIl1dXQ==,SerpApi,Google Flights,2026,9,37,12,5,Saturday,September,True,18,25000+,10.426587537177507,False,30973.933333333334,8.943218921716966,4,15,INR,2026-09-12 18:37:52.728807,6aa54ea8392e0b66433d79b7,253,2026-09-12 18:37:52.741672
d7797282c5c079602ace836aa346a5f05247972ba1d693f615cb6511e6e87b51,49,HYD,COK,HYD-COK,2026-09-12,2026-09-19,2026-09-12 18:37:52.745150,2026-09-12,0,0-3 days,Air India,Round trip,INR,34261.0,34261.0,,,1,1550.0,,,,278.0,,,WyJDalJJWld4TlVVZ3hVVmxGZEdkQlNIcGxTbWRDUnkwdExTMHRMUzB0TFhaM1pHMHhPRUZCUVVGQlIzRnNWSEZ2VEhBemFVOUJFZzFCU1RJM056WjhRVWt5T0Rnekdnc0kxWXNDRUFBYUEwbE9VamdjY0krWUFnPT0iLFtbIkhZRCIsIjIwMjYtMDktMTIiLCJERUwiLG51bGwsIkFJIiwiMjc3NiJdLFsiREVMIiwiMjAyNi0wOS0xMyIsIkNPSyIsbnVsbCwiQUkiLCIyODgzIl1dXQ==,SerpApi,Google Flights,2026,9,37,12,5,Saturday,September,True,18,25000+,10.441792147290403,False,30973.933333333334,10.612364375205807,4,15,INR,2026-09-12 18:37:52.728807,6aa54ea8392e0b66433d79b7,254,2026-09-12 18:37:52.745150
1d1ea2359898c813174a020b5d6ce90aea069e36918bffb5098ea8a9f74773c5,49,HYD,COK,HYD-COK,2026-09-12,2026-09-19,2026-09-12 18:37:52.749193,2026-09-12,0,0-3 days,"Air India, Air India Express",Round trip,INR,34305.0,34305.0,,,1,1380.0,,,,297.0,,,WyJDalJJWld4TlVVZ3hVVmxGZEdkQlNIcGxTbWRDUnkwdExTMHRMUzB0TFhaM1pHMHhPRUZCUVVGQlIzRnNWSEZ2VEhBemFVOUJFZzFCU1RJM056WjhTVmd4T0RFMUdnc0lnWXdDRUFBYUEwbE9VamdjY0wyWUFnPT0iLFtbIkhZRCIsIjIwMjYtMDktMTIiLCJERUwiLG51bGwsIkFJIiwiMjc3NiJdLFsiREVMIiwiMjAyNi0wOS0xMyIsIkNPSyIsbnVsbCwiSVgiLCIxODE1Il1dXQ==,SerpApi,Google Flights,2026,9,37,12,5,Saturday,September,True,18,25000+,10.443075544969771,False,30973.933333333334,10.754419307417628,4,15,INR,2026-09-12 18:37:52.728807,6aa54ea8392e0b66433d79b7,255,2026-09-12 18:37:52.749193
2a5ac6e8d1f7e5b83f29c14461c400aa834bc89139bfe4457e21b7805557f761,49,HYD,COK,HYD-COK,2026-09-12,2026-09-19,2026-09-12 18:37:52.752694,2026-09-12,0,0-3 days,Air India,Round trip,INR,41463.0,41463.0,,,1,615.0,,,,168.0,,,WyJDalJJWld4TlVVZ3hVVmxGZEdkQlNIcGxTbWRDUnkwdExTMHRMUzB0TFhaM1pHMHhPRUZCUVVGQlIzRnNWSEZ2VEhBemFVOUJFZzFCU1RJMk9UbDhRVWt5TnpnM0dnc0k5OE1DRUFBYUEwbE9VamdjY0lEVEFnPT0iLFtbIkhZRCIsIjIwMjYtMDktMTIiLCJCT00iLG51bGwsIkFJIiwiMjY5OSJdLFsiQk9NIiwiMjAyNi0wOS0xMyIsIkNPSyIsbnVsbCwiQUkiLCIyNzg3Il1dXQ==,SerpApi,Google Flights,2026,9,37,12,5,Saturday,September,True,18,25000+,10.632580859869542,False,30973.933333333334,33.86417396133092,4,15,INR,2026-09-12 18:37:52.728807,6aa54ea8392e0b66433d79b7,256,2026-09-12 18:37:52.752694
9046ead6435132116b6681af836bc1dca2fb65a9fa61f82814dcbd9570934a80,49,HYD,COK,HYD-COK,2026-09-12,2026-09-19,2026-09-12 18:37:52.755988,2026-09-12,0,0-3 days,"Air India, Air India Express",Round trip,INR,43669.0,43669.0,,,1,525.0,,,,183.0,,,WyJDalJJWld4TlVVZ3hVVmxGZEdkQlNIcGxTbWRDUnkwdExTMHRMUzB0TFhaM1pHMHhPRUZCUVVGQlIzRnNWSEZ2VEhBemFVOUJFZzFCU1RJMk9UbDhTVmd4TnprM0dnc0lsZFVDRUFBYUEwbE9VamdjY0lUbEFnPT0iLFtbIkhZRCIsIjIwMjYtMDktMTIiLCJCT00iLG51bGwsIkFJIiwiMjY5OSJdLFsiQk9NIiwiMjAyNi0wOS0xMyIsIkNPSyIsbnVsbCwiSVgiLCIxNzk3Il1dXQ==,SerpApi,Google Flights,2026,9,37,12,5,Saturday,September,True,18,25000+,10.684416646479606,False,30973.933333333334,40.98629169904156,4,15,INR,2026-09-12 18:37:52.728807,6aa54ea8392e0b66433d79b7,257,2026-09-12 18:37:52.755988
ac6a5797b630038d39e5b2700320ae80ff55bb6be80a75c27d2c91995557996d,50,HYD,GOI,HYD-GOI,2026-09-12,2026-09-19,2026-09-12 18:37:57.312289,2026-09-12,0,0-3 days,IndiGo,Round trip,INR,16324.0,16324.0,,,1,595.0,,,,96.0,,,WyJDalJJV1hScVNVd3RWSFl3ZG10QlIyNU1UVUZDUnkwdExTMHRMUzB0TFMxMmRHUnlNa0ZCUVVGQlIzRnNWSEpWUTFBeGIwdEJFZ3cyUlRZMU1EVjhOa1V4T1RRYUNnakVmeEFBR2dOSlRsSTRISEM3aFFFPSIsW1siSFlEIiwiMjAyNi0wOS0xMiIsIkJMUiIsbnVsbCwiNkUiLCI2NTA1Il0sWyJCTFIiLCIyMDI2LTA5LTEzIiwiR09JIixudWxsLCI2RSIsIjE5NCJdXV0=,SerpApi,Google Flights,2026,9,37,12,5,Saturday,September,True,18,15001-25000,9.700452954144632,False,13926.333333333334,17.216783551545035,1,6,INR,2026-09-12 18:37:57.308415,6aa54eb39f8abcaf7ef4fb3b,258,2026-09-12 18:37:57.312289
187e16453b1213c856f0b56ff76d5c69d128824eca1bc6c43d113c176447973d,51,MAA,BLR,MAA-BLR,2026-09-12,2026-09-19,2026-09-12 18:38:10.654055,2026-09-12,0,0-3 days,IndiGo,Round trip,INR,10416.0,10416.0,,,1,615.0,,,,99.0,,,WyJDalJJYW1WNVEweDNhVmhTWWpSQlNpMW1hVkZDUnkwdExTMHRMUzB0TFMxdmEyUnFORUZCUVVGQlIzRnNWSEpyUkVObWEybEJFZ3cyUlRZME9EZDhOa1UwTVRNYUNnaXdVUkFBR2dOSlRsSTRISENVVlE9PSIsW1siTUFBIiwiMjAyNi0wOS0xMiIsIkhZRCIsbnVsbCwiNkUiLCI2NDg3Il0sWyJIWUQiLCIyMDI2LTA5LTEzIiwiQkxSIixudWxsLCI2RSIsIjQxMyJdXV0=,SerpApi,Google Flights,2026,9,37,12,5,Saturday,September,True,18,10001-15000,9.251194365984448,False,15199.076923076924,-31.469522440634044,4,13,INR,2026-09-12 18:38:10.652113,6aa54eb8018c482a005933e1,259,2026-09-12 18:38:10.654055
82cf765d2ebfc55f67c006124f9c9392f0098ae1ab3d899c7625bd39e44f673d,51,MAA,BLR,MAA-BLR,2026-09-12,2026-09-19,2026-09-12 18:38:10.657769,2026-09-12,0,0-3 days,IndiGo,Round trip,INR,12996.0,12996.0,,,0,60.0,,,,41.0,,,WyJDalJJYW1WNVEweDNhVmhTWWpSQlNpMW1hVkZDUnkwdExTMHRMUzB0TFMxdmEyUnFORUZCUVVGQlIzRnNWSEpyUkVObWEybEJFZ1UyUlRjNU5ob0tDTVJsRUFBYUEwbE9VamdjY0tCcSIsW1siTUFBIiwiMjAyNi0wOS0xMiIsIkJMUiIsbnVsbCwiNkUiLCI3OTYiXV1d,SerpApi,Google Flights,2026,9,37,12,5,Saturday,September,True,18,10001-15000,9.47247384058159,False,15199.076923076924,-14.494807376966213,4,13,INR,2026-09-12 18:38:10.652113,6aa54eb8018c482a005933e1,260,2026-09-12 18:38:10.657769
3b26fe14876d27dcf24f61fef864571177a8e05c2899012c011214b8c7f4526c,51,MAA,BLR,MAA-BLR,2026-09-12,2026-09-19,2026-09-12 18:38:10.659860,2026-09-12,0,0-3 days,Air India,Round trip,INR,35164.0,35164.0,,,1,1705.0,,,,180.0,,,WyJDalJJYW1WNVEweDNhVmhTWWpSQlNpMW1hVkZDUnkwdExTMHRMUzB0TFMxdmEyUnFORUZCUVVGQlIzRnNWSEpyUkVObWEybEJFZ3hCU1RRek5ueEJTVEk0TlRjYUN3amNrZ0lRQUJvRFNVNVNPQnh3d0o4QyIsW1siTUFBIiwiMjAyNi0wOS0xMiIsIkJPTSIsbnVsbCwiQUkiLCI0MzYiXSxbIkJPTSIsIjIwMjYtMDktMTMiLCJCTFIiLG51bGwsIkFJIiwiMjg1NyJdXV0=,SerpApi,Google Flights,2026,9,37,12,5,Saturday,September,True,18,25000+,10.467806548742118,True,15199.076923076924,131.35615523209913,4,13,INR,2026-09-12 18:38:10.652113,6aa54eb8018c482a005933e1,261,2026-09-12 18:38:10.659860
4ff2e7b7651870349c7e17dcd17a9132ba6d797ebc242f23084c3fab8390c53f,51,MAA,BLR,MAA-BLR,2026-09-12,2026-09-19,2026-09-12 18:38:10.663191,2026-09-12,0,0-3 days,Air India Express,Round trip,INR,36216.0,36216.0,,,1,560.0,,,,162.0,,,WyJDalJJYW1WNVEweDNhVmhTWWpSQlNpMW1hVkZDUnkwdExTMHRMUzB0TFMxdmEyUnFORUZCUVVGQlIzRnNWSEpyUkVObWEybEJFZzFKV0RJMk5qRjhTVmd5TnpBMkdnc0krSm9DRUFBYUEwbE9VamdjY0l5b0FnPT0iLFtbIk1BQSIsIjIwMjYtMDktMTIiLCJQTlEiLG51bGwsIklYIiwiMjY2MSJdLFsiUE5RIiwiMjAyNi0wOS0xMyIsIkJMUiIsbnVsbCwiSVgiLCIyNzA2Il1dXQ==,SerpApi,Google Flights,2026,9,37,12,5,Saturday,September,True,18,25000+,10.497283900839735,True,15199.076923076924,138.27762819604428,4,13,INR,2026-09-12 18:38:10.652113,6aa54eb8018c482a005933e1,262,2026-09-12 18:38:10.663191
97844543e2553d16e2bef02e53e2f9f7fa7a10c9ff644c9a86a8e7d22ae53fd5,51,MAA,BLR,MAA-BLR,2026-09-12,2026-09-19,2026-09-12 18:38:10.665988,2026-09-12,0,0-3 days,Air India,Round trip,INR,38318.0,38318.0,,,1,420.0,,,,180.0,,,WyJDalJJYW1WNVEweDNhVmhTWWpSQlNpMW1hVkZDUnkwdExTMHRMUzB0TFMxdmEyUnFORUZCUVVGQlIzRnNWSEpyUkVObWEybEJFZ3hCU1RRek5ueEJTVEk0TVRJYUN3aXVxd0lRQUJvRFNVNVNPQnh3cExrQyIsW1siTUFBIiwiMjAyNi0wOS0xMiIsIkJPTSIsbnVsbCwiQUkiLCI0MzYiXSxbIkJPTSIsIjIwMjYtMDktMTMiLCJCTFIiLG51bGwsIkFJIiwiMjgxMiJdXV0=,SerpApi,Google Flights,2026,9,37,12,5,Saturday,September,True,18,25000+,10.553701135710886,True,15199.076923076924,152.10741543008686,4,13,INR,2026-09-12 18:38:10.652113,6aa54eb8018c482a005933e1,263,2026-09-12 18:38:10.665988
1b62b546568a8e290b64016b4023fda714d679085a3e578bce511fc37f7949f3,52,MAA,DEL,MAA-DEL,2026-09-12,2026-09-19,2026-09-12 18:38:15.630505,2026-09-12,0,0-3 days,IndiGo,Round trip,INR,21474.0,21474.0,,,1,340.0,,,,168.0,,,WyJDalJJTVdFM2NsOUJhREUwUVVGQlNqTmFRbWRDUnkwdExTMHRMUzB0TFc5NVlXZ3hNa0ZCUVVGQlIzRnNWSE5aU0VsbVJtOUJFZ3cyUlRVMk1YdzJSVEkwTVRnYUN3amlwd0VRQUJvRFNVNVNPQnh3eWE4QiIsW1siTUFBIiwiMjAyNi0wOS0xMiIsIlBOUSIsbnVsbCwiNkUiLCI1NjEiXSxbIlBOUSIsIjIwMjYtMDktMTMiLCJERUwiLG51bGwsIjZFIiwiMjQxOCJdXV0=,SerpApi,Google Flights,2026,9,37,12,5,Saturday,September,True,18,15001-25000,9.974644746852457,False,23989.058823529413,-10.484191322514679,2,17,INR,2026-09-12 18:38:15.625167,6aa54ec5c986affa115695cb,265,2026-09-12 18:38:15.630505
923c7f0a6c12144486f3690ad93b76906a2976392c5aabf9d9536b75f711a750,52,MAA,DEL,MAA-DEL,2026-09-12,2026-09-19,2026-09-12 18:38:15.634371,2026-09-12,0,0-3 days,IndiGo,Round trip,INR,25341.0,25341.0,,,0,175.0,,,,126.0,,,WyJDalJJTVdFM2NsOUJhREUwUVVGQlNqTmFRbWRDUnkwdExTMHRMUzB0TFc5NVlXZ3hNa0ZCUVVGQlIzRnNWSE5aU0VsbVJtOUJFZ1kyUlRJek5qa2FDd2o5eFFFUUFCb0RTVTVTT0J4d21NOEIiLFtbIk1BQSIsIjIwMjYtMDktMTIiLCJERUwiLG51bGwsIjZFIiwiMjM2OSJdXV0=,SerpApi,Google Flights,2026,9,37,12,5,Saturday,September,True,18,25000+,10.140218377358854,False,23989.058823529413,5.635657432064622,2,17,INR,2026-09-12 18:38:15.625167,6aa54ec5c986affa115695cb,266,2026-09-12 18:38:15.634371
66ab873028cc94a0895f2997d4dd61b00624f87731b3c818f1604d4d16a1137b,52,MAA,DEL,MAA-DEL,2026-09-12,2026-09-19,2026-09-12 18:38:15.636997,2026-09-12,0,0-3 days,Air India,Round trip,INR,27622.0,27622.0,,,0,180.0,,,,145.0,,,WyJDalJJTVdFM2NsOUJhREUwUVVGQlNqTmFRbWRDUnkwdExTMHRMUzB0TFc5NVlXZ3hNa0ZCUVVGQlIzRnNWSE5aU0VsbVJtOUJFZ1pCU1RJNE16Z2FDd2ptMXdFUUFCb0RTVTVTT0J4dzYrRUIiLFtbIk1BQSIsIjIwMjYtMDktMTIiLCJERUwiLG51bGwsIkFJIiwiMjgzOCJdXV0=,SerpApi,Google Flights,2026,9,37,12,5,Saturday,September,True,18,25000+,10.226404038009134,False,23989.058823529413,15.144158856733704,2,17,INR,2026-09-12 18:38:15.625167,6aa54ec5c986affa115695cb,267,2026-09-12 18:38:15.636997
dd3c365853eebca12497595930ea660621971d80bcd4eafc1a89279ef25d9cd7,52,MAA,DEL,MAA-DEL,2026-09-12,2026-09-19,2026-09-12 18:38:15.639561,2026-09-12,0,0-3 days,Air India,Round trip,INR,27622.0,27622.0,,,0,170.0,,,,169.0,,,WyJDalJJTVdFM2NsOUJhREUwUVVGQlNqTmFRbWRDUnkwdExTMHRMUzB0TFc5NVlXZ3hNa0ZCUVVGQlIzRnNWSE5aU0VsbVJtOUJFZ1ZCU1RVek9Cb0xDT2JYQVJBQUdnTkpUbEk0SEhEcjRRRT0iLFtbIk1BQSIsIjIwMjYtMDktMTIiLCJERUwiLG51bGwsIkFJIiwiNTM4Il1dXQ==,SerpApi,Google Flights,2026,9,37,12,5,Saturday,September,True,18,25000+,10.226404038009134,False,23989.058823529413,15.144158856733704,2,17,INR,2026-09-12 18:38:15.625167,6aa54ec5c986affa115695cb,268,2026-09-12 18:38:15.639561
7de9319150782fc9ccf8cc2654644c9813770614ed5c95ad9a15c3a472834cdd,52,MAA,DEL,MAA-DEL,2026-09-12,2026-09-19,2026-09-12 18:38:15.641897,2026-09-12,0,0-3 days,IndiGo,Round trip,INR,41659.0,41659.0,,,1,280.0,,,,222.0,,,WyJDalJJTVdFM2NsOUJhREUwUVVGQlNqTmFRbWRDUnkwdExTMHRMUzB0TFc5NVlXZ3hNa0ZCUVVGQlIzRnNWSE5aU0VsbVJtOUJFZzAyUlRZME9EZDhOa1UyTURJMUdnc0l1OFVDRUFBYUEwbE9VamdjY00zVUFnPT0iLFtbIk1BQSIsIjIwMjYtMDktMTIiLCJIWUQiLG51bGwsIjZFIiwiNjQ4NyJdLFsiSFlEIiwiMjAyNi0wOS0xMiIsIkRFTCIsbnVsbCwiNkUiLCI2MDI1Il1dXQ==,SerpApi,Google Flights,2026,9,37,12,5,Saturday,September,True,18,25000+,10.637296714814964,True,23989.058823529413,73.65833443677754,2,17,INR,2026-09-12 18:38:15.625167,6aa54ec5c986affa115695cb,269,2026-09-12 18:38:15.641897
756f869b1a975175e64fc8d03358e78fd671de38758a93808039c418ec4d4936,53,MAA,BOM,MAA-BOM,2026-09-12,2026-09-19,2026-09-12 18:38:20.036225,2026-09-12,0,0-3 days,IndiGo,Round trip,INR,16977.0,16977.0,,,0,120.0,,,,82.0,,,WyJDalJJYUhOd2RqaExjRm8zZW1kQlNFVlFkMUZDUnkwdExTMHRMUzF2YTNSd09DMXVNVUZCUVVGQlIzRnNWSE56U1ZCUVMyZEJFZ1kyUlRZeU1qVWFDd2pSaEFFUUFCb0RTVTVTT0J4dzU0b0IiLFtbIk1BQSIsIjIwMjYtMDktMTIiLCJCT00iLG51bGwsIjZFIiwiNjIyNSJdXV0=,SerpApi,Google Flights,2026,9,37,12,5,Saturday,September,True,18,15001-25000,9.739673667297913,True,15036.0,12.909018355945733,3,14,INR,2026-09-12 18:38:20.030580,6aa54eca71a41d9b2dde3188,270,2026-09-12 18:38:20.036225
6777e364359b62f907d1818ee98fccdccdb8506fcfbfb2cf0e60cc17c2ee9124,53,MAA,BOM,MAA-BOM,2026-09-12,2026-09-19,2026-09-12 18:38:20.040679,2026-09-12,0,0-3 days,Air India,Round trip,INR,21767.0,21767.0,,,0,140.0,,,,96.0,,,WyJDalJJYUhOd2RqaExjRm8zZW1kQlNFVlFkMUZDUnkwdExTMHRMUzF2YTNSd09DMXVNVUZCUVVGQlIzRnNWSE56U1ZCUVMyZEJFZ1ZCU1RRek5ob0xDSWVxQVJBQUdnTkpUbEk0SEhEN3NRRT0iLFtbIk1BQSIsIjIwMjYtMDktMTIiLCJCT00iLG51bGwsIkFJIiwiNDM2Il1dXQ==,SerpApi,Google Flights,2026,9,37,12,5,Saturday,September,True,18,15001-25000,9.988196280463082,True,15036.0,44.7658951848896,3,14,INR,2026-09-12 18:38:20.030580,6aa54eca71a41d9b2dde3188,271,2026-09-12 18:38:20.040679
0ac1de94682026e52618567c3e6e90e4b95d837f8df5348b65ecacdee9b58264,54,MAA,HYD,MAA-HYD,2026-09-12,2026-09-19,2026-09-12 18:38:33.448638,2026-09-12,0,0-3 days,IndiGo,Round trip,INR,13560.0,13560.0,,,1,290.0,,,,122.0,,,WyJDalJJTkV3NWVuSkxPV3hPUlRCQlFVeGtRbEZDUnkwdExTMHRMUzB0TFhaM1ltb3lNa0ZCUVVGQlIzRnNWSE00UjNkM2JVTkJFZ3MyUlRVMk1YdzJSVE16TmhvS0NQaHBFQUFhQTBsT1VqZ2NjTzl1IixbWyJNQUEiLCIyMDI2LTA5LTEyIiwiUE5RIixudWxsLCI2RSIsIjU2MSJdLFsiUE5RIiwiMjAyNi0wOS0xMyIsIkhZRCIsbnVsbCwiNkUiLCIzMzYiXV1d,SerpApi,Google Flights,2026,9,37,12,5,Saturday,September,True,18,10001-15000,9.514953305087944,False,16767.75,-19.130473677148096,3,12,INR,2026-09-12 18:38:33.443199,6aa54ece48c791a2f71c49f2,272,2026-09-12 18:38:33.448638
b2beaa87116d59ac3a59367b3ef653a0472aec39398b60e0c2fb809db6ac630b,54,MAA,HYD,MAA-HYD,2026-09-12,2026-09-19,2026-09-12 18:38:33.452515,2026-09-12,0,0-3 days,IndiGo,Round trip,INR,13840.0,13840.0,,,0,85.0,,,,50.0,,,WyJDalJJTkV3NWVuSkxPV3hPUlRCQlFVeGtRbEZDUnkwdExTMHRMUzB0TFhaM1ltb3lNa0ZCUVVGQlIzRnNWSE00UjNkM2JVTkJFZ1UyUlRFNU14b0tDSkJzRUFBYUEwbE9VamdjY0pSeCIsW1siTUFBIiwiMjAyNi0wOS0xMiIsIkhZRCIsbnVsbCwiNkUiLCIxOTMiXV1d,SerpApi,Google Flights,2026,9,37,12,5,Saturday,September,True,18,10001-15000,9.535390480896702,False,16767.75,-17.46060145219245,3,12,INR,2026-09-12 18:38:33.443199,6aa54ece48c791a2f71c49f2,273,2026-09-12 18:38:33.452515
1da9e11bce2f63ee907270cf898731dcb06d3179a6d40a88aa628cf9834e59ba,54,MAA,HYD,MAA-HYD,2026-09-12,2026-09-19,2026-09-12 18:38:33.455070,2026-09-12,0,0-3 days,IndiGo,Round trip,INR,13840.0,13840.0,,,0,75.0,,,,50.0,,,WyJDalJJTkV3NWVuSkxPV3hPUlRCQlFVeGtRbEZDUnkwdExTMHRMUzB0TFhaM1ltb3lNa0ZCUVVGQlIzRnNWSE00UjNkM2JVTkJFZ1kyUlRZME9EY2FDZ2lRYkJBQUdnTkpUbEk0SEhDVWNRPT0iLFtbIk1BQSIsIjIwMjYtMDktMTIiLCJIWUQiLG51bGwsIjZFIiwiNjQ4NyJdXV0=,SerpApi,Google Flights,2026,9,37,12,5,Saturday,September,True,18,10001-15000,9.535390480896702,False,16767.75,-17.46060145219245,3,12,INR,2026-09-12 18:38:33.443199,6aa54ece48c791a2f71c49f2,274,2026-09-12 18:38:33.455070
a330e0ecc21424e768f194bad5e0bc9a9de9092f0d7d7fcaecc08c30406a6c84,54,MAA,HYD,MAA-HYD,2026-09-12,2026-09-19,2026-09-12 18:38:33.457469,2026-09-12,0,0-3 days,Air India,Round trip,INR,32440.0,32440.0,,,1,1555.0,,,,166.0,,,WyJDalJJTkV3NWVuSkxPV3hPUlRCQlFVeGtRbEZDUnkwdExTMHRMUzB0TFhaM1ltb3lNa0ZCUVVGQlIzRnNWSE00UjNkM2JVTkJFZ3hCU1RRek5ueEJTVEk0TmprYUN3aTQvUUVRQUJvRFNVNVNPQnh3bllrQyIsW1siTUFBIiwiMjAyNi0wOS0xMiIsIkJPTSIsbnVsbCwiQUkiLCI0MzYiXSxbIkJPTSIsIjIwMjYtMDktMTMiLCJIWUQiLG51bGwsIkFJIiwiMjg2OSJdXV0=,SerpApi,Google Flights,2026,9,37,12,5,Saturday,September,True,18,25000+,10.3871783338948,True,16767.75,93.46662491986105,3,12,INR,2026-09-12 18:38:33.443199,6aa54ece48c791a2f71c49f2,275,2026-09-12 18:38:33.457469
460d0162b020eb24b2951801961030f549d644fe1a3e464fa00d24c852db502f,54,MAA,HYD,MAA-HYD,2026-09-12,2026-09-19,2026-09-12 18:38:33.461064,2026-09-12,0,0-3 days,Air India,Round trip,INR,38269.0,38269.0,,,1,400.0,,,,260.0,,,WyJDalJJTkV3NWVuSkxPV3hPUlRCQlFVeGtRbEZDUnkwdExTMHRMUzB0TFhaM1ltb3lNa0ZCUVVGQlIzRnNWSE00UjNkM2JVTkJFZzFCU1RJNE16aDhRVWt5TlRjM0dnc0kvYW9DRUFBYUEwbE9VamdjY1BHNEFnPT0iLFtbIk1BQSIsIjIwMjYtMDktMTIiLCJERUwiLG51bGwsIkFJIiwiMjgzOCJdLFsiREVMIiwiMjAyNi0wOS0xMyIsIkhZRCIsbnVsbCwiQUkiLCIyNTc3Il1dXQ==,SerpApi,Google Flights,2026,9,37,12,5,Saturday,September,True,18,25000+,10.552421578419748,True,16767.75,128.22978634581267,3,12,INR,2026-09-12 18:38:33.443199,6aa54ece48c791a2f71c49f2,276,2026-09-12 18:38:33.461064
5ac1b118211c962e4c288bd506d9d0d9677e885071c5504fa0885b0164d6a702,55,MAA,CCU,MAA-CCU,2026-09-12,2026-09-19,2026-09-12 18:38:37.991447,2026-09-12,0,0-3 days,IndiGo,Round trip,INR,17898.0,17898.0,,,0,140.0,,,,101.0,,,WyJDalJJT1RReVNIUmhiR3hMYkhkQlIyNTFkbmRDUnkwdExTMHRMUzB0TFMxMmRIWm5Oa0ZCUVVGQlIzRnNWSFF3U1RBM1FqUkJFZ1UyUlRreU14b0xDT3FMQVJBQUdnTkpUbEk0SEhDcWtnRT0iLFtbIk1BQSIsIjIwMjYtMDktMTIiLCJDQ1UiLG51bGwsIjZFIiwiOTIzIl1dXQ==,SerpApi,Google Flights,2026,9,37,12,5,Saturday,September,True,18,15001-25000,9.7925001243465,False,20849.833333333332,-14.157587190944765,2,12,INR,2026-09-12 18:38:37.986115,6aa54edceb55a3bbcf0b8141,277,2026-09-12 18:38:37.991447
79cf08983305dcf741fcd0ba5f5b4adbcb235cdb8df06c58bee2dbfd1c02f7b8,55,MAA,CCU,MAA-CCU,2026-09-12,2026-09-19,2026-09-12 18:38:37.995814,2026-09-12,0,0-3 days,Air India Express,Round trip,INR,24185.0,24185.0,,,0,150.0,,,,119.0,,,WyJDalJJT1RReVNIUmhiR3hMYkhkQlIyNTFkbmRDUnkwdExTMHRMUzB0TFMxMmRIWm5Oa0ZCUVVGQlIzRnNWSFF3U1RBM1FqUkJFZ1pKV0RFMU56Y2FDd2o1dkFFUUFCb0RTVTVTT0J4dzNzVUIiLFtbIk1BQSIsIjIwMjYtMDktMTIiLCJDQ1UiLG51bGwsIklYIiwiMTU3NyJdXV0=,SerpApi,Google Flights,2026,9,37,12,5,Saturday,September,True,18,15001-25000,10.09352923234522,True,20849.833333333332,15.996131064197172,2,12,INR,2026-09-12 18:38:37.986115,6aa54edceb55a3bbcf0b8141,278,2026-09-12 18:38:37.995814
acb6a8f8fb1ce9ab875095d74f86cd209906e44e4c815bf1a20ef1a84b34f285,55,MAA,CCU,MAA-CCU,2026-09-12,2026-09-19,2026-09-12 18:38:37.998383,2026-09-12,0,0-3 days,IndiGo,Round trip,INR,50777.0,50777.0,,,1,585.0,,,,304.0,,,WyJDalJJT1RReVNIUmhiR3hMYkhkQlIyNTFkbmRDUnkwdExTMHRMUzB0TFMxMmRIWm5Oa0ZCUVVGQlIzRnNWSFF3U1RBM1FqUkJFZzAyUlRZeU1qVjhOa1UyTXpZM0dnc0kyWXdERUFBYUEwbE9VamdjY0pPZkF3PT0iLFtbIk1BQSIsIjIwMjYtMDktMTIiLCJCT00iLG51bGwsIjZFIiwiNjIyNSJdLFsiQk9NIiwiMjAyNi0wOS0xMyIsIkNDVSIsbnVsbCwiNkUiLCI2MzY3Il1dXQ==,SerpApi,Google Flights,2026,9,37,12,5,Saturday,September,True,18,25000+,10.83521846889816,True,20849.833333333332,143.5367189186165,2,12,INR,2026-09-12 18:38:37.986115,6aa54edceb55a3bbcf0b8141,279,2026-09-12 18:38:37.998383
b1c7a6ef517eda22064f780ef077e19379ee676839676770ca5e9bab606b5b1c,56,MAA,PNQ,MAA-PNQ,2026-09-12,2026-09-19,2026-09-12 18:38:45.759818,2026-09-12,0,0-3 days,IndiGo,Round trip,INR,13264.0,13264.0,,,1,480.0,,,,102.0,,,WyJDalJJYUdSaFJFOXhTek5sYzFWQlJ6bHZkRUZDUnkwdExTMHRMUzEyZEd0ek1pMXVNa0ZCUVVGQlIzRnNWSFZKVFRabFYxTkJFZ3MyUlRjNU5udzJSVFF3T0JvS0NOQm5FQUFhQTBsT1VqZ2NjTGxzIixbWyJNQUEiLCIyMDI2LTA5LTEyIiwiQkxSIixudWxsLCI2RSIsIjc5NiJdLFsiQkxSIiwiMjAyNi0wOS0xMyIsIlBOUSIsbnVsbCwiNkUiLCI0MDgiXV1d,SerpApi,Google Flights,2026,9,37,12,5,Saturday,September,True,18,10001-15000,9.49288426657184,False,12641.583333333334,4.923565745324621,2,12,INR,2026-09-12 18:38:45.753617,6aa54ee0e6425008351cb9e1,280,2026-09-12 18:38:45.759818
9084dd8780a7eb529c6cce844f90df88c8e2873c7f5352f85996a408610189b8,56,MAA,PNQ,MAA-PNQ,2026-09-12,2026-09-19,2026-09-12 18:38:45.764584,2026-09-12,0,0-3 days,IndiGo,Round trip,INR,13936.0,13936.0,,,1,365.0,,,,102.0,,,WyJDalJJYUdSaFJFOXhTek5sYzFWQlJ6bHZkRUZDUnkwdExTMHRMUzEyZEd0ek1pMXVNa0ZCUVVGQlIzRnNWSFZKVFRabFYxTkJFZ3cyUlRjNU5udzJSVFk0TnpZYUNnandiQkFBR2dOSlRsSTRISEQ0Y1E9PSIsW1siTUFBIiwiMjAyNi0wOS0xMiIsIkJMUiIsbnVsbCwiNkUiLCI3OTYiXSxbIkJMUiIsIjIwMjYtMDktMTMiLCJQTlEiLG51bGwsIjZFIiwiNjg3NiJdXV0=,SerpApi,Google Flights,2026,9,37,12,5,Saturday,September,True,18,10001-15000,9.54230245311951,False,12641.583333333334,10.239355565956254,2,12,INR,2026-09-12 18:38:45.753617,6aa54ee0e6425008351cb9e1,281,2026-09-12 18:38:45.764584
6cb762a65e248fb56415dac49e0652fe3e01242a823d5182723401372c849baf,56,MAA,PNQ,MAA-PNQ,2026-09-12,2026-09-19,2026-09-12 18:38:45.768865,2026-09-12,0,0-3 days,IndiGo,Round trip,INR,16434.0,16434.0,,,0,105.0,,,,72.0,,,WyJDalJJYUdSaFJFOXhTek5sYzFWQlJ6bHZkRUZDUnkwdExTMHRMUzEyZEd0ek1pMXVNa0ZCUVVGQlIzRnNWSFZKVFRabFYxTkJFZ1UyUlRVMk1Sb0xDTEtBQVJBQUdnTkpUbEk0SEhDdWhnRT0iLFtbIk1BQSIsIjIwMjYtMDktMTIiLCJQTlEiLG51bGwsIjZFIiwiNTYxIl1dXQ==,SerpApi,Google Flights,2026,9,37,12,5,Saturday,September,True,18,15001-25000,9.70716848609832,False,12641.583333333334,29.9995385599114,2,12,INR,2026-09-12 18:38:45.753617,6aa54ee0e6425008351cb9e1,282,2026-09-12 18:38:45.768865
95a6a5f79c2da3c663253e70a98888072b1cba62242b7786f8bfdd8bea9d9ac0,56,MAA,PNQ,MAA-PNQ,2026-09-12,2026-09-19,2026-09-12 18:38:45.771650,2026-09-12,0,0-3 days,Air India Express,Round trip,INR,19302.0,19302.0,,,0,100.0,,,,89.0,,,WyJDalJJYUdSaFJFOXhTek5sYzFWQlJ6bHZkRUZDUnkwdExTMHRMUzEyZEd0ek1pMXVNa0ZCUVVGQlIzRnNWSFZKVFRabFYxTkJFZ1pKV0RJMk5qRWFDd2ptbGdFUUFCb0RTVTVTT0J4dzZKMEIiLFtbIk1BQSIsIjIwMjYtMDktMTIiLCJQTlEiLG51bGwsIklYIiwiMjY2MSJdXV0=,SerpApi,Google Flights,2026,9,37,12,5,Saturday,September,True,18,15001-25000,9.868015803227875,True,12641.583333333334,52.68657011582145,2,12,INR,2026-09-12 18:38:45.753617,6aa54ee0e6425008351cb9e1,283,2026-09-12 18:38:45.771650
8314721f8f996657393605c3a734d58d022df3fc7db5d7e9e86e7db8a5d8eaa2,57,MAA,AMD,MAA-AMD,2026-09-12,2026-09-19,2026-09-12 18:38:53.739319,2026-09-12,0,0-3 days,IndiGo,Round trip,INR,20778.0,20778.0,,,1,470.0,,,,124.0,,,WyJDalJJTTBsaFdqaGtWSHBvZFVsQlNHeGFUbmRDUnkwdExTMHRMWFozWkc0eU1pMXVNVUZCUVVGQlIzRnNWSFZ2UVVwd2FtTkJFZ3MyUlRVMk1YdzJSVGd4T1JvTENLcWlBUkFBR2dOSlRsSTRISER3cVFFPSIsW1siTUFBIiwiMjAyNi0wOS0xMiIsIlBOUSIsbnVsbCwiNkUiLCI1NjEiXSxbIlBOUSIsIjIwMjYtMDktMTMiLCJBTUQiLG51bGwsIjZFIiwiODE5Il1dXQ==,SerpApi,Google Flights,2026,9,37,12,5,Saturday,September,True,18,15001-25000,9.94169814029988,False,23634.38888888889,-12.085731948972667,2,18,INR,2026-09-12 18:38:53.734715,6aa54ee8b463f39bd690f7d6,284,2026-09-12 18:38:53.739319
e66ae0d788c7195fa93dfef95249ee41d6932468e1e65de320b0a626ac7a42f9,57,MAA,AMD,MAA-AMD,2026-09-12,2026-09-19,2026-09-12 18:38:53.742241,2026-09-12,0,0-3 days,IndiGo,Round trip,INR,33553.0,33553.0,,,1,535.0,,,,213.0,,,WyJDalJJTTBsaFdqaGtWSHBvZFVsQlNHeGFUbmRDUnkwdExTMHRMWFozWkc0eU1pMXVNVUZCUVVGQlIzRnNWSFZ2UVVwd2FtTkJFZzAyUlRZeU1qVjhOa1UxTVRRMEdnc0lrWVlDRUFBYUEwbE9VamdjY0txU0FnPT0iLFtbIk1BQSIsIjIwMjYtMDktMTIiLCJCT00iLG51bGwsIjZFIiwiNjIyNSJdLFsiQk9NIiwiMjAyNi0wOS0xMyIsIkFNRCIsbnVsbCwiNkUiLCI1MTQ0Il1dXQ==,SerpApi,Google Flights,2026,9,37,12,5,Saturday,September,True,18,25000+,10.420911360330345,False,23634.38888888889,41.966860906541534,2,18,INR,2026-09-12 18:38:53.734715,6aa54ee8b463f39bd690f7d6,285,2026-09-12 18:38:53.742241
20370f878c40e6ecf31a466a7f0d6b546bdf014668410635e0aea01bca0438b1,57,MAA,AMD,MAA-AMD,2026-09-12,2026-09-19,2026-09-12 18:38:53.744444,2026-09-12,0,0-3 days,IndiGo,Round trip,INR,33733.0,33733.0,,,1,410.0,,,,201.0,,,WyJDalJJTTBsaFdqaGtWSHBvZFVsQlNHeGFUbmRDUnkwdExTMHRMWFozWkc0eU1pMXVNVUZCUVVGQlIzRnNWSFZ2UVVwd2FtTkJFZ3cyUlRZeU1qVjhOa1UyTXpJYUN3akZod0lRQUJvRFNVNVNPQnh3NXBNQyIsW1siTUFBIiwiMjAyNi0wOS0xMiIsIkJPTSIsbnVsbCwiNkUiLCI2MjI1Il0sWyJCT00iLCIyMDI2LTA5LTEzIiwiQU1EIixudWxsLCI2RSIsIjYzMiJdXV0=,SerpApi,Google Flights,2026,9,37,12,5,Saturday,September,True,18,25000+,10.42626150981796,False,23634.38888888889,42.72846299765642,2,18,INR,2026-09-12 18:38:53.734715,6aa54ee8b463f39bd690f7d6,286,2026-09-12 18:38:53.744444
0853267e7238b40fec40f2a27fe1aa7be17ef9e3f35a31383b07dc8ee8ef4c62,57,MAA,AMD,MAA-AMD,2026-09-12,2026-09-19,2026-09-12 18:38:53.746608,2026-09-12,0,0-3 days,IndiGo,Round trip,INR,34087.0,34087.0,,,1,260.0,,,,201.0,,,WyJDalJJTTBsaFdqaGtWSHBvZFVsQlNHeGFUbmRDUnkwdExTMHRMWFozWkc0eU1pMXVNVUZCUVVGQlIzRnNWSFZ2UVVwd2FtTkJFZ3cyUlRZeU1qVjhOa1U1TVRFYUN3aW5pZ0lRQUJvRFNVNVNPQnh3MkpZQyIsW1siTUFBIiwiMjAyNi0wOS0xMiIsIkJPTSIsbnVsbCwiNkUiLCI2MjI1Il0sWyJCT00iLCIyMDI2LTA5LTEzIiwiQU1EIixudWxsLCI2RSIsIjkxMSJdXV0=,SerpApi,Google Flights,2026,9,37,12,5,Saturday,September,True,18,25000+,10.436700695179749,False,23634.38888888889,44.226280443515684,2,18,INR,2026-09-12 18:38:53.734715,6aa54ee8b463f39bd690f7d6,287,2026-09-12 18:38:53.746608
159cc5619f45cd7dd8a529ac3d8c8118a51d607ebb71db0583dbe893da436bfc,57,MAA,AMD,MAA-AMD,2026-09-12,2026-09-19,2026-09-12 18:38:53.749068,2026-09-12,0,0-3 days,Air India,Round trip,INR,37453.0,37453.0,,,1,855.0,,,,154.0,,,WyJDalJJTTBsaFdqaGtWSHBvZFVsQlNHeGFUbmRDUnkwdExTMHRMWFozWkc0eU1pMXVNVUZCUVVGQlIzRnNWSFZ2UVVwd2FtTkJFZ3hCU1RRek5ueEJTVEk0TkRjYUN3ak5wQUlRQUJvRFNVNVNPQnh3bTdJQyIsW1siTUFBIiwiMjAyNi0wOS0xMiIsIkJPTSIsbnVsbCwiQUkiLCI0MzYiXSxbIkJPTSIsIjIwMjYtMDktMTMiLCJBTUQiLG51bGwsIkFJIiwiMjg0NyJdXV0=,SerpApi,Google Flights,2026,9,37,12,5,Saturday,September,True,18,25000+,10.530868792320454,False,23634.38888888889,58.468239547363886,2,18,INR,2026-09-12 18:38:53.734715,6aa54ee8b463f39bd690f7d6,288,2026-09-12 18:38:53.749068
157f38a790f99f923701184720e96af90c464e833ed82298d69da73a50fd0a07,57,MAA,AMD,MAA-AMD,2026-09-12,2026-09-19,2026-09-12 18:38:53.753302,2026-09-12,0,0-3 days,Air India,Round trip,INR,39077.0,39077.0,,,1,595.0,,,,246.0,,,WyJDalJJTTBsaFdqaGtWSHBvZFVsQlNHeGFUbmRDUnkwdExTMHRMWFozWkc0eU1pMXVNVUZCUVVGQlIzRnNWSFZ2UVVwd2FtTkJFZ3hCU1RJNE16aDhRVWs0TVRjYUN3aWxzUUlRQUJvRFNVNVNPQnh3djc4QyIsW1siTUFBIiwiMjAyNi0wOS0xMiIsIkRFTCIsbnVsbCwiQUkiLCIyODM4Il0sWyJERUwiLCIyMDI2LTA5LTEzIiwiQU1EIixudWxsLCJBSSIsIjgxNyJdXV0=,SerpApi,Google Flights,2026,9,37,12,5,Saturday,September,True,18,25000+,10.573314927774456,False,23634.38888888889,65.33958285831145,2,18,INR,2026-09-12 18:38:53.734715,6aa54ee8b463f39bd690f7d6,289,2026-09-12 18:38:53.753302
9446ad58a0d66177323362e9fc310259c78cfde5a569dae01ad15db360ec0ac1,58,MAA,COK,MAA-COK,2026-09-12,2026-09-19,2026-09-12 18:38:59.157716,2026-09-12,0,0-3 days,IndiGo,Round trip,INR,13366.0,13366.0,,,0,75.0,,,,55.0,,,WyJDalJJTVdFM2NsOUJhREUwUVVGQlNqTnBTMUZDUnkwdExTMHRMUzB0TFc5NVlXZ3hNa0ZCUVVGQlIzRnNWSFpOUmxoc1kwOUJFZ1UyUlRFMU5ob0tDTFpvRUFBYUEwbE9VamdjY0tSdCIsW1siTUFBIiwiMjAyNi0wOS0xMiIsIkNPSyIsbnVsbCwiNkUiLCIxNTYiXV1d,SerpApi,Google Flights,2026,9,37,12,5,Saturday,September,True,18,10001-15000,9.500544261971474,False,40356.6,-66.8802624601676,4,10,INR,2026-09-12 18:38:59.152959,6aa54ef0afea458dc838ea85,290,2026-09-12 18:38:59.157716
c0d04a80ddf292ce662a6776780b744932e518fd4f53264c14ddb0e79905d16a,59,MAA,GOI,MAA-GOI,2026-09-12,2026-09-19,2026-09-12 18:39:03.167428,2026-09-12,0,0-3 days,IndiGo,Round trip,INR,22727.0,22727.0,,,1,560.0,,,,89.0,,,WyJDalJJV1hScVNVd3RWSFl3ZG10QlIyNVdVR2RDUnkwdExTMHRMUzB0TFMxMmRHUnlNa0ZCUVVGQlIzRnNWSFpaU1dkMFdUWkJFZ3MyUlRjNU5udzJSVEU1TkJvTENNZXhBUkFBR2dOSlRsSTRISERvdVFFPSIsW1siTUFBIiwiMjAyNi0wOS0xMiIsIkJMUiIsbnVsbCwiNkUiLCI3OTYiXSxbIkJMUiIsIjIwMjYtMDktMTMiLCJHT0kiLG51bGwsIjZFIiwiMTk0Il1dXQ==,SerpApi,Google Flights,2026,9,37,12,5,Saturday,September,True,18,15001-25000,10.031352923534024,False,18397.18181818182,23.535225256832803,2,11,INR,2026-09-12 18:39:03.161964,6aa54ef59c2312cd2851c577,292,2026-09-12 18:39:03.167428
ee0d175aea3a49dce7a41091573a53db0d501ee83a7f130f503e415c44d466d4,60,CCU,BLR,CCU-BLR,2026-09-12,2026-09-19,2026-09-12 18:39:06.689840,2026-09-12,0,0-3 days,Air India Express,Round trip,INR,18785.0,18785.0,,,0,160.0,,,,130.0,,,WyJDalJJT0ZZNVIxTmlWRXBuUmxWQlNtRXRTMmRDUnkwdExTMHRMUzB0TFhsc1pXMHlNVUZCUVVGQlIzRnNWSFp2VFhaRmRTMUJFZ1pKV0RFek56RWFDd2poa2dFUUFCb0RTVTVTT0J4d3k1a0IiLFtbIkNDVSIsIjIwMjYtMDktMTIiLCJCTFIiLG51bGwsIklYIiwiMTM3MSJdXV0=,SerpApi,Google Flights,2026,9,37,12,5,Saturday,September,True,18,15001-25000,9.84086719055446,False,19366.18181818182,-3.0010139512176903,3,22,INR,2026-09-12 18:39:06.684930,6aa54ef9fd9b9040b4ac922a,294,2026-09-12 18:39:06.689840
e30a2cb77a579a4d5f09f5465eee5cdd3e3816cca4200046b677264588f10fbf,60,CCU,BLR,CCU-BLR,2026-09-12,2026-09-19,2026-09-12 18:39:06.693801,2026-09-12,0,0-3 days,Akasa Air,Round trip,INR,19744.0,19744.0,,,0,160.0,,,,111.0,,,WyJDalJJT0ZZNVIxTmlWRXBuUmxWQlNtRXRTMmRDUnkwdExTMHRMUzB0TFhsc1pXMHlNVUZCUVVGQlIzRnNWSFp2VFhaRmRTMUJFZ1pSVURFMU5qUWFDd2lnbWdFUUFCb0RTVTVTT0J4d3RxRUIiLFtbIkNDVSIsIjIwMjYtMDktMTIiLCJCTFIiLG51bGwsIlFQIiwiMTU2NCJdXV0=,SerpApi,Google Flights,2026,9,37,12,5,Saturday,September,True,18,15001-25000,9.89065557372075,False,19366.18181818182,1.95091725031451,3,22,INR,2026-09-12 18:39:06.684930,6aa54ef9fd9b9040b4ac922a,295,2026-09-12 18:39:06.693801
1cf9d569400479af3b2bee8567b1e81effa8898984d693793fca484ee80d74a3,60,CCU,BLR,CCU-BLR,2026-09-12,2026-09-19,2026-09-12 18:39:06.697772,2026-09-12,0,0-3 days,IndiGo,Round trip,INR,22917.0,22917.0,,,1,330.0,,,,175.0,,,WyJDalJJT0ZZNVIxTmlWRXBuUmxWQlNtRXRTMmRDUnkwdExTMHRMUzB0TFhsc1pXMHlNVUZCUVVGQlIzRnNWSFp2VFhaRmRTMUJFZ3cyUlRRM05udzJSVFl3TlRVYUN3aUZzd0VRQUJvRFNVNVNPQnh3cjdzQiIsW1siQ0NVIiwiMjAyNi0wOS0xMiIsIlBOUSIsbnVsbCwiNkUiLCI0NzYiXSxbIlBOUSIsIjIwMjYtMDktMTIiLCJCTFIiLG51bGwsIjZFIiwiNjA1NSJdXV0=,SerpApi,Google Flights,2026,9,37,12,5,Saturday,September,True,18,15001-25000,10.039677906986393,False,19366.18181818182,18.335148431192128,3,22,INR,2026-09-12 18:39:06.684930,6aa54ef9fd9b9040b4ac922a,296,2026-09-12 18:39:06.697772
46a232f79c52c3053248712438748c7bd73b0ecc4189543e1bd8eaa7769bebe1,60,CCU,BLR,CCU-BLR,2026-09-12,2026-09-19,2026-09-12 18:39:06.701167,2026-09-12,0,0-3 days,IndiGo,Round trip,INR,23565.0,23565.0,,,0,160.0,,,,138.0,,,WyJDalJJT0ZZNVIxTmlWRXBuUmxWQlNtRXRTMmRDUnkwdExTMHRMUzB0TFhsc1pXMHlNVUZCUVVGQlIzRnNWSFp2VFhaRmRTMUJFZ1UyUlRVM014b0xDSTI0QVJBQUdnTkpUbEk0SEhEVndBRT0iLFtbIkNDVSIsIjIwMjYtMDktMTIiLCJCTFIiLG51bGwsIjZFIiwiNTczIl1dXQ==,SerpApi,Google Flights,2026,9,37,12,5,Saturday,September,True,18,15001-25000,10.067560274273285,False,19366.18181818182,21.68118744953713,3,22,INR,2026-09-12 18:39:06.684930,6aa54ef9fd9b9040b4ac922a,297,2026-09-12 18:39:06.701167
fd46af39486f9c3efaaecf2bf18205b0032b403b49cd016496fcd4b87605e950,61,CCU,DEL,CCU-DEL,2026-09-12,2026-09-19,2026-09-12 18:39:15.185468,2026-09-12,0,0-3 days,Air India,Round trip,INR,16503.0,16503.0,,,0,155.0,,,,115.0,,,WyJDalJJWWw4emRVUlVWbTVmU2tGQlIzQTVVV2RDUnkwdExTMHRMUzB0TFhaMGRHOHhORUZCUVVGQlIzRnNWSFkwUTFCaVoxTkJFZ1pCU1RJM01UQWFDd2ozZ0FFUUFCb0RTVTVTT0J4dzk0WUIiLFtbIkNDVSIsIjIwMjYtMDktMTIiLCJERUwiLG51bGwsIkFJIiwiMjcxMCJdXV0=,SerpApi,Google Flights,2026,9,37,12,5,Saturday,September,True,18,15001-25000,9.711358054751088,False,16970.2,-2.753061248541566,4,20,INR,2026-09-12 18:39:15.179989,6aa54efd3a9206509f2f500e,298,2026-09-12 18:39:15.185468
00323bebc40e57d3650b23122b15398e29c9455d9fbfa5b8f87ba3aa5f72ee3d,61,CCU,DEL,CCU-DEL,2026-09-12,2026-09-19,2026-09-12 18:39:15.204100,2026-09-12,0,0-3 days,IndiGo,Round trip,INR,16960.0,16960.0,,,0,145.0,,,,99.0,,,WyJDalJJWWw4emRVUlVWbTVmU2tGQlIzQTVVV2RDUnkwdExTMHRMUzB0TFhaMGRHOHhORUZCUVVGQlIzRnNWSFkwUTFCaVoxTkJFZ1kyUlRVeE9UQWFDd2pBaEFFUUFCb0RTVTVTT0J4dzFZb0IiLFtbIkNDVSIsIjIwMjYtMDktMTIiLCJERUwiLG51bGwsIjZFIiwiNTE5MCJdXV0=,SerpApi,Google Flights,2026,9,37,12,5,Saturday,September,True,18,15001-25000,9.738671869871839,False,16970.2,-0.060105361162510196,4,20,INR,2026-09-12 18:39:15.179989,6aa54efd3a9206509f2f500e,299,2026-09-12 18:39:15.204100
51d326e8f3fe5de2a7d2e288e8152d982bfbabe342e8127e51311e1e097365c4,61,CCU,DEL,CCU-DEL,2026-09-12,2026-09-19,2026-09-12 18:39:15.206607,2026-09-12,0,0-3 days,Air India,Round trip,INR,17669.0,17669.0,,,0,155.0,,,,115.0,,,WyJDalJJWWw4emRVUlVWbTVmU2tGQlIzQTVVV2RDUnkwdExTMHRMUzB0TFhaMGRHOHhORUZCUVVGQlIzRnNWSFkwUTFCaVoxTkJFZ1pCU1RJM01EZ2FDd2lGaWdFUUFCb0RTVTVTT0J4d3U1QUIiLFtbIkNDVSIsIjIwMjYtMDktMTIiLCJERUwiLG51bGwsIkFJIiwiMjcwOCJdXV0=,SerpApi,Google Flights,2026,9,37,12,5,Saturday,September,True,18,15001-25000,9.779623565313742,False,16970.2,4.117806507878519,4,20,INR,2026-09-12 18:39:15.179989,6aa54efd3a9206509f2f500e,300,2026-09-12 18:39:15.206607
2dc11d4f9e93ee1ee2627c772642200fce9c070d308515ffeee58e990624bd15,61,CCU,DEL,CCU-DEL,2026-09-12,2026-09-19,2026-09-12 18:39:15.208891,2026-09-12,0,0-3 days,Akasa Air,Round trip,INR,17846.0,17846.0,,,0,140.0,,,,98.0,,,WyJDalJJWWw4emRVUlVWbTVmU2tGQlIzQTVVV2RDUnkwdExTMHRMUzB0TFhaMGRHOHhORUZCUVVGQlIzRnNWSFkwUTFCaVoxTkJFZ1pSVURFNE1EUWFDd2kyaXdFUUFCb0RTVTVTT0J4dzlKRUIiLFtbIkNDVSIsIjIwMjYtMDktMTIiLCJERUwiLG51bGwsIlFQIiwiMTgwNCJdXV0=,SerpApi,Google Flights,2026,9,37,12,5,Saturday,September,True,18,15001-25000,9.789590705856016,False,16970.2,5.160811304522039,4,20,INR,2026-09-12 18:39:15.179989,6aa54efd3a9206509f2f500e,301,2026-09-12 18:39:15.208891
3630e92c1435c047bbcee515a4daa04d607bb37cafde0235b0a1ddf125975e21,62,CCU,BOM,CCU-BOM,2026-09-12,2026-09-19,2026-09-12 18:39:19.527480,2026-09-12,0,0-3 days,Akasa Air,Round trip,INR,18963.0,18963.0,,,0,160.0,,,,116.0,,,WyJDalJJUm1KRFFYUXdUMWRoYzBGQlIxbG9PVUZDUnkwdExTMHRMUzB0TFMxMmQzTnFNa0ZCUVVGQlIzRnNWSGRaU1RZeWFUaEJFZ1pSVURFeE1qWWFDd2lUbEFFUUFCb0RTVTVTT0J4d2hac0IiLFtbIkNDVSIsIjIwMjYtMDktMTIiLCJCT00iLG51bGwsIlFQIiwiMTEyNiJdXV0=,SerpApi,Google Flights,2026,9,37,12,5,Saturday,September,True,18,15001-25000,9.85029772402201,False,18580.235294117647,2.060063824937308,3,17,INR,2026-09-12 18:39:19.522461,6aa54f052f5ea0dc09eabe0b,302,2026-09-12 18:39:19.527480
b2c255e9b69280a7eb0c821c57743d53a055365ca785b75f02f257b9423823d1,62,CCU,BOM,CCU-BOM,2026-09-12,2026-09-19,2026-09-12 18:39:19.530391,2026-09-12,0,0-3 days,IndiGo,Round trip,INR,18968.0,18968.0,,,0,165.0,,,,119.0,,,WyJDalJJUm1KRFFYUXdUMWRoYzBGQlIxbG9PVUZDUnkwdExTMHRMUzB0TFMxMmQzTnFNa0ZCUVVGQlIzRnNWSGRaU1RZeWFUaEJFZ1UyUlRFeE5Sb0xDSmlVQVJBQUdnTkpUbEk0SEhDS213RT0iLFtbIkNDVSIsIjIwMjYtMDktMTIiLCJCT00iLG51bGwsIjZFIiwiMTE1Il1dXQ==,SerpApi,Google Flights,2026,9,37,12,5,Saturday,September,True,18,15001-25000,9.850561346726723,False,18580.235294117647,2.0869741407694375,3,17,INR,2026-09-12 18:39:19.522461,6aa54f052f5ea0dc09eabe0b,303,2026-09-12 18:39:19.530391
400ea1c06e9bb7132472390e4a697e8074881e0b2b02cd48735fce63296b1695,62,CCU,BOM,CCU-BOM,2026-09-12,2026-09-19,2026-09-12 18:39:19.532456,2026-09-12,0,0-3 days,Air India,Round trip,INR,24312.0,24312.0,,,0,190.0,,,,138.0,,,WyJDalJJUm1KRFFYUXdUMWRoYzBGQlIxbG9PVUZDUnkwdExTMHRMUzB0TFMxMmQzTnFNa0ZCUVVGQlIzRnNWSGRaU1RZeWFUaEJFZ1pCU1RJME9ESWFDd2o0dlFFUUFCb0RTVTVTT0J4dzQ4WUIiLFtbIkNDVSIsIjIwMjYtMDktMTIiLCJCT00iLG51bGwsIkFJIiwiMjQ4MiJdXV0=,SerpApi,Google Flights,2026,9,37,12,5,Saturday,September,True,18,15001-25000,10.098766465702033,True,18580.235294117647,30.848719702150284,3,17,INR,2026-09-12 18:39:19.522461,6aa54f052f5ea0dc09eabe0b,304,2026-09-12 18:39:19.532456
8458535ace9e6d7cd26c20ff078bbe8e3da7c4fb414e44780cb8a1106d90fe64,63,CCU,HYD,CCU-HYD,2026-09-12,2026-09-19,2026-09-12 18:39:29.455037,2026-09-12,0,0-3 days,Air India,Round trip,INR,22355.0,22355.0,,,1,350.0,,,,230.0,,,WyJDalJJTTBsaFdqaGtWSHBvZFVsQlNHeGxXV2RDUnkwdExTMHRMWFozWkc0eU1pMXVNVUZCUVVGQlIzRnNWSGR6UWs5R2FuZEJFZzFCU1RJM01UQjhRVWt5TlRjM0dnc0kwNjRCRUFBYUEwbE9VamdjY09PMkFRPT0iLFtbIkNDVSIsIjIwMjYtMDktMTIiLCJERUwiLG51bGwsIkFJIiwiMjcxMCJdLFsiREVMIiwiMjAyNi0wOS0xMyIsIkhZRCIsbnVsbCwiQUkiLCIyNTc3Il1dXQ==,SerpApi,Google Flights,2026,9,37,12,5,Saturday,September,True,18,15001-25000,10.01485002038959,False,22158.69230769231,0.8859173166980705,3,13,INR,2026-09-12 18:39:29.449474,6aa54f0a3d36568a7b02d43c,306,2026-09-12 18:39:29.455037
ca71b07c9178ad832b9c917d8cf03fb48c5c15aaed3630bb324c8d2b279a6da9,63,CCU,HYD,CCU-HYD,2026-09-12,2026-09-19,2026-09-12 18:39:29.460129,2026-09-12,0,0-3 days,IndiGo,Round trip,INR,22671.0,22671.0,,,0,130.0,,,,92.0,,,WyJDalJJTTBsaFdqaGtWSHBvZFVsQlNHeGxXV2RDUnkwdExTMHRMWFozWkc0eU1pMXVNVUZCUVVGQlIzRnNWSGR6UWs5R2FuZEJFZ1kyUlRZeE5UUWFDd2lQc1FFUUFCb0RTVTVTT0J4d3Jia0IiLFtbIkNDVSIsIjIwMjYtMDktMTIiLCJIWUQiLG51bGwsIjZFIiwiNjE1NCJdXV0=,SerpApi,Google Flights,2026,9,37,12,5,Saturday,September,True,18,15001-25000,10.028885961930461,False,22158.69230769231,2.311994251257543,3,13,INR,2026-09-12 18:39:29.449474,6aa54f0a3d36568a7b02d43c,307,2026-09-12 18:39:29.460129
1c70ae709ce86399666e19de8f7704ab0f31201079e00aabfd725d5188b7f6da,64,CCU,MAA,CCU-MAA,2026-09-12,2026-09-19,2026-09-12 18:39:42.423664,2026-09-12,0,0-3 days,IndiGo,Round trip,INR,15693.0,15693.0,,,0,135.0,,,,100.0,,,WyJDalJJVldaVVRWVmpkVmRpYjI5QlMwVlRTMUZDUnkwdExTMHRMUzB0TFMxdmVYSnBPVUZCUVVGQlIzRnNWSGhyUzJkMVoxTkJFZ1UyUlRjeU14b0tDTTE2RUFBYUEwbE9VamdjY0tlQUFRPT0iLFtbIkNDVSIsIjIwMjYtMDktMTIiLCJNQUEiLG51bGwsIjZFIiwiNzIzIl1dXQ==,SerpApi,Google Flights,2026,9,37,12,5,Saturday,September,True,18,15001-25000,9.661033752687418,False,16802.35714285714,-6.602389970794908,3,14,INR,2026-09-12 18:39:42.419227,6aa54f14874d50df72f4a38e,308,2026-09-12 18:39:42.423664
952ba16b226cfc2120cab46544c6c5a6bed29fe0ee8b58484fe3b60f730fe24c,64,CCU,MAA,CCU-MAA,2026-09-12,2026-09-19,2026-09-12 18:39:42.425756,2026-09-12,0,0-3 days,Air India Express,Round trip,INR,19477.0,19477.0,,,1,900.0,,,,176.0,,,WyJDalJJVldaVVRWVmpkVmRpYjI5QlMwVlRTMUZDUnkwdExTMHRMUzB0TFMxdmVYSnBPVUZCUVVGQlIzRnNWSGhyUzJkMVoxTkJFZzFKV0RFek56RjhTVmd5T1RJMkdnc0lsWmdCRUFBYUEwbE9VamdjY0orZkFRPT0iLFtbIkNDVSIsIjIwMjYtMDktMTIiLCJCTFIiLG51bGwsIklYIiwiMTM3MSJdLFsiQkxSIiwiMjAyNi0wOS0xMyIsIk1BQSIsbnVsbCwiSVgiLCIyOTI2Il1dXQ==,SerpApi,Google Flights,2026,9,37,12,5,Saturday,September,True,18,15001-25000,9.877040902521145,False,16802.35714285714,15.91825976797474,3,14,INR,2026-09-12 18:39:42.419227,6aa54f14874d50df72f4a38e,309,2026-09-12 18:39:42.425756
2f6f073fe21541e3416c4b6fc230817ac784b5e5b0395448f3ddd2f4dc52de78,64,CCU,MAA,CCU-MAA,2026-09-12,2026-09-19,2026-09-12 18:39:42.428220,2026-09-12,0,0-3 days,Air India,Round trip,INR,30673.0,30673.0,,,1,710.0,,,,261.0,,,WyJDalJJVldaVVRWVmpkVmRpYjI5QlMwVlRTMUZDUnkwdExTMHRMUzB0TFMxdmVYSnBPVUZCUVVGQlIzRnNWSGhyUzJkMVoxTkJFZzFCU1RJM01UQjhRVWt5T0RNekdnc0kwZThCRUFBYUEwbE9VamdjY09UNkFRPT0iLFtbIkNDVSIsIjIwMjYtMDktMTIiLCJERUwiLG51bGwsIkFJIiwiMjcxMCJdLFsiREVMIiwiMjAyNi0wOS0xMyIsIk1BQSIsbnVsbCwiQUkiLCIyODMzIl1dXQ==,SerpApi,Google Flights,2026,9,37,12,5,Saturday,September,True,18,25000+,10.331170669210724,True,16802.35714285714,82.5517678216917,3,14,INR,2026-09-12 18:39:42.419227,6aa54f14874d50df72f4a38e,310,2026-09-12 18:39:42.428220
49ddf798d3383fb9e0646f4704721d5efb0e3682b96b5c876a83e70c2addd5ae,65,CCU,PNQ,CCU-PNQ,2026-09-12,2026-09-19,2026-09-12 18:39:49.944565,2026-09-12,0,0-3 days,IndiGo,Round trip,INR,18732.0,18732.0,,,1,540.0,,,,141.0,,,WyJDalJJUWpaMGJWVnNSVVJ4V1RSQlJIb3RSSGRDUnkwdExTMHRMUzF2YTNkNk9DMXVNVUZCUVVGQlIzRnNWSGxOVGxaWE4yVkJFZ3cyUlRZeE5UUjhOa1V6TlRFYUN3aXNrZ0VRQUJvRFNVNVNPQnh3azVrQiIsW1siQ0NVIiwiMjAyNi0wOS0xMiIsIkhZRCIsbnVsbCwiNkUiLCI2MTU0Il0sWyJIWUQiLCIyMDI2LTA5LTEzIiwiUE5RIixudWxsLCI2RSIsIjM1MSJdXV0=,SerpApi,Google Flights,2026,9,37,12,5,Saturday,September,True,18,15001-25000,9.838041953461058,False,18959.5,-1.199926158390252,3,14,INR,2026-09-12 18:39:49.939523,6aa54f210d0b29cdf6db671a,311,2026-09-12 18:39:49.944565
5e61b9614a5b03dc198ceda51ec3e5199842de2b8e6a980e291bb745c40c674f,65,CCU,PNQ,CCU-PNQ,2026-09-12,2026-09-19,2026-09-12 18:39:49.947540,2026-09-12,0,0-3 days,IndiGo,Round trip,INR,20789.0,20789.0,,,0,150.0,,,,112.0,,,WyJDalJJUWpaMGJWVnNSVVJ4V1RSQlJIb3RSSGRDUnkwdExTMHRMUzF2YTNkNk9DMXVNVUZCUVVGQlIzRnNWSGxOVGxaWE4yVkJFZ1UyUlRRM05ob0xDTFdpQVJBQUdnTkpUbEk0SEhEOHFRRT0iLFtbIkNDVSIsIjIwMjYtMDktMTIiLCJQTlEiLG51bGwsIjZFIiwiNDc2Il1dXQ==,SerpApi,Google Flights,2026,9,37,12,5,Saturday,September,True,18,15001-25000,9.942227380852058,False,18959.5,9.64951607373612,3,14,INR,2026-09-12 18:39:49.939523,6aa54f210d0b29cdf6db671a,312,2026-09-12 18:39:49.947540
c9aa042b721d2f2568971a67407ca829670edb10d1865af94deb450d9a88ab4c,65,CCU,PNQ,CCU-PNQ,2026-09-12,2026-09-19,2026-09-12 18:39:49.949453,2026-09-12,0,0-3 days,Air India,Round trip,INR,23024.0,23024.0,,,1,345.0,,,,220.0,,,WyJDalJJUWpaMGJWVnNSVVJ4V1RSQlJIb3RSSGRDUnkwdExTMHRMUzF2YTNkNk9DMXVNVUZCUVVGQlIzRnNWSGxOVGxaWE4yVkJFZzFCU1RJM01UQjhRVWt5TnpFeEdnc0k4TE1CRUFBYUEwbE9VamdjY0orOEFRPT0iLFtbIkNDVSIsIjIwMjYtMDktMTIiLCJERUwiLG51bGwsIkFJIiwiMjcxMCJdLFsiREVMIiwiMjAyNi0wOS0xMyIsIlBOUSIsbnVsbCwiQUkiLCIyNzExIl1dXQ==,SerpApi,Google Flights,2026,9,37,12,5,Saturday,September,True,18,15001-25000,10.044335861123507,False,18959.5,21.43780162978981,3,14,INR,2026-09-12 18:39:49.939523,6aa54f210d0b29cdf6db671a,313,2026-09-12 18:39:49.949453
7973dd8859500f160655f340e79b605fb0e8705e5635bdfd63f4c17db85d3d1d,65,CCU,PNQ,CCU-PNQ,2026-09-12,2026-09-19,2026-09-12 18:39:49.951550,2026-09-12,0,0-3 days,IndiGo,Round trip,INR,23123.0,23123.0,,,1,495.0,,,,140.0,,,WyJDalJJUWpaMGJWVnNSVVJ4V1RSQlJIb3RSSGRDUnkwdExTMHRMUzF2YTNkNk9DMXVNVUZCUVVGQlIzRnNWSGxOVGxaWE4yVkJFZ3cyUlRnMk1udzJSVFkyTlRrYUN3alR0QUVRQUJvRFNVNVNPQnh3aHIwQiIsW1siQ0NVIiwiMjAyNi0wOS0xMiIsIk5BRyIsbnVsbCwiNkUiLCI4NjIiXSxbIk5BRyIsIjIwMjYtMDktMTMiLCJQTlEiLG51bGwsIjZFIiwiNjY1OSJdXV0=,SerpApi,Google Flights,2026,9,37,12,5,Saturday,September,True,18,15001-25000,10.048626318202366,False,18959.5,21.959967298715675,3,14,INR,2026-09-12 18:39:49.939523,6aa54f210d0b29cdf6db671a,314,2026-09-12 18:39:49.951550
700792fc9306792e94c48cac02a80d70c93481340c2278acbd735137ae1fda7d,65,CCU,PNQ,CCU-PNQ,2026-09-12,2026-09-19,2026-09-12 18:39:49.953831,2026-09-12,0,0-3 days,IndiGo,Round trip,INR,26609.0,26609.0,,,1,335.0,,,,141.0,,,WyJDalJJUWpaMGJWVnNSVVJ4V1RSQlJIb3RSSGRDUnkwdExTMHRMUzF2YTNkNk9DMXVNVUZCUVVGQlIzRnNWSGxOVGxaWE4yVkJFZ3cyUlRZeE5UUjhOa1V6TXpjYUN3anh6d0VRQUJvRFNVNVNPQnh3eDlrQiIsW1siQ0NVIiwiMjAyNi0wOS0xMiIsIkhZRCIsbnVsbCwiNkUiLCI2MTU0Il0sWyJIWUQiLCIyMDI2LTA5LTEzIiwiUE5RIixudWxsLCI2RSIsIjMzNyJdXV0=,SerpApi,Google Flights,2026,9,37,12,5,Saturday,September,True,18,25000+,10.189042363971735,False,18959.5,40.34652812574171,3,14,INR,2026-09-12 18:39:49.939523,6aa54f210d0b29cdf6db671a,315,2026-09-12 18:39:49.953831
04e75e6d9070a9cb0dbec28b4420a82c484e39b2843ee93fb0d9d55fb2309d43,66,CCU,AMD,CCU-AMD,2026-09-12,2026-09-19,2026-09-12 18:40:02.559557,2026-09-12,0,0-3 days,Air India,Round trip,INR,20062.0,20062.0,,,1,710.0,,,,192.0,,,WyJDalJJWjJRd1JXMUNkbnBVWldkQlJUTlBUbmRDUnkwdExTMHRMUzB0TFhCbVltSnJOMEZCUVVGQlIzRnNWSGxyUzNsTFQybEJFZzFCU1RJM01EaDhRVWt5T1RVNUdnc0kzcHdCRUFBYUEwbE9VamdjY0lPa0FRPT0iLFtbIkNDVSIsIjIwMjYtMDktMTIiLCJERUwiLG51bGwsIkFJIiwiMjcwOCJdLFsiREVMIiwiMjAyNi0wOS0xMyIsIkFNRCIsbnVsbCwiQUkiLCIyOTU5Il1dXQ==,SerpApi,Google Flights,2026,9,37,12,5,Saturday,September,True,18,15001-25000,9.9066326016802,False,20085.076923076922,-0.11489586604673807,2,13,INR,2026-09-12 18:40:02.554614,6aa54f28afea458dce8a1ef9,316,2026-09-12 18:40:02.559557
0ff1064e0fc602a5acd024db9119509cd40097af65e37e6dad850fd8fc1954ab,66,CCU,AMD,CCU-AMD,2026-09-12,2026-09-19,2026-09-12 18:40:02.563411,2026-09-12,0,0-3 days,Air India,Round trip,INR,21342.0,21342.0,,,1,620.0,,,,192.0,,,WyJDalJJWjJRd1JXMUNkbnBVWldkQlJUTlBUbmRDUnkwdExTMHRMUzB0TFhCbVltSnJOMEZCUVVGQlIzRnNWSGxyUzNsTFQybEJFZzFCU1RJM01UQjhRVWt5T1RVNUdnc0kzcVlCRUFBYUEwbE9VamdjY0wrdUFRPT0iLFtbIkNDVSIsIjIwMjYtMDktMTIiLCJERUwiLG51bGwsIkFJIiwiMjcxMCJdLFsiREVMIiwiMjAyNi0wOS0xMyIsIkFNRCIsbnVsbCwiQUkiLCIyOTU5Il1dXQ==,SerpApi,Google Flights,2026,9,37,12,5,Saturday,September,True,18,15001-25000,9.968479096043568,False,20085.076923076922,6.257994837345748,2,13,INR,2026-09-12 18:40:02.554614,6aa54f28afea458dce8a1ef9,317,2026-09-12 18:40:02.563411
288834be623f5bc2d6fd36718d5bf0de2ca402b7d464c57dfe9844edc19f7da8,66,CCU,AMD,CCU-AMD,2026-09-12,2026-09-19,2026-09-12 18:40:02.567739,2026-09-12,0,0-3 days,Air India,Round trip,INR,23120.0,23120.0,,,1,545.0,,,,216.0,,,WyJDalJJWjJRd1JXMUNkbnBVWldkQlJUTlBUbmRDUnkwdExTMHRMUzB0TFhCbVltSnJOMEZCUVVGQlIzRnNWSGxyUzNsTFQybEJFZ3hCU1RJM01UQjhRVWs0TVRjYUN3alF0QUVRQUJvRFNVNVNPQnh3ZzcwQiIsW1siQ0NVIiwiMjAyNi0wOS0xMiIsIkRFTCIsbnVsbCwiQUkiLCIyNzEwIl0sWyJERUwiLCIyMDI2LTA5LTEzIiwiQU1EIixudWxsLCJBSSIsIjgxNyJdXV0=,SerpApi,Google Flights,2026,9,37,12,5,Saturday,September,True,18,15001-25000,10.048496574446103,False,20085.076923076922,15.110338330026885,2,13,INR,2026-09-12 18:40:02.554614,6aa54f28afea458dce8a1ef9,318,2026-09-12 18:40:02.567739
f1d06c23483344b389df29a447173a155ed1b271b19e50a9da5a6c89d9711dcb,67,CCU,COK,CCU-COK,2026-09-12,2026-09-19,2026-09-12 18:40:12.667631,2026-09-12,0,0-3 days,IndiGo,Round trip,INR,31666.0,31666.0,,,1,605.0,,,,184.0,,,WyJDalJJYjNVNGNrOXZaRWRRUm1kQlMxVjJZMEZDUnkwdExTMHRMUzB0TFMxNWJHOW9PRUZCUVVGQlIzRnNWSHAzUmpaNmVHdEJFZ3MyUlRVM00zdzJSVGMyTXhvTENMTDNBUkFBR2dOSlRsSTRISER6Z2dJPSIsW1siQ0NVIiwiMjAyNi0wOS0xMiIsIkJMUiIsbnVsbCwiNkUiLCI1NzMiXSxbIkJMUiIsIjIwMjYtMDktMTMiLCJDT0siLG51bGwsIjZFIiwiNzYzIl1dXQ==,SerpApi,Google Flights,2026,9,37,12,5,Saturday,September,True,18,25000+,10.363030408174957,False,30519.0,3.75831449261117,1,13,INR,2026-09-12 18:40:12.662603,6aa54f35d996125b7c31e1f7,319,2026-09-12 18:40:12.667631
ae2505e557d2cba95641a532e0b4399badd8c7607ec54b0c4950d7a0b6f94eb3,68,CCU,GOI,CCU-GOI,2026-09-12,2026-09-19,2026-09-12 18:40:37.263258,2026-09-12,0,0-3 days,Air India,Round trip,INR,28826.0,28826.0,,,1,900.0,,,,246.0,,,WyJDalJJWWpWMVQzWlNheTAyVGxsQlNqTmFVbEZDUnkwdExTMHRMUzB0TFMxNWJHNTBPRUZCUVVGQlIzRnNWREJyUkdJelF6UkJFZzFCU1RJM01UQjhRVWt5TmpJM0dnc0ltdUVCRUFBYUEwbE9VamdjY05mckFRPT0iLFtbIkNDVSIsIjIwMjYtMDktMTIiLCJERUwiLG51bGwsIkFJIiwiMjcxMCJdLFsiREVMIiwiMjAyNi0wOS0xMyIsIkdPSSIsbnVsbCwiQUkiLCIyNjI3Il1dXQ==,SerpApi,Google Flights,2026,9,37,12,5,Saturday,September,True,18,25000+,10.269067726945378,False,32328.5,-10.834093756283158,3,12,INR,2026-09-12 18:40:37.258023,6aa54f3f73d175e5c38db589,320,2026-09-12 18:40:37.263258
9c7ee19079886a80e5829e5f54a9147dfb29ad5e0020f897d277944d678516e5,68,CCU,GOI,CCU-GOI,2026-09-12,2026-09-19,2026-09-12 18:40:37.267404,2026-09-12,0,0-3 days,"Air India, Air India Express",Round trip,INR,31306.0,31306.0,,,1,535.0,,,,261.0,,,WyJDalJJWWpWMVQzWlNheTAyVGxsQlNqTmFVbEZDUnkwdExTMHRMUzB0TFMxNWJHNTBPRUZCUVVGQlIzRnNWREJyUkdJelF6UkJFZzFCU1RJM01UQjhTVmd4TVRBNEdnc0l5dlFCRUFBYUEwbE9VamdjY1ByL0FRPT0iLFtbIkNDVSIsIjIwMjYtMDktMTIiLCJERUwiLG51bGwsIkFJIiwiMjcxMCJdLFsiREVMIiwiMjAyNi0wOS0xMyIsIkdPSSIsbnVsbCwiSVgiLCIxMTA4Il1dXQ==,SerpApi,Google Flights,2026,9,37,12,5,Saturday,September,True,18,25000+,10.351596993696585,False,32328.5,-3.1628439302782363,3,12,INR,2026-09-12 18:40:37.258023,6aa54f3f73d175e5c38db589,321,2026-09-12 18:40:37.267404
396d91fd738db9e5d3abd13e160a060903df2fd0855ead7d618227edb28995fe,68,CCU,GOI,CCU-GOI,2026-09-12,2026-09-19,2026-09-12 18:40:37.270604,2026-09-12,0,0-3 days,Air India,Round trip,INR,41376.0,41376.0,,,1,965.0,,,,208.0,,,WyJDalJJWWpWMVQzWlNheTAyVGxsQlNqTmFVbEZDUnkwdExTMHRMUzB0TFMxNWJHNTBPRUZCUVVGQlIzRnNWREJyUkdJelF6UkJFZzFCU1RJME9ESjhRVWt5TkRJd0dnc0lvTU1DRUFBYUEwbE9VamdjY0tUU0FnPT0iLFtbIkNDVSIsIjIwMjYtMDktMTIiLCJCT00iLG51bGwsIkFJIiwiMjQ4MiJdLFsiQk9NIiwiMjAyNi0wOS0xMyIsIkdPSSIsbnVsbCwiQUkiLCIyNDIwIl1dXQ==,SerpApi,Google Flights,2026,9,37,12,5,Saturday,September,True,18,25000+,10.630480449879682,True,32328.5,27.986142258378834,3,12,INR,2026-09-12 18:40:37.258023,6aa54f3f73d175e5c38db589,322,2026-09-12 18:40:37.270604
429bdea0b54e61c6851de5b59b4908f2c63bca8c20105e7244bbf98cddad4b67,68,CCU,GOI,CCU-GOI,2026-09-12,2026-09-19,2026-09-12 18:40:37.273665,2026-09-12,0,0-3 days,Air India,Round trip,INR,46058.0,46058.0,,,1,595.0,,,,193.0,,,WyJDalJJWWpWMVQzWlNheTAyVGxsQlNqTmFVbEZDUnkwdExTMHRMUzB0TFMxNWJHNTBPRUZCUVVGQlIzRnNWREJyUkdJelF6UkJFZ3hCU1RJME9ESjhRVWsyTURNYUN3anE1d0lRQUJvRFNVNVNPQnh3eVBnQyIsW1siQ0NVIiwiMjAyNi0wOS0xMiIsIkJPTSIsbnVsbCwiQUkiLCIyNDgyIl0sWyJCT00iLCIyMDI2LTA5LTEzIiwiR09JIixudWxsLCJBSSIsIjYwMyJdXV0=,SerpApi,Google Flights,2026,9,37,12,5,Saturday,September,True,18,25000+,10.73767846232701,True,32328.5,42.46871955086069,3,12,INR,2026-09-12 18:40:37.258023,6aa54f3f73d175e5c38db589,323,2026-09-12 18:40:37.273665
c3e2f9958e8a33b4f5a6eae2ad4a21e2693ad8f9200c2c625b114b16bf308fbd,69,PNQ,BLR,PNQ-BLR,2026-09-12,2026-09-19,2026-09-12 18:40:48.122948,2026-09-12,0,0-3 days,IndiGo,Round trip,INR,9308.0,9308.0,,,0,100.0,,,,63.0,,,WyJDalJJUmt3MmFrbHJaVmw0UXpSQlRFeFZNMEZDUnkwdExTMHRMUzB0TFhsc1ozVXhNVUZCUVVGQlIzRnNWREZ6UmxNeWVFbEJFZ1kyUlRZd05UVWFDZ2pjU0JBQUdnTkpUbEk0SEhDTlRBPT0iLFtbIlBOUSIsIjIwMjYtMDktMTIiLCJCTFIiLG51bGwsIjZFIiwiNjA1NSJdXV0=,SerpApi,Google Flights,2026,9,37,12,5,Saturday,September,True,18,7501-10000,9.13873695311649,False,10349.235294117647,-10.060987739929628,3,17,INR,2026-09-12 18:40:48.117469,6aa54f5823df78d3aadf07ba,324,2026-09-12 18:40:48.122948
cc4bb6aca4f0f54c1602b18df6d251d7fb4bef2a4eb014b4bde7ee1c79f321e7,69,PNQ,BLR,PNQ-BLR,2026-09-12,2026-09-19,2026-09-12 18:40:48.126397,2026-09-12,0,0-3 days,Akasa Air,Round trip,INR,10124.0,10124.0,,,0,105.0,,,,69.0,,,WyJDalJJUmt3MmFrbHJaVmw0UXpSQlRFeFZNMEZDUnkwdExTMHRMUzB0TFhsc1ozVXhNVUZCUVVGQlIzRnNWREZ6UmxNeWVFbEJFZ1pSVURFek1UZ2FDZ2lNVHhBQUdnTkpUbEk0SEhEalVnPT0iLFtbIlBOUSIsIjIwMjYtMDktMTIiLCJCTFIiLG51bGwsIlFQIiwiMTMxOCJdXV0=,SerpApi,Google Flights,2026,9,37,12,5,Saturday,September,True,18,10001-15000,9.22276289197474,False,10349.235294117647,-2.1763472151963503,3,17,INR,2026-09-12 18:40:48.117469,6aa54f5823df78d3aadf07ba,325,2026-09-12 18:40:48.126397
656834a1499a7f66bd82cc35fb948730e953fa168030333a909eebb6794fd6af,69,PNQ,BLR,PNQ-BLR,2026-09-12,2026-09-19,2026-09-12 18:40:48.128894,2026-09-12,0,0-3 days,IndiGo,Round trip,INR,10270.0,10270.0,,,0,100.0,,,,63.0,,,WyJDalJJUmt3MmFrbHJaVmw0UXpSQlRFeFZNMEZDUnkwdExTMHRMUzB0TFhsc1ozVXhNVUZCUVVGQlIzRnNWREZ6UmxNeWVFbEJFZ1UyUlRFd054b0tDSjVRRUFBYUEwbE9VamdjY1B4VCIsW1siUE5RIiwiMjAyNi0wOS0xMiIsIkJMUiIsbnVsbCwiNkUiLCIxMDciXV1d,SerpApi,Google Flights,2026,9,37,12,5,Saturday,September,True,18,10001-15000,9.237079669165805,False,10349.235294117647,-0.765614964447503,3,17,INR,2026-09-12 18:40:48.117469,6aa54f5823df78d3aadf07ba,326,2026-09-12 18:40:48.128894
84542ec18fd964dfa720acff5096b1f9fafa66e5b36d9346a234b4b11e9fd311,69,PNQ,BLR,PNQ-BLR,2026-09-12,2026-09-19,2026-09-12 18:40:48.131545,2026-09-12,0,0-3 days,Air India Express,Round trip,INR,23018.0,23018.0,,,0,105.0,,,,78.0,,,WyJDalJJUmt3MmFrbHJaVmw0UXpSQlRFeFZNMEZDUnkwdExTMHRMUzB0TFhsc1ozVXhNVUZCUVVGQlIzRnNWREZ6UmxNeWVFbEJFZ1pKV0RJNE56UWFDd2pxc3dFUUFCb0RTVTVTT0J4d21id0IiLFtbIlBOUSIsIjIwMjYtMDktMTIiLCJCTFIiLG51bGwsIklYIiwiMjg3NCJdXV0=,SerpApi,Google Flights,2026,9,37,12,5,Saturday,September,True,18,15001-25000,10.044075240845775,True,10349.235294117647,122.41256813518477,3,17,INR,2026-09-12 18:40:48.117469,6aa54f5823df78d3aadf07ba,327,2026-09-12 18:40:48.131545
a32b16f9397fbf101beee8ae6b5711dabd89d76986c40625cbb6f9084c7856df,70,PNQ,DEL,PNQ-DEL,2026-09-12,2026-09-19,2026-09-12 18:40:55.624041,2026-09-12,0,0-3 days,IndiGo,Round trip,INR,18221.0,18221.0,,,1,485.0,,,,122.0,,,WyJDalJJY1ZKaVRHeFRTV2R1TlRSQlNHaGhVR2RDUnkwdExTMHRMUzB0TFMxMmQybDRORUZCUVVGQlIzRnNWREpqUjI1UlowVkJFZ3cyUlRVME4zdzJSVEl5TURrYUN3aXRqZ0VRQUJvRFNVNVNPQnh3L0pRQiIsW1siUE5RIiwiMjAyNi0wOS0xMiIsIkFNRCIsbnVsbCwiNkUiLCI1NDciXSxbIkFNRCIsIjIwMjYtMDktMTMiLCJERUwiLG51bGwsIjZFIiwiMjIwOSJdXV0=,SerpApi,Google Flights,2026,9,37,12,5,Saturday,September,True,18,15001-25000,9.810384934273804,False,17427.782608695652,4.551453326647348,5,23,INR,2026-09-12 18:40:55.621715,6aa54f6255ba65ab38da2e19,328,2026-09-12 18:40:55.624041
38ae5a163b86aff5a7ec93fa39671cffe9adec680b2bef793fa3e409a0618e0c,70,PNQ,DEL,PNQ-DEL,2026-09-12,2026-09-19,2026-09-12 18:40:55.627074,2026-09-12,0,0-3 days,Akasa Air,Round trip,INR,19144.0,19144.0,,,0,145.0,,,,99.0,,,WyJDalJJY1ZKaVRHeFRTV2R1TlRSQlNHaGhVR2RDUnkwdExTMHRMUzB0TFMxMmQybDRORUZCUVVGQlIzRnNWREpqUjI1UlowVkJFZ1pSVURFNE1UQWFDd2pJbFFFUUFCb0RTVTVTT0J4d3dwd0IiLFtbIlBOUSIsIjIwMjYtMDktMTIiLCJERUwiLG51bGwsIlFQIiwiMTgxMCJdXV0=,SerpApi,Google Flights,2026,9,37,12,5,Saturday,September,True,18,15001-25000,9.859796863911395,False,17427.782608695652,9.847594670179305,5,23,INR,2026-09-12 18:40:55.621715,6aa54f6255ba65ab38da2e19,329,2026-09-12 18:40:55.627074
9931a3d7b6c16542c3b4dba6e06c14717718a69024aa9ea85513ff481c17c960,70,PNQ,DEL,PNQ-DEL,2026-09-12,2026-09-19,2026-09-12 18:40:55.629184,2026-09-12,0,0-3 days,IndiGo,Round trip,INR,19297.0,19297.0,,,0,135.0,,,,96.0,,,WyJDalJJY1ZKaVRHeFRTV2R1TlRSQlNHaGhVR2RDUnkwdExTMHRMUzB0TFMxMmQybDRORUZCUVVGQlIzRnNWREpqUjI1UlowVkJFZ1kyUlRJMk1qUWFDd2pobGdFUUFCb0RTVTVTT0J4dzQ1MEIiLFtbIlBOUSIsIjIwMjYtMDktMTIiLCJERUwiLG51bGwsIjZFIiwiMjYyNCJdXV0=,SerpApi,Google Flights,2026,9,37,12,5,Saturday,September,True,18,15001-25000,9.86775674258033,False,17427.782608695652,10.72550325691861,5,23,INR,2026-09-12 18:40:55.621715,6aa54f6255ba65ab38da2e19,330,2026-09-12 18:40:55.629184
b8458284ffdc53c8d885985310196a9b28bf15dc0ad46efeefdbee09509b3709,70,PNQ,DEL,PNQ-DEL,2026-09-12,2026-09-19,2026-09-12 18:40:55.631023,2026-09-12,0,0-3 days,IndiGo,Round trip,INR,18844.0,18844.0,,,1,640.0,,,,113.0,,,WyJDalJJY1ZKaVRHeFRTV2R1TlRSQlNHaGhVR2RDUnkwdExTMHRMUzB0TFMxMmQybDRORUZCUVVGQlIzRnNWREpqUjI1UlowVkJFZzAyUlRZeE1UZDhOa1V5TVRZMUdnc0luSk1CRUFBYUEwbE9VamdjY0lpYUFRPT0iLFtbIlBOUSIsIjIwMjYtMDktMTIiLCJKQUkiLG51bGwsIjZFIiwiNjExNyJdLFsiSkFJIiwiMjAyNi0wOS0xMyIsIkRFTCIsbnVsbCwiNkUiLCIyMTY1Il1dXQ==,SerpApi,Google Flights,2026,9,37,12,5,Saturday,September,True,18,15001-25000,9.844002905701236,False,17427.782608695652,8.126205284415944,5,23,INR,2026-09-12 18:40:55.621715,6aa54f6255ba65ab38da2e19,331,2026-09-12 18:40:55.631023
3ad230ad77431914fc81280ac22b227bc182e4f0ac158f693bd3922c1659b937,70,PNQ,DEL,PNQ-DEL,2026-09-12,2026-09-19,2026-09-12 18:40:55.633892,2026-09-12,0,0-3 days,Air India Express,Round trip,INR,23471.0,23471.0,,,0,150.0,,,,113.0,,,WyJDalJJY1ZKaVRHeFRTV2R1TlRSQlNHaGhVR2RDUnkwdExTMHRMUzB0TFMxMmQybDRORUZCUVVGQlIzRnNWREpqUjI1UlowVkJFZ1pKV0RFeU16RWFDd2l2dHdFUUFCb0RTVTVTT0J4dzg3OEIiLFtbIlBOUSIsIjIwMjYtMDktMTIiLCJERUwiLG51bGwsIklYIiwiMTIzMSJdXV0=,SerpApi,Google Flights,2026,9,37,12,5,Saturday,September,True,18,15001-25000,10.063563500382763,False,17427.782608695652,34.67576757750619,5,23,INR,2026-09-12 18:40:55.621715,6aa54f6255ba65ab38da2e19,332,2026-09-12 18:40:55.633892
ec965b60c1f3333854d95f549eda35b12e4a5d4fb84eafd94da52adba9fe44b6,70,PNQ,DEL,PNQ-DEL,2026-09-12,2026-09-19,2026-09-12 18:40:55.636104,2026-09-12,0,0-3 days,Air India,Round trip,INR,27180.0,27180.0,,,0,145.0,,,,111.0,,,WyJDalJJY1ZKaVRHeFRTV2R1TlRSQlNHaGhVR2RDUnkwdExTMHRMUzB0TFMxMmQybDRORUZCUVVGQlIzRnNWREpqUjI1UlowVkJFZ1pCU1RFNE1EUWFDd2lzMUFFUUFCb0RTVTVTT0J4d25ONEIiLFtbIlBOUSIsIjIwMjYtMDktMTIiLCJERUwiLG51bGwsIkFJIiwiMTgwNCJdXV0=,SerpApi,Google Flights,2026,9,37,12,5,Saturday,September,True,18,25000+,10.21027347878698,True,17427.782608695652,55.95787835016055,5,23,INR,2026-09-12 18:40:55.621715,6aa54f6255ba65ab38da2e19,333,2026-09-12 18:40:55.636104
c5a1de345d9257005305f3b9cb8c6dce51b49acaaeb92f3492c14e75c729202b,70,PNQ,DEL,PNQ-DEL,2026-09-12,2026-09-19,2026-09-12 18:40:55.638535,2026-09-12,0,0-3 days,Air India,Round trip,INR,27269.0,27269.0,,,0,145.0,,,,111.0,,,WyJDalJJY1ZKaVRHeFRTV2R1TlRSQlNHaGhVR2RDUnkwdExTMHRMUzB0TFMxMmQybDRORUZCUVVGQlIzRnNWREpqUjI1UlowVkJFZ1pCU1RJNU56SWFDd2lGMVFFUUFCb0RTVTVTT0J4dytkNEIiLFtbIlBOUSIsIjIwMjYtMDktMTIiLCJERUwiLG51bGwsIkFJIiwiMjk3MiJdXV0=,SerpApi,Google Flights,2026,9,37,12,5,Saturday,September,True,18,25000+,10.213542475839635,True,17427.782608695652,56.46855720127033,5,23,INR,2026-09-12 18:40:55.621715,6aa54f6255ba65ab38da2e19,334,2026-09-12 18:40:55.638535
51a2416e8858824f7bf01b01adc23bb5fcde78cbaf38045bb092fba6900595b7,70,PNQ,DEL,PNQ-DEL,2026-09-12,2026-09-19,2026-09-12 18:40:55.640905,2026-09-12,0,0-3 days,Air India,Round trip,INR,31732.0,31732.0,,,0,150.0,,,,111.0,,,WyJDalJJY1ZKaVRHeFRTV2R1TlRSQlNHaGhVR2RDUnkwdExTMHRMUzB0TFMxMmQybDRORUZCUVVGQlIzRnNWREpqUjI1UlowVkJFZ1pCU1RJMU5EZ2FDd2owOXdFUUFCb0RTVTVTT0J4d3VJTUMiLFtbIlBOUSIsIjIwMjYtMDktMTIiLCJERUwiLG51bGwsIkFJIiwiMjU0OCJdXV0=,SerpApi,Google Flights,2026,9,37,12,5,Saturday,September,True,18,25000+,10.365112427854497,True,17427.782608695652,82.07709329680995,5,23,INR,2026-09-12 18:40:55.621715,6aa54f6255ba65ab38da2e19,335,2026-09-12 18:40:55.640905
5f1ea612699ee21a356562d5774883314e21721af7a034b8c2164e55c82b0e1e,71,PNQ,HYD,PNQ-HYD,2026-09-12,2026-09-19,2026-09-12 18:41:23.072679,2026-09-12,0,0-3 days,IndiGo,Round trip,INR,9830.0,9830.0,,,0,80.0,,,,50.0,,,WyJDalJJWjJRd1JXMUNkbnBVWldkQlJUTllTVkZDUnkwdExTMHRMUzB0TFhCbVltSnJOMEZCUVVGQlIzRnNWRFJOU0dNdGJrbEJFZ1UyUlRFd014b0tDT1pNRUFBYUEwbE9VamdjY0s5USIsW1siUE5RIiwiMjAyNi0wOS0xMiIsIkhZRCIsbnVsbCwiNkUiLCIxMDMiXV1d,SerpApi,Google Flights,2026,9,37,12,5,Saturday,September,True,18,7501-10000,9.193295937366925,False,10099.25,-2.666039557392874,2,8,INR,2026-09-12 18:41:23.068246,6aa54f7c41ffc8dec6acb5ad,336,2026-09-12 18:41:23.072679
a7fe9cea6ee1f047e5a4570c4da211ca888b9f3410666cf0a650b152b1763b78,71,PNQ,HYD,PNQ-HYD,2026-09-12,2026-09-19,2026-09-12 18:41:23.075097,2026-09-12,0,0-3 days,Star Air,Round trip,INR,10881.0,10881.0,,,0,70.0,,,,93.0,,,WyJDalJJWjJRd1JXMUNkbnBVWldkQlJUTllTVkZDUnkwdExTMHRMUzB0TFhCbVltSnJOMEZCUVVGQlIzRnNWRFJOU0dNdGJrbEJFZ1ZUTlRFM05Cb0tDSUZWRUFBYUEwbE9VamdjY1B0WSIsW1siUE5RIiwiMjAyNi0wOS0xMiIsIkhZRCIsbnVsbCwiUzUiLCIxNzQiXV1d,SerpApi,Google Flights,2026,9,37,12,5,Saturday,September,True,18,10001-15000,9.294865327045871,False,10099.25,7.7406738124118135,2,8,INR,2026-09-12 18:41:23.068246,6aa54f7c41ffc8dec6acb5ad,337,2026-09-12 18:41:23.075097
e32b1aac4d83ad332fc6cac67323790866f2ed80b74c6841b7859a97007cd2e5,72,PNQ,MAA,PNQ-MAA,2026-09-12,2026-09-19,2026-09-12 18:41:30.497763,2026-09-12,0,0-3 days,IndiGo,Round trip,INR,12312.0,12312.0,,,1,505.0,,,,99.0,,,WyJDalJJWDBoWGFIaFNkMkpSWkRSQlIxUm9jMEZDUnkwdExTMHRMUzB0TFhscGRISXhPVUZCUVVGQlIzRnNWRFJaUjFvemQwTkJFZzAyUlRZd05UVjhOa1UyTWpZNUdnb0ltR0FRQUJvRFNVNVNPQnh3MVdRPSIsW1siUE5RIiwiMjAyNi0wOS0xMiIsIkJMUiIsbnVsbCwiNkUiLCI2MDU1Il0sWyJCTFIiLCIyMDI2LTA5LTEzIiwiTUFBIixudWxsLCI2RSIsIjYyNjkiXV1d,SerpApi,Google Flights,2026,9,37,12,5,Saturday,September,True,18,10001-15000,9.418410893792872,False,11841.666666666666,3.9718508092892346,2,9,INR,2026-09-12 18:41:30.493390,6aa54f85a204abc9f1dad38a,339,2026-09-12 18:41:30.497763
7f0cc9ff4cc1595914d9bbbd6feebb247bc650d4e48bf900779620aad9196c2d,72,PNQ,MAA,PNQ-MAA,2026-09-12,2026-09-19,2026-09-12 18:41:30.500650,2026-09-12,0,0-3 days,IndiGo,Round trip,INR,13480.0,13480.0,,,0,110.0,,,,79.0,,,WyJDalJJWDBoWGFIaFNkMkpSWkRSQlIxUm9jMEZDUnkwdExTMHRMUzB0TFhscGRISXhPVUZCUVVGQlIzRnNWRFJaUjFvemQwTkJFZ1UyUlRJek9Cb0tDS2hwRUFBYUEwbE9VamdjY0p0dSIsW1siUE5RIiwiMjAyNi0wOS0xMiIsIk1BQSIsbnVsbCwiNkUiLCIyMzgiXV1d,SerpApi,Google Flights,2026,9,37,12,5,Saturday,September,True,18,10001-15000,9.509036565691064,False,11841.666666666666,13.83532723434202,2,9,INR,2026-09-12 18:41:30.493390,6aa54f85a204abc9f1dad38a,340,2026-09-12 18:41:30.500650
c80cac3a949877218ee94170e52947568aafac314a29cf00b8eec8c5542f07aa,73,PNQ,CCU,PNQ-CCU,2026-09-12,2026-09-19,2026-09-12 18:41:38.474124,2026-09-12,0,0-3 days,IndiGo,Round trip,INR,14342.0,14342.0,,,1,585.0,,,,143.0,,,WyJDalJJVGxaWU5VRk5WRzFOYkRCQlIzWmpVMUZDUnkwdExTMHRMUzB0TFMxMmRHaGlNVUZCUVVGQlIzRnNWRFZKVEc1SGREQkJFZ3cyUlRFd00zdzJSVFkwT1RRYUNnaUdjQkFBR2dOSlRsSTRISENoZFE9PSIsW1siUE5RIiwiMjAyNi0wOS0xMiIsIkhZRCIsbnVsbCwiNkUiLCIxMDMiXSxbIkhZRCIsIjIwMjYtMDktMTMiLCJDQ1UiLG51bGwsIjZFIiwiNjQ5NCJdXV0=,SerpApi,Google Flights,2026,9,37,12,5,Saturday,September,True,18,10001-15000,9.571017297294214,False,16288.333333333334,-11.949247927964802,4,12,INR,2026-09-12 18:41:38.469041,6aa54f8dc29c3deccc021f53,342,2026-09-12 18:41:38.474124
fcf9830ebdc0c497d66b595c2a54442382bc7192828b9bd26e99bd3f672fed71,73,PNQ,CCU,PNQ-CCU,2026-09-12,2026-09-19,2026-09-12 18:41:38.478055,2026-09-12,0,0-3 days,IndiGo,Round trip,INR,15114.0,15114.0,,,0,155.0,,,,114.0,,,WyJDalJJVGxaWU5VRk5WRzFOYkRCQlIzWmpVMUZDUnkwdExTMHRMUzB0TFMxMmRHaGlNVUZCUVVGQlIzRnNWRFZKVEc1SGREQkJFZ1kyUlRZNU1qRWFDZ2lLZGhBQUdnTkpUbEk0SEhESmV3PT0iLFtbIlBOUSIsIjIwMjYtMDktMTIiLCJDQ1UiLG51bGwsIjZFIiwiNjkyMSJdXV0=,SerpApi,Google Flights,2026,9,37,12,5,Saturday,September,True,18,15001-25000,9.623442907213558,False,16288.333333333334,-7.209659265322832,4,12,INR,2026-09-12 18:41:38.469041,6aa54f8dc29c3deccc021f53,343,2026-09-12 18:41:38.478055
bec15abf60291fc083d21c3b434d1eb650e794cadb34b1e0e4f6120430dfe180,74,PNQ,AMD,PNQ-AMD,2026-09-12,2026-09-19,2026-09-12 18:41:46.630447,2026-09-12,0,0-3 days,IndiGo,Round trip,INR,9691.0,9691.0,,,0,80.0,,,,57.0,,,WyJDalJJVDBWS2NGRnVWWFJsZVd0QlN6TkpSRUZDUnkwdExTMHRMUzB0TFMxNWJHdDJPVUZCUVVGQlIzRnNWRFZWVGpST1NqSkJFZ1UyUlRVME54b0tDTnRMRUFBYUEwbE9VamdjY0o1UCIsW1siUE5RIiwiMjAyNi0wOS0xMiIsIkFNRCIsbnVsbCwiNkUiLCI1NDciXV1d,SerpApi,Google Flights,2026,9,37,12,5,Saturday,September,True,18,7501-10000,9.179056081936416,False,8694.111111111111,11.466254297289357,2,9,INR,2026-09-12 18:41:46.625844,6aa54f95f0114a893c88e6cd,345,2026-09-12 18:41:46.630447
5d10bea1d5b9b1437fe96b14f74eb85af2eb628176471765cbaf8cf0603e5494,74,PNQ,AMD,PNQ-AMD,2026-09-12,2026-09-19,2026-09-12 18:41:46.633212,2026-09-12,0,0-3 days,Akasa Air,Round trip,INR,10071.0,10071.0,,,0,85.0,,,,55.0,,,WyJDalJJVDBWS2NGRnVWWFJsZVd0QlN6TkpSRUZDUnkwdExTMHRMUzB0TFMxNWJHdDJPVUZCUVVGQlIzRnNWRFZWVGpST1NqSkJFZ1pSVURFNU1UZ2FDZ2pYVGhBQUdnTkpUbEk0SEhDclVnPT0iLFtbIlBOUSIsIjIwMjYtMDktMTIiLCJBTUQiLG51bGwsIlFQIiwiMTkxOCJdXV0=,SerpApi,Google Flights,2026,9,37,12,5,Saturday,September,True,18,10001-15000,9.217514575724183,False,8694.111111111111,15.837028895676507,2,9,INR,2026-09-12 18:41:46.625844,6aa54f95f0114a893c88e6cd,346,2026-09-12 18:41:46.633212
fd8013a76fd8f2e754d043668f95bed236b784b2fb8f4ba36bc31710bf183934,75,PNQ,COK,PNQ-COK,2026-09-12,2026-09-19,2026-09-12 18:41:53.227124,2026-09-12,0,0-3 days,IndiGo,Round trip,INR,13509.0,13509.0,,,1,495.0,,,,110.0,,,WyJDalJJUVY5UmNtcE9jVkJqTWpSQlNHeDBUWGRDUnkwdExTMHRMWFozYUdReE55MXVNa0ZCUVVGQlIzRnNWRFUwUW1sVFMxVkJFZ3cyUlRZd05UVjhOa1UzTmpNYUNnakZhUkFBR2dOSlRsSTRISEM1Ymc9PSIsW1siUE5RIiwiMjAyNi0wOS0xMiIsIkJMUiIsbnVsbCwiNkUiLCI2MDU1Il0sWyJCTFIiLCIyMDI2LTA5LTEzIiwiQ09LIixudWxsLCI2RSIsIjc2MyJdXV0=,SerpApi,Google Flights,2026,9,37,12,5,Saturday,September,True,18,10001-15000,9.511185430954244,False,25499.8,-47.023113906775734,4,15,INR,2026-09-12 18:41:53.222106,6aa54f9da89e02ad74223fde,347,2026-09-12 18:41:53.227124
342d1b3db8619ad1bdc662763720eca06a0e6f3955de6d1a9af4c9020e9e8827,75,PNQ,COK,PNQ-COK,2026-09-12,2026-09-19,2026-09-12 18:41:53.230859,2026-09-12,0,0-3 days,"Air India, Air India Express",Round trip,INR,50453.0,50453.0,,,1,1470.0,,,,295.0,,,WyJDalJJUVY5UmNtcE9jVkJqTWpSQlNHeDBUWGRDUnkwdExTMHRMWFozYUdReE55MXVNa0ZCUVVGQlIzRnNWRFUwUW1sVFMxVkJFZzFCU1RFNE1EUjhTVmd4T0RFMUdnc0lsWW9ERUFBYUEwbE9VamdjY01DY0F3PT0iLFtbIlBOUSIsIjIwMjYtMDktMTIiLCJERUwiLG51bGwsIkFJIiwiMTgwNCJdLFsiREVMIiwiMjAyNi0wOS0xMyIsIkNPSyIsbnVsbCwiSVgiLCIxODE1Il1dXQ==,SerpApi,Google Flights,2026,9,37,12,5,Saturday,September,True,18,25000+,10.828817309060954,False,25499.8,97.85645377610805,4,15,INR,2026-09-12 18:41:53.222106,6aa54f9da89e02ad74223fde,348,2026-09-12 18:41:53.230859
b1e4395e0f7df6dc255db605135bb59aab0d106fed1f3500cda5650a88412502,75,PNQ,COK,PNQ-COK,2026-09-12,2026-09-19,2026-09-12 18:41:53.234437,2026-09-12,0,0-3 days,Air India,Round trip,INR,50740.0,50740.0,,,1,1335.0,,,,276.0,,,WyJDalJJUVY5UmNtcE9jVkJqTWpSQlNHeDBUWGRDUnkwdExTMHRMWFozYUdReE55MXVNa0ZCUVVGQlIzRnNWRFUwUW1sVFMxVkJFZzFCU1RFNE1EUjhRVWt4TnpNNEdnc0l0SXdERUFBYUEwbE9VamdjY095ZUF3PT0iLFtbIlBOUSIsIjIwMjYtMDktMTIiLCJERUwiLG51bGwsIkFJIiwiMTgwNCJdLFsiREVMIiwiMjAyNi0wOS0xMyIsIkNPSyIsbnVsbCwiQUkiLCIxNzM4Il1dXQ==,SerpApi,Google Flights,2026,9,37,12,5,Saturday,September,True,18,25000+,10.834489541275977,False,25499.8,98.9819527996298,4,15,INR,2026-09-12 18:41:53.222106,6aa54f9da89e02ad74223fde,349,2026-09-12 18:41:53.234437
adbdb51ca6b112efc167b9b410576771b642feb7f10f16d66c66af7daf7dec7f,75,PNQ,COK,PNQ-COK,2026-09-12,2026-09-19,2026-09-12 18:41:53.241310,2026-09-12,0,0-3 days,Air India,Round trip,INR,51504.0,51504.0,,,1,1040.0,,,,276.0,,,WyJDalJJUVY5UmNtcE9jVkJqTWpSQlNHeDBUWGRDUnkwdExTMHRMWFozYUdReE55MXVNa0ZCUVVGQlIzRnNWRFUwUW1sVFMxVkJFZzFCU1RFNE1EUjhRVWt5TkRVNEdnc0lzSklERUFBYUEwbE9VamdjY0l5bEF3PT0iLFtbIlBOUSIsIjIwMjYtMDktMTIiLCJERUwiLG51bGwsIkFJIiwiMTgwNCJdLFsiREVMIiwiMjAyNi0wOS0xMyIsIkNPSyIsbnVsbCwiQUkiLCIyNDU4Il1dXQ==,SerpApi,Google Flights,2026,9,37,12,5,Saturday,September,True,18,25000+,10.849434169317794,False,25499.8,101.978054729841,4,15,INR,2026-09-12 18:41:53.222106,6aa54f9da89e02ad74223fde,350,2026-09-12 18:41:53.241310
25d639dcdc50b5be52ee4bc8d122e33007c57a9f7e2a6c07fc778095d66567e1,75,PNQ,COK,PNQ-COK,2026-09-12,2026-09-19,2026-09-12 18:41:53.244862,2026-09-12,0,0-3 days,"Air India, Air India Express",Round trip,INR,52269.0,52269.0,,,1,985.0,,,,295.0,,,WyJDalJJUVY5UmNtcE9jVkJqTWpSQlNHeDBUWGRDUnkwdExTMHRMWFozYUdReE55MXVNa0ZCUVVGQlIzRnNWRFUwUW1sVFMxVkJFZzFCU1RFNE1EUjhTVmd4T0RFeUdnc0lyWmdERUFBYUEwbE9VamdjY0t5ckF3PT0iLFtbIlBOUSIsIjIwMjYtMDktMTIiLCJERUwiLG51bGwsIkFJIiwiMTgwNCJdLFsiREVMIiwiMjAyNi0wOS0xMyIsIkNPSyIsbnVsbCwiSVgiLCIxODEyIl1dXQ==,SerpApi,Google Flights,2026,9,37,12,5,Saturday,September,True,18,25000+,10.864177871706968,False,25499.8,104.97807825943735,4,15,INR,2026-09-12 18:41:53.222106,6aa54f9da89e02ad74223fde,351,2026-09-12 18:41:53.244862
8e55edbf86f93df6deadf3c0b443eb9d99f32128fec4fe84dd8aa3081fa64865,76,PNQ,GOI,PNQ-GOI,2026-09-12,2026-09-19,2026-09-12 18:42:10.988781,2026-09-12,0,0-3 days,"Air India, Air India Express",Round trip,INR,42331.0,42331.0,,,1,565.0,,,,257.0,,,WyJDalJJVlVSYWVHNTVja1JuUmxsQlJWUXlPWGRDUnkwdExTMHRMUzB0TFhCbVltbHRORUZCUVVGQlIzRnNWRGRKUTNoMVRrOUJFZzFCU1RFNE1EUjhTVmd4TVRBNEdnc0kyOG9DRUFBYUEwbE9VamdjY0l6YUFnPT0iLFtbIlBOUSIsIjIwMjYtMDktMTIiLCJERUwiLG51bGwsIkFJIiwiMTgwNCJdLFsiREVMIiwiMjAyNi0wOS0xMyIsIkdPSSIsbnVsbCwiSVgiLCIxMTA4Il1dXQ==,SerpApi,Google Flights,2026,9,37,12,5,Saturday,September,True,18,25000+,10.653298580213615,False,29013.81818181818,45.899446031984766,4,11,INR,2026-09-12 18:42:10.983632,6aa54fa3f96561671a7630a7,352,2026-09-12 18:42:10.988781
387d381a0fe27aeeb3e5b1380eef21c63a387747c7cfb16b793092ab15737d65,76,PNQ,GOI,PNQ-GOI,2026-09-12,2026-09-19,2026-09-12 18:42:10.991772,2026-09-12,0,0-3 days,Air India,Round trip,INR,43856.0,43856.0,,,1,1230.0,,,,242.0,,,WyJDalJJVlVSYWVHNTVja1JuUmxsQlJWUXlPWGRDUnkwdExTMHRMUzB0TFhCbVltbHRORUZCUVVGQlIzRnNWRGRKUTNoMVRrOUJFZ3hCU1RFNE1EUjhRVWswT0RjYUN3alExZ0lRQUJvRFNVNVNPQnh3eU9ZQyIsW1siUE5RIiwiMjAyNi0wOS0xMiIsIkRFTCIsbnVsbCwiQUkiLCIxODA0Il0sWyJERUwiLCIyMDI2LTA5LTEzIiwiR09JIixudWxsLCJBSSIsIjQ4NyJdXV0=,SerpApi,Google Flights,2026,9,37,12,5,Saturday,September,True,18,25000+,10.688689620179726,False,29013.81818181818,51.15556223993585,4,11,INR,2026-09-12 18:42:10.983632,6aa54fa3f96561671a7630a7,353,2026-09-12 18:42:10.991772
4a93ca45549754719592fc31bf4931af7990528f01f86c2d917d5ea104338efa,76,PNQ,GOI,PNQ-GOI,2026-09-12,2026-09-19,2026-09-12 18:42:10.994101,2026-09-12,0,0-3 days,Air India,Round trip,INR,47726.0,47726.0,,,1,930.0,,,,242.0,,,WyJDalJJVlVSYWVHNTVja1JuUmxsQlJWUXlPWGRDUnkwdExTMHRMUzB0TFhCbVltbHRORUZCUVVGQlIzRnNWRGRKUTNoMVRrOUJFZzFCU1RFNE1EUjhRVWt5TmpJM0dnc0k3dlFDRUFBYUEwbE9VamdjY0pxR0F3PT0iLFtbIlBOUSIsIjIwMjYtMDktMTIiLCJERUwiLG51bGwsIkFJIiwiMTgwNCJdLFsiREVMIiwiMjAyNi0wOS0xMyIsIkdPSSIsbnVsbCwiQUkiLCIyNjI3Il1dXQ==,SerpApi,Google Flights,2026,9,37,12,5,Saturday,September,True,18,25000+,10.77325255447335,False,29013.81818181818,64.4940341906051,4,11,INR,2026-09-12 18:42:10.983632,6aa54fa3f96561671a7630a7,354,2026-09-12 18:42:10.994101
9a2f359132f6c9fae2ea3a71088ddd08cd247be9cf51f782b11b9f83285fda31,77,AMD,BLR,AMD-BLR,2026-09-12,2026-09-19,2026-09-12 18:42:22.671652,2026-09-12,0,0-3 days,IndiGo,Round trip,INR,19025.0,19025.0,,,0,130.0,,,,94.0,,,WyJDalJJVGxaWU5VRk5WRzFOYkRCQlIzWm9abmRDUnkwdExTMHRMUzB0TFMxMmRHaGlNVUZCUVVGQlIzRnNWRGQzUWtjNFYwTkJFZ1UyUlRrNU5ob0xDTkdVQVJBQUdnTkpUbEk0SEhER213RT0iLFtbIkFNRCIsIjIwMjYtMDktMTIiLCJCTFIiLG51bGwsIjZFIiwiOTk2Il1dXQ==,SerpApi,Google Flights,2026,9,37,12,5,Saturday,September,True,18,15001-25000,9.853561743766402,False,18526.3125,2.6917795972620118,3,16,INR,2026-09-12 18:42:22.666925,6aa54fb59d26cfddf08b41b6,355,2026-09-12 18:42:22.671652
877d91cb9b255221422e3a6daae61481ba87637c9d4fa8b44f8cf3d3a25910b1,77,AMD,BLR,AMD-BLR,2026-09-12,2026-09-19,2026-09-12 18:42:22.674854,2026-09-12,0,0-3 days,Air India,Round trip,INR,27324.0,27324.0,,,1,595.0,,,,222.0,,,WyJDalJJVGxaWU5VRk5WRzFOYkRCQlIzWm9abmRDUnkwdExTMHRMUzB0TFMxMmRHaGlNVUZCUVVGQlIzRnNWRGQzUWtjNFYwTkJFZzFCU1RJMU5EWjhRVWt5TkRBNUdnc0l2TlVCRUFBYUEwbE9VamdjY0xQZkFRPT0iLFtbIkFNRCIsIjIwMjYtMDktMTIiLCJERUwiLG51bGwsIkFJIiwiMjU0NiJdLFsiREVMIiwiMjAyNi0wOS0xMyIsIkJMUiIsbnVsbCwiQUkiLCIyNDA5Il1dXQ==,SerpApi,Google Flights,2026,9,37,12,5,Saturday,September,True,18,25000+,10.215557313044739,True,18526.3125,47.487526187415874,3,16,INR,2026-09-12 18:42:22.666925,6aa54fb59d26cfddf08b41b6,356,2026-09-12 18:42:22.674854
fc78f54cfe0a60cbd36d6d7506a69c43f6045e75f4c9945aa16831897237e6a2,77,AMD,BLR,AMD-BLR,2026-09-12,2026-09-19,2026-09-12 18:42:22.678616,2026-09-12,0,0-3 days,IndiGo,Round trip,INR,36383.0,36383.0,,,1,430.0,,,,187.0,,,WyJDalJJVGxaWU5VRk5WRzFOYkRCQlIzWm9abmRDUnkwdExTMHRMUzB0TFMxMmRHaGlNVUZCUVVGQlIzRnNWRGQzUWtjNFYwTkJFZzAyUlRZek5URjhOa1UxTWprMEdnc0luNXdDRUFBYUEwbE9VamdjY0x1cEFnPT0iLFtbIkFNRCIsIjIwMjYtMDktMTIiLCJCT00iLG51bGwsIjZFIiwiNjM1MSJdLFsiQk9NIiwiMjAyNi0wOS0xMyIsIkJMUiIsbnVsbCwiNkUiLCI1Mjk0Il1dXQ==,SerpApi,Google Flights,2026,9,37,12,5,Saturday,September,True,18,25000+,10.501884396550263,True,18526.3125,96.38554623322908,3,16,INR,2026-09-12 18:42:22.666925,6aa54fb59d26cfddf08b41b6,357,2026-09-12 18:42:22.678616
24cb9505898d6b804f283249d897482034eb95a632f0fbf1173f5591988ef82c,78,AMD,DEL,AMD-DEL,2026-09-12,2026-09-19,2026-09-12 18:42:27.136832,2026-09-12,0,0-3 days,IndiGo,Round trip,INR,14685.0,14685.0,,,0,100.0,,,,66.0,,,WyJDalJJYjFwemNXOUxkVlJzTjJkQlFXMXphM2RDUnkwdExTMHRMUzB0TFMxdmVXWnlOVUZCUVVGQlIzRnNWRGhKUTJNNGFtdEJFZ1UyUlRrek1ob0tDTjF5RUFBYUEwbE9VamdjY0loNCIsW1siQU1EIiwiMjAyNi0wOS0xMiIsIkRFTCIsbnVsbCwiNkUiLCI5MzIiXV1d,SerpApi,Google Flights,2026,9,37,12,5,Saturday,September,True,18,10001-15000,9.594649938011555,False,14267.0,2.9298380878951535,2,18,INR,2026-09-12 18:42:27.131417,6aa54fc15c4bf427e600c441,359,2026-09-12 18:42:27.136832
c5fbceadd4b2dc038dc6cb9ffcf1986208e269943d19a2f26711c12bc8162428,78,AMD,DEL,AMD-DEL,2026-09-12,2026-09-19,2026-09-12 18:42:27.141272,2026-09-12,0,0-3 days,Air India,Round trip,INR,14947.0,14947.0,,,0,130.0,,,,103.0,,,WyJDalJJYjFwemNXOUxkVlJzTjJkQlFXMXphM2RDUnkwdExTMHRMUzB0TFMxdmVXWnlOVUZCUVVGQlIzRnNWRGhKUTJNNGFtdEJFZ1ZCU1RVek1ob0tDT04wRUFBYUEwbE9VamdjY0pwNiIsW1siQU1EIiwiMjAyNi0wOS0xMiIsIkRFTCIsbnVsbCwiQUkiLCI1MzIiXV1d,SerpApi,Google Flights,2026,9,37,12,5,Saturday,September,True,18,10001-15000,9.612332790605375,False,14267.0,4.766243779350954,2,18,INR,2026-09-12 18:42:27.131417,6aa54fc15c4bf427e600c441,360,2026-09-12 18:42:27.141272
6c1c46f6cd0fd0902cfd1c35fef08c813acf7b4ff9aad75a1b71ef9926fff80f,78,AMD,DEL,AMD-DEL,2026-09-12,2026-09-19,2026-09-12 18:42:27.146259,2026-09-12,0,0-3 days,Air India,Round trip,INR,16995.0,16995.0,,,0,105.0,,,,79.0,,,WyJDalJJYjFwemNXOUxkVlJzTjJkQlFXMXphM2RDUnkwdExTMHRMUzB0TFMxdmVXWnlOVUZCUVVGQlIzRnNWRGhKUTJNNGFtdEJFZ1pCU1RJMU5EWWFDd2pqaEFFUUFCb0RTVTVTT0J4dytZb0IiLFtbIkFNRCIsIjIwMjYtMDktMTIiLCJERUwiLG51bGwsIkFJIiwiMjU0NiJdXV0=,SerpApi,Google Flights,2026,9,37,12,5,Saturday,September,True,18,15001-25000,9.740733301234702,False,14267.0,19.121048573631462,2,18,INR,2026-09-12 18:42:27.131417,6aa54fc15c4bf427e600c441,362,2026-09-12 18:42:27.146259
edd296656f5bc86821101bdc243dcac88a5364014d8c4380012766db8a52f5be,79,AMD,BOM,AMD-BOM,2026-09-12,2026-09-19,2026-09-12 18:42:34.961386,2026-09-12,0,0-3 days,IndiGo,Round trip,INR,11738.0,11738.0,,,0,95.0,,,,49.0,,,WyJDalJJUnkxMVYyZEZZaTFyYjNkQlMyTndSMmRDUnkwdExTMHRMUzB0TFMxNWJHOW9PRUZCUVVGQlIzRnNWRGh2VGpWbVNEaEJFZ1UyUlRnMk9Cb0tDTnBiRUFBYUEwbE9VamdjY1B4ZiIsW1siQU1EIiwiMjAyNi0wOS0xMiIsIkJPTSIsbnVsbCwiNkUiLCI4NjgiXV1d,SerpApi,Google Flights,2026,9,37,12,5,Saturday,September,True,18,10001-15000,9.370671910878523,False,9792.941176470587,19.86184526669872,3,17,INR,2026-09-12 18:42:34.956279,6aa54fc528c7fbfe8c9707f0,363,2026-09-12 18:42:34.961386
a6686bdfd0133ed8481d3147efa03ca4f7d150538832e707cedb6465404f6044,79,AMD,BOM,AMD-BOM,2026-09-12,2026-09-19,2026-09-12 18:42:34.965154,2026-09-12,0,0-3 days,IndiGo,Round trip,INR,11793.0,11793.0,,,0,75.0,,,,53.0,,,WyJDalJJUnkxMVYyZEZZaTFyYjNkQlMyTndSMmRDUnkwdExTMHRMUzB0TFMxNWJHOW9PRUZCUVVGQlIzRnNWRGh2VGpWbVNEaEJFZ1kyUlRZek5URWFDZ2lSWEJBQUdnTkpUbEk0SEhDMllBPT0iLFtbIkFNRCIsIjIwMjYtMDktMTIiLCJCT00iLG51bGwsIjZFIiwiNjM1MSJdXV0=,SerpApi,Google Flights,2026,9,37,12,5,Saturday,September,True,18,10001-15000,9.37534620656045,False,9792.941176470587,20.42347429120617,3,17,INR,2026-09-12 18:42:34.956279,6aa54fc528c7fbfe8c9707f0,364,2026-09-12 18:42:34.965154
f7039a397db372859b7434772ef1f2eb03f30ab6cf7dda99c8c8864c3a5e9e36,79,AMD,BOM,AMD-BOM,2026-09-12,2026-09-19,2026-09-12 18:42:34.967768,2026-09-12,0,0-3 days,Air India,Round trip,INR,11854.0,11854.0,,,0,100.0,,,,79.0,,,WyJDalJJUnkxMVYyZEZZaTFyYjNkQlMyTndSMmRDUnkwdExTMHRMUzB0TFMxNWJHOW9PRUZCUVVGQlIzRnNWRGh2VGpWbVNEaEJFZ1pCU1RJME9UUWFDZ2pPWEJBQUdnTkpUbEk0SEhEMVlBPT0iLFtbIkFNRCIsIjIwMjYtMDktMTIiLCJCT00iLG51bGwsIkFJIiwiMjQ5NCJdXV0=,SerpApi,Google Flights,2026,9,37,12,5,Saturday,September,True,18,10001-15000,9.380504998499505,False,9792.941176470587,21.046371936568974,3,17,INR,2026-09-12 18:42:34.956279,6aa54fc528c7fbfe8c9707f0,365,2026-09-12 18:42:34.967768
571a15acb59623b1476dc7370c8f9618397bfd75fcfe1e2dee161df40df46ff2,80,AMD,HYD,AMD-HYD,2026-09-12,2026-09-19,2026-09-12 18:42:43.443871,2026-09-12,0,0-3 days,IndiGo,Round trip,INR,18849.0,18849.0,,,0,95.0,,,,76.0,,,WyJDalJJTkZwb0xXdGFkSEZsUWxGQlFWRk5RbEZDUnkwdExTMHRMUzB0TFc5NVozQXlOVUZCUVVGQlIzRnNWRGcwU21WalFYZEJFZ1kyUlRZM01qZ2FDd2loa3dFUUFCb0RTVTVTT0J4d2pwb0IiLFtbIkFNRCIsIjIwMjYtMDktMTIiLCJIWUQiLG51bGwsIjZFIiwiNjcyOCJdXV0=,SerpApi,Google Flights,2026,9,37,12,5,Saturday,September,True,18,15001-25000,9.844268192876157,False,18596.933333333334,1.3554206069817942,3,15,INR,2026-09-12 18:42:43.438476,6aa54fcd13f4b6fde27c4c6f,367,2026-09-12 18:42:43.443871
94840021f2da32dce9a49061a1ed018098e2bef3cdc566ab00ed7851f7041bc9,80,AMD,HYD,AMD-HYD,2026-09-12,2026-09-19,2026-09-12 18:42:43.446918,2026-09-12,0,0-3 days,IndiGo,Round trip,INR,19480.0,19480.0,,,1,285.0,,,,122.0,,,WyJDalJJTkZwb0xXdGFkSEZsUWxGQlFWRk5RbEZDUnkwdExTMHRMUzB0TFc5NVozQXlOVUZCUVVGQlIzRnNWRGcwU21WalFYZEJFZ3cyUlRnMk9IdzJSVFl4T0RjYUN3aVltQUVRQUJvRFNVNVNPQnh3b3A4QiIsW1siQU1EIiwiMjAyNi0wOS0xMiIsIkJPTSIsbnVsbCwiNkUiLCI4NjgiXSxbIkJPTSIsIjIwMjYtMDktMTMiLCJIWUQiLG51bGwsIjZFIiwiNjE4NyJdXV0=,SerpApi,Google Flights,2026,9,37,12,5,Saturday,September,True,18,15001-25000,9.877194910581204,False,18596.933333333334,4.748453149981713,3,15,INR,2026-09-12 18:42:43.438476,6aa54fcd13f4b6fde27c4c6f,368,2026-09-12 18:42:43.446918
bf32c5cf3d6246cc1f160cfdfe17b6a7a6498844e2e8099b373d394e25048d17,80,AMD,HYD,AMD-HYD,2026-09-12,2026-09-19,2026-09-12 18:42:43.450066,2026-09-12,0,0-3 days,Air India,Round trip,INR,26369.0,26369.0,,,1,410.0,,,,218.0,,,WyJDalJJTkZwb0xXdGFkSEZsUWxGQlFWRk5RbEZDUnkwdExTMHRMUzB0TFc5NVozQXlOVUZCUVVGQlIzRnNWRGcwU21WalFYZEJFZ3hCU1RVek1ueEJTVEkxTnpjYUN3aUJ6Z0VRQUJvRFNVNVNPQnh3eTljQiIsW1siQU1EIiwiMjAyNi0wOS0xMiIsIkRFTCIsbnVsbCwiQUkiLCI1MzIiXSxbIkRFTCIsIjIwMjYtMDktMTMiLCJIWUQiLG51bGwsIkFJIiwiMjU3NyJdXV0=,SerpApi,Google Flights,2026,9,37,12,5,Saturday,September,True,18,25000+,10.179982279347332,False,18596.933333333334,41.792195128945984,3,15,INR,2026-09-12 18:42:43.438476,6aa54fcd13f4b6fde27c4c6f,369,2026-09-12 18:42:43.450066
d32b054b106ea0bbd3195e243d1e78c3382730e5acf501d31329f4f4313f6677,80,AMD,HYD,AMD-HYD,2026-09-12,2026-09-19,2026-09-12 18:42:43.453214,2026-09-12,0,0-3 days,Air India,Round trip,INR,29192.0,29192.0,,,1,320.0,,,,194.0,,,WyJDalJJTkZwb0xXdGFkSEZsUWxGQlFWRk5RbEZDUnkwdExTMHRMUzB0TFc5NVozQXlOVUZCUVVGQlIzRnNWRGcwU21WalFYZEJFZzFCU1RJMU5EWjhRVWt5TlRjM0dnc0lpT1FCRUFBYUEwbE9VamdjY05idUFRPT0iLFtbIkFNRCIsIjIwMjYtMDktMTIiLCJERUwiLG51bGwsIkFJIiwiMjU0NiJdLFsiREVMIiwiMjAyNi0wOS0xMyIsIkhZRCIsbnVsbCwiQUkiLCIyNTc3Il1dXQ==,SerpApi,Google Flights,2026,9,37,12,5,Saturday,September,True,18,25000+,10.281684233490099,False,18596.933333333334,56.97211726664611,3,15,INR,2026-09-12 18:42:43.438476,6aa54fcd13f4b6fde27c4c6f,370,2026-09-12 18:42:43.453214
3deadf53cf52f9fa28a2124dede2ba59ecf604c40d5c05ff37d222628586d3ab,80,AMD,HYD,AMD-HYD,2026-09-12,2026-09-19,2026-09-12 18:42:43.456459,2026-09-12,0,0-3 days,IndiGo,Round trip,INR,32746.0,32746.0,,,1,485.0,,,,169.0,,,WyJDalJJTkZwb0xXdGFkSEZsUWxGQlFWRk5RbEZDUnkwdExTMHRMUzB0TFc5NVozQXlOVUZCUVVGQlIzRnNWRGcwU21WalFYZEJFZzAyUlRZek5URjhOa1UyTXpZeUdnc0k2djhCRUFBYUEwbE9VamdjY04yTEFnPT0iLFtbIkFNRCIsIjIwMjYtMDktMTIiLCJCT00iLG51bGwsIjZFIiwiNjM1MSJdLFsiQk9NIiwiMjAyNi0wOS0xMyIsIkhZRCIsbnVsbCwiNkUiLCI2MzYyIl1dXQ==,SerpApi,Google Flights,2026,9,37,12,5,Saturday,September,True,18,25000+,10.396566633814148,True,18596.933333333334,76.0827950127978,3,15,INR,2026-09-12 18:42:43.438476,6aa54fcd13f4b6fde27c4c6f,371,2026-09-12 18:42:43.456459
d0cd28b9df41ec7423f4575f1927253eff20aeb5d71b238266828278a87964e1,81,AMD,MAA,AMD-MAA,2026-09-12,2026-09-19,2026-09-12 18:42:48.046152,2026-09-12,0,0-3 days,IndiGo,Round trip,INR,20043.0,20043.0,,,1,555.0,,,,130.0,,,WyJDalJJYW1WNVEweDNhVmhTWWpSQlNsOWtUWGRDUnkwdExTMHRMUzB0TFMxdmEyUnFORUZCUVVGQlIzRnNWRGxqUTIweE1qQkJFZzQyUlRrNU5udzJSVFl5Tmprak1Sb0xDTXVjQVJBQUdnTkpUbEk0SEhEdm93RT0iLFtbIkFNRCIsIjIwMjYtMDktMTIiLCJCTFIiLG51bGwsIjZFIiwiOTk2Il0sWyJCTFIiLCIyMDI2LTA5LTEzIiwiTUFBIixudWxsLCI2RSIsIjYyNjkiXV1d,SerpApi,Google Flights,2026,9,37,12,5,Saturday,September,True,18,15001-25000,9.905685136079615,False,19402.545454545456,3.300878984950417,1,11,INR,2026-09-12 18:42:48.040012,6aa54fd65922f4635a81f159,372,2026-09-12 18:42:48.046152
0c650da7e2f715dcb6c975208abc2d416dc1497823a3ceb93facdfdf251b2e0c,81,AMD,MAA,AMD-MAA,2026-09-12,2026-09-19,2026-09-12 18:42:48.049796,2026-09-12,0,0-3 days,IndiGo,Round trip,INR,22979.0,22979.0,,,0,150.0,,,,110.0,,,WyJDalJJYW1WNVEweDNhVmhTWWpSQlNsOWtUWGRDUnkwdExTMHRMUzB0TFMxdmEyUnFORUZCUVVGQlIzRnNWRGxqUTIweE1qQkJFZ2MyUlRNME9DTXhHZ3NJdzdNQkVBQWFBMGxPVWpnY2NQQzdBUT09IixbWyJBTUQiLCIyMDI2LTA5LTEyIiwiTUFBIixudWxsLCI2RSIsIjM0OCJdXV0=,SerpApi,Google Flights,2026,9,37,12,5,Saturday,September,True,18,15001-25000,10.042379551402746,False,19402.545454545456,18.432914144348445,1,11,INR,2026-09-12 18:42:48.040012,6aa54fd65922f4635a81f159,373,2026-09-12 18:42:48.049796
095514b54a64c8676c0a597c242bf12d36fdc9d409a90ed252fe17af5352a317,81,AMD,MAA,AMD-MAA,2026-09-12,2026-09-19,2026-09-12 18:42:48.053095,2026-09-12,0,0-3 days,IndiGo,Round trip,INR,35854.0,35854.0,,,1,545.0,,,,205.0,,,WyJDalJJYW1WNVEweDNhVmhTWWpSQlNsOWtUWGRDUnkwdExTMHRMUzB0TFMxdmEyUnFORUZCUVVGQlIzRnNWRGxqUTIweE1qQkJFZzgyUlRZek5URjhOa1UxTVRnNEl6RWFDd2lPbUFJUUFCb0RTVTVTT0J4d2txVUMiLFtbIkFNRCIsIjIwMjYtMDktMTIiLCJCT00iLG51bGwsIjZFIiwiNjM1MSJdLFsiQk9NIiwiMjAyNi0wOS0xMyIsIk1BQSIsbnVsbCwiNkUiLCI1MTg4Il1dXQ==,SerpApi,Google Flights,2026,9,37,12,5,Saturday,September,True,18,25000+,10.487238306316675,True,19402.545454545456,84.79018685458325,1,11,INR,2026-09-12 18:42:48.040012,6aa54fd65922f4635a81f159,374,2026-09-12 18:42:48.053095
f1ceb849d0dcf5e119f48f1987146170271817266aa04491fe8192439598a599,82,AMD,CCU,AMD-CCU,2026-09-12,2026-09-19,2026-09-12 18:43:00.753909,2026-09-12,0,0-3 days,IndiGo,Round trip,INR,17178.0,17178.0,,,0,160.0,,,,114.0,,,WyJDalJJZVRRMWRrdzVZbHBSTm1kQlMwRmtUMUZDUnkwdExTMHRMUzB0ZVdsaVkya3hOMEZCUVVGQlIzRnNWQzFGUTBsM1NYVkJFZ1UyUlRNeE9Sb0xDSnFHQVJBQUdnTkpUbEk0SEhDNWpBRT0iLFtbIkFNRCIsIjIwMjYtMDktMTIiLCJDQ1UiLG51bGwsIjZFIiwiMzE5Il1dXQ==,SerpApi,Google Flights,2026,9,37,12,5,Saturday,September,True,18,15001-25000,9.751442986626445,False,20850.571428571428,-17.613768721652022,2,7,INR,2026-09-12 18:43:00.748953,6aa54fda5c018f1427adc3a7,375,2026-09-12 18:43:00.753909
0fc23cf3bb15fa8d48ffb428ac90c9cc61bef8fccdb8918198c77f489dbf135d,82,AMD,CCU,AMD-CCU,2026-09-12,2026-09-19,2026-09-12 18:43:00.756245,2026-09-12,0,0-3 days,Air India,Round trip,INR,22023.0,22023.0,,,1,590.0,,,,194.0,,,WyJDalJJZVRRMWRrdzVZbHBSTm1kQlMwRmtUMUZDUnkwdExTMHRMUzB0ZVdsaVkya3hOMEZCUVVGQlIzRnNWQzFGUTBsM1NYVkJFZzFCU1RJMU5EWjhRVWt5TlRNMUdnc0loNndCRUFBYUEwbE9VamdjY0llMEFRPT0iLFtbIkFNRCIsIjIwMjYtMDktMTIiLCJERUwiLG51bGwsIkFJIiwiMjU0NiJdLFsiREVMIiwiMjAyNi0wOS0xMyIsIkNDVSIsbnVsbCwiQUkiLCIyNTM1Il1dXQ==,SerpApi,Google Flights,2026,9,37,12,5,Saturday,September,True,18,15001-25000,9.999888046822443,False,20850.571428571428,5.6230045082697355,2,7,INR,2026-09-12 18:43:00.748953,6aa54fda5c018f1427adc3a7,376,2026-09-12 18:43:00.756245
a4db94993df8ce11de6a086fd4bbba748cbea7bc9340661907ca3f9e9f22cb5c,82,AMD,CCU,AMD-CCU,2026-09-12,2026-09-19,2026-09-12 18:43:00.758500,2026-09-12,0,0-3 days,Air India,Round trip,INR,38122.0,38122.0,,,1,350.0,,,,194.0,,,WyJDalJJZVRRMWRrdzVZbHBSTm1kQlMwRmtUMUZDUnkwdExTMHRMUzB0ZVdsaVkya3hOMEZCUVVGQlIzRnNWQzFGUTBsM1NYVkJFZzFCU1RJMU5EWjhRVWt5TnpBeUdnc0k2cWtDRUFBYUEwbE9VamdjY05lM0FnPT0iLFtbIkFNRCIsIjIwMjYtMDktMTIiLCJERUwiLG51bGwsIkFJIiwiMjU0NiJdLFsiREVMIiwiMjAyNi0wOS0xMyIsIkNDVSIsbnVsbCwiQUkiLCIyNzAyIl1dXQ==,SerpApi,Google Flights,2026,9,37,12,5,Saturday,September,True,18,25000+,10.548573053517297,True,20850.571428571428,82.83431766172905,2,7,INR,2026-09-12 18:43:00.748953,6aa54fda5c018f1427adc3a7,377,2026-09-12 18:43:00.758500
75522c15ae40ec3bd4d80fc9195a9ee902e8440794fa235314134d563bf3e8a9,83,AMD,PNQ,AMD-PNQ,2026-09-12,2026-09-19,2026-09-12 18:43:04.945314,2026-09-12,0,0-3 days,IndiGo,Round trip,INR,13471.0,13471.0,,,1,505.0,,,,92.0,,,WyJDalJJVDBWS2NGRnVWWFJsZVd0QlN6TlljbWRDUnkwdExTMHRMUzB0TFMxNWJHdDJPVUZCUVVGQlIzRnNWQzFuU2t4QmNXbEJFZ3cyUlRjeE9EZDhOa1V4TWpBYUNnaWZhUkFBR2dOSlRsSTRISENTYmc9PSIsW1siQU1EIiwiMjAyNi0wOS0xMiIsIklEUiIsbnVsbCwiNkUiLCI3MTg3Il0sWyJJRFIiLCIyMDI2LTA5LTEzIiwiUE5RIixudWxsLCI2RSIsIjEyMCJdXV0=,SerpApi,Google Flights,2026,9,37,12,5,Saturday,September,True,18,10001-15000,9.508368736482108,False,14816.25,-9.079557917826708,4,12,INR,2026-09-12 18:43:04.940542,6aa54fe7408027f809b73676,378,2026-09-12 18:43:04.945314
fa9711a7dd5576908da43f5fd24266e25ca9059d11ee4648991b9e725c793c56,83,AMD,PNQ,AMD-PNQ,2026-09-12,2026-09-19,2026-09-12 18:43:04.948688,2026-09-12,0,0-3 days,Akasa Air,Round trip,INR,17767.0,17767.0,,,0,90.0,,,,53.0,,,WyJDalJJVDBWS2NGRnVWWFJsZVd0QlN6TlljbWRDUnkwdExTMHRMUzB0TFMxNWJHdDJPVUZCUVVGQlIzRnNWQzFuU2t4QmNXbEJFZ1pSVURFNU1UY2FDd2puaWdFUUFCb0RTVTVTT0J4d29aRUIiLFtbIkFNRCIsIjIwMjYtMDktMTIiLCJQTlEiLG51bGwsIlFQIiwiMTkxNyJdXV0=,SerpApi,Google Flights,2026,9,37,12,5,Saturday,September,True,18,15001-25000,9.785154365574263,False,14816.25,19.91563317303635,4,12,INR,2026-09-12 18:43:04.940542,6aa54fe7408027f809b73676,379,2026-09-12 18:43:04.948688
3791254b4f2172b644f59aa9e11b7aa72b1ad0548de24b03e539695a6b7fca07,83,AMD,PNQ,AMD-PNQ,2026-09-12,2026-09-19,2026-09-12 18:43:04.951410,2026-09-12,0,0-3 days,IndiGo,Round trip,INR,22739.0,22739.0,,,0,75.0,,,,55.0,,,WyJDalJJVDBWS2NGRnVWWFJsZVd0QlN6TlljbWRDUnkwdExTMHRMUzB0TFMxNWJHdDJPVUZCUVVGQlIzRnNWQzFuU2t4QmNXbEJFZ1UyUlRjNU5Cb0xDTk94QVJBQUdnTkpUbEk0SEhEMXVRRT0iLFtbIkFNRCIsIjIwMjYtMDktMTIiLCJQTlEiLG51bGwsIjZFIiwiNzk0Il1dXQ==,SerpApi,Google Flights,2026,9,37,12,5,Saturday,September,True,18,15001-25000,10.031880767304527,False,14816.25,53.47338226609297,4,12,INR,2026-09-12 18:43:04.940542,6aa54fe7408027f809b73676,380,2026-09-12 18:43:04.951410
69842841bfdcc848843e21571db2ec24dcf939aece53e27ea1213219a15a2567,84,AMD,COK,AMD-COK,2026-09-12,2026-09-19,2026-09-12 18:43:09.867490,2026-09-12,0,0-3 days,IndiGo,Round trip,INR,23517.0,23517.0,,,1,605.0,,,,130.0,,,WyJDalJJUkdkWlREZFNjRVU0VTJOQlJtdEJXbmRDUnkwdExTMHRMUzB0TFhscFltZHdPRUZCUVVGQlIzRnNWQzB3UkZSSGFubEJFZ3cyUlRnMk9IdzJSVFkzTURFYUN3amR0d0VRQUJvRFNVNVNPQnh3bzhBQiIsW1siQU1EIiwiMjAyNi0wOS0xMiIsIkJPTSIsbnVsbCwiNkUiLCI4NjgiXSxbIkJPTSIsIjIwMjYtMDktMTMiLCJDT0siLG51bGwsIjZFIiwiNjcwMSJdXV0=,SerpApi,Google Flights,2026,9,37,12,5,Saturday,September,True,18,15001-25000,10.065521364383361,False,24130.272727272728,-2.5415076497647293,1,11,INR,2026-09-12 18:43:09.862696,6aa54febcfa2302bcfa7050f,382,2026-09-12 18:43:09.867490
8a1e2af01877d505b63e1d7f31b6f9b5b5e967f43f4b6abbc1436f1947680cbe,84,AMD,COK,AMD-COK,2026-09-12,2026-09-19,2026-09-12 18:43:09.870345,2026-09-12,0,0-3 days,IndiGo,Round trip,INR,23572.0,23572.0,,,1,495.0,,,,134.0,,,WyJDalJJUkdkWlREZFNjRVU0VTJOQlJtdEJXbmRDUnkwdExTMHRMUzB0TFhscFltZHdPRUZCUVVGQlIzRnNWQzB3UkZSSGFubEJFZzAyUlRZek5URjhOa1UyTnpBeEdnc0lsTGdCRUFBYUEwbE9VamdjY056QUFRPT0iLFtbIkFNRCIsIjIwMjYtMDktMTIiLCJCT00iLG51bGwsIjZFIiwiNjM1MSJdLFsiQk9NIiwiMjAyNi0wOS0xMyIsIkNPSyIsbnVsbCwiNkUiLCI2NzAxIl1dXQ==,SerpApi,Google Flights,2026,9,37,12,5,Saturday,September,True,18,15001-25000,10.067857268271947,False,24130.272727272728,-2.3135781911066133,1,11,INR,2026-09-12 18:43:09.862696,6aa54febcfa2302bcfa7050f,383,2026-09-12 18:43:09.870345
d2a22cc588a2814f5d505a7c0074d663bf4032a91771dac00ea7dda14bc94f88,84,AMD,COK,AMD-COK,2026-09-12,2026-09-19,2026-09-12 18:43:09.874730,2026-09-12,0,0-3 days,IndiGo,Round trip,INR,35350.0,35350.0,,,1,485.0,,,,135.0,,,WyJDalJJUkdkWlREZFNjRVU0VTJOQlJtdEJXbmRDUnkwdExTMHRMUzB0TFhscFltZHdPRUZCUVVGQlIzRnNWQzB3UkZSSGFubEJFZ3cyUlRjNU5IdzJSVFl4TWprYUN3aVdsQUlRQUJvRFNVNVNPQnh3Z3FFQyIsW1siQU1EIiwiMjAyNi0wOS0xMiIsIlBOUSIsbnVsbCwiNkUiLCI3OTQiXSxbIlBOUSIsIjIwMjYtMDktMTMiLCJDT0siLG51bGwsIjZFIiwiNjEyOSJdXV0=,SerpApi,Google Flights,2026,9,37,12,5,Saturday,September,True,18,25000+,10.473081959467745,True,24130.272727272728,46.49647933753527,1,11,INR,2026-09-12 18:43:09.862696,6aa54febcfa2302bcfa7050f,384,2026-09-12 18:43:09.874730
0cf93da270e0a0cf09c1108f7afaf155675453064f1be85856cc9b0a997c6647,85,AMD,GOI,AMD-GOI,2026-09-12,2026-09-19,2026-09-12 18:43:19.137545,2026-09-12,0,0-3 days,IndiGo,Round trip,INR,20125.0,20125.0,,,1,520.0,,,,94.0,,,WyJDalJJTUU5T2MzcFhTVmxLTlhOQlMyazRZWGRDUnkwdExTMHRMUzB0TFhsc2JHc3lNRUZCUVVGQlIzRnNWRjlKUlZGVlEybEJFZ3cyUlRnMk9IdzJSVFl6TmpFYUN3aWRuUUVRQUJvRFNVNVNPQnh3eGFRQiIsW1siQU1EIiwiMjAyNi0wOS0xMiIsIkJPTSIsbnVsbCwiNkUiLCI4NjgiXSxbIkJPTSIsIjIwMjYtMDktMTMiLCJHT0kiLG51bGwsIjZFIiwiNjM2MSJdXV0=,SerpApi,Google Flights,2026,9,37,12,5,Saturday,September,True,18,15001-25000,9.909767790493278,False,22563.933333333334,-10.808990158335286,3,15,INR,2026-09-12 18:43:19.132002,6aa54ff0d6eb72ac93433c46,385,2026-09-12 18:43:19.137545
57e62cafb342a20e72384b59d30399f145a0a6d4307742a6a934131346f524f6,85,AMD,GOI,AMD-GOI,2026-09-12,2026-09-19,2026-09-12 18:43:19.144258,2026-09-12,0,0-3 days,IndiGo,Round trip,INR,20180.0,20180.0,,,1,410.0,,,,98.0,,,WyJDalJJTUU5T2MzcFhTVmxLTlhOQlMyazRZWGRDUnkwdExTMHRMUzB0TFhsc2JHc3lNRUZCUVVGQlIzRnNWRjlKUlZGVlEybEJFZzAyUlRZek5URjhOa1UyTXpZeEdnc0kxSjBCRUFBYUEwbE9VamdjY1Ara0FRPT0iLFtbIkFNRCIsIjIwMjYtMDktMTIiLCJCT00iLG51bGwsIjZFIiwiNjM1MSJdLFsiQk9NIiwiMjAyNi0wOS0xMyIsIkdPSSIsbnVsbCwiNkUiLCI2MzYxIl1dXQ==,SerpApi,Google Flights,2026,9,37,12,5,Saturday,September,True,18,15001-25000,9.912496846693715,False,22563.933333333334,-10.56523833019657,3,15,INR,2026-09-12 18:43:19.132002,6aa54ff0d6eb72ac93433c46,386,2026-09-12 18:43:19.144258
d40bd0452c670883c9aed292f35f0a1d5e6fab0074f0653210b34cacc4e8498c,85,AMD,GOI,AMD-GOI,2026-09-12,2026-09-19,2026-09-12 18:43:19.147882,2026-09-12,0,0-3 days,"Air India, Air India Express",Round trip,INR,29078.0,29078.0,,,1,505.0,,,,225.0,,,WyJDalJJTUU5T2MzcFhTVmxLTlhOQlMyazRZWGRDUnkwdExTMHRMUzB0TFhsc2JHc3lNRUZCUVVGQlIzRnNWRjlKUlZGVlEybEJFZzFCU1RJMU5EWjhTVmd4TVRBNEdnc0lsdU1CRUFBYUEwbE9VamdjY043dEFRPT0iLFtbIkFNRCIsIjIwMjYtMDktMTIiLCJERUwiLG51bGwsIkFJIiwiMjU0NiJdLFsiREVMIiwiMjAyNi0wOS0xMyIsIkdPSSIsbnVsbCwiSVgiLCIxMTA4Il1dXQ==,SerpApi,Google Flights,2026,9,37,12,5,Saturday,September,True,18,25000+,10.277771543160718,False,22563.933333333334,28.86937561122618,3,15,INR,2026-09-12 18:43:19.132002,6aa54ff0d6eb72ac93433c46,387,2026-09-12 18:43:19.147882
6e16ba4a14a04d78361723419297f0789bef6cf4ecad90520eb64c35af4a9517,85,AMD,GOI,AMD-GOI,2026-09-12,2026-09-19,2026-09-12 18:43:19.151351,2026-09-12,0,0-3 days,"Air India, Air India Express",Round trip,INR,26087.0,26087.0,,,1,1005.0,,,,134.0,,,WyJDalJJTUU5T2MzcFhTVmxLTlhOQlMyazRZWGRDUnkwdExTMHRMUzB0TFhsc2JHc3lNRUZCUVVGQlIzRnNWRjlKUlZGVlEybEJFZzFCU1RJME9UUjhTVmd4TWpNNEdnc0k1OHNCRUFBYUEwbE9VamdjY0tUVkFRPT0iLFtbIkFNRCIsIjIwMjYtMDktMTIiLCJCT00iLG51bGwsIkFJIiwiMjQ5NCJdLFsiQk9NIiwiMjAyNi0wOS0xMyIsIkdPSSIsbnVsbCwiSVgiLCIxMjM4Il1dXQ==,SerpApi,Google Flights,2026,9,37,12,5,Saturday,September,True,18,25000+,10.169230717469155,False,22563.933333333334,15.613708011900984,3,15,INR,2026-09-12 18:43:19.132002,6aa54ff0d6eb72ac93433c46,388,2026-09-12 18:43:19.151351
703f1fd6d15e9804e4dfab14b445b1bbaa627a869049fb1129cabb28c08f7c09,85,AMD,GOI,AMD-GOI,2026-09-12,2026-09-19,2026-09-12 18:43:19.155247,2026-09-12,0,0-3 days,"Air India, Air India Express",Round trip,INR,28858.0,28858.0,,,1,595.0,,,,249.0,,,WyJDalJJTUU5T2MzcFhTVmxLTlhOQlMyazRZWGRDUnkwdExTMHRMUzB0TFhsc2JHc3lNRUZCUVVGQlIzRnNWRjlKUlZGVlEybEJFZ3hCU1RVek1ueEpXREV4TURnYUN3aTY0UUVRQUJvRFNVNVNPQnh3K09zQiIsW1siQU1EIiwiMjAyNi0wOS0xMiIsIkRFTCIsbnVsbCwiQUkiLCI1MzIiXSxbIkRFTCIsIjIwMjYtMDktMTMiLCJHT0kiLG51bGwsIklYIiwiMTEwOCJdXV0=,SerpApi,Google Flights,2026,9,37,12,5,Saturday,September,True,18,25000+,10.270177181692885,False,22563.933333333334,27.894368298671335,3,15,INR,2026-09-12 18:43:19.132002,6aa54ff0d6eb72ac93433c46,389,2026-09-12 18:43:19.155247
d1b97618dd4a55a413e6fdcadf7f0ee238fb375aa72f274c7ee80de5039c4bb4,85,AMD,GOI,AMD-GOI,2026-09-12,2026-09-19,2026-09-12 18:43:19.159667,2026-09-12,0,0-3 days,Air India,Round trip,INR,30482.0,30482.0,,,1,1260.0,,,,234.0,,,WyJDalJJTUU5T2MzcFhTVmxLTlhOQlMyazRZWGRDUnkwdExTMHRMUzB0TFhsc2JHc3lNRUZCUVVGQlIzRnNWRjlKUlZGVlEybEJFZ3RCU1RVek1ueEJTVFE0TnhvTENKTHVBUkFBR2dOSlRsSTRISENjK1FFPSIsW1siQU1EIiwiMjAyNi0wOS0xMiIsIkRFTCIsbnVsbCwiQUkiLCI1MzIiXSxbIkRFTCIsIjIwMjYtMDktMTMiLCJHT0kiLG51bGwsIkFJIiwiNDg3Il1dXQ==,SerpApi,Google Flights,2026,9,37,12,5,Saturday,September,True,18,25000+,10.324924430153992,False,22563.933333333334,35.09169500589435,3,15,INR,2026-09-12 18:43:19.132002,6aa54ff0d6eb72ac93433c46,390,2026-09-12 18:43:19.159667
57594beeb6332ef93ff394739d5dde042d36a5db9b6d7bcd0f88adf8f8c667c6,85,AMD,GOI,AMD-GOI,2026-09-12,2026-09-19,2026-09-12 18:43:19.162701,2026-09-12,0,0-3 days,Air India,Round trip,INR,30769.0,30769.0,,,1,570.0,,,,134.0,,,WyJDalJJTUU5T2MzcFhTVmxLTlhOQlMyazRZWGRDUnkwdExTMHRMUzB0TFhsc2JHc3lNRUZCUVVGQlIzRnNWRjlKUlZGVlEybEJFZ3hCU1RJME9UUjhRVWsyTURNYUN3aXg4QUVRQUJvRFNVNVNPQnh3eVBzQiIsW1siQU1EIiwiMjAyNi0wOS0xMiIsIkJPTSIsbnVsbCwiQUkiLCIyNDk0Il0sWyJCT00iLCIyMDI2LTA5LTEzIiwiR09JIixudWxsLCJBSSIsIjYwMyJdXV0=,SerpApi,Google Flights,2026,9,37,12,5,Saturday,September,True,18,25000+,10.334295468316087,False,22563.933333333334,36.36363636363635,3,15,INR,2026-09-12 18:43:19.132002,6aa54ff0d6eb72ac93433c46,391,2026-09-12 18:43:19.162701
27928a337dc26d2a60df59681f6fb24782bd5c70e02ee88f4a4e462a23a22cbf,85,AMD,GOI,AMD-GOI,2026-09-12,2026-09-19,2026-09-12 18:43:19.165732,2026-09-12,0,0-3 days,Air India,Round trip,INR,42449.0,42449.0,,,1,870.0,,,,209.0,,,WyJDalJJTUU5T2MzcFhTVmxLTlhOQlMyazRZWGRDUnkwdExTMHRMUzB0TFhsc2JHc3lNRUZCUVVGQlIzRnNWRjlKUlZGVlEybEJFZzFCU1RJMU5EWjhRVWt5TmpJM0dnc0kwY3NDRUFBYUEwbE9VamdjY0lmYkFnPT0iLFtbIkFNRCIsIjIwMjYtMDktMTIiLCJERUwiLG51bGwsIkFJIiwiMjU0NiJdLFsiREVMIiwiMjAyNi0wOS0xMyIsIkdPSSIsbnVsbCwiQUkiLCIyNjI3Il1dXQ==,SerpApi,Google Flights,2026,9,37,12,5,Saturday,September,True,18,25000+,10.656082191739493,False,22563.933333333334,88.12766095745717,3,15,INR,2026-09-12 18:43:19.132002,6aa54ff0d6eb72ac93433c46,392,2026-09-12 18:43:19.165732
840b361571070f018fd795bd7581e429b0575caa1624a4affa41b1b84342a83c,86,COK,BLR,COK-BLR,2026-09-12,2026-09-19,2026-09-12 18:43:23.856012,2026-09-12,0,0-3 days,IndiGo,Round trip,INR,12939.0,12939.0,,,0,70.0,,,,43.0,,,WyJDalJJZUd0SVZXc3hZVTVIYzNOQlFVOTJYM2RDUnkwdExTMHRMUzEyZEhWdU55MXVNa0ZCUVVGQlIzRnNWRjl6VFdjNVUzRkJFZ1UyUlRRM01ob0tDSXRsRUFBYUEwbE9VamdjY09WcCIsW1siQ09LIiwiMjAyNi0wOS0xMiIsIkJMUiIsbnVsbCwiNkUiLCI0NzIiXV1d,SerpApi,Google Flights,2026,9,37,12,5,Saturday,September,True,18,10001-15000,9.468078568054892,False,15349.181818181818,-15.702347178706589,2,11,INR,2026-09-12 18:43:23.850330,6aa54ffac83b3fa670f67a93,393,2026-09-12 18:43:23.856012
26a9fd7f61c828664c6e1fa1ca3fd04fbad3b509f29d7c7a5dd8ffea17092dcb,87,COK,DEL,COK-DEL,2026-09-12,2026-09-19,2026-09-12 18:43:31.147609,2026-09-12,0,0-3 days,Air India Express,Round trip,INR,23597.0,23597.0,,,0,200.0,,,,185.0,,,WyJDalJJWTFnMGRuTjBVbXhSUnpCQlNGcFNVbWRDUnkwdExTMHRMUzB0TFhaM2FtOHlORUZCUVVGQlIzRnNWRjg0U1VkVVVUaEJFZ1pKV0RFNE1UWWFDd2l0dUFFUUFCb0RTVTVTT0J4dzk4QUIiLFtbIkNPSyIsIjIwMjYtMDktMTIiLCJERUwiLG51bGwsIklYIiwiMTgxNiJdXV0=,SerpApi,Google Flights,2026,9,37,12,5,Saturday,September,True,18,15001-25000,10.068917241659864,False,27426.88888888889,-13.96399316161756,4,18,INR,2026-09-12 18:43:31.142364,6aa54ffef0527513b81179b4,395,2026-09-12 18:43:31.147609
1e5b6f79b38a797600d5ab6e93829c586eb4aa2987c6236c0cebfe45a9b56e3e,87,COK,DEL,COK-DEL,2026-09-12,2026-09-19,2026-09-12 18:43:31.151428,2026-09-12,0,0-3 days,IndiGo,Round trip,INR,24300.0,24300.0,,,0,195.0,,,,147.0,,,WyJDalJJWTFnMGRuTjBVbXhSUnpCQlNGcFNVbWRDUnkwdExTMHRMUzB0TFhaM2FtOHlORUZCUVVGQlIzRnNWRjg0U1VkVVVUaEJFZ1kyUlRJek9ESWFDd2pzdlFFUUFCb0RTVTVTT0J4dzFzWUIiLFtbIkNPSyIsIjIwMjYtMDktMTIiLCJERUwiLG51bGwsIjZFIiwiMjM4MiJdXV0=,SerpApi,Google Flights,2026,9,37,12,5,Saturday,September,True,18,15001-25000,10.098272780745283,False,27426.88888888889,-11.400815096296423,4,18,INR,2026-09-12 18:43:31.142364,6aa54ffef0527513b81179b4,396,2026-09-12 18:43:31.151428
2f2669371d3a35eab312eba66a840cd6966450724aeff1fb164ec81d4467b0ff,87,COK,DEL,COK-DEL,2026-09-12,2026-09-19,2026-09-12 18:43:31.153978,2026-09-12,0,0-3 days,Air India,Round trip,INR,26139.0,26139.0,,,0,205.0,,,,165.0,,,WyJDalJJWTFnMGRuTjBVbXhSUnpCQlNGcFNVbWRDUnkwdExTMHRMUzB0TFhaM2FtOHlORUZCUVVGQlIzRnNWRjg0U1VkVVVUaEJFZ1pCU1RFNE1qZ2FDd2liekFFUUFCb0RTVTVTT0J4dzI5VUIiLFtbIkNPSyIsIjIwMjYtMDktMTIiLCJERUwiLG51bGwsIkFJIiwiMTgyOCJdXV0=,SerpApi,Google Flights,2026,9,37,12,5,Saturday,September,True,18,25000+,10.171221987178212,False,27426.88888888889,-4.6957162881519405,4,18,INR,2026-09-12 18:43:31.142364,6aa54ffef0527513b81179b4,397,2026-09-12 18:43:31.153978
db77fdaf017754587939985120eb8f269d99fa1667e74e1ae1b4605a1b98deaa,87,COK,DEL,COK-DEL,2026-09-12,2026-09-19,2026-09-12 18:43:31.156673,2026-09-12,0,0-3 days,Air India Express,Round trip,INR,35451.0,35451.0,,,1,665.0,,,,223.0,,,WyJDalJJWTFnMGRuTjBVbXhSUnpCQlNGcFNVbWRDUnkwdExTMHRMUzB0TFhaM2FtOHlORUZCUVVGQlIzRnNWRjg0U1VkVVVUaEJFZzFKV0RJM01qQjhTVmd4TmpjeUdnc0krNVFDRUFBYUEwbE9VamdjY095aEFnPT0iLFtbIkNPSyIsIjIwMjYtMDktMTIiLCJQTlEiLG51bGwsIklYIiwiMjcyMCJdLFsiUE5RIiwiMjAyNi0wOS0xMyIsIkRFTCIsbnVsbCwiSVgiLCIxNjcyIl1dXQ==,SerpApi,Google Flights,2026,9,37,12,5,Saturday,September,True,18,25000+,10.475934947858288,True,27426.88888888889,29.256366420625323,4,18,INR,2026-09-12 18:43:31.142364,6aa54ffef0527513b81179b4,398,2026-09-12 18:43:31.156673
db4d91591980941a8455a3acc30d97f1a36a4338bc6c32f9cdbc6e0476fbe1f1,87,COK,DEL,COK-DEL,2026-09-12,2026-09-19,2026-09-12 18:43:31.159796,2026-09-12,0,0-3 days,"Air India Express, Air India",Round trip,INR,41662.0,41662.0,,,1,490.0,,,,221.0,,,WyJDalJJWTFnMGRuTjBVbXhSUnpCQlNGcFNVbWRDUnkwdExTMHRMUzB0TFhaM2FtOHlORUZCUVVGQlIzRnNWRjg0U1VkVVVUaEJFZzFKV0RJM01qQjhRVWt5TnpFeUdnc0l2c1VDRUFBYUEwbE9VamdjY05EVUFnPT0iLFtbIkNPSyIsIjIwMjYtMDktMTIiLCJQTlEiLG51bGwsIklYIiwiMjcyMCJdLFsiUE5RIiwiMjAyNi0wOS0xMyIsIkRFTCIsbnVsbCwiQUkiLCIyNzEyIl1dXQ==,SerpApi,Google Flights,2026,9,37,12,5,Saturday,September,True,18,25000+,10.637368723744101,True,27426.88888888889,51.9020263974526,4,18,INR,2026-09-12 18:43:31.142364,6aa54ffef0527513b81179b4,399,2026-09-12 18:43:31.159796
2365348010a492ffdd3df33fe4aebe6369a6b0c6fe6896bc4984102f4b6d7a3b,88,COK,BOM,COK-BOM,2026-09-12,2026-09-19,2026-09-12 18:43:42.828326,2026-09-12,0,0-3 days,Air India Express,Round trip,INR,14632.0,14632.0,,,0,145.0,,,,117.0,,,WyJDalJJUjB0dFNFdzVOSGcyUlZGQlJteDVSbmRDUnkwdExTMHRMUzB0YjJ0aVptY3lNVUZCUVVGQlIzRnNWVUZaVGxReWNsVkJFZ1pKV0RFNE1ESWFDZ2lvY2hBQUdnTkpUbEk0SEhEUmR3PT0iLFtbIkNPSyIsIjIwMjYtMDktMTIiLCJCT00iLG51bGwsIklYIiwiMTgwMiJdXV0=,SerpApi,Google Flights,2026,9,37,12,5,Saturday,September,True,18,10001-15000,9.591034531092426,False,19608.61111111111,-25.37972262753042,5,18,INR,2026-09-12 18:43:42.825444,6aa55006f6d5ee9091a75cc3,400,2026-09-12 18:43:42.828326
0b7c128ce02ef64f56f2cd995dd0d48c8a51d13cba61eac75c1b957395bdaffb,88,COK,BOM,COK-BOM,2026-09-12,2026-09-19,2026-09-12 18:43:42.831086,2026-09-12,0,0-3 days,Air India Express,Round trip,INR,16526.0,16526.0,,,1,545.0,,,,285.0,,,WyJDalJJUjB0dFNFdzVOSGcyUlZGQlJteDVSbmRDUnkwdExTMHRMUzB0YjJ0aVptY3lNVUZCUVVGQlIzRnNWVUZaVGxReWNsVkJFZzFKV0RFNE1UWjhTVmd4TURVMkdnc0lqb0VCRUFBYUEwbE9VamdjY0krSEFRPT0iLFtbIkNPSyIsIjIwMjYtMDktMTIiLCJERUwiLG51bGwsIklYIiwiMTgxNiJdLFsiREVMIiwiMjAyNi0wOS0xMyIsIkJPTSIsbnVsbCwiSVgiLCIxMDU2Il1dXQ==,SerpApi,Google Flights,2026,9,37,12,5,Saturday,September,True,18,15001-25000,9.712750686140826,False,19608.61111111111,-15.720700939213206,5,18,INR,2026-09-12 18:43:42.825444,6aa55006f6d5ee9091a75cc3,401,2026-09-12 18:43:42.831086
88a2fa0558135f22a22c6ca67f99939c210bebaa912a3de3e6bca664778c453b,88,COK,BOM,COK-BOM,2026-09-12,2026-09-19,2026-09-12 18:43:42.834277,2026-09-12,0,0-3 days,IndiGo,Round trip,INR,21560.0,21560.0,,,0,125.0,,,,85.0,,,WyJDalJJUjB0dFNFdzVOSGcyUlZGQlJteDVSbmRDUnkwdExTMHRMUzB0YjJ0aVptY3lNVUZCUVVGQlIzRnNWVUZaVGxReWNsVkJFZ1kyUlRJd09UUWFDd2k0cUFFUUFCb0RTVTVTT0J4d283QUIiLFtbIkNPSyIsIjIwMjYtMDktMTIiLCJCT00iLG51bGwsIjZFIiwiMjA5NCJdXV0=,SerpApi,Google Flights,2026,9,37,12,5,Saturday,September,True,18,15001-25000,9.978641406136552,False,19608.61111111111,9.95169355866896,5,18,INR,2026-09-12 18:43:42.825444,6aa55006f6d5ee9091a75cc3,402,2026-09-12 18:43:42.834277
950a4b4d56e26fd566fcbccb4700d9e9c17c92995b85156c1d5488181f8dbb27,88,COK,BOM,COK-BOM,2026-09-12,2026-09-19,2026-09-12 18:43:42.836406,2026-09-12,0,0-3 days,Air India,Round trip,INR,22054.0,22054.0,,,0,145.0,,,,144.0,,,WyJDalJJUjB0dFNFdzVOSGcyUlZGQlJteDVSbmRDUnkwdExTMHRMUzB0YjJ0aVptY3lNVUZCUVVGQlIzRnNWVUZaVGxReWNsVkJFZ1ZCU1RZNU9Sb0xDS2FzQVJBQUdnTkpUbEk0SEhDb3RBRT0iLFtbIkNPSyIsIjIwMjYtMDktMTIiLCJCT00iLG51bGwsIkFJIiwiNjk5Il1dXQ==,SerpApi,Google Flights,2026,9,37,12,5,Saturday,September,True,18,15001-25000,10.00129461253904,False,19608.61111111111,12.470994886033647,5,18,INR,2026-09-12 18:43:42.825444,6aa55006f6d5ee9091a75cc3,403,2026-09-12 18:43:42.836406
972a7d97a14a59bcd9524ddcd6ee05963ce86186c8377dad5277a9ca068f7a4e,88,COK,BOM,COK-BOM,2026-09-12,2026-09-19,2026-09-12 18:43:42.838138,2026-09-12,0,0-3 days,"Air India Express, Air India",Round trip,INR,29823.0,29823.0,,,1,705.0,,,,288.0,,,WyJDalJJUjB0dFNFdzVOSGcyUlZGQlJteDVSbmRDUnkwdExTMHRMUzB0YjJ0aVptY3lNVUZCUVVGQlIzRnNWVUZaVGxReWNsVkJFZzFKV0RFNE1UWjhRVWt5TmpjNEdnc0kvK2dCRUFBYUEwbE9VamdjY09yekFRPT0iLFtbIkNPSyIsIjIwMjYtMDktMTIiLCJERUwiLG51bGwsIklYIiwiMTgxNiJdLFsiREVMIiwiMjAyNi0wOS0xMyIsIkJPTSIsbnVsbCwiQUkiLCIyNjc4Il1dXQ==,SerpApi,Google Flights,2026,9,37,12,5,Saturday,September,True,18,25000+,10.303068717485317,True,19608.61111111111,52.091343089062356,5,18,INR,2026-09-12 18:43:42.825444,6aa55006f6d5ee9091a75cc3,404,2026-09-12 18:43:42.838138
bd766878515470d7d7def025cd859bec3d0ed6975388fafb250d409b1e9eeb05,88,COK,BOM,COK-BOM,2026-09-12,2026-09-19,2026-09-12 18:43:42.839856,2026-09-12,0,0-3 days,"Air India Express, Air India",Round trip,INR,30530.0,30530.0,,,1,500.0,,,,288.0,,,WyJDalJJUjB0dFNFdzVOSGcyUlZGQlJteDVSbmRDUnkwdExTMHRMUzB0YjJ0aVptY3lNVUZCUVVGQlIzRnNWVUZaVGxReWNsVkJFZzFKV0RFNE1UWjhRVWt4TnpRMUdnc0l3dTRCRUFBYUEwbE9VamdjY003NUFRPT0iLFtbIkNPSyIsIjIwMjYtMDktMTIiLCJERUwiLG51bGwsIklYIiwiMTgxNiJdLFsiREVMIiwiMjAyNi0wOS0xMyIsIkJPTSIsbnVsbCwiQUkiLCIxNzQ1Il1dXQ==,SerpApi,Google Flights,2026,9,37,12,5,Saturday,September,True,18,25000+,10.32649783986004,True,19608.61111111111,55.6969018713434,5,18,INR,2026-09-12 18:43:42.825444,6aa55006f6d5ee9091a75cc3,405,2026-09-12 18:43:42.839856
68050649179334525b9a4ab2308f405721f0323138fb807aba68a474dcd6a9ca,90,COK,MAA,COK-MAA,2026-09-12,2026-09-19,2026-09-12 18:44:04.705323,2026-09-12,0,0-3 days,"Etihad, Akasa Air",Round trip,INR,72786.0,72786.0,,,1,990.0,,,,444.0,,,WyJDalJJTmtNMlEzWmFUMjlGVWtGQlIxZHhhRkZDUnkwdExTMHRMUzB0TFMxMmRIcDBPVUZCUVVGQlIzRnNWVU5WUWtkc1NuRkJFZ3RGV1RNek5YeFJVRFU0TnhvTENOSzRCQkFBR2dOSlRsSTRISENMMHdRPSIsW1siQ09LIiwiMjAyNi0wOS0xMiIsIkFVSCIsbnVsbCwiRVkiLCIzMzUiXSxbIkFVSCIsIjIwMjYtMDktMTMiLCJNQUEiLG51bGwsIlFQIiwiNTg3Il1dXQ==,SerpApi,Google Flights,2026,9,37,12,5,Saturday,September,True,18,25000+,11.19529264681043,False,72786.0,0.0,1,1,INR,2026-09-12 18:44:04.700461,6aa5501f69a3226a8503c483,407,2026-09-12 18:44:04.705323
8d4051df46fbf2bfefb4cf7a48aacca7a74db8138913798ba1c4518590cbf0e7,91,COK,CCU,COK-CCU,2026-09-12,2026-09-19,2026-09-12 18:44:07.840339,2026-09-12,0,0-3 days,IndiGo,Round trip,INR,32011.0,32011.0,,,1,325.0,,,,154.0,,,WyJDalJJZUdKNFFVRkNNRWR5TldkQlJrc3RObmRDUnkwdExTMHRMUzB0TFMxd2FuTnZOVUZCUVVGQlIzRnNWVU5uUlhoTFNuTkJFZ3cyUlRZNU1qSjhOa1U1TlRJYUN3aUwrZ0VRQUJvRFNVNVNPQnh3M0lVQyIsW1siQ09LIiwiMjAyNi0wOS0xMiIsIkJMUiIsbnVsbCwiNkUiLCI2OTIyIl0sWyJCTFIiLCIyMDI2LTA5LTEyIiwiQ0NVIixudWxsLCI2RSIsIjk1MiJdXV0=,SerpApi,Google Flights,2026,9,37,12,5,Saturday,September,True,18,25000+,10.373866111486937,False,32011.0,0.0,1,1,INR,2026-09-12 18:44:07.839190,6aa5502728c7fbfe96ce2589,409,2026-09-12 18:44:07.840339
87d39606f38c02aeb0c4c999aac1ae4b76f14b86430e0b2d2cc665981cf29373,92,COK,PNQ,COK-PNQ,2026-09-12,2026-09-19,2026-09-12 18:44:11.629650,2026-09-12,0,0-3 days,IndiGo,Round trip,INR,14929.0,14929.0,,,1,500.0,,,,104.0,,,WyJDalJJWDJsVlduUllOWEIwWXpoQlNYVmZaMEZDUnkwdExTMHRMUzB0YjNsamJHb3hOa0ZCUVVGQlIzRnNWVU56Um1aNlRYRkJFZ3MyUlRRM01udzJSVFF3T0JvS0NORjBFQUFhQTBsT1VqZ2NjSWQ2IixbWyJDT0siLCIyMDI2LTA5LTEyIiwiQkxSIixudWxsLCI2RSIsIjQ3MiJdLFsiQkxSIiwiMjAyNi0wOS0xMyIsIlBOUSIsbnVsbCwiNkUiLCI0MDgiXV1d,SerpApi,Google Flights,2026,9,37,12,5,Saturday,September,True,18,10001-15000,9.611127890533236,False,19502.25,-23.449858349677598,2,4,INR,2026-09-12 18:44:11.624007,6aa5502ab463f385b5c7a858,411,2026-09-12 18:44:11.629650
41974ed321c00f188b898263032169c1bcbbc001c899892726225b878fb296dc,92,COK,PNQ,COK-PNQ,2026-09-12,2026-09-19,2026-09-12 18:44:11.648999,2026-09-12,0,0-3 days,IndiGo,Round trip,INR,15570.0,15570.0,,,1,385.0,,,,104.0,,,WyJDalJJWDJsVlduUllOWEIwWXpoQlNYVmZaMEZDUnkwdExTMHRMUzB0YjNsamJHb3hOa0ZCUVVGQlIzRnNWVU56Um1aNlRYRkJFZ3cyUlRRM01udzJSVFk0TnpZYUNnalNlUkFBR2dOSlRsSTRISENtZnc9PSIsW1siQ09LIiwiMjAyNi0wOS0xMiIsIkJMUiIsbnVsbCwiNkUiLCI0NzIiXSxbIkJMUiIsIjIwMjYtMDktMTMiLCJQTlEiLG51bGwsIjZFIiwiNjg3NiJdXV0=,SerpApi,Google Flights,2026,9,37,12,5,Saturday,September,True,18,15001-25000,9.653165488841426,False,19502.25,-20.163058108679767,2,4,INR,2026-09-12 18:44:11.624007,6aa5502ab463f385b5c7a858,412,2026-09-12 18:44:11.648999
dc626b38de484891b371fcc369cf76a251257c4cbe13e8c2a17b76d95384ab6d,92,COK,PNQ,COK-PNQ,2026-09-12,2026-09-19,2026-09-12 18:44:11.652031,2026-09-12,0,0-3 days,IndiGo,Round trip,INR,21240.0,21240.0,,,1,295.0,,,,104.0,,,WyJDalJJWDJsVlduUllOWEIwWXpoQlNYVmZaMEZDUnkwdExTMHRMUzB0YjNsamJHb3hOa0ZCUVVGQlIzRnNWVU56Um1aNlRYRkJFZ3cyUlRRM01udzJSVFkxTmpNYUN3ajRwUUVRQUJvRFNVNVNPQnh3MUswQiIsW1siQ09LIiwiMjAyNi0wOS0xMiIsIkJMUiIsbnVsbCwiNkUiLCI0NzIiXSxbIkJMUiIsIjIwMjYtMDktMTMiLCJQTlEiLG51bGwsIjZFIiwiNjU2MyJdXV0=,SerpApi,Google Flights,2026,9,37,12,5,Saturday,September,True,18,15001-25000,9.963688555226884,False,19502.25,8.910510325731646,2,4,INR,2026-09-12 18:44:11.624007,6aa5502ab463f385b5c7a858,413,2026-09-12 18:44:11.652031
d3be765ad3044bceef20295bd01dcb7d5fbbf966705569a882853182d140778a,92,COK,PNQ,COK-PNQ,2026-09-12,2026-09-19,2026-09-12 18:44:11.655427,2026-09-12,0,0-3 days,Air India Express,Round trip,INR,26270.0,26270.0,,,0,115.0,,,,110.0,,,WyJDalJJWDJsVlduUllOWEIwWXpoQlNYVmZaMEZDUnkwdExTMHRMUzB0YjNsamJHb3hOa0ZCUVVGQlIzRnNWVU56Um1aNlRYRkJFZ1pKV0RJM01qQWFDd2llelFFUUFCb0RTVTVTT0J4dzVOWUIiLFtbIkNPSyIsIjIwMjYtMDktMTIiLCJQTlEiLG51bGwsIklYIiwiMjcyMCJdXV0=,SerpApi,Google Flights,2026,9,37,12,5,Saturday,September,True,18,25000+,10.176220948190334,False,19502.25,34.70240613262572,2,4,INR,2026-09-12 18:44:11.624007,6aa5502ab463f385b5c7a858,414,2026-09-12 18:44:11.655427
558c0f2b7e593383dd87c05cef2c6673632f25983a756c447b22b78cbd9e54ed,93,COK,AMD,COK-AMD,2026-09-12,2026-09-19,2026-09-12 18:44:17.809889,2026-09-12,0,0-3 days,IndiGo,Round trip,INR,26182.0,26182.0,,,1,580.0,,,,135.0,,,WyJDalJJVGxaWU5VRk5WRzFOYkRCQlIzWjJSWGRDUnkwdExTMHRMUzB0TFMxMmRHaGlNVUZCUVVGQlIzRnNWVVJCU0VGdlduZEJFZ3MyUlRRM01udzJSVFU0TmhvTENNYk1BUkFBR2dOSlRsSTRISENJMWdFPSIsW1siQ09LIiwiMjAyNi0wOS0xMiIsIkJMUiIsbnVsbCwiNkUiLCI0NzIiXSxbIkJMUiIsIjIwMjYtMDktMTMiLCJBTUQiLG51bGwsIjZFIiwiNTg2Il1dXQ==,SerpApi,Google Flights,2026,9,37,12,5,Saturday,September,True,18,25000+,10.172865624189873,False,26182.0,0.0,1,1,INR,2026-09-12 18:44:17.807946,6aa5502ecbcccf98c383f053,415,2026-09-12 18:44:17.809889
6095b12c534c6d50ca0c9f2652ff6375b5e5346d20d62642d3c8f65aff8c4034,94,COK,GOI,COK-GOI,2026-09-12,2026-09-19,2026-09-12 18:44:21.456947,2026-09-12,0,0-3 days,IndiGo,Round trip,INR,20951.0,20951.0,,,1,580.0,,,,91.0,,,WyJDalJJVFhGM2QySm1OM2gyZEVsQlMybFlka0ZDUnkwdExTMHRMUzB0YjNsamFHODBPRUZCUVVGQlIzRnNWVVJWVERsd1EyRkJFZ3MyUlRRM01udzJSVEU1TkJvTENOZWpBUkFBR2dOSlRsSTRISENscXdFPSIsW1siQ09LIiwiMjAyNi0wOS0xMiIsIkJMUiIsbnVsbCwiNkUiLCI0NzIiXSxbIkJMUiIsIjIwMjYtMDktMTMiLCJHT0kiLG51bGwsIjZFIiwiMTk0Il1dXQ==,SerpApi,Google Flights,2026,9,37,12,5,Saturday,September,True,18,15001-25000,9.949989386187548,False,20951.0,0.0,1,1,INR,2026-09-12 18:44:21.451326,6aa550343b93e3a7a7accad9,417,2026-09-12 18:44:21.456947
06d8de962bc90c5246fac99f80bd49213b41da51eae4d85ad1ecb54f4de4bf44,95,GOI,BLR,GOI-BLR,2026-09-12,2026-09-19,2026-09-12 18:44:35.118510,2026-09-12,0,0-3 days,IndiGo,Round trip,INR,11359.0,11359.0,,,0,80.0,,,,48.0,,,WyJDalJJWWpWMVQzWlNheTAyVGxsQlNqUlBibWRDUnkwdExTMHRMUzB0TFMxNWJHNTBPRUZCUVVGQlIzRnNWVVZOUVVaaU5XOUJFZ1kyUlRZMU5UY2FDZ2pmV0JBQUdnTkpUbEk0SEhEdlhBPT0iLFtbIkdPSSIsIjIwMjYtMDktMTIiLCJCTFIiLG51bGwsIjZFIiwiNjU1NyJdXV0=,SerpApi,Google Flights,2026,9,37,12,5,Saturday,September,True,18,10001-15000,9.337853692275143,False,28177.333333333332,-59.68745563810154,2,3,INR,2026-09-12 18:44:35.115949,6aa5503886e9fa2ac65e7ab3,419,2026-09-12 18:44:35.118510
a35ef3cd68065c18627294050a6f5740f495a2389fef1987fa1c11303af39373,95,GOI,BLR,GOI-BLR,2026-09-12,2026-09-19,2026-09-12 18:44:35.121908,2026-09-12,0,0-3 days,Air India,Round trip,INR,32084.0,32084.0,,,1,665.0,,,,139.0,,,WyJDalJJWWpWMVQzWlNheTAyVGxsQlNqUlBibWRDUnkwdExTMHRMUzB0TFMxNWJHNTBPRUZCUVVGQlIzRnNWVVZOUVVaaU5XOUJFZzFCU1RJMU1EWjhRVWt5TmpBekdnc0kxUG9CRUFBYUEwbE9VamdjY0tpR0FnPT0iLFtbIkdPSSIsIjIwMjYtMDktMTIiLCJCT00iLG51bGwsIkFJIiwiMjUwNiJdLFsiQk9NIiwiMjAyNi0wOS0xMyIsIkJMUiIsbnVsbCwiQUkiLCIyNjAzIl1dXQ==,SerpApi,Google Flights,2026,9,37,12,5,Saturday,September,True,18,25000+,10.376143910184616,False,28177.333333333332,13.86457199640374,2,3,INR,2026-09-12 18:44:35.115949,6aa5503886e9fa2ac65e7ab3,420,2026-09-12 18:44:35.121908
426ec23486c246c35d93dc8580bb7f3944091bdc7b34fb2a6f28b3f03eca8278,95,GOI,BLR,GOI-BLR,2026-09-12,2026-09-19,2026-09-12 18:44:35.125117,2026-09-12,0,0-3 days,Air India,Round trip,INR,41089.0,41089.0,,,1,400.0,,,,139.0,,,WyJDalJJWWpWMVQzWlNheTAyVGxsQlNqUlBibWRDUnkwdExTMHRMUzB0TFMxNWJHNTBPRUZCUVVGQlIzRnNWVVZOUVVaaU5XOUJFZzFCU1RJMU1EWjhRVWt5T0RFeUdnc0lnY0VDRUFBYUEwbE9VamdjY1BqUEFnPT0iLFtbIkdPSSIsIjIwMjYtMDktMTIiLCJCT00iLG51bGwsIkFJIiwiMjUwNiJdLFsiQk9NIiwiMjAyNi0wOS0xMyIsIkJMUiIsbnVsbCwiQUkiLCIyODEyIl1dXQ==,SerpApi,Google Flights,2026,9,37,12,5,Saturday,September,True,18,25000+,10.623520061877455,False,28177.333333333332,45.82288364169782,2,3,INR,2026-09-12 18:44:35.115949,6aa5503886e9fa2ac65e7ab3,421,2026-09-12 18:44:35.125117
2a128857bd3ae0f9b2a40ba941221a513daad43152f0d7214545c743167caabe,96,GOI,DEL,GOI-DEL,2026-09-12,2026-09-19,2026-09-12 18:44:48.844314,2026-09-12,0,0-3 days,IndiGo,Round trip,INR,21103.0,21103.0,,,0,160.0,,,,110.0,,,WyJDalJJUVY5UmNtcE9jVkJqTWpSQlNHMUxjbEZDUnkwdExTMHRMWFozYUdReE55MXVNa0ZCUVVGQlIzRnNWVVpCU3pGRGRrbEJFZ1kyUlRVd01EZ2FDd2p2cEFFUUFCb0RTVTVTT0J4d3hhd0IiLFtbIkdPSSIsIjIwMjYtMDktMTIiLCJERUwiLG51bGwsIjZFIiwiNTAwOCJdXV0=,SerpApi,Google Flights,2026,9,37,12,5,Saturday,September,True,18,15001-25000,9.957217874957095,False,21103.0,0.0,1,1,INR,2026-09-12 18:44:48.838983,6aa5504597f1cc6744255300,423,2026-09-12 18:44:48.844314
8b5267f99002c486997962daab16ca9ba7d8c9ed6b51dcb9291189dada0ea027,97,GOI,BOM,GOI-BOM,2026-09-12,2026-09-19,2026-09-12 18:44:52.636691,2026-09-12,0,0-3 days,IndiGo,Round trip,INR,12625.0,12625.0,,,1,510.0,,,,125.0,,,WyJDalJJWVd0ak1HRjNlbk5rVlRoQlRqRlBSVUZDUnkwdExTMHRMUzB0TFMxdmVXRm1PRUZCUVVGQlIzRnNWVVpSVG1kWGRXTkJFZzAyUlRZeE56ZDhOa1UxTVRRekdnb0kwV0lRQUJvRFNVNVNPQnh3bkdjPSIsW1siR09JIiwiMjAyNi0wOS0xMiIsIkhZRCIsbnVsbCwiNkUiLCI2MTc3Il0sWyJIWUQiLCIyMDI2LTA5LTEzIiwiQk9NIixudWxsLCI2RSIsIjUxNDMiXV1d,SerpApi,Google Flights,2026,9,37,12,5,Saturday,September,True,18,10001-15000,9.44351345892757,False,16161.666666666666,-21.88305661544807,2,3,INR,2026-09-12 18:44:52.628640,6aa55053759dbc35835feee1,424,2026-09-12 18:44:52.636691
26eb0d6172c97cde8102d7fe575d7e8235c5f730c77b132a311c75a8750c0e11,97,GOI,BOM,GOI-BOM,2026-09-12,2026-09-19,2026-09-12 18:44:52.640754,2026-09-12,0,0-3 days,IndiGo,Round trip,INR,14125.0,14125.0,,,1,295.0,,,,112.0,,,WyJDalJJWVd0ak1HRjNlbk5rVlRoQlRqRlBSVUZDUnkwdExTMHRMUzB0TFMxdmVXRm1PRUZCUVVGQlIzRnNWVVpSVG1kWGRXTkJFZzAyUlRZeE56ZDhOa1UyTXpZekdnb0lyVzRRQUJvRFNVNVNPQnh3dm5NPSIsW1siR09JIiwiMjAyNi0wOS0xMiIsIkhZRCIsbnVsbCwiNkUiLCI2MTc3Il0sWyJIWUQiLCIyMDI2LTA5LTEyIiwiQk9NIixudWxsLCI2RSIsIjYzNjMiXV1d,SerpApi,Google Flights,2026,9,37,12,5,Saturday,September,True,18,10001-15000,9.555772349968867,False,16161.666666666666,-12.60183561926369,2,3,INR,2026-09-12 18:44:52.628640,6aa55053759dbc35835feee1,425,2026-09-12 18:44:52.640754
37ca767e1b006eee67b0409eac820f3b66f862797e0d4bfd3ecf600e63b9fa7a,97,GOI,BOM,GOI-BOM,2026-09-12,2026-09-19,2026-09-12 18:44:52.644195,2026-09-12,0,0-3 days,Air India,Round trip,INR,21735.0,21735.0,,,0,100.0,,,,55.0,,,WyJDalJJWVd0ak1HRjNlbk5rVlRoQlRqRlBSVUZDUnkwdExTMHRMUzB0TFMxdmVXRm1PRUZCUVVGQlIzRnNWVVpSVG1kWGRXTkJFZ1pCU1RJMU1EWWFDd2pucVFFUUFCb0RTVTVTT0J4dzJyRUIiLFtbIkdPSSIsIjIwMjYtMDktMTIiLCJCT00iLG51bGwsIkFJIiwiMjUwNiJdXV0=,SerpApi,Google Flights,2026,9,37,12,5,Saturday,September,True,18,15001-25000,9.986725151106183,False,16161.666666666666,34.484892234711765,2,3,INR,2026-09-12 18:44:52.628640,6aa55053759dbc35835feee1,426,2026-09-12 18:44:52.644195
3ebcaf8257d059ce87b71e076a803895d03e1124af9eaa6f59cc12498d3ce57b,98,GOI,HYD,GOI-HYD,2026-09-12,2026-09-19,2026-09-12 18:45:07.882516,2026-09-12,0,0-3 days,Air India,Round trip,INR,32345.0,32345.0,,,1,1535.0,,,,125.0,,,WyJDalJJWDJsVlduUllOWEIwWXpoQlNYWkxhSGRDUnkwdExTMHRMUzB0YjNsamJHb3hOa0ZCUVVGQlIzRnNWVVpuVGtaYVdXdEJFZzFCU1RJMU1EWjhRVWt5T0RZNUdnc0kyZndCRUFBYUEwbE9VamdjY0xtSUFnPT0iLFtbIkdPSSIsIjIwMjYtMDktMTIiLCJCT00iLG51bGwsIkFJIiwiMjUwNiJdLFsiQk9NIiwiMjAyNi0wOS0xMyIsIkhZRCIsbnVsbCwiQUkiLCIyODY5Il1dXQ==,SerpApi,Google Flights,2026,9,37,12,5,Saturday,September,True,18,25000+,10.384245644679723,False,32392.5,-0.14663888245736167,1,2,INR,2026-09-12 18:45:07.880194,6aa550578976f727f5409730,428,2026-09-12 18:45:07.882516
818110fdd69084b8c8713d853298d5d09bea6134d60715a5bc209ca5301785c5,98,GOI,HYD,GOI-HYD,2026-09-12,2026-09-19,2026-09-12 18:45:07.887001,2026-09-12,0,0-3 days,Air India,Round trip,INR,32440.0,32440.0,,,1,605.0,,,,125.0,,,WyJDalJJWDJsVlduUllOWEIwWXpoQlNYWkxhSGRDUnkwdExTMHRMUzB0YjNsamJHb3hOa0ZCUVVGQlIzRnNWVVpuVGtaYVdXdEJFZzFCU1RJMU1EWjhRVWt5TmpJMUdnc0l1UDBCRUFBYUEwbE9VamdjY0oySkFnPT0iLFtbIkdPSSIsIjIwMjYtMDktMTIiLCJCT00iLG51bGwsIkFJIiwiMjUwNiJdLFsiQk9NIiwiMjAyNi0wOS0xMyIsIkhZRCIsbnVsbCwiQUkiLCIyNjI1Il1dXQ==,SerpApi,Google Flights,2026,9,37,12,5,Saturday,September,True,18,25000+,10.3871783338948,False,32392.5,0.14663888245736167,1,2,INR,2026-09-12 18:45:07.880194,6aa550578976f727f5409730,429,2026-09-12 18:45:07.887001
6957eeb9dd62716eb97faf9695b9e026fbf0addb0ab1e4eaeb5ff95104d32d8c,99,GOI,MAA,GOI-MAA,2026-09-12,2026-09-19,2026-09-12 18:45:24.880035,2026-09-12,0,0-3 days,Air India,Round trip,INR,31727.0,31727.0,,,1,685.0,,,,152.0,,,WyJDalJJWTFnMGRuTjBVbXhSUnpCQlNGcHFTRkZDUnkwdExTMHRMUzB0TFhaM2FtOHlORUZCUVVGQlIzRnNWVWRuU25nMWJtZEJFZzFCU1RJMU1EWjhRVWt5T0RJeEdnc0k3L2NCRUFBYUEwbE9VamdjY0xPREFnPT0iLFtbIkdPSSIsIjIwMjYtMDktMTIiLCJCT00iLG51bGwsIkFJIiwiMjUwNiJdLFsiQk9NIiwiMjAyNi0wOS0xMyIsIk1BQSIsbnVsbCwiQUkiLCIyODIxIl1dXQ==,SerpApi,Google Flights,2026,9,37,12,5,Saturday,September,True,18,25000+,10.364954850759577,False,31727.0,0.0,1,1,INR,2026-09-12 18:45:24.874509,6aa55066d3fb85498f130120,430,2026-09-12 18:45:24.880035
cf92f099783d2e140e1ca85e1defab2e9ab7ab33bb45dffa71a010155922a903,100,GOI,CCU,GOI-CCU,2026-09-12,2026-09-19,2026-09-12 18:45:43.456307,2026-09-12,0,0-3 days,IndiGo,Round trip,INR,30036.0,30036.0,,,1,625.0,,,,148.0,,,WyJDalJJZVRRMWRrdzVZbHBSTm1kQlMwSklRMUZDUnkwdExTMHRMUzB0ZVdsaVkya3hOMEZCUVVGQlIzRnNWVWxKU1hkaFRtZEJFZ3cyUlRrNE5YdzJSVFkwT1RRYUN3alU2Z0VRQUJvRFNVNVNPQnh3eWZVQiIsW1siR09JIiwiMjAyNi0wOS0xMiIsIkhZRCIsbnVsbCwiNkUiLCI5ODUiXSxbIkhZRCIsIjIwMjYtMDktMTMiLCJDQ1UiLG51bGwsIjZFIiwiNjQ5NCJdXV0=,SerpApi,Google Flights,2026,9,37,12,5,Saturday,September,True,18,25000+,10.310185234046838,False,31869.5,-5.753149563061866,2,4,INR,2026-09-12 18:45:43.451375,6aa5507714537b925c74b556,431,2026-09-12 18:45:43.456307
d21ba5283e2a2577f6a0a6e52a06dc0a513cad3fd4ffbe3a0016adc38e7a214f,100,GOI,CCU,GOI-CCU,2026-09-12,2026-09-19,2026-09-12 18:45:43.458264,2026-09-12,0,0-3 days,Air India,Round trip,INR,32084.0,32084.0,,,1,1345.0,,,,195.0,,,WyJDalJJZVRRMWRrdzVZbHBSTm1kQlMwSklRMUZDUnkwdExTMHRMUzB0ZVdsaVkya3hOMEZCUVVGQlIzRnNWVWxKU1hkaFRtZEJFZzFCU1RJMU1EWjhRVWt5TkRneEdnc0kxUG9CRUFBYUEwbE9VamdjY0tpR0FnPT0iLFtbIkdPSSIsIjIwMjYtMDktMTIiLCJCT00iLG51bGwsIkFJIiwiMjUwNiJdLFsiQk9NIiwiMjAyNi0wOS0xMyIsIkNDVSIsbnVsbCwiQUkiLCIyNDgxIl1dXQ==,SerpApi,Google Flights,2026,9,37,12,5,Saturday,September,True,18,25000+,10.376143910184616,False,31869.5,0.6730573118498784,2,4,INR,2026-09-12 18:45:43.451375,6aa5507714537b925c74b556,432,2026-09-12 18:45:43.458264
18b3089c23fcd0e1fe6aa48ee456d59a0cc9b15571cb7ab178b6f66af3838f2e,100,GOI,CCU,GOI-CCU,2026-09-12,2026-09-19,2026-09-12 18:45:43.459771,2026-09-12,0,0-3 days,Air India,Round trip,INR,32536.0,32536.0,,,1,1015.0,,,,195.0,,,WyJDalJJZVRRMWRrdzVZbHBSTm1kQlMwSklRMUZDUnkwdExTMHRMUzB0ZVdsaVkya3hOMEZCUVVGQlIzRnNWVWxKU1hkaFRtZEJFZzFCU1RJMU1EWjhRVWt5TkRjeEdnc0ltUDRCRUFBYUEwbE9VamdjY0lHS0FnPT0iLFtbIkdPSSIsIjIwMjYtMDktMTIiLCJCT00iLG51bGwsIkFJIiwiMjUwNiJdLFsiQk9NIiwiMjAyNi0wOS0xMyIsIkNDVSIsbnVsbCwiQUkiLCIyNDcxIl1dXQ==,SerpApi,Google Flights,2026,9,37,12,5,Saturday,September,True,18,25000+,10.390133182300385,False,31869.5,2.0913412510394025,2,4,INR,2026-09-12 18:45:43.451375,6aa5507714537b925c74b556,433,2026-09-12 18:45:43.459771
8cdaba2f24c7841dabb2f280b9098bbee482845d4038443ab327634b87228c3d,100,GOI,CCU,GOI-CCU,2026-09-12,2026-09-19,2026-09-12 18:45:43.461927,2026-09-12,0,0-3 days,Air India,Round trip,INR,32822.0,32822.0,,,1,735.0,,,,195.0,,,WyJDalJJZVRRMWRrdzVZbHBSTm1kQlMwSklRMUZDUnkwdExTMHRMUzB0ZVdsaVkya3hOMEZCUVVGQlIzRnNWVWxKU1hkaFRtZEJFZzFCU1RJMU1EWjhRVWt5TnpjeEdnc0l0b0FDRUFBYUEwbE9VamdjY0syTUFnPT0iLFtbIkdPSSIsIjIwMjYtMDktMTIiLCJCT00iLG51bGwsIkFJIiwiMjUwNiJdLFsiQk9NIiwiMjAyNi0wOS0xMyIsIkNDVSIsbnVsbCwiQUkiLCIyNzcxIl1dXQ==,SerpApi,Google Flights,2026,9,37,12,5,Saturday,September,True,18,25000+,10.3988847681449,False,31869.5,2.9887510001725737,2,4,INR,2026-09-12 18:45:43.451375,6aa5507714537b925c74b556,434,2026-09-12 18:45:43.461927
a601baa923c2e13bc1b9a2c546a106b48868115ba0c232acd0661c6c65a68c86,102,GOI,AMD,GOI-AMD,2026-09-12,2026-09-19,2026-09-12 18:46:15.060524,2026-09-12,0,0-3 days,Air India,Round trip,INR,29990.0,29990.0,,,1,620.0,,,,131.0,,,WyJDalJJUWtWV01VOVVhRkkyTjI5QlJ6ZFZZMmRDUnkwdExTMHRkblJpWjNBeU1DMXVNVUZCUVVGQlIzRnNWVXB2UmtkdE9VVkJFZ3hCU1RJMU1EWjhRVWswT1RNYUN3aW02Z0VRQUJvRFNVNVNPQnh3bWZVQiIsW1siR09JIiwiMjAyNi0wOS0xMiIsIkJPTSIsbnVsbCwiQUkiLCIyNTA2Il0sWyJCT00iLCIyMDI2LTA5LTEzIiwiQU1EIixudWxsLCJBSSIsIjQ5MyJdXV0=,SerpApi,Google Flights,2026,9,37,12,5,Saturday,September,True,18,25000+,10.30865261563529,False,29990.0,0.0,1,1,INR,2026-09-12 18:46:15.058196,6aa5509995a69486df8b5b0a,437,2026-09-12 18:46:15.060524
2b5eef6fd125100e66a46a9715bddd68e1be279c7b92c0c9219f04f4b748f50f,103,GOI,COK,GOI-COK,2026-09-12,2026-09-19,2026-09-12 18:46:30.443747,2026-09-12,0,0-3 days,Air India,Round trip,INR,32988.0,32988.0,,,1,665.0,,,,152.0,,,WyJDalJJZUc1NVFUWnNOV1pVTjFWQlMyaDVUVUZDUnkwdExTMHRMUzB0TFc5cmNXVXlNRUZCUVVGQlIzRnNWVXR2U0RKVlNXVkJFZzFCU1RJMU1EWjhRVWt5TnpnM0dnc0kzSUVDRUFBYUEwbE9VamdjY05xTkFnPT0iLFtbIkdPSSIsIjIwMjYtMDktMTIiLCJCT00iLG51bGwsIkFJIiwiMjUwNiJdLFsiQk9NIiwiMjAyNi0wOS0xMyIsIkNPSyIsbnVsbCwiQUkiLCIyNzg3Il1dXQ==,SerpApi,Google Flights,2026,9,37,12,5,Saturday,September,True,18,25000+,10.403929451547379,True,37964.75,-13.10887072876813,2,4,INR,2026-09-12 18:46:30.438474,6aa550a97223f49006068507,438,2026-09-12 18:46:30.443747
c8d787653bd208da5ba7bd44a22d618fd2fc8e740f6212bb2e1b313a5f5d6fe0,103,GOI,COK,GOI-COK,2026-09-12,2026-09-19,2026-09-12 18:46:30.447633,2026-09-12,0,0-3 days,"Air India, Air India Express",Round trip,INR,38987.0,38987.0,,,1,1490.0,,,,166.0,,,WyJDalJJZUc1NVFUWnNOV1pVTjFWQlMyaDVUVUZDUnkwdExTMHRMUzB0TFc5cmNXVXlNRUZCUVVGQlIzRnNWVXR2U0RKVlNXVkJFZzFCU1RJMU1EWjhTVmd4T0RBeEdnc0l5N0FDRUFBYUEwbE9VamdjY09DK0FnPT0iLFtbIkdPSSIsIjIwMjYtMDktMTIiLCJCT00iLG51bGwsIkFJIiwiMjUwNiJdLFsiQk9NIiwiMjAyNi0wOS0xMyIsIkNPSyIsbnVsbCwiSVgiLCIxODAxIl1dXQ==,SerpApi,Google Flights,2026,9,37,12,5,Saturday,September,True,18,25000+,10.5710091854571,False,37964.75,2.692629346960018,2,4,INR,2026-09-12 18:46:30.438474,6aa550a97223f49006068507,439,2026-09-12 18:46:30.447633
ade6e99d76c0601ec86996811a8881205f48aa54324fc5947eddd4784d9af96e,103,GOI,COK,GOI-COK,2026-09-12,2026-09-19,2026-09-12 18:46:30.451229,2026-09-12,0,0-3 days,"Air India, Air India Express",Round trip,INR,39273.0,39273.0,,,1,1090.0,,,,152.0,,,WyJDalJJZUc1NVFUWnNOV1pVTjFWQlMyaDVUVUZDUnkwdExTMHRMUzB0TFc5cmNXVXlNRUZCUVVGQlIzRnNWVXR2U0RKVlNXVkJFZzFCU1RJMU1EWjhTVmd4T0RFd0dnc0k2YklDRUFBYUEwbE9VamdjY0l6QkFnPT0iLFtbIkdPSSIsIjIwMjYtMDktMTIiLCJCT00iLG51bGwsIkFJIiwiMjUwNiJdLFsiQk9NIiwiMjAyNi0wOS0xMyIsIkNPSyIsbnVsbCwiSVgiLCIxODEwIl1dXQ==,SerpApi,Google Flights,2026,9,37,12,5,Saturday,September,True,18,25000+,10.578318001310176,False,37964.75,3.445959738968396,2,4,INR,2026-09-12 18:46:30.438474,6aa550a97223f49006068507,440,2026-09-12 18:46:30.451229
5b3335a54130bb6d24a407f210a8e75d93fabab35f7f46d42fd2d42e0cd4e08b,103,GOI,COK,GOI-COK,2026-09-12,2026-09-19,2026-09-12 18:46:30.454317,2026-09-12,0,0-3 days,"Air India, Air India Express",Round trip,INR,40611.0,40611.0,,,1,575.0,,,,166.0,,,WyJDalJJZUc1NVFUWnNOV1pVTjFWQlMyaDVUVUZDUnkwdExTMHRMUzB0TFc5cmNXVXlNRUZCUVVGQlIzRnNWVXR2U0RKVlNXVkJFZzFCU1RJMU1EWjhTVmd4TnprM0dnc0lvNzBDRUFBYUEwbE9VamdjY0lUTUFnPT0iLFtbIkdPSSIsIjIwMjYtMDktMTIiLCJCT00iLG51bGwsIkFJIiwiMjUwNiJdLFsiQk9NIiwiMjAyNi0wOS0xMyIsIkNPSyIsbnVsbCwiSVgiLCIxNzk3Il1dXQ==,SerpApi,Google Flights,2026,9,37,12,5,Saturday,September,True,18,25000+,10.611818868421114,False,37964.75,6.9702816428397485,2,4,INR,2026-09-12 18:46:30.438474,6aa550a97223f49006068507,441,2026-09-12 18:46:30.454317
bc5cd80f8535f13455fd67c9c58c6f954d1c513923cb4238c71ca41bc70eb960,104,BLR,DEL,BLR-DEL,2026-09-13,2026-09-20,2026-09-12 18:46:34.723135,2026-09-12,1,0-3 days,Akasa Air,Round trip,INR,17895.0,17895.0,,,0,165.0,,,,126.0,,,WyJDalJJYW5sNVFtZExPVmxWZURoQlQyTXhZbWRDUnkwdExTMHRMUzB0TFMxdmVXTmlOMEZCUVVGQlIzRnNWVXh2UVhwb1lrdEJFZ1pSVURFNE1qTWFDd2puaXdFUUFCb0RTVTVTT0J4d3A1SUIiLFtbIkJMUiIsIjIwMjYtMDktMTMiLCJERUwiLG51bGwsIlFQIiwiMTgyMyJdXV0=,SerpApi,Google Flights,2026,9,37,13,6,Sunday,September,True,18,15001-25000,9.792332503169966,False,23502.451612903227,-23.859007159170776,5,31,INR,2026-09-12 18:46:34.713183,6aa550b919c5f630474054f4,444,2026-09-12 18:46:34.723135
7272a3aed48f4ec4d195312799a6f34c67199811442c6e93806a8ef89edb553f,104,BLR,DEL,BLR-DEL,2026-09-13,2026-09-20,2026-09-12 18:46:34.732225,2026-09-12,1,0-3 days,IndiGo,Round trip,INR,17335.0,17335.0,,,0,170.0,,,,124.0,,,WyJDalJJYW5sNVFtZExPVmxWZURoQlQyTXhZbWRDUnkwdExTMHRMUzB0TFMxdmVXTmlOMEZCUVVGQlIzRnNWVXh2UVhwb1lrdEJFZ1kyUlRZME1EWWFDd2kzaHdFUUFCb0RTVTVTT0J4dzNZMEIiLFtbIkJMUiIsIjIwMjYtMDktMTMiLCJERUwiLG51bGwsIjZFIiwiNjQwNiJdXV0=,SerpApi,Google Flights,2026,9,37,13,6,Sunday,September,True,18,15001-25000,9.760540543216194,False,23502.451612903227,-26.241737306746316,5,31,INR,2026-09-12 18:46:34.713183,6aa550b919c5f630474054f4,448,2026-09-12 18:46:34.732225
ff17586c41f78d9220d3c1dbda22fe66d80f8b0096103ac6ad57a67a6f7ccde0,104,BLR,DEL,BLR-DEL,2026-09-13,2026-09-20,2026-09-12 18:46:34.746388,2026-09-12,1,0-3 days,Air India,Round trip,INR,17438.0,17438.0,,,0,185.0,,,,143.0,,,WyJDalJJYW5sNVFtZExPVmxWZURoQlQyTXhZbWRDUnkwdExTMHRMUzB0TFMxdmVXTmlOMEZCUVVGQlIzRnNWVXh2UVhwb1lrdEJFZ1pCU1RJNE1qQWFDd2llaUFFUUFCb0RTVTVTT0J4d3lZNEIiLFtbIkJMUiIsIjIwMjYtMDktMTMiLCJERUwiLG51bGwsIkFJIiwiMjgyMCJdXV0=,SerpApi,Google Flights,2026,9,37,13,6,Sunday,September,True,18,15001-25000,9.766464356369461,False,23502.451612903227,-25.803485154602956,5,31,INR,2026-09-12 18:46:34.713183,6aa550b919c5f630474054f4,453,2026-09-12 18:46:34.746388
0771051be5d9bfafb3b079a0405707f02cb190c273a408521d1b9f7019472197,104,BLR,DEL,BLR-DEL,2026-09-13,2026-09-20,2026-09-12 18:46:34.748690,2026-09-12,1,0-3 days,Air India,Round trip,INR,17438.0,17438.0,,,0,170.0,,,,143.0,,,WyJDalJJYW5sNVFtZExPVmxWZURoQlQyTXhZbWRDUnkwdExTMHRMUzB0TFMxdmVXTmlOMEZCUVVGQlIzRnNWVXh2UVhwb1lrdEJFZ1pCU1RJNE1ESWFDd2llaUFFUUFCb0RTVTVTT0J4d3lZNEIiLFtbIkJMUiIsIjIwMjYtMDktMTMiLCJERUwiLG51bGwsIkFJIiwiMjgwMiJdXV0=,SerpApi,Google Flights,2026,9,37,13,6,Sunday,September,True,18,15001-25000,9.766464356369461,False,23502.451612903227,-25.803485154602956,5,31,INR,2026-09-12 18:46:34.713183,6aa550b919c5f630474054f4,454,2026-09-12 18:46:34.748690
937b888f32ced70acb093191db8b9ca1c4bd728947d4cc3e2b460274e610746b,104,BLR,DEL,BLR-DEL,2026-09-13,2026-09-20,2026-09-12 18:46:34.751107,2026-09-12,1,0-3 days,Air India,Round trip,INR,17438.0,17438.0,,,0,180.0,,,,181.0,,,WyJDalJJYW5sNVFtZExPVmxWZURoQlQyTXhZbWRDUnkwdExTMHRMUzB0TFMxdmVXTmlOMEZCUVVGQlIzRnNWVXh2UVhwb1lrdEJFZ1pCU1RJMk5qVWFDd2llaUFFUUFCb0RTVTVTT0J4d3lZNEIiLFtbIkJMUiIsIjIwMjYtMDktMTMiLCJERUwiLG51bGwsIkFJIiwiMjY2NSJdXV0=,SerpApi,Google Flights,2026,9,37,13,6,Sunday,September,True,18,15001-25000,9.766464356369461,False,23502.451612903227,-25.803485154602956,5,31,INR,2026-09-12 18:46:34.713183,6aa550b919c5f630474054f4,455,2026-09-12 18:46:34.751107
2449209e754b943e6be9b0e599cbb93e12d52f8a2cda8946d3f67eff58137e69,104,BLR,DEL,BLR-DEL,2026-09-13,2026-09-20,2026-09-12 18:46:34.753216,2026-09-12,1,0-3 days,Air India,Round trip,INR,17438.0,17438.0,,,0,165.0,,,,143.0,,,WyJDalJJYW5sNVFtZExPVmxWZURoQlQyTXhZbWRDUnkwdExTMHRMUzB0TFMxdmVXTmlOMEZCUVVGQlIzRnNWVXh2UVhwb1lrdEJFZ1pCU1RJNE1UZ2FDd2llaUFFUUFCb0RTVTVTT0J4d3lZNEIiLFtbIkJMUiIsIjIwMjYtMDktMTMiLCJERUwiLG51bGwsIkFJIiwiMjgxOCJdXV0=,SerpApi,Google Flights,2026,9,37,13,6,Sunday,September,True,18,15001-25000,9.766464356369461,False,23502.451612903227,-25.803485154602956,5,31,INR,2026-09-12 18:46:34.713183,6aa550b919c5f630474054f4,456,2026-09-12 18:46:34.753216
94616665261d46293d6ba425a04b226eaa4557d1fc904b6fed666c4df20345f0,104,BLR,DEL,BLR-DEL,2026-09-13,2026-09-20,2026-09-12 18:46:34.755530,2026-09-12,1,0-3 days,Air India,Round trip,INR,17438.0,17438.0,,,0,175.0,,,,143.0,,,WyJDalJJYW5sNVFtZExPVmxWZURoQlQyTXhZbWRDUnkwdExTMHRMUzB0TFMxdmVXTmlOMEZCUVVGQlIzRnNWVXh2UVhwb1lrdEJFZ1pCU1RJME9EZ2FDd2llaUFFUUFCb0RTVTVTT0J4d3lZNEIiLFtbIkJMUiIsIjIwMjYtMDktMTMiLCJERUwiLG51bGwsIkFJIiwiMjQ4OCJdXV0=,SerpApi,Google Flights,2026,9,37,13,6,Sunday,September,True,18,15001-25000,9.766464356369461,False,23502.451612903227,-25.803485154602956,5,31,INR,2026-09-12 18:46:34.713183,6aa550b919c5f630474054f4,457,2026-09-12 18:46:34.755530
4fc331ac20c7067ca406fa51411d55f32a76b6f1ab88440bef5723065675ab27,104,BLR,DEL,BLR-DEL,2026-09-13,2026-09-20,2026-09-12 18:46:34.757842,2026-09-12,1,0-3 days,IndiGo,Round trip,INR,17790.0,17790.0,,,0,170.0,,,,124.0,,,WyJDalJJYW5sNVFtZExPVmxWZURoQlQyTXhZbWRDUnkwdExTMHRMUzB0TFMxdmVXTmlOMEZCUVVGQlIzRnNWVXh2UVhwb1lrdEJFZ1kyUlRZd016UWFDd2oraWdFUUFCb0RTVTVTT0J4d3VaRUIiLFtbIkJMUiIsIjIwMjYtMDktMTMiLCJERUwiLG51bGwsIjZFIiwiNjAzNCJdXV0=,SerpApi,Google Flights,2026,9,37,13,6,Sunday,September,True,18,15001-25000,9.786447990434775,False,23502.451612903227,-24.305769061841186,5,31,INR,2026-09-12 18:46:34.713183,6aa550b919c5f630474054f4,458,2026-09-12 18:46:34.757842
c1bcc1f5e6c73486dd9b9b702240bf811239ae2f4bc30876722bdcd00898682c,104,BLR,DEL,BLR-DEL,2026-09-13,2026-09-20,2026-09-12 18:46:34.760254,2026-09-12,1,0-3 days,IndiGo,Round trip,INR,17790.0,17790.0,,,0,165.0,,,,124.0,,,WyJDalJJYW5sNVFtZExPVmxWZURoQlQyTXhZbWRDUnkwdExTMHRMUzB0TFMxdmVXTmlOMEZCUVVGQlIzRnNWVXh2UVhwb1lrdEJFZ1UyUlRnM01Cb0xDUDZLQVJBQUdnTkpUbEk0SEhDNWtRRT0iLFtbIkJMUiIsIjIwMjYtMDktMTMiLCJERUwiLG51bGwsIjZFIiwiODcwIl1dXQ==,SerpApi,Google Flights,2026,9,37,13,6,Sunday,September,True,18,15001-25000,9.786447990434775,False,23502.451612903227,-24.305769061841186,5,31,INR,2026-09-12 18:46:34.713183,6aa550b919c5f630474054f4,459,2026-09-12 18:46:34.760254
4b0811142b7e9dd1241dbce95321fccc8a8d3c0efea0eef97f06159f04084c99,104,BLR,DEL,BLR-DEL,2026-09-13,2026-09-20,2026-09-12 18:46:34.765827,2026-09-12,1,0-3 days,Akasa Air,Round trip,INR,17895.0,17895.0,,,0,170.0,,,,120.0,,,WyJDalJJYW5sNVFtZExPVmxWZURoQlQyTXhZbWRDUnkwdExTMHRMUzB0TFMxdmVXTmlOMEZCUVVGQlIzRnNWVXh2UVhwb1lrdEJFZ1pSVURFek5Ua2FDd2puaXdFUUFCb0RTVTVTT0J4d3A1SUIiLFtbIkJMUiIsIjIwMjYtMDktMTMiLCJERUwiLG51bGwsIlFQIiwiMTM1OSJdXV0=,SerpApi,Google Flights,2026,9,37,13,6,Sunday,September,True,18,15001-25000,9.792332503169966,False,23502.451612903227,-23.859007159170776,5,31,INR,2026-09-12 18:46:34.713183,6aa550b919c5f630474054f4,461,2026-09-12 18:46:34.765827
61ba0c9d6962d68579251ddfca15c977ac07132f2008fb2a639f5f30b8d57b02,104,BLR,DEL,BLR-DEL,2026-09-13,2026-09-20,2026-09-12 18:46:34.768122,2026-09-12,1,0-3 days,Air India,Round trip,INR,17895.0,17895.0,,,0,180.0,,,,181.0,,,WyJDalJJYW5sNVFtZExPVmxWZURoQlQyTXhZbWRDUnkwdExTMHRMUzB0TFMxdmVXTmlOMEZCUVVGQlIzRnNWVXh2UVhwb1lrdEJFZ1pCU1RJME1EWWFDd2puaXdFUUFCb0RTVTVTT0J4d3A1SUIiLFtbIkJMUiIsIjIwMjYtMDktMTMiLCJERUwiLG51bGwsIkFJIiwiMjQwNiJdXV0=,SerpApi,Google Flights,2026,9,37,13,6,Sunday,September,True,18,15001-25000,9.792332503169966,False,23502.451612903227,-23.859007159170776,5,31,INR,2026-09-12 18:46:34.713183,6aa550b919c5f630474054f4,462,2026-09-12 18:46:34.768122
71dea205d37afc1447ee43e48cf8d353f689e28e53642a805f36fbf183c78d22,104,BLR,DEL,BLR-DEL,2026-09-13,2026-09-20,2026-09-12 18:46:34.773216,2026-09-12,1,0-3 days,IndiGo,Round trip,INR,18276.0,18276.0,,,0,180.0,,,,124.0,,,WyJDalJJYW5sNVFtZExPVmxWZURoQlQyTXhZbWRDUnkwdExTMHRMUzB0TFMxdmVXTmlOMEZCUVVGQlIzRnNWVXh2UVhwb1lrdEJFZ1UyUlRnek1Cb0xDT1NPQVJBQUdnTkpUbEk0SEhDMmxRRT0iLFtbIkJMUiIsIjIwMjYtMDktMTMiLCJERUwiLG51bGwsIjZFIiwiODMwIl1dXQ==,SerpApi,Google Flights,2026,9,37,13,6,Sunday,September,True,18,15001-25000,9.813398717754442,False,23502.451612903227,-22.237899683766692,5,31,INR,2026-09-12 18:46:34.713183,6aa550b919c5f630474054f4,464,2026-09-12 18:46:34.773216
06c631f1676b2d82701c877345820858aed82d7cd58384c5e94163a43ba34f66,104,BLR,DEL,BLR-DEL,2026-09-13,2026-09-20,2026-09-12 18:46:34.777082,2026-09-12,1,0-3 days,IndiGo,Round trip,INR,18276.0,18276.0,,,0,175.0,,,,124.0,,,WyJDalJJYW5sNVFtZExPVmxWZURoQlQyTXhZbWRDUnkwdExTMHRMUzB0TFMxdmVXTmlOMEZCUVVGQlIzRnNWVXh2UVhwb1lrdEJFZ1UyUlRnMk9Sb0xDT1NPQVJBQUdnTkpUbEk0SEhDMmxRRT0iLFtbIkJMUiIsIjIwMjYtMDktMTMiLCJERUwiLG51bGwsIjZFIiwiODY5Il1dXQ==,SerpApi,Google Flights,2026,9,37,13,6,Sunday,September,True,18,15001-25000,9.813398717754442,False,23502.451612903227,-22.237899683766692,5,31,INR,2026-09-12 18:46:34.713183,6aa550b919c5f630474054f4,465,2026-09-12 18:46:34.777082
9d492a3cbf461c12a5283ec5ba5aed99f8806fbbbfbc04582accbe5b3fb92172,104,BLR,DEL,BLR-DEL,2026-09-13,2026-09-20,2026-09-12 18:46:34.782270,2026-09-12,1,0-3 days,IndiGo,Round trip,INR,18276.0,18276.0,,,0,170.0,,,,124.0,,,WyJDalJJYW5sNVFtZExPVmxWZURoQlQyTXhZbWRDUnkwdExTMHRMUzB0TFMxdmVXTmlOMEZCUVVGQlIzRnNWVXh2UVhwb1lrdEJFZ1kyUlRZd016a2FDd2pramdFUUFCb0RTVTVTT0J4d3RwVUIiLFtbIkJMUiIsIjIwMjYtMDktMTMiLCJERUwiLG51bGwsIjZFIiwiNjAzOSJdXV0=,SerpApi,Google Flights,2026,9,37,13,6,Sunday,September,True,18,15001-25000,9.813398717754442,False,23502.451612903227,-22.237899683766692,5,31,INR,2026-09-12 18:46:34.713183,6aa550b919c5f630474054f4,467,2026-09-12 18:46:34.782270
1579e7e9875211b7824cafbd5e19812e955bc2f9557da9e1afe3da10a1cf7b1a,104,BLR,DEL,BLR-DEL,2026-09-13,2026-09-20,2026-09-12 18:46:34.784947,2026-09-12,1,0-3 days,Akasa Air,Round trip,INR,18322.0,18322.0,,,0,175.0,,,,126.0,,,WyJDalJJYW5sNVFtZExPVmxWZURoQlQyTXhZbWRDUnkwdExTMHRMUzB0TFMxdmVXTmlOMEZCUVVGQlIzRnNWVXh2UVhwb1lrdEJFZ1pSVURFek1EY2FDd2lTandFUUFCb0RTVTVTT0J4dzVwVUIiLFtbIkJMUiIsIjIwMjYtMDktMTMiLCJERUwiLG51bGwsIlFQIiwiMTMwNyJdXV0=,SerpApi,Google Flights,2026,9,37,13,6,Sunday,September,True,18,15001-25000,9.815912380280174,False,23502.451612903227,-22.042175421644416,5,31,INR,2026-09-12 18:46:34.713183,6aa550b919c5f630474054f4,468,2026-09-12 18:46:34.784947
5ec30a3351caf437b0d203af1c6fccafabe3fb098f9e34be682be345fc468481,104,BLR,DEL,BLR-DEL,2026-09-13,2026-09-20,2026-09-12 18:46:34.787516,2026-09-12,1,0-3 days,Air India Express,Round trip,INR,18392.0,18392.0,,,0,170.0,,,,145.0,,,WyJDalJJYW5sNVFtZExPVmxWZURoQlQyTXhZbWRDUnkwdExTMHRMUzB0TFMxdmVXTmlOMEZCUVVGQlIzRnNWVXh2UVhwb1lrdEJFZ1pKV0RFd05EQWFDd2pZandFUUFCb0RTVTVTT0J4d3I1WUIiLFtbIkJMUiIsIjIwMjYtMDktMTMiLCJERUwiLG51bGwsIklYIiwiMTA0MCJdXV0=,SerpApi,Google Flights,2026,9,37,13,6,Sunday,September,True,18,15001-25000,9.819725436430797,False,23502.451612903227,-21.744334153197475,5,31,INR,2026-09-12 18:46:34.713183,6aa550b919c5f630474054f4,469,2026-09-12 18:46:34.787516
4e33a48ce17e86ebc91083146aa4cf3e0210362f6c8a38adaadf09b39810c92b,104,BLR,DEL,BLR-DEL,2026-09-13,2026-09-20,2026-09-12 18:46:34.797761,2026-09-12,1,0-3 days,IndiGo,Round trip,INR,18795.0,18795.0,,,0,170.0,,,,124.0,,,WyJDalJJYW5sNVFtZExPVmxWZURoQlQyTXhZbWRDUnkwdExTMHRMUzB0TFMxdmVXTmlOMEZCUVVGQlIzRnNWVXh2UVhwb1lrdEJFZ1UyUlRnMk1Cb0xDT3VTQVJBQUdnTkpUbEk0SEhEVm1RRT0iLFtbIkJMUiIsIjIwMjYtMDktMTMiLCJERUwiLG51bGwsIjZFIiwiODYwIl1dXQ==,SerpApi,Google Flights,2026,9,37,13,6,Sunday,September,True,18,15001-25000,9.841399360222706,False,23502.451612903227,-20.029619421995793,5,31,INR,2026-09-12 18:46:34.713183,6aa550b919c5f630474054f4,473,2026-09-12 18:46:34.797761
956a52275962a354b571af3ff7496d2fe0c2a3e251d61440b53e68cc73877e32,104,BLR,DEL,BLR-DEL,2026-09-13,2026-09-20,2026-09-12 18:46:34.800370,2026-09-12,1,0-3 days,Akasa Air,Round trip,INR,18809.0,18809.0,,,0,170.0,,,,119.0,,,WyJDalJJYW5sNVFtZExPVmxWZURoQlQyTXhZbWRDUnkwdExTMHRMUzB0TFMxdmVXTmlOMEZCUVVGQlIzRnNWVXh2UVhwb1lrdEJFZ1pSVURFNE1qRWFDd2o1a2dFUUFCb0RTVTVTT0J4dzVKa0IiLFtbIkJMUiIsIjIwMjYtMDktMTMiLCJERUwiLG51bGwsIlFQIiwiMTgyMSJdXV0=,SerpApi,Google Flights,2026,9,37,13,6,Sunday,September,True,18,15001-25000,9.842143922295076,False,23502.451612903227,-19.9700511683064,5,31,INR,2026-09-12 18:46:34.713183,6aa550b919c5f630474054f4,474,2026-09-12 18:46:34.800370
71b01e647e3886cc6e56c00e928c14d9ac49f225aaaf8e4bda1d9466e748093d,104,BLR,DEL,BLR-DEL,2026-09-13,2026-09-20,2026-09-12 18:46:34.802923,2026-09-12,1,0-3 days,Air India,Round trip,INR,18903.0,18903.0,,,0,180.0,,,,143.0,,,WyJDalJJYW5sNVFtZExPVmxWZURoQlQyTXhZbWRDUnkwdExTMHRMUzB0TFMxdmVXTmlOMEZCUVVGQlIzRnNWVXh2UVhwb1lrdEJFZ1pCU1RJNE1EUWFDd2pYa3dFUUFCb0RTVTVTT0J4d3hwb0IiLFtbIkJMUiIsIjIwMjYtMDktMTMiLCJERUwiLG51bGwsIkFJIiwiMjgwNCJdXV0=,SerpApi,Google Flights,2026,9,37,13,6,Sunday,September,True,18,15001-25000,9.847128818866743,False,23502.451612903227,-19.570092893534785,5,31,INR,2026-09-12 18:46:34.713183,6aa550b919c5f630474054f4,475,2026-09-12 18:46:34.802923
4d11589c082ce7d33f53552208fa3e29f1166992e8c26337a5f5c1aef0f290d6,104,BLR,DEL,BLR-DEL,2026-09-13,2026-09-20,2026-09-12 18:46:34.805814,2026-09-12,1,0-3 days,Air India Express,Round trip,INR,20076.0,20076.0,,,1,310.0,,,,185.0,,,WyJDalJJYW5sNVFtZExPVmxWZURoQlQyTXhZbWRDUnkwdExTMHRMUzB0TFMxdmVXTmlOMEZCUVVGQlIzRnNWVXh2UVhwb1lrdEJFZzFKV0RFME9EQjhTVmd5TVRjekdnc0k3SndCRUFBYUEwbE9VamdjY0pLa0FRPT0iLFtbIkJMUiIsIjIwMjYtMDktMTMiLCJMS08iLG51bGwsIklYIiwiMTQ4MCJdLFsiTEtPIiwiMjAyNi0wOS0xMyIsIkRFTCIsbnVsbCwiSVgiLCIyMTczIl1dXQ==,SerpApi,Google Flights,2026,9,37,13,6,Sunday,September,True,18,15001-25000,9.90733016025358,False,23502.451612903227,-14.579124209416728,5,31,INR,2026-09-12 18:46:34.713183,6aa550b919c5f630474054f4,476,2026-09-12 18:46:34.805814
ba03422219ca5e08e0b3bd2a962187fbf564a8ca55d7ad3ed4e223416de78112,104,BLR,DEL,BLR-DEL,2026-09-13,2026-09-20,2026-09-12 18:46:34.809314,2026-09-12,1,0-3 days,Air India,Round trip,INR,20610.0,20610.0,,,0,175.0,,,,143.0,,,WyJDalJJYW5sNVFtZExPVmxWZURoQlQyTXhZbWRDUnkwdExTMHRMUzB0TFMxdmVXTmlOMEZCUVVGQlIzRnNWVXh2UVhwb1lrdEJFZ1pCU1RJM05UZ2FDd2lDb1FFUUFCb0RTVTVTT0J4d3dhZ0IiLFtbIkJMUiIsIjIwMjYtMDktMTMiLCJERUwiLG51bGwsIkFJIiwiMjc1OCJdXV0=,SerpApi,Google Flights,2026,9,37,13,6,Sunday,September,True,18,15001-25000,9.933580192843298,False,23502.451612903227,-12.307020818692905,5,31,INR,2026-09-12 18:46:34.713183,6aa550b919c5f630474054f4,477,2026-09-12 18:46:34.809314
5652a10248538b0f3a1e6a996bdebb8f894a4b8fa1a5448a8563541ec95ad2b5,104,BLR,DEL,BLR-DEL,2026-09-13,2026-09-20,2026-09-12 18:46:34.811781,2026-09-12,1,0-3 days,Air India,Round trip,INR,29991.0,29991.0,,,0,180.0,,,,143.0,,,WyJDalJJYW5sNVFtZExPVmxWZURoQlQyTXhZbWRDUnkwdExTMHRMUzB0TFMxdmVXTmlOMEZCUVVGQlIzRnNWVXh2UVhwb1lrdEJFZ1pCU1RJMk5UUWFDd2luNmdFUUFCb0RTVTVTT0J4d212VUIiLFtbIkJMUiIsIjIwMjYtMDktMTMiLCJERUwiLG51bGwsIkFJIiwiMjY1NCJdXV0=,SerpApi,Google Flights,2026,9,37,13,6,Sunday,September,True,18,25000+,10.308685958415747,False,23502.451612903227,27.607964028460998,5,31,INR,2026-09-12 18:46:34.713183,6aa550b919c5f630474054f4,478,2026-09-12 18:46:34.811781
1ff3c88637150b6d14755d2f4eadfb789295e1f9107c4c8890a607b45f3dfdce,105,BLR,BOM,BLR-BOM,2026-09-13,2026-09-20,2026-09-12 18:46:42.515612,2026-09-12,1,0-3 days,Air India,Round trip,INR,13396.0,13396.0,,,0,120.0,,,,106.0,,,WyJDalJJU0VaaGIxcExibEprWVRCQlJrZGlZbEZDUnkwdExTMHRMUzB0Y0dwaVpYQXhNRUZCUVVGQlIzRnNWVXc0UmtKVmMyOUJFZ1pCU1RJME1URWFDZ2pVYUJBQUdnTkpUbEk0SEhERGJRPT0iLFtbIkJMUiIsIjIwMjYtMDktMTMiLCJCT00iLG51bGwsIkFJIiwiMjQxMSJdXV0=,SerpApi,Google Flights,2026,9,37,13,6,Sunday,September,True,18,10001-15000,9.502786080276985,False,15874.59375,-15.613588536714518,3,32,INR,2026-09-12 18:46:42.499391,6aa550be8ffd7b0112abff5f,483,2026-09-12 18:46:42.515612
50b3a96986fa4230a1fbb0973d15e75d5ecb4e4c24fb54943dbf5f03e54f103a,105,BLR,BOM,BLR-BOM,2026-09-13,2026-09-20,2026-09-12 18:46:42.517889,2026-09-12,1,0-3 days,Air India,Round trip,INR,13396.0,13396.0,,,0,125.0,,,,83.0,,,WyJDalJJU0VaaGIxcExibEprWVRCQlJrZGlZbEZDUnkwdExTMHRMUzB0Y0dwaVpYQXhNRUZCUVVGQlIzRnNWVXc0UmtKVmMyOUJFZ1pCU1RJMk5ESWFDZ2pVYUJBQUdnTkpUbEk0SEhERGJRPT0iLFtbIkJMUiIsIjIwMjYtMDktMTMiLCJCT00iLG51bGwsIkFJIiwiMjY0MiJdXV0=,SerpApi,Google Flights,2026,9,37,13,6,Sunday,September,True,18,10001-15000,9.502786080276985,False,15874.59375,-15.613588536714518,3,32,INR,2026-09-12 18:46:42.499391,6aa550be8ffd7b0112abff5f,484,2026-09-12 18:46:42.517889
fb7c33551d8faedd3f0269b42d46e8bd955dc88cf2af8cc174ebc94fb5b87219,105,BLR,BOM,BLR-BOM,2026-09-13,2026-09-20,2026-09-12 18:46:42.520304,2026-09-12,1,0-3 days,Air India,Round trip,INR,13569.0,13569.0,,,0,125.0,,,,83.0,,,WyJDalJJU0VaaGIxcExibEprWVRCQlJrZGlZbEZDUnkwdExTMHRMUzB0Y0dwaVpYQXhNRUZCUVVGQlIzRnNWVXc0UmtKVmMyOUJFZ1pCU1RJNE5EQWFDZ2lCYWhBQUdnTkpUbEk0SEhENGJnPT0iLFtbIkJMUiIsIjIwMjYtMDktMTMiLCJCT00iLG51bGwsIkFJIiwiMjg0MCJdXV0=,SerpApi,Google Flights,2026,9,37,13,6,Sunday,September,True,18,10001-15000,9.515616752828915,False,15874.59375,-14.523796868817506,3,32,INR,2026-09-12 18:46:42.499391,6aa550be8ffd7b0112abff5f,485,2026-09-12 18:46:42.520304
cab869935ff9806b39a9fa87598f704914797e00f98f89ef3f951b3446bce78a,105,BLR,BOM,BLR-BOM,2026-09-13,2026-09-20,2026-09-12 18:46:42.522744,2026-09-12,1,0-3 days,Akasa Air,Round trip,INR,13667.0,13667.0,,,0,100.0,,,,70.0,,,WyJDalJJU0VaaGIxcExibEprWVRCQlJrZGlZbEZDUnkwdExTMHRMUzB0Y0dwaVpYQXhNRUZCUVVGQlIzRnNWVXc0UmtKVmMyOUJFZ1pSVURFMU1UVWFDZ2pqYWhBQUdnTkpUbEk0SEhEZmJ3PT0iLFtbIkJMUiIsIjIwMjYtMDktMTMiLCJCT00iLG51bGwsIlFQIiwiMTUxNSJdXV0=,SerpApi,Google Flights,2026,9,37,13,6,Sunday,September,True,18,10001-15000,9.522812613235182,False,15874.59375,-13.906458236135965,3,32,INR,2026-09-12 18:46:42.499391,6aa550be8ffd7b0112abff5f,486,2026-09-12 18:46:42.522744
64c1db12d0e8e07181be430b7e97252ac83c2a576c3d350189939bd1a7d5d97e,105,BLR,BOM,BLR-BOM,2026-09-13,2026-09-20,2026-09-12 18:46:42.531541,2026-09-12,1,0-3 days,IndiGo,Round trip,INR,13721.0,13721.0,,,0,105.0,,,,71.0,,,WyJDalJJU0VaaGIxcExibEprWVRCQlJrZGlZbEZDUnkwdExTMHRMUzB0Y0dwaVpYQXhNRUZCUVVGQlIzRnNWVXc0UmtKVmMyOUJFZ1kyUlRVd09UUWFDZ2laYXhBQUdnTkpUbEk0SEhDWGNBPT0iLFtbIkJMUiIsIjIwMjYtMDktMTMiLCJCT00iLG51bGwsIjZFIiwiNTA5NCJdXV0=,SerpApi,Google Flights,2026,9,37,13,6,Sunday,September,True,18,10001-15000,9.526755663250837,False,15874.59375,-13.566292050780826,3,32,INR,2026-09-12 18:46:42.499391,6aa550be8ffd7b0112abff5f,489,2026-09-12 18:46:42.531541
0e314c90a89ef10d93aa7db9bd1dbd4e0ee8ecfbf79733525e7310f2623aaad5,105,BLR,BOM,BLR-BOM,2026-09-13,2026-09-20,2026-09-12 18:46:42.534397,2026-09-12,1,0-3 days,Air India,Round trip,INR,13879.0,13879.0,,,0,125.0,,,,83.0,,,WyJDalJJU0VaaGIxcExibEprWVRCQlJrZGlZbEZDUnkwdExTMHRMUzB0Y0dwaVpYQXhNRUZCUVVGQlIzRnNWVXc0UmtKVmMyOUJFZ1pCU1RJNE5USWFDZ2kzYkJBQUdnTkpUbEk0SEhDOWNRPT0iLFtbIkJMUiIsIjIwMjYtMDktMTMiLCJCT00iLG51bGwsIkFJIiwiMjg1MiJdXV0=,SerpApi,Google Flights,2026,9,37,13,6,Sunday,September,True,18,10001-15000,9.538204234060796,False,15874.59375,-12.570990989926912,3,32,INR,2026-09-12 18:46:42.499391,6aa550be8ffd7b0112abff5f,490,2026-09-12 18:46:42.534397
d34d62a48e016c2e1bcdb29ce283d3ec3f32b3e538b810b54a0a82df27f7ad56,105,BLR,BOM,BLR-BOM,2026-09-13,2026-09-20,2026-09-12 18:46:42.537143,2026-09-12,1,0-3 days,Air India,Round trip,INR,13879.0,13879.0,,,0,130.0,,,,83.0,,,WyJDalJJU0VaaGIxcExibEprWVRCQlJrZGlZbEZDUnkwdExTMHRMUzB0Y0dwaVpYQXhNRUZCUVVGQlIzRnNWVXc0UmtKVmMyOUJFZ1pCU1RJNE5UQWFDZ2kzYkJBQUdnTkpUbEk0SEhDOWNRPT0iLFtbIkJMUiIsIjIwMjYtMDktMTMiLCJCT00iLG51bGwsIkFJIiwiMjg1MCJdXV0=,SerpApi,Google Flights,2026,9,37,13,6,Sunday,September,True,18,10001-15000,9.538204234060796,False,15874.59375,-12.570990989926912,3,32,INR,2026-09-12 18:46:42.499391,6aa550be8ffd7b0112abff5f,491,2026-09-12 18:46:42.537143
820d99a5e643806ab9a8b003b14b7634853f0bda55417d8e017abfe1a9fcc1db,105,BLR,BOM,BLR-BOM,2026-09-13,2026-09-20,2026-09-12 18:46:42.538869,2026-09-12,1,0-3 days,Akasa Air,Round trip,INR,13926.0,13926.0,,,0,105.0,,,,73.0,,,WyJDalJJU0VaaGIxcExibEprWVRCQlJrZGlZbEZDUnkwdExTMHRMUzB0Y0dwaVpYQXhNRUZCUVVGQlIzRnNWVXc0UmtKVmMyOUJFZ1pSVURFMU1UY2FDZ2ptYkJBQUdnTkpUbEk0SEhEdWNRPT0iLFtbIkJMUiIsIjIwMjYtMDktMTMiLCJCT00iLG51bGwsIlFQIiwiMTUxNyJdXV0=,SerpApi,Google Flights,2026,9,37,13,6,Sunday,September,True,18,10001-15000,9.541584681053092,False,15874.59375,-12.274920421191881,3,32,INR,2026-09-12 18:46:42.499391,6aa550be8ffd7b0112abff5f,492,2026-09-12 18:46:42.538869
0f2e560d71169935f6f9322e897b23e4afbfd152d9d4c5436fc08256df78c2fb,105,BLR,BOM,BLR-BOM,2026-09-13,2026-09-20,2026-09-12 18:46:42.540875,2026-09-12,1,0-3 days,Akasa Air,Round trip,INR,13926.0,13926.0,,,0,110.0,,,,73.0,,,WyJDalJJU0VaaGIxcExibEprWVRCQlJrZGlZbEZDUnkwdExTMHRMUzB0Y0dwaVpYQXhNRUZCUVVGQlIzRnNWVXc0UmtKVmMyOUJFZ1pSVURFeE16UWFDZ2ptYkJBQUdnTkpUbEk0SEhEdWNRPT0iLFtbIkJMUiIsIjIwMjYtMDktMTMiLCJCT00iLG51bGwsIlFQIiwiMTEzNCJdXV0=,SerpApi,Google Flights,2026,9,37,13,6,Sunday,September,True,18,10001-15000,9.541584681053092,False,15874.59375,-12.274920421191881,3,32,INR,2026-09-12 18:46:42.499391,6aa550be8ffd7b0112abff5f,493,2026-09-12 18:46:42.540875
8c8356d09b7a2d179d22eb04342d9abc5a006e6a757e9073b7bc3a94ee6d64cf,105,BLR,BOM,BLR-BOM,2026-09-13,2026-09-20,2026-09-12 18:46:42.549578,2026-09-12,1,0-3 days,IndiGo,Round trip,INR,14036.0,14036.0,,,0,110.0,,,,71.0,,,WyJDalJJU0VaaGIxcExibEprWVRCQlJrZGlZbEZDUnkwdExTMHRMUzB0Y0dwaVpYQXhNRUZCUVVGQlIzRnNWVXc0UmtKVmMyOUJFZ1kyUlRVeU1UZ2FDZ2pVYlJBQUdnTkpUbEk0SEhEaGNnPT0iLFtbIkJMUiIsIjIwMjYtMDktMTMiLCJCT00iLG51bGwsIjZFIiwiNTIxOCJdXV0=,SerpApi,Google Flights,2026,9,37,13,6,Sunday,September,True,18,10001-15000,9.549451979534325,False,15874.59375,-11.581989302875861,3,32,INR,2026-09-12 18:46:42.499391,6aa550be8ffd7b0112abff5f,496,2026-09-12 18:46:42.549578
e9f6d503e1127cb56296016b6ed807d9011587d287516300b01df00780a5b093,105,BLR,BOM,BLR-BOM,2026-09-13,2026-09-20,2026-09-12 18:46:42.552239,2026-09-12,1,0-3 days,Air India,Round trip,INR,14052.0,14052.0,,,0,125.0,,,,83.0,,,WyJDalJJU0VaaGIxcExibEprWVRCQlJrZGlZbEZDUnkwdExTMHRMUzB0Y0dwaVpYQXhNRUZCUVVGQlIzRnNWVXc0UmtKVmMyOUJFZ1pCU1RJMk1UQWFDZ2prYlJBQUdnTkpUbEk0SEhEeWNnPT0iLFtbIkJMUiIsIjIwMjYtMDktMTMiLCJCT00iLG51bGwsIkFJIiwiMjYxMCJdXV0=,SerpApi,Google Flights,2026,9,37,13,6,Sunday,September,True,18,10001-15000,9.550591175100745,False,15874.59375,-11.48119932202989,3,32,INR,2026-09-12 18:46:42.499391,6aa550be8ffd7b0112abff5f,497,2026-09-12 18:46:42.552239
afd595c3a4e9bef00d210e188896ce00df32d5289a98cc0a063cf791a57fbd1d,105,BLR,BOM,BLR-BOM,2026-09-13,2026-09-20,2026-09-12 18:46:42.554584,2026-09-12,1,0-3 days,Air India,Round trip,INR,14105.0,14105.0,,,0,120.0,,,,83.0,,,WyJDalJJU0VaaGIxcExibEprWVRCQlJrZGlZbEZDUnkwdExTMHRMUzB0Y0dwaVpYQXhNRUZCUVVGQlIzRnNWVXc0UmtKVmMyOUJFZ1pCU1RJMk16QWFDZ2laYmhBQUdnTkpUbEk0SEhDcGN3PT0iLFtbIkJMUiIsIjIwMjYtMDktMTMiLCJCT00iLG51bGwsIkFJIiwiMjYzMCJdXV0=,SerpApi,Google Flights,2026,9,37,13,6,Sunday,September,True,18,10001-15000,9.554355517768125,False,15874.59375,-11.147332510477625,3,32,INR,2026-09-12 18:46:42.499391,6aa550be8ffd7b0112abff5f,498,2026-09-12 18:46:42.554584
349adde1df40cc29c10f857d9a825e1c4eaa5d4bc53a3bf659ff18cbedca6dcd,105,BLR,BOM,BLR-BOM,2026-09-13,2026-09-20,2026-09-12 18:46:42.556509,2026-09-12,1,0-3 days,IndiGo,Round trip,INR,14160.0,14160.0,,,1,280.0,,,,106.0,,,WyJDalJJU0VaaGIxcExibEprWVRCQlJrZGlZbEZDUnkwdExTMHRMUzB0Y0dwaVpYQXhNRUZCUVVGQlIzRnNWVXc0UmtKVmMyOUJFZzAyUlRZM05UTjhOa1UxTWpReUdnb0kwRzRRQUJvRFNVNVNPQnh3NDNNPSIsW1siQkxSIiwiMjAyNi0wOS0xMyIsIkdPSSIsbnVsbCwiNkUiLCI2NzUzIl0sWyJHT0kiLCIyMDI2LTA5LTEzIiwiQk9NIixudWxsLCI2RSIsIjUyNDIiXV1d,SerpApi,Google Flights,2026,9,37,13,6,Sunday,September,True,18,10001-15000,9.55824698622306,False,15874.59375,-10.800866951319621,3,32,INR,2026-09-12 18:46:42.499391,6aa550be8ffd7b0112abff5f,499,2026-09-12 18:46:42.556509
c591836e00ddf0ace234634f5548bb0328db49f758074ee5fe556fdaad190cc1,105,BLR,BOM,BLR-BOM,2026-09-13,2026-09-20,2026-09-12 18:46:42.559034,2026-09-12,1,0-3 days,Air India,Round trip,INR,14168.0,14168.0,,,0,110.0,,,,83.0,,,WyJDalJJU0VaaGIxcExibEprWVRCQlJrZGlZbEZDUnkwdExTMHRMUzB0Y0dwaVpYQXhNRUZCUVVGQlIzRnNWVXc0UmtKVmMyOUJFZ1pCU1RJNE5UZ2FDZ2pZYmhBQUdnTkpUbEk0SEhEcmN3PT0iLFtbIkJMUiIsIjIwMjYtMDktMTMiLCJCT00iLG51bGwsIkFJIiwiMjg1OCJdXV0=,SerpApi,Google Flights,2026,9,37,13,6,Sunday,September,True,18,10001-15000,9.558811758564227,False,15874.59375,-10.750471960896634,3,32,INR,2026-09-12 18:46:42.499391,6aa550be8ffd7b0112abff5f,500,2026-09-12 18:46:42.559034
d6d4cb3b694337ffc7b865f81911f0cb11833daaa8d9bdf7656417a56b1fbac0,105,BLR,BOM,BLR-BOM,2026-09-13,2026-09-20,2026-09-12 18:46:42.561553,2026-09-12,1,0-3 days,IndiGo,Round trip,INR,14351.0,14351.0,,,0,95.0,,,,71.0,,,WyJDalJJU0VaaGIxcExibEprWVRCQlJrZGlZbEZDUnkwdExTMHRMUzB0Y0dwaVpYQXhNRUZCUVVGQlIzRnNWVXc0UmtKVmMyOUJFZ1kyUlRZeU9ETWFDZ2lQY0JBQUdnTkpUbEk0SEhDcWRRPT0iLFtbIkJMUiIsIjIwMjYtMDktMTMiLCJCT00iLG51bGwsIjZFIiwiNjI4MyJdXV0=,SerpApi,Google Flights,2026,9,37,13,6,Sunday,September,True,18,10001-15000,9.571644584298577,False,15874.59375,-9.597686554970897,3,32,INR,2026-09-12 18:46:42.499391,6aa550be8ffd7b0112abff5f,501,2026-09-12 18:46:42.561553
71edcdf3c69211f46762feebe7c4e2e907636b714eebb176a7cb522c63f144bd,105,BLR,BOM,BLR-BOM,2026-09-13,2026-09-20,2026-09-12 18:46:42.563351,2026-09-12,1,0-3 days,IndiGo,Round trip,INR,14351.0,14351.0,,,0,105.0,,,,71.0,,,WyJDalJJU0VaaGIxcExibEprWVRCQlJrZGlZbEZDUnkwdExTMHRMUzB0Y0dwaVpYQXhNRUZCUVVGQlIzRnNWVXc0UmtKVmMyOUJFZ1kyUlRVek56WWFDZ2lQY0JBQUdnTkpUbEk0SEhDcWRRPT0iLFtbIkJMUiIsIjIwMjYtMDktMTMiLCJCT00iLG51bGwsIjZFIiwiNTM3NiJdXV0=,SerpApi,Google Flights,2026,9,37,13,6,Sunday,September,True,18,10001-15000,9.571644584298577,False,15874.59375,-9.597686554970897,3,32,INR,2026-09-12 18:46:42.499391,6aa550be8ffd7b0112abff5f,502,2026-09-12 18:46:42.563351
c751e131cfaa0f8205a63736d80d014d1b37f5fb2f3cf7cdb0d0b6d8f78d018b,105,BLR,BOM,BLR-BOM,2026-09-13,2026-09-20,2026-09-12 18:46:42.566151,2026-09-12,1,0-3 days,Akasa Air,Round trip,INR,14481.0,14481.0,,,0,115.0,,,,73.0,,,WyJDalJJU0VaaGIxcExibEprWVRCQlJrZGlZbEZDUnkwdExTMHRMUzB0Y0dwaVpYQXhNRUZCUVVGQlIzRnNWVXc0UmtKVmMyOUJFZ1pSVURFek9ERWFDZ2lSY1JBQUdnTkpUbEk0SEhDemRnPT0iLFtbIkJMUiIsIjIwMjYtMDktMTMiLCJCT00iLG51bGwsIlFQIiwiMTM4MSJdXV0=,SerpApi,Google Flights,2026,9,37,13,6,Sunday,September,True,18,10001-15000,9.580661777948766,False,15874.59375,-8.778767960597422,3,32,INR,2026-09-12 18:46:42.499391,6aa550be8ffd7b0112abff5f,503,2026-09-12 18:46:42.566151
2b72614befa8cdaef27b32b561fe119f2160294e4949a269af120bd82e345ba6,105,BLR,BOM,BLR-BOM,2026-09-13,2026-09-20,2026-09-12 18:46:42.568606,2026-09-12,1,0-3 days,IndiGo,Round trip,INR,14501.0,14501.0,,,1,235.0,,,,118.0,,,WyJDalJJU0VaaGIxcExibEprWVRCQlJrZGlZbEZDUnkwdExTMHRMUzB0Y0dwaVpYQXhNRUZCUVVGQlIzRnNWVXc0UmtKVmMyOUJFZ3cyUlRrd05IdzJSVFV5TlRnYUNnaWxjUkFBR2dOSlRsSTRISERIZGc9PSIsW1siQkxSIiwiMjAyNi0wOS0xMyIsIk1BQSIsbnVsbCwiNkUiLCI5MDQiXSxbIk1BQSIsIjIwMjYtMDktMTMiLCJCT00iLG51bGwsIjZFIiwiNTI1OCJdXV0=,SerpApi,Google Flights,2026,9,37,13,6,Sunday,September,True,18,10001-15000,9.582041849931539,False,15874.59375,-8.652780484539957,3,32,INR,2026-09-12 18:46:42.499391,6aa550be8ffd7b0112abff5f,504,2026-09-12 18:46:42.568606
a6bb28d8479069a068b56a4eff7c17216ed56edc70699fd50065fbb5bc0054f4,105,BLR,BOM,BLR-BOM,2026-09-13,2026-09-20,2026-09-12 18:46:42.570966,2026-09-12,1,0-3 days,Air India,Round trip,INR,14651.0,14651.0,,,0,125.0,,,,83.0,,,WyJDalJJU0VaaGIxcExibEprWVRCQlJrZGlZbEZDUnkwdExTMHRMUzB0Y0dwaVpYQXhNRUZCUVVGQlIzRnNWVXc0UmtKVmMyOUJFZ1pCU1RJNE1URWFDZ2k3Y2hBQUdnTkpUbEk0SEhEa2R3PT0iLFtbIkJMUiIsIjIwMjYtMDktMTMiLCJCT00iLG51bGwsIkFJIiwiMjgxMSJdXV0=,SerpApi,Google Flights,2026,9,37,13,6,Sunday,September,True,18,10001-15000,9.592332123898705,False,15874.59375,-7.707874414109018,3,32,INR,2026-09-12 18:46:42.499391,6aa550be8ffd7b0112abff5f,505,2026-09-12 18:46:42.570966
ff563cc0c9780524f0f46cb85e15f8d502061ca6ab25397db6100f2d54c0cb70,105,BLR,BOM,BLR-BOM,2026-09-13,2026-09-20,2026-09-12 18:46:42.573158,2026-09-12,1,0-3 days,IndiGo,Round trip,INR,14771.0,14771.0,,,0,105.0,,,,71.0,,,WyJDalJJU0VaaGIxcExibEprWVRCQlJrZGlZbEZDUnkwdExTMHRMUzB0Y0dwaVpYQXhNRUZCUVVGQlIzRnNWVXc0UmtKVmMyOUJFZ1kyUlRVd016RWFDZ2l6Y3hBQUdnTkpUbEk0SEhEaWVBPT0iLFtbIkJMUiIsIjIwMjYtMDktMTMiLCJCT00iLG51bGwsIjZFIiwiNTAzMSJdXV0=,SerpApi,Google Flights,2026,9,37,13,6,Sunday,September,True,18,10001-15000,9.600488775972455,False,15874.59375,-6.951949557764269,3,32,INR,2026-09-12 18:46:42.499391,6aa550be8ffd7b0112abff5f,506,2026-09-12 18:46:42.573158
ebb20302c99f58ddcdca8a91912f6b57c15e2938a3658a0c591b8114ec0240c5,105,BLR,BOM,BLR-BOM,2026-09-13,2026-09-20,2026-09-12 18:46:42.575351,2026-09-12,1,0-3 days,IndiGo,Round trip,INR,14771.0,14771.0,,,0,100.0,,,,71.0,,,WyJDalJJU0VaaGIxcExibEprWVRCQlJrZGlZbEZDUnkwdExTMHRMUzB0Y0dwaVpYQXhNRUZCUVVGQlIzRnNWVXc0UmtKVmMyOUJFZ1kyUlRVeU5UVWFDZ2l6Y3hBQUdnTkpUbEk0SEhEaWVBPT0iLFtbIkJMUiIsIjIwMjYtMDktMTMiLCJCT00iLG51bGwsIjZFIiwiNTI1NSJdXV0=,SerpApi,Google Flights,2026,9,37,13,6,Sunday,September,True,18,10001-15000,9.600488775972455,False,15874.59375,-6.951949557764269,3,32,INR,2026-09-12 18:46:42.499391,6aa550be8ffd7b0112abff5f,507,2026-09-12 18:46:42.575351
a5cefdf25f1026efff7f8e6c2a3ce97c21329c20c361a5dc62ce84c12a9e354c,105,BLR,BOM,BLR-BOM,2026-09-13,2026-09-20,2026-09-12 18:46:42.577542,2026-09-12,1,0-3 days,Air India,Round trip,INR,14834.0,14834.0,,,0,120.0,,,,83.0,,,WyJDalJJU0VaaGIxcExibEprWVRCQlJrZGlZbEZDUnkwdExTMHRMUzB0Y0dwaVpYQXhNRUZCUVVGQlIzRnNWVXc0UmtKVmMyOUJFZ1pCU1RJNE5UUWFDZ2p5Y3hBQUdnTkpUbEk0SEhDa2VRPT0iLFtbIkJMUiIsIjIwMjYtMDktMTMiLCJCT00iLG51bGwsIkFJIiwiMjg1NCJdXV0=,SerpApi,Google Flights,2026,9,37,13,6,Sunday,September,True,18,10001-15000,9.604744532724922,False,15874.59375,-6.555089008183279,3,32,INR,2026-09-12 18:46:42.499391,6aa550be8ffd7b0112abff5f,508,2026-09-12 18:46:42.577542
6003d89c022b1a95f9d528df2c1f42c5124a1cf9f05082a491dd7cd8c3e6aeeb,105,BLR,BOM,BLR-BOM,2026-09-13,2026-09-20,2026-09-12 18:46:42.581467,2026-09-12,1,0-3 days,IndiGo,Round trip,INR,14893.0,14893.0,,,0,105.0,,,,69.0,,,WyJDalJJU0VaaGIxcExibEprWVRCQlJrZGlZbEZDUnkwdExTMHRMUzB0Y0dwaVpYQXhNRUZCUVVGQlIzRnNWVXc0UmtKVmMyOUJFZ1kyUlRVd09Ea2FDZ2l0ZEJBQUdnTkpUbEk0SEhEaWVRPT0iLFtbIkJMUiIsIjIwMjYtMDktMTMiLCJCT00iLG51bGwsIjZFIiwiNTA4OSJdXV0=,SerpApi,Google Flights,2026,9,37,13,6,Sunday,September,True,18,10001-15000,9.60871372627059,False,15874.59375,-6.1834259538137815,3,32,INR,2026-09-12 18:46:42.499391,6aa550be8ffd7b0112abff5f,510,2026-09-12 18:46:42.581467
e1dbb4f3f08008fd1dee397f79be94bc40628cf931034ad7135bd9bebbcdcbd8,105,BLR,BOM,BLR-BOM,2026-09-13,2026-09-20,2026-09-12 18:46:42.583392,2026-09-12,1,0-3 days,IndiGo,Round trip,INR,17308.0,17308.0,,,0,110.0,,,,71.0,,,WyJDalJJU0VaaGIxcExibEprWVRCQlJrZGlZbEZDUnkwdExTMHRMUzB0Y0dwaVpYQXhNRUZCUVVGQlIzRnNWVXc0UmtKVmMyOUJFZ1kyUlRVeU9UTWFDd2ljaHdFUUFCb0RTVTVTT0J4d3dZMEIiLFtbIkJMUiIsIjIwMjYtMDktMTMiLCJCT00iLG51bGwsIjZFIiwiNTI5MyJdXV0=,SerpApi,Google Flights,2026,9,37,13,6,Sunday,September,True,18,15001-25000,9.758981876426398,True,15874.59375,9.029561780124284,3,32,INR,2026-09-12 18:46:42.499391,6aa550be8ffd7b0112abff5f,511,2026-09-12 18:46:42.583392
13c622e249b8a519c237f0a2c9d39d236d399566d909046f8e8084abd0d980f2,106,BLR,HYD,BLR-HYD,2026-09-13,2026-09-20,2026-09-12 18:46:46.527730,2026-09-12,1,0-3 days,Air India Express,Round trip,INR,9651.0,9651.0,,,0,70.0,,,,57.0,,,WyJDalJJY0ZOZk0wdFRiblJNYzFGQlNqTnFPVUZDUnkwdExTMHRMUzB0TFhsc2Izb3hNMEZCUVVGQlIzRnNWVTFaVEVNMGNWZEJFZ1pKV0RFM01qTWFDZ2l6U3hBQUdnTkpUbEk0SEhEMFRnPT0iLFtbIkJMUiIsIjIwMjYtMDktMTMiLCJIWUQiLG51bGwsIklYIiwiMTcyMyJdXV0=,SerpApi,Google Flights,2026,9,37,13,6,Sunday,September,True,18,7501-10000,9.174920426744922,False,12825.058823529413,-24.748883160723956,2,17,INR,2026-09-12 18:46:46.523225,6aa550c5b2c613a6669876b7,512,2026-09-12 18:46:46.527730
5b906c6ebfbcbb88f71c635b533e41fd364979594e4c8d0857c43a63d8dc87bb,106,BLR,HYD,BLR-HYD,2026-09-13,2026-09-20,2026-09-12 18:46:46.530833,2026-09-12,1,0-3 days,Air India Express,Round trip,INR,10049.0,10049.0,,,0,80.0,,,,56.0,,,WyJDalJJY0ZOZk0wdFRiblJNYzFGQlNqTnFPVUZDUnkwdExTMHRMUzB0TFhsc2Izb3hNMEZCUVVGQlIzRnNWVTFaVEVNMGNWZEJFZ1pKV0RJd01UZ2FDZ2pCVGhBQUdnTkpUbEk0SEhDVVVnPT0iLFtbIkJMUiIsIjIwMjYtMDktMTMiLCJIWUQiLG51bGwsIklYIiwiMjAxOCJdXV0=,SerpApi,Google Flights,2026,9,37,13,6,Sunday,September,True,18,10001-15000,9.215327913487222,False,12825.058823529413,-21.645583554254998,2,17,INR,2026-09-12 18:46:46.523225,6aa550c5b2c613a6669876b7,513,2026-09-12 18:46:46.530833
f6ed7ac05d23307d575b3127251c977982ab4d1aeacdaec1672fa37e035ef147,106,BLR,HYD,BLR-HYD,2026-09-13,2026-09-20,2026-09-12 18:46:46.533243,2026-09-12,1,0-3 days,IndiGo,Round trip,INR,11738.0,11738.0,,,0,75.0,,,,47.0,,,WyJDalJJY0ZOZk0wdFRiblJNYzFGQlNqTnFPVUZDUnkwdExTMHRMUzB0TFhsc2Izb3hNMEZCUVVGQlIzRnNWVTFaVEVNMGNWZEJFZ1UyUlRRNE5Cb0tDTnBiRUFBYUEwbE9VamdjY1B4ZiIsW1siQkxSIiwiMjAyNi0wOS0xMyIsIkhZRCIsbnVsbCwiNkUiLCI0ODQiXV1d,SerpApi,Google Flights,2026,9,37,13,6,Sunday,September,True,18,10001-15000,9.370671910878523,False,12825.058823529413,-8.476053314742282,2,17,INR,2026-09-12 18:46:46.523225,6aa550c5b2c613a6669876b7,514,2026-09-12 18:46:46.533243
17c347150d968e97d64651cf3f04b17f12888b18ce7402b4932d1bdd428ae183,106,BLR,HYD,BLR-HYD,2026-09-13,2026-09-20,2026-09-12 18:46:46.535390,2026-09-12,1,0-3 days,IndiGo,Round trip,INR,9735.0,9735.0,,,1,235.0,,,,91.0,,,WyJDalJJY0ZOZk0wdFRiblJNYzFGQlNqTnFPVUZDUnkwdExTMHRMUzB0TFhsc2Izb3hNMEZCUVVGQlIzRnNWVTFaVEVNMGNWZEJFZ3cyUlRZeU5qbDhOa1V6TnpJYUNnaUhUQkFBR2dOSlRsSTRISERNVHc9PSIsW1siQkxSIiwiMjAyNi0wOS0xMyIsIk1BQSIsbnVsbCwiNkUiLCI2MjY5Il0sWyJNQUEiLCIyMDI2LTA5LTEzIiwiSFlEIixudWxsLCI2RSIsIjM3MiJdXV0=,SerpApi,Google Flights,2026,9,37,13,6,Sunday,September,True,18,7501-10000,9.183585634667363,False,12825.058823529413,-24.093915404584777,2,17,INR,2026-09-12 18:46:46.523225,6aa550c5b2c613a6669876b7,515,2026-09-12 18:46:46.535390
78c171f78d26371a43acb9910e27c2a8e86dd06175e50ce379a1da9f458f2a24,106,BLR,HYD,BLR-HYD,2026-09-13,2026-09-20,2026-09-12 18:46:46.538051,2026-09-12,1,0-3 days,IndiGo,Round trip,INR,9735.0,9735.0,,,1,245.0,,,,111.0,,,WyJDalJJY0ZOZk0wdFRiblJNYzFGQlNqTnFPVUZDUnkwdExTMHRMUzB0TFhsc2Izb3hNMEZCUVVGQlIzRnNWVTFaVEVNMGNWZEJFZ3MyUlRFeE5udzJSVE16TmhvS0NJZE1FQUFhQTBsT1VqZ2NjTXhQIixbWyJCTFIiLCIyMDI2LTA5LTEzIiwiUE5RIixudWxsLCI2RSIsIjExNiJdLFsiUE5RIiwiMjAyNi0wOS0xNCIsIkhZRCIsbnVsbCwiNkUiLCIzMzYiXV1d,SerpApi,Google Flights,2026,9,37,13,6,Sunday,September,True,18,7501-10000,9.183585634667363,False,12825.058823529413,-24.093915404584777,2,17,INR,2026-09-12 18:46:46.523225,6aa550c5b2c613a6669876b7,516,2026-09-12 18:46:46.538051
6c0337b27136a5eaf96e666c80a58ceb0c9f19a90f44f49d8d12766956b88f78,106,BLR,HYD,BLR-HYD,2026-09-13,2026-09-20,2026-09-12 18:46:46.542457,2026-09-12,1,0-3 days,IndiGo,Round trip,INR,11149.0,11149.0,,,0,75.0,,,,52.0,,,WyJDalJJY0ZOZk0wdFRiblJNYzFGQlNqTnFPVUZDUnkwdExTMHRMUzB0TFhsc2Izb3hNMEZCUVVGQlIzRnNWVTFaVEVNMGNWZEJFZ1kyUlRZM09EUWFDZ2lOVnhBQUdnTkpUbEk0SEhDVVd3PT0iLFtbIkJMUiIsIjIwMjYtMDktMTMiLCJIWUQiLG51bGwsIjZFIiwiNjc4NCJdXV0=,SerpApi,Google Flights,2026,9,37,13,6,Sunday,September,True,18,10001-15000,9.319194776888265,False,12825.058823529413,-13.06862484290865,2,17,INR,2026-09-12 18:46:46.523225,6aa550c5b2c613a6669876b7,517,2026-09-12 18:46:46.542457
c6d02eb593ef5f8d2accaba42d0b7db02dce81a5660143adf2b1dac6297777f6,106,BLR,HYD,BLR-HYD,2026-09-13,2026-09-20,2026-09-12 18:46:46.546030,2026-09-12,1,0-3 days,Air India Express,Round trip,INR,12092.0,12092.0,,,0,80.0,,,,60.0,,,WyJDalJJY0ZOZk0wdFRiblJNYzFGQlNqTnFPVUZDUnkwdExTMHRMUzB0TFhsc2Izb3hNMEZCUVVGQlIzRnNWVTFaVEVNMGNWZEJFZ1pKV0RJNE1Ua2FDZ2k4WGhBQUdnTkpUbEk0SEhEdVlnPT0iLFtbIkJMUiIsIjIwMjYtMDktMTMiLCJIWUQiLG51bGwsIklYIiwiMjgxOSJdXV0=,SerpApi,Google Flights,2026,9,37,13,6,Sunday,September,True,18,10001-15000,9.400382051785275,False,12825.058823529413,-5.715832056727188,2,17,INR,2026-09-12 18:46:46.523225,6aa550c5b2c613a6669876b7,518,2026-09-12 18:46:46.546030
03444ab181b330125842a65fdd09e5b97ea69b46299215f0c51737bb0b8f8343,106,BLR,HYD,BLR-HYD,2026-09-13,2026-09-20,2026-09-12 18:46:46.548161,2026-09-12,1,0-3 days,IndiGo,Round trip,INR,12387.0,12387.0,,,0,70.0,,,,47.0,,,WyJDalJJY0ZOZk0wdFRiblJNYzFGQlNqTnFPVUZDUnkwdExTMHRMUzB0TFhsc2Izb3hNMEZCUVVGQlIzRnNWVTFaVEVNMGNWZEJFZ1kyUlRZeE56Z2FDZ2pqWUJBQUdnTkpUbEk0SEhDalpRPT0iLFtbIkJMUiIsIjIwMjYtMDktMTMiLCJIWUQiLG51bGwsIjZFIiwiNjE3OCJdXV0=,SerpApi,Google Flights,2026,9,37,13,6,Sunday,September,True,18,10001-15000,9.424483541093094,False,12825.058823529413,-3.415647675047939,2,17,INR,2026-09-12 18:46:46.523225,6aa550c5b2c613a6669876b7,519,2026-09-12 18:46:46.548161
8b3b2a91d01ee4672f7c4a0f7bb8db2bfc6c54e0fa34cb7cb0571d12209019a2,106,BLR,HYD,BLR-HYD,2026-09-13,2026-09-20,2026-09-12 18:46:46.552547,2026-09-12,1,0-3 days,IndiGo,Round trip,INR,12387.0,12387.0,,,0,75.0,,,,52.0,,,WyJDalJJY0ZOZk0wdFRiblJNYzFGQlNqTnFPVUZDUnkwdExTMHRMUzB0TFhsc2Izb3hNMEZCUVVGQlIzRnNWVTFaVEVNMGNWZEJFZ1kyUlRZME1EUWFDZ2pqWUJBQUdnTkpUbEk0SEhDalpRPT0iLFtbIkJMUiIsIjIwMjYtMDktMTMiLCJIWUQiLG51bGwsIjZFIiwiNjQwNCJdXV0=,SerpApi,Google Flights,2026,9,37,13,6,Sunday,September,True,18,10001-15000,9.424483541093094,False,12825.058823529413,-3.415647675047939,2,17,INR,2026-09-12 18:46:46.523225,6aa550c5b2c613a6669876b7,521,2026-09-12 18:46:46.552547
ee49b91d4b77004b3d127ec115123b8b7db0f0ffe25d818955867fcb7bc89dc0,106,BLR,HYD,BLR-HYD,2026-09-13,2026-09-20,2026-09-12 18:46:46.554823,2026-09-12,1,0-3 days,IndiGo,Round trip,INR,13104.0,13104.0,,,0,70.0,,,,47.0,,,WyJDalJJY0ZOZk0wdFRiblJNYzFGQlNqTnFPVUZDUnkwdExTMHRMUzB0TFhsc2Izb3hNMEZCUVVGQlIzRnNWVTFaVEVNMGNWZEJFZ1UyUlRZek9Cb0tDTEJtRUFBYUEwbE9VamdjY0pGciIsW1siQkxSIiwiMjAyNi0wOS0xMyIsIkhZRCIsbnVsbCwiNkUiLCI2MzgiXV1d,SerpApi,Google Flights,2026,9,37,13,6,Sunday,September,True,18,10001-15000,9.480749115757506,False,12825.058823529413,2.174969957711448,2,17,INR,2026-09-12 18:46:46.523225,6aa550c5b2c613a6669876b7,522,2026-09-12 18:46:46.554823
21bd2c3cf8e2646d491d915f91a132305b474b5ef19da71a0f13ecc19ab3d22b,106,BLR,HYD,BLR-HYD,2026-09-13,2026-09-20,2026-09-12 18:46:46.557039,2026-09-12,1,0-3 days,Air India Express,Round trip,INR,13459.0,13459.0,,,0,85.0,,,,57.0,,,WyJDalJJY0ZOZk0wdFRiblJNYzFGQlNqTnFPVUZDUnkwdExTMHRMUzB0TFhsc2Izb3hNMEZCUVVGQlIzRnNWVTFaVEVNMGNWZEJFZ1pKV0RJMU1EWWFDZ2lUYVJBQUdnTkpUbEk0SEhDRmJnPT0iLFtbIkJMUiIsIjIwMjYtMDktMTMiLCJIWUQiLG51bGwsIklYIiwiMjUwNiJdXV0=,SerpApi,Google Flights,2026,9,37,13,6,Sunday,September,True,18,10001-15000,9.50747760319872,False,12825.058823529413,4.942988450918695,2,17,INR,2026-09-12 18:46:46.523225,6aa550c5b2c613a6669876b7,523,2026-09-12 18:46:46.557039
9ebbab484b99f57003ff1789741777842c486b63e1f5832aeea2e2657d558557,106,BLR,HYD,BLR-HYD,2026-09-13,2026-09-20,2026-09-12 18:46:46.562132,2026-09-12,1,0-3 days,IndiGo,Round trip,INR,13895.0,13895.0,,,0,75.0,,,,52.0,,,WyJDalJJY0ZOZk0wdFRiblJNYzFGQlNqTnFPVUZDUnkwdExTMHRMUzB0TFhsc2Izb3hNMEZCUVVGQlIzRnNWVTFaVEVNMGNWZEJFZ1UyUlRnMU5Sb0tDTWRzRUFBYUEwbE9VamdjY00xeCIsW1siQkxSIiwiMjAyNi0wOS0xMyIsIkhZRCIsbnVsbCwiNkUiLCI4NTUiXV1d,SerpApi,Google Flights,2026,9,37,13,6,Sunday,September,True,18,10001-15000,9.53935630792094,False,12825.058823529413,8.342582994688708,2,17,INR,2026-09-12 18:46:46.523225,6aa550c5b2c613a6669876b7,525,2026-09-12 18:46:46.562132
ff3877e62837ffd86009465a39929e6af729a823d8f57acfcb17f8efd6b3cb00,106,BLR,HYD,BLR-HYD,2026-09-13,2026-09-20,2026-09-12 18:46:46.564212,2026-09-12,1,0-3 days,Air India Express,Round trip,INR,15399.0,15399.0,,,1,390.0,,,,107.0,,,WyJDalJJY0ZOZk0wdFRiblJNYzFGQlNqTnFPVUZDUnkwdExTMHRMUzB0TFhsc2Izb3hNMEZCUVVGQlIzRnNWVTFaVEVNMGNWZEJFZzFKV0RJNU1qWjhTVmd4T0RNeUdnb0lwM2dRQUJvRFNVNVNPQnh3ODMwPSIsW1siQkxSIiwiMjAyNi0wOS0xMyIsIk1BQSIsbnVsbCwiSVgiLCIyOTI2Il0sWyJNQUEiLCIyMDI2LTA5LTEzIiwiSFlEIixudWxsLCJJWCIsIjE4MzIiXV1d,SerpApi,Google Flights,2026,9,37,13,6,Sunday,September,True,18,15001-25000,9.642122788401721,False,12825.058823529413,20.06962472365681,2,17,INR,2026-09-12 18:46:46.523225,6aa550c5b2c613a6669876b7,526,2026-09-12 18:46:46.564212
f982c97187bf12342edb14f403fc1ca8332e11b87e1207c066f5d9da45603db1,106,BLR,HYD,BLR-HYD,2026-09-13,2026-09-20,2026-09-12 18:46:46.566957,2026-09-12,1,0-3 days,IndiGo,Round trip,INR,15730.0,15730.0,,,0,75.0,,,,47.0,,,WyJDalJJY0ZOZk0wdFRiblJNYzFGQlNqTnFPVUZDUnkwdExTMHRMUzB0TFhsc2Izb3hNMEZCUVVGQlIzRnNWVTFaVEVNMGNWZEJFZ1kyUlRZd05qY2FDZ2p5ZWhBQUdnTkpUbEk0SEhET2dBRT0iLFtbIkJMUiIsIjIwMjYtMDktMTMiLCJIWUQiLG51bGwsIjZFIiwiNjA2NyJdXV0=,SerpApi,Google Flights,2026,9,37,13,6,Sunday,September,True,18,15001-25000,9.663388566822505,False,12825.058823529413,22.65050957225285,2,17,INR,2026-09-12 18:46:46.523225,6aa550c5b2c613a6669876b7,527,2026-09-12 18:46:46.566957
84faee6968a8cb23977ee1ce8e9f0d04b965aa751576bc85c212ad8d625c6bac,107,BLR,MAA,BLR-MAA,2026-09-13,2026-09-20,2026-09-12 18:46:51.622997,2026-09-12,1,0-3 days,IndiGo,Round trip,INR,7932.0,7932.0,,,0,70.0,,,,36.0,,,WyJDalJJTFc0ek1tdGljR3RXWW5kQlMyMUdWMEZDUnkwdExTMHRMUzB0TFMxNWJHOW9PRUZCUVVGQlIzRnNWVTF2UVZWaVNWRkJFZ1kyUlRZeU1EZ2FDZ2o4UFJBQUdnTkpUbEk0SEhEdFFBPT0iLFtbIkJMUiIsIjIwMjYtMDktMTMiLCJNQUEiLG51bGwsIjZFIiwiNjIwOCJdXV0=,SerpApi,Google Flights,2026,9,37,13,6,Sunday,September,True,18,7501-10000,8.978786553302003,False,8027.428571428572,-1.1887813211845066,2,7,INR,2026-09-12 18:46:51.611292,6aa550c9d355cc2fb3467ced,530,2026-09-12 18:46:51.622997
4a6d4e5dd9113b1dbdb18c8e1b64d3de60e1581671138be6a43bbf0f06236b20,107,BLR,MAA,BLR-MAA,2026-09-13,2026-09-20,2026-09-12 18:46:51.625504,2026-09-12,1,0-3 days,IndiGo,Round trip,INR,7932.0,7932.0,,,0,55.0,,,,36.0,,,WyJDalJJTFc0ek1tdGljR3RXWW5kQlMyMUdWMEZDUnkwdExTMHRMUzB0TFMxNWJHOW9PRUZCUVVGQlIzRnNWVTF2UVZWaVNWRkJFZ1UyUlRNMU5ob0tDUHc5RUFBYUEwbE9VamdjY08xQSIsW1siQkxSIiwiMjAyNi0wOS0xMyIsIk1BQSIsbnVsbCwiNkUiLCIzNTYiXV1d,SerpApi,Google Flights,2026,9,37,13,6,Sunday,September,True,18,7501-10000,8.978786553302003,False,8027.428571428572,-1.1887813211845066,2,7,INR,2026-09-12 18:46:51.611292,6aa550c9d355cc2fb3467ced,531,2026-09-12 18:46:51.625504
439b2c08170456fe11fb18e47d56fe8115b05406393adf599a44eca17eb8fa1b,107,BLR,MAA,BLR-MAA,2026-09-13,2026-09-20,2026-09-12 18:46:51.628407,2026-09-12,1,0-3 days,IndiGo,Round trip,INR,7932.0,7932.0,,,0,60.0,,,,36.0,,,WyJDalJJTFc0ek1tdGljR3RXWW5kQlMyMUdWMEZDUnkwdExTMHRMUzB0TFMxNWJHOW9PRUZCUVVGQlIzRnNWVTF2UVZWaVNWRkJFZ1kyUlRZd01UY2FDZ2o4UFJBQUdnTkpUbEk0SEhEdFFBPT0iLFtbIkJMUiIsIjIwMjYtMDktMTMiLCJNQUEiLG51bGwsIjZFIiwiNjAxNyJdXV0=,SerpApi,Google Flights,2026,9,37,13,6,Sunday,September,True,18,7501-10000,8.978786553302003,False,8027.428571428572,-1.1887813211845066,2,7,INR,2026-09-12 18:46:51.611292,6aa550c9d355cc2fb3467ced,532,2026-09-12 18:46:51.628407
13175bf34e5bc52a5bc5e85d15509569948587f761b9518c83764f63dbfc5804,107,BLR,MAA,BLR-MAA,2026-09-13,2026-09-20,2026-09-12 18:46:51.634552,2026-09-12,1,0-3 days,IndiGo,Round trip,INR,7932.0,7932.0,,,0,65.0,,,,40.0,,,WyJDalJJTFc0ek1tdGljR3RXWW5kQlMyMUdWMEZDUnkwdExTMHRMUzB0TFMxNWJHOW9PRUZCUVVGQlIzRnNWVTF2UVZWaVNWRkJFZ1kyUlRZMU5qSWFDZ2o4UFJBQUdnTkpUbEk0SEhEdFFBPT0iLFtbIkJMUiIsIjIwMjYtMDktMTMiLCJNQUEiLG51bGwsIjZFIiwiNjU2MiJdXV0=,SerpApi,Google Flights,2026,9,37,13,6,Sunday,September,True,18,7501-10000,8.978786553302003,False,8027.428571428572,-1.1887813211845066,2,7,INR,2026-09-12 18:46:51.611292,6aa550c9d355cc2fb3467ced,534,2026-09-12 18:46:51.634552
a14fd2d012d6e2256d49bc11562c5b89fea633e4579a0d21bbb8cbaefd860c11,107,BLR,MAA,BLR-MAA,2026-09-13,2026-09-20,2026-09-12 18:46:51.647206,2026-09-12,1,0-3 days,Air India Express,Round trip,INR,8266.0,8266.0,,,0,70.0,,,,46.0,,,WyJDalJJTFc0ek1tdGljR3RXWW5kQlMyMUdWMEZDUnkwdExTMHRMUzB0TFMxNWJHOW9PRUZCUVVGQlIzRnNWVTF2UVZWaVNWRkJFZ1pKV0RJM09EY2FDZ2pLUUJBQUdnTkpUbEk0SEhES1F3PT0iLFtbIkJMUiIsIjIwMjYtMDktMTMiLCJNQUEiLG51bGwsIklYIiwiMjc4NyJdXV0=,SerpApi,Google Flights,2026,9,37,13,6,Sunday,September,True,18,7501-10000,9.020026965252676,False,8027.428571428572,2.971953302961272,2,7,INR,2026-09-12 18:46:51.611292,6aa550c9d355cc2fb3467ced,539,2026-09-12 18:46:51.647206
3a325029d812758511720264b281cfa1f06eb3ffce0fea4232676dab9838fce9,108,BLR,CCU,BLR-CCU,2026-09-13,2026-09-20,2026-09-12 18:46:57.859214,2026-09-12,1,0-3 days,IndiGo,Round trip,INR,16480.0,16480.0,,,1,315.0,,,,137.0,,,WyJDalJJZVRCdlVqbERjbTVXYmtGQlRFRkRZVUZDUnkwdExTMHRMUzB0TFc5NWNtRXlOa0ZCUVVGQlIzRnNWVTVGUWpkTVlrVkJFZ3cyUlRZd01UZDhOa1U1TWpNYUN3amdnQUVRQUJvRFNVNVNPQnh3MzRZQiIsW1siQkxSIiwiMjAyNi0wOS0xMyIsIk1BQSIsbnVsbCwiNkUiLCI2MDE3Il0sWyJNQUEiLCIyMDI2LTA5LTEzIiwiQ0NVIixudWxsLCI2RSIsIjkyMyJdXV0=,SerpApi,Google Flights,2026,9,37,13,6,Sunday,September,True,18,15001-25000,9.70996348123418,False,19822.833333333332,-16.86354961029788,3,24,INR,2026-09-12 18:46:57.856684,6aa550ce2b15b9df863747e0,540,2026-09-12 18:46:57.859214
a2a0a10ab77f390b3f94a251db6f5eaa9e5fe0af24bd9c79c0138fe211f1f651,108,BLR,CCU,BLR-CCU,2026-09-13,2026-09-20,2026-09-12 18:46:57.862022,2026-09-12,1,0-3 days,IndiGo,Round trip,INR,17736.0,17736.0,,,0,160.0,,,,111.0,,,WyJDalJJZVRCdlVqbERjbTVXYmtGQlRFRkRZVUZDUnkwdExTMHRMUzB0TFc5NWNtRXlOa0ZCUVVGQlIzRnNWVTVGUWpkTVlrVkJFZ1UyUlRrMU1ob0xDTWlLQVJBQUdnTkpUbEk0SEhDQmtRRT0iLFtbIkJMUiIsIjIwMjYtMDktMTMiLCJDQ1UiLG51bGwsIjZFIiwiOTUyIl1dXQ==,SerpApi,Google Flights,2026,9,37,13,6,Sunday,September,True,18,15001-25000,9.783408132205587,False,19822.833333333332,-10.527422080597281,3,24,INR,2026-09-12 18:46:57.856684,6aa550ce2b15b9df863747e0,541,2026-09-12 18:46:57.862022
b47669f65f2749d553472b48b60a49c4bbb2b5b4ac16533db5a1d4e67937e6d0,108,BLR,CCU,BLR-CCU,2026-09-13,2026-09-20,2026-09-12 18:46:57.864184,2026-09-12,1,0-3 days,Akasa Air,Round trip,INR,22255.0,22255.0,,,0,155.0,,,,111.0,,,WyJDalJJZVRCdlVqbERjbTVXYmtGQlRFRkRZVUZDUnkwdExTMHRMUzB0TFc5NWNtRXlOa0ZCUVVGQlIzRnNWVTVGUWpkTVlrVkJFZ1pSVURFMU5qRWFDd2p2clFFUUFCb0RTVTVTT0J4dytyVUIiLFtbIkJMUiIsIjIwMjYtMDktMTMiLCJDQ1UiLG51bGwsIlFQIiwiMTU2MSJdXV0=,SerpApi,Google Flights,2026,9,37,13,6,Sunday,September,True,18,15001-25000,10.010366914163225,False,19822.833333333332,12.26952083876338,3,24,INR,2026-09-12 18:46:57.856684,6aa550ce2b15b9df863747e0,542,2026-09-12 18:46:57.864184
4efaf4cf8a536be4b76f3e487caf4f45d07f2affb45ad0a264f8d6bd2cfaaca9,108,BLR,CCU,BLR-CCU,2026-09-13,2026-09-20,2026-09-12 18:46:57.865896,2026-09-12,1,0-3 days,IndiGo,Round trip,INR,16690.0,16690.0,,,1,335.0,,,,172.0,,,WyJDalJJZVRCdlVqbERjbTVXYmtGQlRFRkRZVUZDUnkwdExTMHRMUzB0TFc5NWNtRXlOa0ZCUVVGQlIzRnNWVTVGUWpkTVlrVkJFZ3cyUlRZMk5UTjhOa1V4TmpJYUN3aXlnZ0VRQUJvRFNVNVNPQnh3dW9nQiIsW1siQkxSIiwiMjAyNi0wOS0xMyIsIkdPSSIsbnVsbCwiNkUiLCI2NjUzIl0sWyJHT0kiLCIyMDI2LTA5LTEzIiwiQ0NVIixudWxsLCI2RSIsIjE2MiJdXV0=,SerpApi,Google Flights,2026,9,37,13,6,Sunday,September,True,18,15001-25000,9.722624930978418,False,19822.833333333332,-15.804165230332023,3,24,INR,2026-09-12 18:46:57.856684,6aa550ce2b15b9df863747e0,543,2026-09-12 18:46:57.865896
896b6e3c523dc509d7c7dc85bcbba658451c43f21df96e6c54e6fa0d2f2ceb83,108,BLR,CCU,BLR-CCU,2026-09-13,2026-09-20,2026-09-12 18:46:57.867865,2026-09-12,1,0-3 days,IndiGo,Round trip,INR,16690.0,16690.0,,,1,380.0,,,,192.0,,,WyJDalJJZVRCdlVqbERjbTVXYmtGQlRFRkRZVUZDUnkwdExTMHRMUzB0TFc5NWNtRXlOa0ZCUVVGQlIzRnNWVTVGUWpkTVlrVkJFZ3cyUlRZeU56ZDhOa1V6TkRJYUN3aXlnZ0VRQUJvRFNVNVNPQnh3dW9nQiIsW1siQkxSIiwiMjAyNi0wOS0xMyIsIlBBVCIsbnVsbCwiNkUiLCI2Mjc3Il0sWyJQQVQiLCIyMDI2LTA5LTEzIiwiQ0NVIixudWxsLCI2RSIsIjM0MiJdXV0=,SerpApi,Google Flights,2026,9,37,13,6,Sunday,September,True,18,15001-25000,9.722624930978418,False,19822.833333333332,-15.804165230332023,3,24,INR,2026-09-12 18:46:57.856684,6aa550ce2b15b9df863747e0,544,2026-09-12 18:46:57.867865
015e92798240dbc3beb32b84673f6ddc9efd40fe5a9a5a00d473897d6ad65654,108,BLR,CCU,BLR-CCU,2026-09-13,2026-09-20,2026-09-12 18:46:57.869992,2026-09-12,1,0-3 days,IndiGo,Round trip,INR,16821.0,16821.0,,,1,330.0,,,,182.0,,,WyJDalJJZVRCdlVqbERjbTVXYmtGQlRFRkRZVUZDUnkwdExTMHRMUzB0TFc5NWNtRXlOa0ZCUVVGQlIzRnNWVTVGUWpkTVlrVkJFZzAyUlRZNE56WjhOa1UyTXpVNUdnc0l0WU1CRUFBYUEwbE9VamdjY01PSkFRPT0iLFtbIkJMUiIsIjIwMjYtMDktMTMiLCJQTlEiLG51bGwsIjZFIiwiNjg3NiJdLFsiUE5RIiwiMjAyNi0wOS0xMyIsIkNDVSIsbnVsbCwiNkUiLCI2MzU5Il1dXQ==,SerpApi,Google Flights,2026,9,37,13,6,Sunday,September,True,18,15001-25000,9.730442832522382,False,19822.833333333332,-15.143311164734264,3,24,INR,2026-09-12 18:46:57.856684,6aa550ce2b15b9df863747e0,545,2026-09-12 18:46:57.869992
60cdae814b2c2a45826149242be5e966deed180304a9a42c7f1375c47861759e,108,BLR,CCU,BLR-CCU,2026-09-13,2026-09-20,2026-09-12 18:46:57.873200,2026-09-12,1,0-3 days,IndiGo,Round trip,INR,16821.0,16821.0,,,1,340.0,,,,180.0,,,WyJDalJJZVRCdlVqbERjbTVXYmtGQlRFRkRZVUZDUnkwdExTMHRMUzB0TFc5NWNtRXlOa0ZCUVVGQlIzRnNWVTVGUWpkTVlrVkJFZ3cyUlRRME1YdzJSVFk1TWpFYUN3aTFnd0VRQUJvRFNVNVNPQnh3dzRrQiIsW1siQkxSIiwiMjAyNi0wOS0xMyIsIlBOUSIsbnVsbCwiNkUiLCI0NDEiXSxbIlBOUSIsIjIwMjYtMDktMTMiLCJDQ1UiLG51bGwsIjZFIiwiNjkyMSJdXV0=,SerpApi,Google Flights,2026,9,37,13,6,Sunday,September,True,18,15001-25000,9.730442832522382,False,19822.833333333332,-15.143311164734264,3,24,INR,2026-09-12 18:46:57.856684,6aa550ce2b15b9df863747e0,546,2026-09-12 18:46:57.873200
ab89dea9898e5dbea27603c2eddef4422bddd631fbfef356bfdd81177b27d5ea,108,BLR,CCU,BLR-CCU,2026-09-13,2026-09-20,2026-09-12 18:46:57.874992,2026-09-12,1,0-3 days,IndiGo,Round trip,INR,17031.0,17031.0,,,1,410.0,,,,206.0,,,WyJDalJJZVRCdlVqbERjbTVXYmtGQlRFRkRZVUZDUnkwdExTMHRMUzB0TFc5NWNtRXlOa0ZCUVVGQlIzRnNWVTVGUWpkTVlrVkJFZ3MyUlRVNE5udzJSVGMxTVJvTENJZUZBUkFBR2dOSlRsSTRISENmaXdFPSIsW1siQkxSIiwiMjAyNi0wOS0xMyIsIkFNRCIsbnVsbCwiNkUiLCI1ODYiXSxbIkFNRCIsIjIwMjYtMDktMTMiLCJDQ1UiLG51bGwsIjZFIiwiNzUxIl1dXQ==,SerpApi,Google Flights,2026,9,37,13,6,Sunday,September,True,18,15001-25000,9.742849206573315,False,19822.833333333332,-14.083926784768398,3,24,INR,2026-09-12 18:46:57.856684,6aa550ce2b15b9df863747e0,547,2026-09-12 18:46:57.874992
60e15c446fbcf820858d6e3de3ffb6813400b103684bd489958d6cf490f7f296,108,BLR,CCU,BLR-CCU,2026-09-13,2026-09-20,2026-09-12 18:46:57.876843,2026-09-12,1,0-3 days,IndiGo,Round trip,INR,17193.0,17193.0,,,1,365.0,,,,145.0,,,WyJDalJJZVRCdlVqbERjbTVXYmtGQlRFRkRZVUZDUnkwdExTMHRMUzB0TFc5NWNtRXlOa0ZCUVVGQlIzRnNWVTVGUWpkTVlrVkJFZ3cyUlRVek4zdzJSVFk1TURjYUN3aXBoZ0VRQUJvRFNVNVNPQnh3eVl3QiIsW1siQkxSIiwiMjAyNi0wOS0xMyIsIkhZRCIsbnVsbCwiNkUiLCI1MzciXSxbIkhZRCIsIjIwMjYtMDktMTMiLCJDQ1UiLG51bGwsIjZFIiwiNjkwNyJdXV0=,SerpApi,Google Flights,2026,9,37,13,6,Sunday,September,True,18,15001-25000,9.752315764734389,False,19822.833333333332,-13.266687405937594,3,24,INR,2026-09-12 18:46:57.856684,6aa550ce2b15b9df863747e0,548,2026-09-12 18:46:57.876843
c69996faf95440dbae735ef385792684499b1b4a496c3a60428e616bc3fbfbaa,108,BLR,CCU,BLR-CCU,2026-09-13,2026-09-20,2026-09-12 18:46:57.879282,2026-09-12,1,0-3 days,IndiGo,Round trip,INR,17403.0,17403.0,,,1,320.0,,,,192.0,,,WyJDalJJZVRCdlVqbERjbTVXYmtGQlRFRkRZVUZDUnkwdExTMHRMUzB0TFc5NWNtRXlOa0ZCUVVGQlIzRnNWVTVGUWpkTVlrVkJFZ3cyUlRZNE1ERjhOa1UyTmpNYUN3ajdod0VRQUJvRFNVNVNPQnh3cEk0QiIsW1siQkxSIiwiMjAyNi0wOS0xMyIsIlBBVCIsbnVsbCwiNkUiLCI2ODAxIl0sWyJQQVQiLCIyMDI2LTA5LTEzIiwiQ0NVIixudWxsLCI2RSIsIjY2MyJdXV0=,SerpApi,Google Flights,2026,9,37,13,6,Sunday,September,True,18,15001-25000,9.76445534384057,False,19822.833333333332,-12.207303025971727,3,24,INR,2026-09-12 18:46:57.856684,6aa550ce2b15b9df863747e0,549,2026-09-12 18:46:57.879282
1c56914b376eadd5639fb5bd56b8986c3c99a75927ee368eea316c2d495b4e95,108,BLR,CCU,BLR-CCU,2026-09-13,2026-09-20,2026-09-12 18:46:57.881277,2026-09-12,1,0-3 days,IndiGo,Round trip,INR,17975.0,17975.0,,,1,285.0,,,,145.0,,,WyJDalJJZVRCdlVqbERjbTVXYmtGQlRFRkRZVUZDUnkwdExTMHRMUzB0TFc5NWNtRXlOa0ZCUVVGQlIzRnNWVTVGUWpkTVlrVkJFZzAyUlRZME1EUjhOa1UyT1RBM0dnc0l0NHdCRUFBYUEwbE9VamdjY1B1U0FRPT0iLFtbIkJMUiIsIjIwMjYtMDktMTMiLCJIWUQiLG51bGwsIjZFIiwiNjQwNCJdLFsiSFlEIiwiMjAyNi0wOS0xMyIsIkNDVSIsbnVsbCwiNkUiLCI2OTA3Il1dXQ==,SerpApi,Google Flights,2026,9,37,13,6,Sunday,September,True,18,15001-25000,9.796792813865165,False,19822.833333333332,-9.321741762445656,3,24,INR,2026-09-12 18:46:57.856684,6aa550ce2b15b9df863747e0,550,2026-09-12 18:46:57.881277
5f18901513b4d6b5d572365c0accd97eebc5531cbafd7ed1b94e31a54e8c3cd6,108,BLR,CCU,BLR-CCU,2026-09-13,2026-09-20,2026-09-12 18:46:57.883048,2026-09-12,1,0-3 days,IndiGo,Round trip,INR,18261.0,18261.0,,,0,160.0,,,,111.0,,,WyJDalJJZVRCdlVqbERjbTVXYmtGQlRFRkRZVUZDUnkwdExTMHRMUzB0TFc5NWNtRXlOa0ZCUVVGQlIzRnNWVTVGUWpkTVlrVkJFZ1UyUlRrM05Sb0xDTldPQVJBQUdnTkpUbEk0SEhDbWxRRT0iLFtbIkJMUiIsIjIwMjYtMDktMTMiLCJDQ1UiLG51bGwsIjZFIiwiOTc1Il1dXQ==,SerpApi,Google Flights,2026,9,37,13,6,Sunday,September,True,18,15001-25000,9.812577677176286,False,19822.833333333332,-7.878961130682627,3,24,INR,2026-09-12 18:46:57.856684,6aa550ce2b15b9df863747e0,551,2026-09-12 18:46:57.883048
a6060ef4c3be5b2cae22213b79b91db61614c3baaa40936152e807fa07286a57,108,BLR,CCU,BLR-CCU,2026-09-13,2026-09-20,2026-09-12 18:46:57.884456,2026-09-12,1,0-3 days,IndiGo,Round trip,INR,18996.0,18996.0,,,0,170.0,,,,111.0,,,WyJDalJJZVRCdlVqbERjbTVXYmtGQlRFRkRZVUZDUnkwdExTMHRMUzB0TFc5NWNtRXlOa0ZCUVVGQlIzRnNWVTVGUWpkTVlrVkJFZ1UyUlRJeU14b0xDTFNVQVJBQUdnTkpUbEk0SEhDb213RT0iLFtbIkJMUiIsIjIwMjYtMDktMTMiLCJDQ1UiLG51bGwsIjZFIiwiMjIzIl1dXQ==,SerpApi,Google Flights,2026,9,37,13,6,Sunday,September,True,18,15001-25000,9.852036350945049,False,19822.833333333332,-4.171115800802094,3,24,INR,2026-09-12 18:46:57.856684,6aa550ce2b15b9df863747e0,552,2026-09-12 18:46:57.884456
6146e7a8b585f8b4f1a6ac032d9ee730a6937774e21287a3b0a9cbb835372f88,108,BLR,CCU,BLR-CCU,2026-09-13,2026-09-20,2026-09-12 18:46:57.885982,2026-09-12,1,0-3 days,IndiGo,Round trip,INR,18996.0,18996.0,,,0,160.0,,,,138.0,,,WyJDalJJZVRCdlVqbERjbTVXYmtGQlRFRkRZVUZDUnkwdExTMHRMUzB0TFc5NWNtRXlOa0ZCUVVGQlIzRnNWVTVGUWpkTVlrVkJFZ1UyUlRZM05ob0xDTFNVQVJBQUdnTkpUbEk0SEhDb213RT0iLFtbIkJMUiIsIjIwMjYtMDktMTMiLCJDQ1UiLG51bGwsIjZFIiwiNjc2Il1dXQ==,SerpApi,Google Flights,2026,9,37,13,6,Sunday,September,True,18,15001-25000,9.852036350945049,False,19822.833333333332,-4.171115800802094,3,24,INR,2026-09-12 18:46:57.856684,6aa550ce2b15b9df863747e0,553,2026-09-12 18:46:57.885982
71da307a0aaff8fe271b122606d0027333b5dc2f1be084920ff3bccfa2412b56,108,BLR,CCU,BLR-CCU,2026-09-13,2026-09-20,2026-09-12 18:46:57.887812,2026-09-12,1,0-3 days,Air India Express,Round trip,INR,19483.0,19483.0,,,1,840.0,,,,165.0,,,WyJDalJJZVRCdlVqbERjbTVXYmtGQlRFRkRZVUZDUnkwdExTMHRMUzB0TFc5NWNtRXlOa0ZCUVVGQlIzRnNWVTVGUWpkTVlrVkJFZzFKV0RJM09EZDhTVmd4TWpVMkdnc0ltNWdCRUFBYUEwbE9VamdjY0tXZkFRPT0iLFtbIkJMUiIsIjIwMjYtMDktMTMiLCJNQUEiLG51bGwsIklYIiwiMjc4NyJdLFsiTUFBIiwiMjAyNi0wOS0xNCIsIkNDVSIsbnVsbCwiSVgiLCIxMjU2Il1dXQ==,SerpApi,Google Flights,2026,9,37,13,6,Sunday,September,True,18,15001-25000,9.877348894926433,False,19822.833333333332,-1.7143529767860266,3,24,INR,2026-09-12 18:46:57.856684,6aa550ce2b15b9df863747e0,554,2026-09-12 18:46:57.887812
236e0284467efbafd87b0f0fd5b1ba6fc1ecf26be59cf9f966568206250f4bb7,108,BLR,CCU,BLR-CCU,2026-09-13,2026-09-20,2026-09-12 18:46:57.889515,2026-09-12,1,0-3 days,IndiGo,Round trip,INR,20466.0,20466.0,,,0,160.0,,,,111.0,,,WyJDalJJZVRCdlVqbERjbTVXYmtGQlRFRkRZVUZDUnkwdExTMHRMUzB0TFc5NWNtRXlOa0ZCUVVGQlIzRnNWVTVGUWpkTVlrVkJFZ1kyUlRZME16a2FDd2p5bndFUUFCb0RTVTVTT0J4d3FxY0IiLFtbIkJMUiIsIjIwMjYtMDktMTMiLCJDQ1UiLG51bGwsIjZFIiwiNjQzOSJdXV0=,SerpApi,Google Flights,2026,9,37,13,6,Sunday,September,True,18,15001-25000,9.926569111979449,False,19822.833333333332,3.2445748589589485,3,24,INR,2026-09-12 18:46:57.856684,6aa550ce2b15b9df863747e0,555,2026-09-12 18:46:57.889515
973e2a854bbf0e7c285152133dbaadab7b7eff6b63cf77905c79c24164f973ec,108,BLR,CCU,BLR-CCU,2026-09-13,2026-09-20,2026-09-12 18:46:57.893096,2026-09-12,1,0-3 days,IndiGo,Round trip,INR,20571.0,20571.0,,,0,160.0,,,,111.0,,,WyJDalJJZVRCdlVqbERjbTVXYmtGQlRFRkRZVUZDUnkwdExTMHRMUzB0TFc5NWNtRXlOa0ZCUVVGQlIzRnNWVTVGUWpkTVlrVkJFZ1kyUlRZMU56SWFDd2pib0FFUUFCb0RTVTVTT0J4d21LZ0IiLFtbIkJMUiIsIjIwMjYtMDktMTMiLCJDQ1UiLG51bGwsIjZFIiwiNjU3MiJdXV0=,SerpApi,Google Flights,2026,9,37,13,6,Sunday,September,True,18,15001-25000,9.931686206894806,False,19822.833333333332,3.7742670489418817,3,24,INR,2026-09-12 18:46:57.856684,6aa550ce2b15b9df863747e0,557,2026-09-12 18:46:57.893096
e5c878ea1db1b611e6d3ec8a747c23f3517904e3c8225cd269578bc90690a427,108,BLR,CCU,BLR-CCU,2026-09-13,2026-09-20,2026-09-12 18:46:57.894851,2026-09-12,1,0-3 days,IndiGo,Round trip,INR,21516.0,21516.0,,,0,145.0,,,,111.0,,,WyJDalJJZVRCdlVqbERjbTVXYmtGQlRFRkRZVUZDUnkwdExTMHRMUzB0TFc5NWNtRXlOa0ZCUVVGQlIzRnNWVTVGUWpkTVlrVkJFZ1UyUlRRME1ob0xDSXlvQVJBQUdnTkpUbEk0SEhEMXJ3RT0iLFtbIkJMUiIsIjIwMjYtMDktMTMiLCJDQ1UiLG51bGwsIjZFIiwiNDQyIl1dXQ==,SerpApi,Google Flights,2026,9,37,13,6,Sunday,September,True,18,15001-25000,9.976598599353451,False,19822.833333333332,8.54149675878828,3,24,INR,2026-09-12 18:46:57.856684,6aa550ce2b15b9df863747e0,558,2026-09-12 18:46:57.894851
eba28f9d9913fbfb4d7c1edeceb557e35b6e7b82d7141dc4af29acefa7515141,108,BLR,CCU,BLR-CCU,2026-09-13,2026-09-20,2026-09-12 18:46:57.896997,2026-09-12,1,0-3 days,IndiGo,Round trip,INR,21516.0,21516.0,,,0,155.0,,,,111.0,,,WyJDalJJZVRCdlVqbERjbTVXYmtGQlRFRkRZVUZDUnkwdExTMHRMUzB0TFc5NWNtRXlOa0ZCUVVGQlIzRnNWVTVGUWpkTVlrVkJFZ1UyUlRVd014b0xDSXlvQVJBQUdnTkpUbEk0SEhEMXJ3RT0iLFtbIkJMUiIsIjIwMjYtMDktMTMiLCJDQ1UiLG51bGwsIjZFIiwiNTAzIl1dXQ==,SerpApi,Google Flights,2026,9,37,13,6,Sunday,September,True,18,15001-25000,9.976598599353451,False,19822.833333333332,8.54149675878828,3,24,INR,2026-09-12 18:46:57.856684,6aa550ce2b15b9df863747e0,559,2026-09-12 18:46:57.896997
888e08497f361cf4999a1b32c343b74840275b3902433b9f336b62706fb06a84,108,BLR,CCU,BLR-CCU,2026-09-13,2026-09-20,2026-09-12 18:46:57.899734,2026-09-12,1,0-3 days,Air India Express,Round trip,INR,21801.0,21801.0,,,0,155.0,,,,130.0,,,WyJDalJJZVRCdlVqbERjbTVXYmtGQlRFRkRZVUZDUnkwdExTMHRMUzB0TFc5NWNtRXlOa0ZCUVVGQlIzRnNWVTVGUWpkTVlrVkJFZ1pKV0RFek56QWFDd2lwcWdFUUFCb0RTVTVTT0J4d243SUIiLFtbIkJMUiIsIjIwMjYtMDktMTMiLCJDQ1UiLG51bGwsIklYIiwiMTM3MCJdXV0=,SerpApi,Google Flights,2026,9,37,13,6,Sunday,September,True,18,15001-25000,9.989756987688304,False,19822.833333333332,9.979232703027652,3,24,INR,2026-09-12 18:46:57.856684,6aa550ce2b15b9df863747e0,560,2026-09-12 18:46:57.899734
b0799a4d810d00e4f75e85a7d375ed85a3409aa8162f2a0bf3153dc32210c66c,108,BLR,CCU,BLR-CCU,2026-09-13,2026-09-20,2026-09-12 18:46:57.901089,2026-09-12,1,0-3 days,Air India Express,Round trip,INR,24501.0,24501.0,,,0,160.0,,,,134.0,,,WyJDalJJZVRCdlVqbERjbTVXYmtGQlRFRkRZVUZDUnkwdExTMHRMUzB0TFc5NWNtRXlOa0ZCUVVGQlIzRnNWVTVGUWpkTVlrVkJFZ1pKV0RFeE16RWFDd2kxdndFUUFCb0RTVTVTT0J4d3FjZ0IiLFtbIkJMUiIsIjIwMjYtMDktMTMiLCJDQ1UiLG51bGwsIklYIiwiMTEzMSJdXV0=,SerpApi,Google Flights,2026,9,37,13,6,Sunday,September,True,18,15001-25000,10.106510025854115,False,19822.833333333332,23.599889016874485,3,24,INR,2026-09-12 18:46:57.856684,6aa550ce2b15b9df863747e0,561,2026-09-12 18:46:57.901089
907f351e91ed52a36b232c7408d0e36f4d83ff761d2d2832b441532f11f1e6b3,109,BLR,PNQ,BLR-PNQ,2026-09-13,2026-09-20,2026-09-12 18:47:04.713935,2026-09-12,1,0-3 days,IndiGo,Round trip,INR,8977.0,8977.0,,,0,100.0,,,,61.0,,,WyJDalJJWTFnMGRuTjBVbXhSUnpCQlNGb3hXbmRDUnkwdExTMHRMUzB0TFhaM2FtOHlORUZCUVVGQlIzRnNWVTVaUW1WaExVRkJFZ1UyUlRFeE5ob0tDSkZHRUFBYUEwbE9VamdjY0xOSiIsW1siQkxSIiwiMjAyNi0wOS0xMyIsIlBOUSIsbnVsbCwiNkUiLCIxMTYiXV1d,SerpApi,Google Flights,2026,9,37,13,6,Sunday,September,True,18,7501-10000,9.102532419341877,False,11853.277777777777,-24.265674286062456,3,18,INR,2026-09-12 18:47:04.708680,6aa550d4e3e17623a77cd11c,563,2026-09-12 18:47:04.713935
2a2544aadf397c87b63332e146ede7af6dbd276b12f5108299fccb27a14904c6,109,BLR,PNQ,BLR-PNQ,2026-09-13,2026-09-20,2026-09-12 18:47:04.717284,2026-09-12,1,0-3 days,Air India Express,Round trip,INR,9047.0,9047.0,,,0,100.0,,,,76.0,,,WyJDalJJWTFnMGRuTjBVbXhSUnpCQlNGb3hXbmRDUnkwdExTMHRMUzB0TFhaM2FtOHlORUZCUVVGQlIzRnNWVTVaUW1WaExVRkJFZ1pKV0RJMk9EQWFDZ2pYUmhBQUdnTkpUbEk0SEhEOFNRPT0iLFtbIkJMUiIsIjIwMjYtMDktMTMiLCJQTlEiLG51bGwsIklYIiwiMjY4MCJdXV0=,SerpApi,Google Flights,2026,9,37,13,6,Sunday,September,True,18,7501-10000,9.110299017795956,False,11853.277777777777,-23.675120337084444,3,18,INR,2026-09-12 18:47:04.708680,6aa550d4e3e17623a77cd11c,564,2026-09-12 18:47:04.717284
390284c5e237d0e60e897aecdccffec04a53ca8b5acd376abf9c0f7fda6d8378,109,BLR,PNQ,BLR-PNQ,2026-09-13,2026-09-20,2026-09-12 18:47:04.719787,2026-09-12,1,0-3 days,IndiGo,Round trip,INR,9308.0,9308.0,,,0,90.0,,,,61.0,,,WyJDalJJWTFnMGRuTjBVbXhSUnpCQlNGb3hXbmRDUnkwdExTMHRMUzB0TFhaM2FtOHlORUZCUVVGQlIzRnNWVTVaUW1WaExVRkJFZ1UyUlRRd09Cb0tDTnhJRUFBYUEwbE9VamdjY0kxTSIsW1siQkxSIiwiMjAyNi0wOS0xMyIsIlBOUSIsbnVsbCwiNkUiLCI0MDgiXV1d,SerpApi,Google Flights,2026,9,37,13,6,Sunday,September,True,18,7501-10000,9.13873695311649,False,11853.277777777777,-21.47319775589499,3,18,INR,2026-09-12 18:47:04.708680,6aa550d4e3e17623a77cd11c,565,2026-09-12 18:47:04.719787
3e533a58828953a4b5beccc13a4b6d8c86c97c3f53348c3daddd18a138ec1fc4,109,BLR,PNQ,BLR-PNQ,2026-09-13,2026-09-20,2026-09-12 18:47:04.722729,2026-09-12,1,0-3 days,Akasa Air,Round trip,INR,9763.0,9763.0,,,0,100.0,,,,63.0,,,WyJDalJJWTFnMGRuTjBVbXhSUnpCQlNGb3hXbmRDUnkwdExTMHRMUzB0TFhaM2FtOHlORUZCUVVGQlIzRnNWVTVaUW1WaExVRkJFZ1pSVURFek1UTWFDZ2lqVEJBQUdnTkpUbEk0SEhEcFR3PT0iLFtbIkJMUiIsIjIwMjYtMDktMTMiLCJQTlEiLG51bGwsIlFQIiwiMTMxMyJdXV0=,SerpApi,Google Flights,2026,9,37,13,6,Sunday,September,True,18,7501-10000,9.186457431512851,False,11853.277777777777,-17.634597087537905,3,18,INR,2026-09-12 18:47:04.708680,6aa550d4e3e17623a77cd11c,566,2026-09-12 18:47:04.722729
a18db34549d6a97f01a977fb0e6736386b933f207b5dd85d80acf19b9298edaf,109,BLR,PNQ,BLR-PNQ,2026-09-13,2026-09-20,2026-09-12 18:47:04.725180,2026-09-12,1,0-3 days,IndiGo,Round trip,INR,9139.0,9139.0,,,0,90.0,,,,61.0,,,WyJDalJJWTFnMGRuTjBVbXhSUnpCQlNGb3hXbmRDUnkwdExTMHRMUzB0TFhaM2FtOHlORUZCUVVGQlIzRnNWVTVaUW1WaExVRkJFZ1UyUlRVeU9Cb0tDTE5IRUFBYUEwbE9VamdjY054SyIsW1siQkxSIiwiMjAyNi0wOS0xMyIsIlBOUSIsbnVsbCwiNkUiLCI1MjgiXV1d,SerpApi,Google Flights,2026,9,37,13,6,Sunday,September,True,18,7501-10000,9.120415664448196,False,11853.277777777777,-22.898963718427623,3,18,INR,2026-09-12 18:47:04.708680,6aa550d4e3e17623a77cd11c,567,2026-09-12 18:47:04.725180
c105a7ca0e8b0dee45262a589bd6e69ea57a35fcbc56034a28b0ec324f01459e,109,BLR,PNQ,BLR-PNQ,2026-09-13,2026-09-20,2026-09-12 18:47:04.728486,2026-09-12,1,0-3 days,IndiGo,Round trip,INR,9669.0,9669.0,,,0,85.0,,,,61.0,,,WyJDalJJWTFnMGRuTjBVbXhSUnpCQlNGb3hXbmRDUnkwdExTMHRMUzB0TFhaM2FtOHlORUZCUVVGQlIzRnNWVTVaUW1WaExVRkJFZ1UyUlRFd05Sb0tDTVZMRUFBYUEwbE9VamdjY0lkUCIsW1siQkxSIiwiMjAyNi0wOS0xMyIsIlBOUSIsbnVsbCwiNkUiLCIxMDUiXV1d,SerpApi,Google Flights,2026,9,37,13,6,Sunday,September,True,18,7501-10000,9.17678358844734,False,11853.277777777777,-18.42762667616552,3,18,INR,2026-09-12 18:47:04.708680,6aa550d4e3e17623a77cd11c,568,2026-09-12 18:47:04.728486
b6c630ef683253e75dfc15b97b18f6da6750a16667af1bb8d4d235e3cbe74da9,109,BLR,PNQ,BLR-PNQ,2026-09-13,2026-09-20,2026-09-12 18:47:04.733608,2026-09-12,1,0-3 days,IndiGo,Round trip,INR,9860.0,9860.0,,,0,85.0,,,,66.0,,,WyJDalJJWTFnMGRuTjBVbXhSUnpCQlNGb3hXbmRDUnkwdExTMHRMUzB0TFhaM2FtOHlORUZCUVVGQlIzRnNWVTVaUW1WaExVRkJFZ1UyUlRRME1Sb0tDSVJORUFBYUEwbE9VamdjY005USIsW1siQkxSIiwiMjAyNi0wOS0xMyIsIlBOUSIsbnVsbCwiNkUiLCI0NDEiXV1d,SerpApi,Google Flights,2026,9,37,13,6,Sunday,September,True,18,7501-10000,9.19634286233233,False,11853.277777777777,-16.81625804395408,3,18,INR,2026-09-12 18:47:04.708680,6aa550d4e3e17623a77cd11c,570,2026-09-12 18:47:04.733608
dc77fa5190b3df7ec323b38da9d7cdf114ab5137a0da7f9889467033cb16cf78,109,BLR,PNQ,BLR-PNQ,2026-09-13,2026-09-20,2026-09-12 18:47:04.736316,2026-09-12,1,0-3 days,Air India Express,Round trip,INR,9935.0,9935.0,,,0,95.0,,,,76.0,,,WyJDalJJWTFnMGRuTjBVbXhSUnpCQlNGb3hXbmRDUnkwdExTMHRMUzB0TFhaM2FtOHlORUZCUVVGQlIzRnNWVTVaUW1WaExVRkJFZ1pKV0RJNE56TWFDZ2pQVFJBQUdnTkpUbEk0SEhDZFVRPT0iLFtbIkJMUiIsIjIwMjYtMDktMTMiLCJQTlEiLG51bGwsIklYIiwiMjg3MyJdXV0=,SerpApi,Google Flights,2026,9,37,13,6,Sunday,September,True,18,7501-10000,9.20391980417326,False,11853.277777777777,-16.18352167004907,3,18,INR,2026-09-12 18:47:04.708680,6aa550d4e3e17623a77cd11c,571,2026-09-12 18:47:04.736316
ffc34fb9ea21c7fde99c4328023d4d2ea6880370d22fc1743b755337001a5880,109,BLR,PNQ,BLR-PNQ,2026-09-13,2026-09-20,2026-09-12 18:47:04.740690,2026-09-12,1,0-3 days,Air India Express,Round trip,INR,10332.0,10332.0,,,0,95.0,,,,76.0,,,WyJDalJJWTFnMGRuTjBVbXhSUnpCQlNGb3hXbmRDUnkwdExTMHRMUzB0TFhaM2FtOHlORUZCUVVGQlIzRnNWVTVaUW1WaExVRkJFZ1pKV0RJNU1UTWFDZ2pjVUJBQUdnTkpUbEk0SEhDOVZBPT0iLFtbIkJMUiIsIjIwMjYtMDktMTMiLCJQTlEiLG51bGwsIklYIiwiMjkxMyJdXV0=,SerpApi,Google Flights,2026,9,37,13,6,Sunday,September,True,18,10001-15000,9.243097936214355,False,11853.277777777777,-12.834237130845194,3,18,INR,2026-09-12 18:47:04.708680,6aa550d4e3e17623a77cd11c,573,2026-09-12 18:47:04.740690
83b91cfc9f7fc9e9bfd02c64c7d3a4fef5df5828aa4c08712202afb327b9c869,109,BLR,PNQ,BLR-PNQ,2026-09-13,2026-09-20,2026-09-12 18:47:04.746641,2026-09-12,1,0-3 days,Akasa Air,Round trip,INR,10516.0,10516.0,,,0,95.0,,,,63.0,,,WyJDalJJWTFnMGRuTjBVbXhSUnpCQlNGb3hXbmRDUnkwdExTMHRMUzB0TFhaM2FtOHlORUZCUVVGQlIzRnNWVTVaUW1WaExVRkJFZ1pSVURFek1UVWFDZ2lVVWhBQUdnTkpUbEk0SEhEOVZRPT0iLFtbIkJMUiIsIjIwMjYtMDktMTMiLCJQTlEiLG51bGwsIlFQIiwiMTMxNSJdXV0=,SerpApi,Google Flights,2026,9,37,13,6,Sunday,September,True,18,10001-15000,9.260748274520028,False,11853.277777777777,-11.281923893531554,3,18,INR,2026-09-12 18:47:04.708680,6aa550d4e3e17623a77cd11c,575,2026-09-12 18:47:04.746641
3ce2d3e0d76461413ae2a295c0bf13e64b95de83c78fbee18b930899107474ac,109,BLR,PNQ,BLR-PNQ,2026-09-13,2026-09-20,2026-09-12 18:47:04.749013,2026-09-12,1,0-3 days,Akasa Air,Round trip,INR,10725.0,10725.0,,,0,100.0,,,,63.0,,,WyJDalJJWTFnMGRuTjBVbXhSUnpCQlNGb3hXbmRDUnkwdExTMHRMUzB0TFhaM2FtOHlORUZCUVVGQlIzRnNWVTVaUW1WaExVRkJFZ1pSVURFek1URWFDZ2psVXhBQUdnTkpUbEk0SEhEWVZ3PT0iLFtbIkJMUiIsIjIwMjYtMDktMTMiLCJQTlEiLG51bGwsIlFQIiwiMTMxMSJdXV0=,SerpApi,Google Flights,2026,9,37,13,6,Sunday,September,True,18,10001-15000,9.280425979542871,False,11853.277777777777,-9.518698531582913,3,18,INR,2026-09-12 18:47:04.708680,6aa550d4e3e17623a77cd11c,576,2026-09-12 18:47:04.749013
cd81de3841076758250a7a8885f5a3da8dc3161890b64612cadc1809cfd18732,109,BLR,PNQ,BLR-PNQ,2026-09-13,2026-09-20,2026-09-12 18:47:04.754039,2026-09-12,1,0-3 days,IndiGo,Round trip,INR,10971.0,10971.0,,,0,90.0,,,,66.0,,,WyJDalJJWTFnMGRuTjBVbXhSUnpCQlNGb3hXbmRDUnkwdExTMHRMUzB0TFhaM2FtOHlORUZCUVVGQlIzRnNWVTVaUW1WaExVRkJFZ1UyUlRFM014b0tDTnRWRUFBYUEwbE9VamdjY05sWiIsW1siQkxSIiwiMjAyNi0wOS0xMyIsIlBOUSIsbnVsbCwiNkUiLCIxNzMiXV1d,SerpApi,Google Flights,2026,9,37,13,6,Sunday,September,True,18,10001-15000,9.303101852057495,False,11853.277777777777,-7.44332322517447,3,18,INR,2026-09-12 18:47:04.708680,6aa550d4e3e17623a77cd11c,578,2026-09-12 18:47:04.754039
343cba7492b82f1370a57effc7804be74c5fdd0d5fad7a4c444a1398eea15aed,109,BLR,PNQ,BLR-PNQ,2026-09-13,2026-09-20,2026-09-12 18:47:04.756323,2026-09-12,1,0-3 days,IndiGo,Round trip,INR,11775.0,11775.0,,,0,90.0,,,,66.0,,,WyJDalJJWTFnMGRuTjBVbXhSUnpCQlNGb3hXbmRDUnkwdExTMHRMUzB0TFhaM2FtOHlORUZCUVVGQlIzRnNWVTVaUW1WaExVRkJFZ1kyUlRZeE1EUWFDZ2ovV3hBQUdnTkpUbEk0SEhDallBPT0iLFtbIkJMUiIsIjIwMjYtMDktMTMiLCJQTlEiLG51bGwsIjZFIiwiNjEwNCJdXV0=,SerpApi,Google Flights,2026,9,37,13,6,Sunday,September,True,18,10001-15000,9.373818840968658,False,11853.277777777777,-0.6603892969127112,3,18,INR,2026-09-12 18:47:04.708680,6aa550d4e3e17623a77cd11c,579,2026-09-12 18:47:04.756323
27f652dc5353670d4625378c22ee18a60c89e7e7b63f5bc4734b38f955c6b18f,110,BLR,AMD,BLR-AMD,2026-09-13,2026-09-20,2026-09-12 18:47:13.139575,2026-09-12,1,0-3 days,IndiGo,Round trip,INR,15211.0,15211.0,,,1,425.0,,,,113.0,,,WyJDalJJYW5sNVFtZExPVmxWZURoQlQyUkNkWGRDUnkwdExTMHRMUzB0TFMxdmVXTmlOMEZCUVVGQlIzRnNWVTR3UXpjeU1EaEJFZ3MyUlRFeE5udzJSVGd4T1JvS0NPdDJFQUFhQTBsT1VqZ2NjSzU4IixbWyJCTFIiLCIyMDI2LTA5LTEzIiwiUE5RIixudWxsLCI2RSIsIjExNiJdLFsiUE5RIiwiMjAyNi0wOS0xNCIsIkFNRCIsbnVsbCwiNkUiLCI4MTkiXV1d,SerpApi,Google Flights,2026,9,37,13,6,Sunday,September,True,18,15001-25000,9.62983986904815,False,20089.866666666665,-24.285211781727433,4,15,INR,2026-09-12 18:47:13.134529,6aa550db0558c0f55eaf38ef,580,2026-09-12 18:47:13.139575
9e45f4ac2f17f90aa9cbba0f3b5884f49bb99bb63a41175e0218de5a9d990181,110,BLR,AMD,BLR-AMD,2026-09-13,2026-09-20,2026-09-12 18:47:13.163007,2026-09-12,1,0-3 days,IndiGo,Round trip,INR,15491.0,15491.0,,,0,130.0,,,,92.0,,,WyJDalJJYW5sNVFtZExPVmxWZURoQlQyUkNkWGRDUnkwdExTMHRMUzB0TFMxdmVXTmlOMEZCUVVGQlIzRnNWVTR3UXpjeU1EaEJFZ1kyUlRZME1qTWFDZ2lEZVJBQUdnTkpUbEk0SEhEVWZnPT0iLFtbIkJMUiIsIjIwMjYtMDktMTMiLCJBTUQiLG51bGwsIjZFIiwiNjQyMyJdXV0=,SerpApi,Google Flights,2026,9,37,13,6,Sunday,September,True,18,15001-25000,9.648079040634643,False,20089.866666666665,-22.891474308772576,4,15,INR,2026-09-12 18:47:13.134529,6aa550db0558c0f55eaf38ef,581,2026-09-12 18:47:13.163007
c7a287163889d6975480edf5ec4dbc9ebfac18ecbd8ed87a9dd321e1fa0ad54c,110,BLR,AMD,BLR-AMD,2026-09-13,2026-09-20,2026-09-12 18:47:13.165359,2026-09-12,1,0-3 days,Akasa Air,Round trip,INR,17108.0,17108.0,,,0,130.0,,,,96.0,,,WyJDalJJYW5sNVFtZExPVmxWZURoQlQyUkNkWGRDUnkwdExTMHRMUzB0TFMxdmVXTmlOMEZCUVVGQlIzRnNWVTR3UXpjeU1EaEJFZ1pSVURFNU1EWWFDd2pVaFFFUUFCb0RTVTVTT0J4dzhJc0IiLFtbIkJMUiIsIjIwMjYtMDktMTMiLCJBTUQiLG51bGwsIlFQIiwiMTkwNiJdXV0=,SerpApi,Google Flights,2026,9,37,13,6,Sunday,September,True,18,15001-25000,9.747359919824648,False,20089.866666666665,-14.842640402458285,4,15,INR,2026-09-12 18:47:13.134529,6aa550db0558c0f55eaf38ef,582,2026-09-12 18:47:13.165359
473a43546a5e8ed0b26a03fe18f63ddfaceec7a50ea13cd9f5cfc17ea19b802a,110,BLR,AMD,BLR-AMD,2026-09-13,2026-09-20,2026-09-12 18:47:13.167305,2026-09-12,1,0-3 days,Air India,Round trip,INR,16515.0,16515.0,,,1,290.0,,,,141.0,,,WyJDalJJYW5sNVFtZExPVmxWZURoQlQyUkNkWGRDUnkwdExTMHRMUzB0TFMxdmVXTmlOMEZCUVVGQlIzRnNWVTR3UXpjeU1EaEJFZzFCU1RJNE5UUjhRVWt5T1RFNUdnc0lnNEVCRUFBYUEwbE9VamdjY0lPSEFRPT0iLFtbIkJMUiIsIjIwMjYtMDktMTMiLCJCT00iLG51bGwsIkFJIiwiMjg1NCJdLFsiQk9NIiwiMjAyNi0wOS0xMyIsIkFNRCIsbnVsbCwiQUkiLCIyOTE5Il1dXQ==,SerpApi,Google Flights,2026,9,37,13,6,Sunday,September,True,18,15001-25000,9.71208488700598,False,20089.866666666665,-17.794377264823392,4,15,INR,2026-09-12 18:47:13.134529,6aa550db0558c0f55eaf38ef,583,2026-09-12 18:47:13.167305
702554943368cd0c5c35a2624598d3322fc7d510efa3a6a690ed44a031f98c8a,110,BLR,AMD,BLR-AMD,2026-09-13,2026-09-20,2026-09-12 18:47:13.170794,2026-09-12,1,0-3 days,IndiGo,Round trip,INR,17084.0,17084.0,,,1,305.0,,,,127.0,,,WyJDalJJYW5sNVFtZExPVmxWZURoQlQyUkNkWGRDUnkwdExTMHRMUzB0TFMxdmVXTmlOMEZCUVVGQlIzRnNWVTR3UXpjeU1EaEJFZ3cyUlRNeE1udzJSVFl3T1RrYUN3aThoUUVRQUJvRFNVNVNPQnh3MTRzQiIsW1siQkxSIiwiMjAyNi0wOS0xMyIsIkhZRCIsbnVsbCwiNkUiLCIzMTIiXSxbIkhZRCIsIjIwMjYtMDktMTMiLCJBTUQiLG51bGwsIjZFIiwiNjA5OSJdXV0=,SerpApi,Google Flights,2026,9,37,13,6,Sunday,September,True,18,15001-25000,9.745956164549392,False,20089.866666666665,-14.962103614425837,4,15,INR,2026-09-12 18:47:13.134529,6aa550db0558c0f55eaf38ef,584,2026-09-12 18:47:13.170794
f7b717338fb5d18f49dceeb3483f49b4e06cb830c7cf90bb1cf58a951b9c9d16,110,BLR,AMD,BLR-AMD,2026-09-13,2026-09-20,2026-09-12 18:47:13.173515,2026-09-12,1,0-3 days,IndiGo,Round trip,INR,17084.0,17084.0,,,1,290.0,,,,123.0,,,WyJDalJJYW5sNVFtZExPVmxWZURoQlQyUkNkWGRDUnkwdExTMHRMUzB0TFMxdmVXTmlOMEZCUVVGQlIzRnNWVTR3UXpjeU1EaEJFZzAyUlRVd05qbDhOa1UxTWpBeEdnc0l2SVVCRUFBYUEwbE9VamdjY05lTEFRPT0iLFtbIkJMUiIsIjIwMjYtMDktMTMiLCJCT00iLG51bGwsIjZFIiwiNTA2OSJdLFsiQk9NIiwiMjAyNi0wOS0xMyIsIkFNRCIsbnVsbCwiNkUiLCI1MjAxIl1dXQ==,SerpApi,Google Flights,2026,9,37,13,6,Sunday,September,True,18,15001-25000,9.745956164549392,False,20089.866666666665,-14.962103614425837,4,15,INR,2026-09-12 18:47:13.134529,6aa550db0558c0f55eaf38ef,585,2026-09-12 18:47:13.173515
6ebabb4c779e20a088aedc8b54e70db8b52f2c17f2efe1827ad6d2b6092aa53c,110,BLR,AMD,BLR-AMD,2026-09-13,2026-09-20,2026-09-12 18:47:13.176373,2026-09-12,1,0-3 days,IndiGo,Round trip,INR,17276.0,17276.0,,,0,125.0,,,,92.0,,,WyJDalJJYW5sNVFtZExPVmxWZURoQlQyUkNkWGRDUnkwdExTMHRMUzB0TFMxdmVXTmlOMEZCUVVGQlIzRnNWVTR3UXpjeU1EaEJFZ1kyUlRZMU9UVWFDd2o4aGdFUUFCb0RTVTVTT0J4d29JMEIiLFtbIkJMUiIsIjIwMjYtMDktMTMiLCJBTUQiLG51bGwsIjZFIiwiNjU5NSJdXV0=,SerpApi,Google Flights,2026,9,37,13,6,Sunday,September,True,18,15001-25000,9.757131416174783,False,20089.866666666665,-14.006397918685366,4,15,INR,2026-09-12 18:47:13.134529,6aa550db0558c0f55eaf38ef,586,2026-09-12 18:47:13.176373
09d17b60cb786f5b9450d08de0bd6754ef306885a334902625d12bcd0e86f0a5,110,BLR,AMD,BLR-AMD,2026-09-13,2026-09-20,2026-09-12 18:47:13.178740,2026-09-12,1,0-3 days,IndiGo,Round trip,INR,17276.0,17276.0,,,0,130.0,,,,92.0,,,WyJDalJJYW5sNVFtZExPVmxWZURoQlQyUkNkWGRDUnkwdExTMHRMUzB0TFMxdmVXTmlOMEZCUVVGQlIzRnNWVTR3UXpjeU1EaEJFZ1UyUlRJek9Sb0xDUHlHQVJBQUdnTkpUbEk0SEhDZ2pRRT0iLFtbIkJMUiIsIjIwMjYtMDktMTMiLCJBTUQiLG51bGwsIjZFIiwiMjM5Il1dXQ==,SerpApi,Google Flights,2026,9,37,13,6,Sunday,September,True,18,15001-25000,9.757131416174783,False,20089.866666666665,-14.006397918685366,4,15,INR,2026-09-12 18:47:13.134529,6aa550db0558c0f55eaf38ef,587,2026-09-12 18:47:13.178740
cd03d5707c9459b7768a2e22f72082239efc11fa59eda27d1dea23efc86d01b9,110,BLR,AMD,BLR-AMD,2026-09-13,2026-09-20,2026-09-12 18:47:13.180855,2026-09-12,1,0-3 days,IndiGo,Round trip,INR,17801.0,17801.0,,,0,130.0,,,,92.0,,,WyJDalJJYW5sNVFtZExPVmxWZURoQlQyUkNkWGRDUnkwdExTMHRMUzB0TFMxdmVXTmlOMEZCUVVGQlIzRnNWVTR3UXpjeU1EaEJFZ1UyUlRVNE5ob0xDSW1MQVJBQUdnTkpUbEk0SEhERmtRRT0iLFtbIkJMUiIsIjIwMjYtMDktMTMiLCJBTUQiLG51bGwsIjZFIiwiNTg2Il1dXQ==,SerpApi,Google Flights,2026,9,37,13,6,Sunday,September,True,18,15001-25000,9.787066089518877,False,20089.866666666665,-11.39314015689501,4,15,INR,2026-09-12 18:47:13.134529,6aa550db0558c0f55eaf38ef,588,2026-09-12 18:47:13.180855
77a64a104384e08bec0dfaaf28c1ae87753bc86ef3af0f0b52a10d082ccf054a,110,BLR,AMD,BLR-AMD,2026-09-13,2026-09-20,2026-09-12 18:47:13.182738,2026-09-12,1,0-3 days,Air India Express,Round trip,INR,25763.0,25763.0,,,0,125.0,,,,109.0,,,WyJDalJJYW5sNVFtZExPVmxWZURoQlQyUkNkWGRDUnkwdExTMHRMUzB0TFMxdmVXTmlOMEZCUVVGQlIzRnNWVTR3UXpjeU1EaEJFZ1pKV0RJd01ERWFDd2lqeVFFUUFCb0RTVTVTT0J4dzBkSUIiLFtbIkJMUiIsIjIwMjYtMDktMTMiLCJBTUQiLG51bGwsIklYIiwiMjAwMSJdXV0=,SerpApi,Google Flights,2026,9,37,13,6,Sunday,September,True,18,25000+,10.156733447666781,False,20089.866666666665,28.238780413342734,4,15,INR,2026-09-12 18:47:13.134529,6aa550db0558c0f55eaf38ef,589,2026-09-12 18:47:13.182738
599187e409fe31eb47bbcbeaec2b54b4409e726250bd43be3dea685a9132bb27,111,BLR,COK,BLR-COK,2026-09-13,2026-09-20,2026-09-12 18:47:17.523489,2026-09-12,1,0-3 days,Air India Express,Round trip,INR,11569.0,11569.0,,,0,75.0,,,,53.0,,,WyJDalJJZVZCM05tUXhORnB6YkRoQlNGUnJVRUZDUnkwdExTMHRMUzEyZDNreE9DMXVNVUZCUVVGQlIzRnNWVTlWUVVGd2NpMUJFZ1pKV0RJMk1EZ2FDZ2l4V2hBQUdnTkpUbEk0SEhETFhnPT0iLFtbIkJMUiIsIjIwMjYtMDktMTMiLCJDT0siLG51bGwsIklYIiwiMjYwOCJdXV0=,SerpApi,Google Flights,2026,9,37,13,6,Sunday,September,True,18,10001-15000,9.356170820187723,False,38150.36363636364,-69.67525628255659,3,11,INR,2026-09-12 18:47:17.518422,6aa550e4b9dbc400cf34b71d,590,2026-09-12 18:47:17.523489
cb5254177cbfbaa2c596649f4c7504631146412219a68c34c365b75efbff65dc,111,BLR,COK,BLR-COK,2026-09-13,2026-09-20,2026-09-12 18:47:17.530080,2026-09-12,1,0-3 days,IndiGo,Round trip,INR,11648.0,11648.0,,,0,65.0,,,,47.0,,,WyJDalJJZVZCM05tUXhORnB6YkRoQlNGUnJVRUZDUnkwdExTMHRMUzEyZDNreE9DMXVNVUZCUVVGQlIzRnNWVTlWUVVGd2NpMUJFZ1UyUlRRek5Sb0tDSUJiRUFBYUEwbE9VamdjY0o1ZiIsW1siQkxSIiwiMjAyNi0wOS0xMyIsIkNPSyIsbnVsbCwiNkUiLCI0MzUiXV1d,SerpApi,Google Flights,2026,9,37,13,6,Sunday,September,True,18,10001-15000,9.362975618399776,False,38150.36363636364,-69.46818093000424,3,11,INR,2026-09-12 18:47:17.518422,6aa550e4b9dbc400cf34b71d,592,2026-09-12 18:47:17.530080
bd2b977c53c8301465450c58fd915142d9316c4427ba666621d64d81225fbde5,111,BLR,COK,BLR-COK,2026-09-13,2026-09-20,2026-09-12 18:47:17.531927,2026-09-12,1,0-3 days,IndiGo,Round trip,INR,12071.0,12071.0,,,0,65.0,,,,42.0,,,WyJDalJJZVZCM05tUXhORnB6YkRoQlNGUnJVRUZDUnkwdExTMHRMUzEyZDNreE9DMXVNVUZCUVVGQlIzRnNWVTlWUVVGd2NpMUJFZ1UyUlRjd014b0tDS2RlRUFBYUEwbE9VamdjY05oaSIsW1siQkxSIiwiMjAyNi0wOS0xMyIsIkNPSyIsbnVsbCwiNkUiLCI3MDMiXV1d,SerpApi,Google Flights,2026,9,37,13,6,Sunday,September,True,18,10001-15000,9.398644000447685,False,38150.36363636364,-68.35941037140121,3,11,INR,2026-09-12 18:47:17.518422,6aa550e4b9dbc400cf34b71d,593,2026-09-12 18:47:17.531927
5d28e869517368ed19085ff4374a3e559ef87d0554d2d488fb2ee2fcb95e9600,111,BLR,COK,BLR-COK,2026-09-13,2026-09-20,2026-09-12 18:47:17.533958,2026-09-12,1,0-3 days,Air India Express,Round trip,INR,11949.0,11949.0,,,0,65.0,,,,60.0,,,WyJDalJJZVZCM05tUXhORnB6YkRoQlNGUnJVRUZDUnkwdExTMHRMUzEyZDNreE9DMXVNVUZCUVVGQlIzRnNWVTlWUVVGd2NpMUJFZ1pKV0RJeE1UWWFDZ2l0WFJBQUdnTkpUbEk0SEhEWllRPT0iLFtbIkJMUiIsIjIwMjYtMDktMTMiLCJDT0siLG51bGwsIklYIiwiMjExNiJdXV0=,SerpApi,Google Flights,2026,9,37,13,6,Sunday,September,True,18,10001-15000,9.388486557359657,False,38150.36363636364,-68.67919762470989,3,11,INR,2026-09-12 18:47:17.518422,6aa550e4b9dbc400cf34b71d,594,2026-09-12 18:47:17.533958
764353c4af13fc3142036ccf54f5d767b3b88b7000168016411df1f4d724f289,111,BLR,COK,BLR-COK,2026-09-13,2026-09-20,2026-09-12 18:47:17.535709,2026-09-12,1,0-3 days,IndiGo,Round trip,INR,12543.0,12543.0,,,0,60.0,,,,47.0,,,WyJDalJJZVZCM05tUXhORnB6YkRoQlNGUnJVRUZDUnkwdExTMHRMUzEyZDNreE9DMXVNVUZCUVVGQlIzRnNWVTlWUVVGd2NpMUJFZ1UyUlRjMk14b0tDUDloRUFBYUEwbE9VamdjY01abSIsW1siQkxSIiwiMjAyNi0wOS0xMyIsIkNPSyIsbnVsbCwiNkUiLCI3NjMiXV1d,SerpApi,Google Flights,2026,9,37,13,6,Sunday,September,True,18,10001-15000,9.436997742590188,False,38150.36363636364,-67.12220067007583,3,11,INR,2026-09-12 18:47:17.518422,6aa550e4b9dbc400cf34b71d,595,2026-09-12 18:47:17.535709
5473b8c4ba1420a6848fc45b6e90cc7be09380fe6c03b6aa9749f24dd2e74e3b,111,BLR,COK,BLR-COK,2026-09-13,2026-09-20,2026-09-12 18:47:17.537369,2026-09-12,1,0-3 days,IndiGo,Round trip,INR,12543.0,12543.0,,,0,70.0,,,,42.0,,,WyJDalJJZVZCM05tUXhORnB6YkRoQlNGUnJVRUZDUnkwdExTMHRMUzEyZDNreE9DMXVNVUZCUVVGQlIzRnNWVTlWUVVGd2NpMUJFZ1UyUlRZd01ob0tDUDloRUFBYUEwbE9VamdjY01abSIsW1siQkxSIiwiMjAyNi0wOS0xMyIsIkNPSyIsbnVsbCwiNkUiLCI2MDIiXV1d,SerpApi,Google Flights,2026,9,37,13,6,Sunday,September,True,18,10001-15000,9.436997742590188,False,38150.36363636364,-67.12220067007583,3,11,INR,2026-09-12 18:47:17.518422,6aa550e4b9dbc400cf34b71d,596,2026-09-12 18:47:17.537369
dfb10216ccb09e2f8e6aa058c9696782dea0eb62f6f8f313972a3179f7341d94,111,BLR,COK,BLR-COK,2026-09-13,2026-09-20,2026-09-12 18:47:17.538923,2026-09-12,1,0-3 days,Air India Express,Round trip,INR,13369.0,13369.0,,,0,75.0,,,,53.0,,,WyJDalJJZVZCM05tUXhORnB6YkRoQlNGUnJVRUZDUnkwdExTMHRMUzEyZDNreE9DMXVNVUZCUVVGQlIzRnNWVTlWUVVGd2NpMUJFZ1pKV0RFNE9UTWFDZ2k1YUJBQUdnTkpUbEk0SEhDbmJRPT0iLFtbIkJMUiIsIjIwMjYtMDktMTMiLCJDT0siLG51bGwsIklYIiwiMTg5MyJdXV0=,SerpApi,Google Flights,2026,9,37,13,6,Sunday,September,True,18,10001-15000,9.500768670095988,False,38150.36363636364,-64.95708369275641,3,11,INR,2026-09-12 18:47:17.518422,6aa550e4b9dbc400cf34b71d,597,2026-09-12 18:47:17.538923
2f2f3e87bbb8d2f2b0b8f40fd6ba27db9e1c1b79dc7d3784ccd535a68c79447c,111,BLR,COK,BLR-COK,2026-09-13,2026-09-20,2026-09-12 18:47:17.541512,2026-09-12,1,0-3 days,IndiGo,Round trip,INR,17735.0,17735.0,,,0,65.0,,,,42.0,,,WyJDalJJZVZCM05tUXhORnB6YkRoQlNGUnJVRUZDUnkwdExTMHRMUzEyZDNreE9DMXVNVUZCUVVGQlIzRnNWVTlWUVVGd2NpMUJFZ1kyUlRZME5EVWFDd2pIaWdFUUFCb0RTVTVTT0J4d2dKRUIiLFtbIkJMUiIsIjIwMjYtMDktMTMiLCJDT0siLG51bGwsIjZFIiwiNjQ0NSJdXV0=,SerpApi,Google Flights,2026,9,37,13,6,Sunday,September,True,18,15001-25000,9.783351751296147,False,38150.36363636364,-53.51289395549668,3,11,INR,2026-09-12 18:47:17.518422,6aa550e4b9dbc400cf34b71d,598,2026-09-12 18:47:17.541512
2efd7e24f26e393c939649f549099c1556c8169db86a045a1adcafd317960d03,111,BLR,COK,BLR-COK,2026-09-13,2026-09-20,2026-09-12 18:47:17.543764,2026-09-12,1,0-3 days,IndiGo,Round trip,INR,18850.0,18850.0,,,0,80.0,,,,44.0,,,WyJDalJJZVZCM05tUXhORnB6YkRoQlNGUnJVRUZDUnkwdExTMHRMUzEyZDNreE9DMXVNVUZCUVVGQlIzRnNWVTlWUVVGd2NpMUJFZ1kyUlRjd01EVWFDd2lpa3dFUUFCb0RTVTVTT0J4d2o1b0IiLFtbIkJMUiIsIjIwMjYtMDktMTMiLCJDT0siLG51bGwsIjZFIiwiNzAwNSJdXV0=,SerpApi,Google Flights,2026,9,37,13,6,Sunday,September,True,18,15001-25000,9.844321241866913,False,38150.36363636364,-50.5902481568149,3,11,INR,2026-09-12 18:47:17.518422,6aa550e4b9dbc400cf34b71d,599,2026-09-12 18:47:17.543764
a958226b0e89a7e9d78c901e072da270ffdf3080ed953a63973b9a31eb2d1ea7,111,BLR,COK,BLR-COK,2026-09-13,2026-09-20,2026-09-12 18:47:17.545927,2026-09-12,1,0-3 days,Malaysia Airlines,Round trip,INR,281760.0,281760.0,,,1,685.0,,,,460.0,,,WyJDalJJZVZCM05tUXhORnB6YkRoQlNGUnJVRUZDUnkwdExTMHRMUzEyZDNreE9DMXVNVUZCUVVGQlIzRnNWVTlWUVVGd2NpMUJFZ3ROU0RFd05YeE5TREV3T0JvTENLQ1pFUkFBR2dOSlRsSTRISERSL3hFPSIsW1siQkxSIiwiMjAyNi0wOS0xMyIsIktVTCIsbnVsbCwiTUgiLCIxMDUiXSxbIktVTCIsIjIwMjYtMDktMTMiLCJDT0siLG51bGwsIk1IIiwiMTA4Il1dXQ==,SerpApi,Google Flights,2026,9,37,13,6,Sunday,September,True,18,25000+,12.548814472843553,True,38150.36363636364,638.5512827233863,3,11,INR,2026-09-12 18:47:17.518422,6aa550e4b9dbc400cf34b71d,600,2026-09-12 18:47:17.545927
0d6844874f3c9bfae58dafb175da9e1e02ecb23f17a923912d9a15690a85460a,112,BLR,GOI,BLR-GOI,2026-09-13,2026-09-20,2026-09-12 18:47:24.284091,2026-09-12,1,0-3 days,IndiGo,Round trip,INR,11784.0,11784.0,,,0,70.0,,,,48.0,,,WyJDalJJY2tkbWNGSnBlblkxUXpCQlMxbGFhMEZDUnkwdExTMHRMUzB0TFc5clltaDBNa0ZCUVVGQlIzRnNWVTlyVG1wZk9FOUJFZ1kyUlRZMU5UUWFDZ2lJWEJBQUdnTkpUbEk0SEhDc1lBPT0iLFtbIkJMUiIsIjIwMjYtMDktMTMiLCJHT0kiLG51bGwsIjZFIiwiNjU1NCJdXV0=,SerpApi,Google Flights,2026,9,37,13,6,Sunday,September,True,18,10001-15000,9.374582815370232,False,13918.0,-15.332662738899272,2,6,INR,2026-09-12 18:47:24.279388,6aa550e873ae605930773412,602,2026-09-12 18:47:24.284091
c8ca56b2ddb11582a8f2ecbb7dc9f073569c6b9dcaeb73853e16d7faef44c5e2,112,BLR,GOI,BLR-GOI,2026-09-13,2026-09-20,2026-09-12 18:47:24.287872,2026-09-12,1,0-3 days,IndiGo,Round trip,INR,11989.0,11989.0,,,0,75.0,,,,48.0,,,WyJDalJJY2tkbWNGSnBlblkxUXpCQlMxbGFhMEZDUnkwdExTMHRMUzB0TFc5clltaDBNa0ZCUVVGQlIzRnNWVTlyVG1wZk9FOUJFZ1kyUlRZeE5qZ2FDZ2pWWFJBQUdnTkpUbEk0SEhDRFlnPT0iLFtbIkJMUiIsIjIwMjYtMDktMTMiLCJHT0kiLG51bGwsIjZFIiwiNjE2OCJdXV0=,SerpApi,Google Flights,2026,9,37,13,6,Sunday,September,True,18,10001-15000,9.39182824802156,False,13918.0,-13.859749964075297,2,6,INR,2026-09-12 18:47:24.279388,6aa550e873ae605930773412,603,2026-09-12 18:47:24.287872
71778d1b865b2120d99ee8b1ac6fee1d4713bfb9e8a52d505ba78025518626d6,112,BLR,GOI,BLR-GOI,2026-09-13,2026-09-20,2026-09-12 18:47:24.290888,2026-09-12,1,0-3 days,Air India Express,Round trip,INR,13277.0,13277.0,,,0,75.0,,,,58.0,,,WyJDalJJY2tkbWNGSnBlblkxUXpCQlMxbGFhMEZDUnkwdExTMHRMUzB0TFc5clltaDBNa0ZCUVVGQlIzRnNWVTlyVG1wZk9FOUJFZ1pKV0RFMU16Z2FDZ2pkWnhBQUdnTkpUbEk0SEhESGJBPT0iLFtbIkJMUiIsIjIwMjYtMDktMTMiLCJHT0kiLG51bGwsIklYIiwiMTUzOCJdXV0=,SerpApi,Google Flights,2026,9,37,13,6,Sunday,September,True,18,10001-15000,9.493863809279105,False,13918.0,-4.605546773961777,2,6,INR,2026-09-12 18:47:24.279388,6aa550e873ae605930773412,604,2026-09-12 18:47:24.290888
d5c1c4757cbd6f179ebc809e028a40fda8fbde3f19547503f01c4f7761ee4b05,112,BLR,GOI,BLR-GOI,2026-09-13,2026-09-20,2026-09-12 18:47:24.293339,2026-09-12,1,0-3 days,IndiGo,Round trip,INR,14666.0,14666.0,,,0,80.0,,,,48.0,,,WyJDalJJY2tkbWNGSnBlblkxUXpCQlMxbGFhMEZDUnkwdExTMHRMUzB0TFc5clltaDBNa0ZCUVVGQlIzRnNWVTlyVG1wZk9FOUJFZ1kyUlRZM05UTWFDZ2pLY2hBQUdnTkpUbEk0SEhEMGR3PT0iLFtbIkJMUiIsIjIwMjYtMDktMTMiLCJHT0kiLG51bGwsIjZFIiwiNjc1MyJdXV0=,SerpApi,Google Flights,2026,9,37,13,6,Sunday,September,True,18,10001-15000,9.593355351246755,False,13918.0,5.3743353930162385,2,6,INR,2026-09-12 18:47:24.279388,6aa550e873ae605930773412,605,2026-09-12 18:47:24.293339
4d84c894517500908cc7b8fc3d4890192deaa7bf70bb609a7a28613463c818ff,112,BLR,GOI,BLR-GOI,2026-09-13,2026-09-20,2026-09-12 18:47:24.297179,2026-09-12,1,0-3 days,Air India Express,Round trip,INR,14711.0,14711.0,,,0,70.0,,,,58.0,,,WyJDalJJY2tkbWNGSnBlblkxUXpCQlMxbGFhMEZDUnkwdExTMHRMUzB0TFc5clltaDBNa0ZCUVVGQlIzRnNWVTlyVG1wZk9FOUJFZ1pKV0RFek9EWWFDZ2ozY2hBQUdnTkpUbEk0SEhDamVBPT0iLFtbIkJMUiIsIjIwMjYtMDktMTMiLCJHT0kiLG51bGwsIklYIiwiMTM4NiJdXV0=,SerpApi,Google Flights,2026,9,37,13,6,Sunday,September,True,18,10001-15000,9.596418766284158,False,13918.0,5.6976577094410175,2,6,INR,2026-09-12 18:47:24.279388,6aa550e873ae605930773412,606,2026-09-12 18:47:24.297179
e99ed2aaeceb4b9f10c8ec5cf152e35ca5e492827f1008ccc787fc0eec774d21,112,BLR,GOI,BLR-GOI,2026-09-13,2026-09-20,2026-09-12 18:47:24.301131,2026-09-12,1,0-3 days,IndiGo,Round trip,INR,17081.0,17081.0,,,0,75.0,,,,48.0,,,WyJDalJJY2tkbWNGSnBlblkxUXpCQlMxbGFhMEZDUnkwdExTMHRMUzB0TFc5clltaDBNa0ZCUVVGQlIzRnNWVTlyVG1wZk9FOUJFZ1kyUlRZMk5UTWFDd2k1aFFFUUFCb0RTVTVTT0J4dzA0c0IiLFtbIkJMUiIsIjIwMjYtMDktMTMiLCJHT0kiLG51bGwsIjZFIiwiNjY1MyJdXV0=,SerpApi,Google Flights,2026,9,37,13,6,Sunday,September,True,18,15001-25000,9.745780556506093,False,13918.0,22.7259663744791,2,6,INR,2026-09-12 18:47:24.279388,6aa550e873ae605930773412,608,2026-09-12 18:47:24.301131
411eaadf852b0386eee63ac23f7f166bbd9bc66ef4a1a19acb2701c19cdc0bcb,113,DEL,BLR,DEL-BLR,2026-09-13,2026-09-20,2026-09-12 18:47:31.764146,2026-09-12,1,0-3 days,Air India,Round trip,INR,16982.0,16982.0,,,0,170.0,,,,144.0,,,WyJDalJJVFhGM2QySm1OM2gyZEVsQlMycE5VWGRDUnkwdExTMHRMUzB0YjNsamFHODBPRUZCUVVGQlIzRnNWVkJCUVZoSmJEQkJFZ1ZCU1RReU54b0xDTmFFQVJBQUdnTkpUbEk0SEhEc2lnRT0iLFtbIkRFTCIsIjIwMjYtMDktMTMiLCJCTFIiLG51bGwsIkFJIiwiNDI3Il1dXQ==,SerpApi,Google Flights,2026,9,37,13,6,Sunday,September,True,18,15001-25000,9.73996812270477,False,17931.59375,-5.295646127383402,4,32,INR,2026-09-12 18:47:31.755478,6aa550efc83b3fa67c89e94f,610,2026-09-12 18:47:31.764146
61f0fa5870d3c33a2ff392dcfd1d64c43cbd6a2eb8c734d67a0001046b38114e,113,DEL,BLR,DEL-BLR,2026-09-13,2026-09-20,2026-09-12 18:47:31.766622,2026-09-12,1,0-3 days,Akasa Air,Round trip,INR,17436.0,17436.0,,,0,170.0,,,,126.0,,,WyJDalJJVFhGM2QySm1OM2gyZEVsQlMycE5VWGRDUnkwdExTMHRMUzB0YjNsamFHODBPRUZCUVVGQlIzRnNWVkJCUVZoSmJEQkJFZ1pSVURFNE1USWFDd2ljaUFFUUFCb0RTVTVTT0J4d3g0NEIiLFtbIkRFTCIsIjIwMjYtMDktMTMiLCJCTFIiLG51bGwsIlFQIiwiMTgxMiJdXV0=,SerpApi,Google Flights,2026,9,37,13,6,Sunday,September,True,18,15001-25000,9.766349664317493,False,17931.59375,-2.763802018434647,4,32,INR,2026-09-12 18:47:31.755478,6aa550efc83b3fa67c89e94f,611,2026-09-12 18:47:31.766622
d514be9c0dd0be0de08d3bf766dd0fc036e88c59369cdba47c87fdfd55b83d83,113,DEL,BLR,DEL-BLR,2026-09-13,2026-09-20,2026-09-12 18:47:31.776650,2026-09-12,1,0-3 days,IndiGo,Round trip,INR,16878.0,16878.0,,,0,175.0,,,,124.0,,,WyJDalJJVFhGM2QySm1OM2gyZEVsQlMycE5VWGRDUnkwdExTMHRMUzB0YjNsamFHODBPRUZCUVVGQlIzRnNWVkJCUVZoSmJEQkJFZ1UyUlRnM01Sb0xDTzZEQVJBQUdnTkpUbEk0SEhEL2lRRT0iLFtbIkRFTCIsIjIwMjYtMDktMTMiLCJCTFIiLG51bGwsIjZFIiwiODcxIl1dXQ==,SerpApi,Google Flights,2026,9,37,13,6,Sunday,September,True,18,15001-25000,9.733825524688928,False,17931.59375,-5.875628037803393,4,32,INR,2026-09-12 18:47:31.755478,6aa550efc83b3fa67c89e94f,615,2026-09-12 18:47:31.776650
77ffb3eded0d3fb369001c0e22b07cd7ac15ea2c4684cb8bd0c6e43adadb8dd0,113,DEL,BLR,DEL-BLR,2026-09-13,2026-09-20,2026-09-12 18:47:31.788524,2026-09-12,1,0-3 days,Air India,Round trip,INR,16982.0,16982.0,,,0,175.0,,,,143.0,,,WyJDalJJVFhGM2QySm1OM2gyZEVsQlMycE5VWGRDUnkwdExTMHRMUzB0YjNsamFHODBPRUZCUVVGQlIzRnNWVkJCUVZoSmJEQkJFZ1pCU1RJME1USWFDd2pXaEFFUUFCb0RTVTVTT0J4dzdJb0IiLFtbIkRFTCIsIjIwMjYtMDktMTMiLCJCTFIiLG51bGwsIkFJIiwiMjQxMiJdXV0=,SerpApi,Google Flights,2026,9,37,13,6,Sunday,September,True,18,15001-25000,9.73996812270477,False,17931.59375,-5.295646127383402,4,32,INR,2026-09-12 18:47:31.755478,6aa550efc83b3fa67c89e94f,620,2026-09-12 18:47:31.788524
793db600e13b429ccc919365156fa1212aa16a1d2964c4909be2def44c133523,113,DEL,BLR,DEL-BLR,2026-09-13,2026-09-20,2026-09-12 18:47:31.790790,2026-09-12,1,0-3 days,Air India Express,Round trip,INR,17166.0,17166.0,,,0,175.0,,,,137.0,,,WyJDalJJVFhGM2QySm1OM2gyZEVsQlMycE5VWGRDUnkwdExTMHRMUzB0YjNsamFHODBPRUZCUVVGQlIzRnNWVkJCUVZoSmJEQkJFZ1pKV0RVNU56VWFDd2lPaGdFUUFCb0RTVTVTT0J4d3JJd0IiLFtbIkRFTCIsIjIwMjYtMDktMTMiLCJCTFIiLG51bGwsIklYIiwiNTk3NSJdXV0=,SerpApi,Google Flights,2026,9,37,13,6,Sunday,September,True,18,15001-25000,9.75074421527093,False,17931.59375,-4.269524285871129,4,32,INR,2026-09-12 18:47:31.755478,6aa550efc83b3fa67c89e94f,621,2026-09-12 18:47:31.790790
d03ca5ac72a5734ea7dedee47ec969960cec6b053980d80d36adc6614e728317,113,DEL,BLR,DEL-BLR,2026-09-13,2026-09-20,2026-09-12 18:47:31.801381,2026-09-12,1,0-3 days,IndiGo,Round trip,INR,17335.0,17335.0,,,0,170.0,,,,124.0,,,WyJDalJJVFhGM2QySm1OM2gyZEVsQlMycE5VWGRDUnkwdExTMHRMUzB0YjNsamFHODBPRUZCUVVGQlIzRnNWVkJCUVZoSmJEQkJFZ1UyUlRneE1Sb0xDTGVIQVJBQUdnTkpUbEk0SEhEZGpRRT0iLFtbIkRFTCIsIjIwMjYtMDktMTMiLCJCTFIiLG51bGwsIjZFIiwiODExIl1dXQ==,SerpApi,Google Flights,2026,9,37,13,6,Sunday,September,True,18,15001-25000,9.760540543216194,False,17931.59375,-3.327053681438663,4,32,INR,2026-09-12 18:47:31.755478,6aa550efc83b3fa67c89e94f,625,2026-09-12 18:47:31.801381
9c15c46048c429776f5c0b0c67d8ce9f8d9b56c593d95555ecbe746d63cb54a7,113,DEL,BLR,DEL-BLR,2026-09-13,2026-09-20,2026-09-12 18:47:31.803768,2026-09-12,1,0-3 days,IndiGo,Round trip,INR,17335.0,17335.0,,,0,175.0,,,,124.0,,,WyJDalJJVFhGM2QySm1OM2gyZEVsQlMycE5VWGRDUnkwdExTMHRMUzB0YjNsamFHODBPRUZCUVVGQlIzRnNWVkJCUVZoSmJEQkJFZ1UyUlRnMk1Sb0xDTGVIQVJBQUdnTkpUbEk0SEhEZGpRRT0iLFtbIkRFTCIsIjIwMjYtMDktMTMiLCJCTFIiLG51bGwsIjZFIiwiODYxIl1dXQ==,SerpApi,Google Flights,2026,9,37,13,6,Sunday,September,True,18,15001-25000,9.760540543216194,False,17931.59375,-3.327053681438663,4,32,INR,2026-09-12 18:47:31.755478,6aa550efc83b3fa67c89e94f,626,2026-09-12 18:47:31.803768
574e44b122eb54242df7615550de65467390d8fac8c997bcffaa519b40481231,113,DEL,BLR,DEL-BLR,2026-09-13,2026-09-20,2026-09-12 18:47:31.808519,2026-09-12,1,0-3 days,Akasa Air,Round trip,INR,17436.0,17436.0,,,0,175.0,,,,121.0,,,WyJDalJJVFhGM2QySm1OM2gyZEVsQlMycE5VWGRDUnkwdExTMHRMUzB0YjNsamFHODBPRUZCUVVGQlIzRnNWVkJCUVZoSmJEQkJFZ1pSVURFek5UQWFDd2ljaUFFUUFCb0RTVTVTT0J4d3g0NEIiLFtbIkRFTCIsIjIwMjYtMDktMTMiLCJCTFIiLG51bGwsIlFQIiwiMTM1MCJdXV0=,SerpApi,Google Flights,2026,9,37,13,6,Sunday,September,True,18,15001-25000,9.766349664317493,False,17931.59375,-2.763802018434647,4,32,INR,2026-09-12 18:47:31.755478,6aa550efc83b3fa67c89e94f,628,2026-09-12 18:47:31.808519
275160f7cd33e8666e31381b33a94b8804a7af1fea34b5c3415840906890c04e,113,DEL,BLR,DEL-BLR,2026-09-13,2026-09-20,2026-09-12 18:47:31.810675,2026-09-12,1,0-3 days,Air India,Round trip,INR,17670.0,17670.0,,,0,170.0,,,,143.0,,,WyJDalJJVFhGM2QySm1OM2gyZEVsQlMycE5VWGRDUnkwdExTMHRMUzB0YjNsamFHODBPRUZCUVVGQlIzRnNWVkJCUVZoSmJEQkJFZ1pCU1RJNE1Ea2FDd2lHaWdFUUFCb0RTVTVTT0J4d3ZKQUIiLFtbIkRFTCIsIjIwMjYtMDktMTMiLCJCTFIiLG51bGwsIkFJIiwiMjgwOSJdXV0=,SerpApi,Google Flights,2026,9,37,13,6,Sunday,September,True,18,15001-25000,9.779680156808055,False,17931.59375,-1.4588427199896836,4,32,INR,2026-09-12 18:47:31.755478,6aa550efc83b3fa67c89e94f,629,2026-09-12 18:47:31.810675
242819f3a09b868a795deddcb8b9f47e877b7cd3357a6a02bdd9bb9996c2c1c3,113,DEL,BLR,DEL-BLR,2026-09-13,2026-09-20,2026-09-12 18:47:31.815210,2026-09-12,1,0-3 days,IndiGo,Round trip,INR,17820.0,17820.0,,,0,175.0,,,,124.0,,,WyJDalJJVFhGM2QySm1OM2gyZEVsQlMycE5VWGRDUnkwdExTMHRMUzB0YjNsamFHODBPRUZCUVVGQlIzRnNWVkJCUVZoSmJEQkJFZ1UyUlRnek54b0xDSnlMQVJBQUdnTkpUbEk0SEhEWmtRRT0iLFtbIkRFTCIsIjIwMjYtMDktMTMiLCJCTFIiLG51bGwsIjZFIiwiODM3Il1dXQ==,SerpApi,Google Flights,2026,9,37,13,6,Sunday,September,True,18,15001-25000,9.7881328161731,False,17931.59375,-0.6223303491916354,4,32,INR,2026-09-12 18:47:31.755478,6aa550efc83b3fa67c89e94f,631,2026-09-12 18:47:31.815210
0da7dfc2b43e17e7f2553375b790d29d9a0d8fefd09b2096a624eaed720e5222,113,DEL,BLR,DEL-BLR,2026-09-13,2026-09-20,2026-09-12 18:47:31.817663,2026-09-12,1,0-3 days,Air India,Round trip,INR,17822.0,17822.0,,,0,175.0,,,,143.0,,,WyJDalJJVFhGM2QySm1OM2gyZEVsQlMycE5VWGRDUnkwdExTMHRMUzB0YjNsamFHODBPRUZCUVVGQlIzRnNWVkJCUVZoSmJEQkJFZ1pCU1RJME1UVWFDd2llaXdFUUFCb0RTVTVTT0J4dzI1RUIiLFtbIkRFTCIsIjIwMjYtMDktMTMiLCJCTFIiLG51bGwsIkFJIiwiMjQxNSJdXV0=,SerpApi,Google Flights,2026,9,37,13,6,Sunday,September,True,18,15001-25000,9.78824503702385,False,17931.59375,-0.61117685091433,4,32,INR,2026-09-12 18:47:31.755478,6aa550efc83b3fa67c89e94f,632,2026-09-12 18:47:31.817663
a598e0f6e69f9f7174100c09640b27511adf6e6696af8a949309ae35e7ddb1cb,113,DEL,BLR,DEL-BLR,2026-09-13,2026-09-20,2026-09-12 18:47:31.820015,2026-09-12,1,0-3 days,Air India Express,Round trip,INR,17987.0,17987.0,,,0,175.0,,,,145.0,,,WyJDalJJVFhGM2QySm1OM2gyZEVsQlMycE5VWGRDUnkwdExTMHRMUzB0YjNsamFHODBPRUZCUVVGQlIzRnNWVkJCUVZoSmJEQkJFZ1pKV0RFd056QWFDd2pEakFFUUFCb0RTVTVTT0J4d2lKTUIiLFtbIkRFTCIsIjIwMjYtMDktMTMiLCJCTFIiLG51bGwsIklYIiwiMTA3MCJdXV0=,SerpApi,Google Flights,2026,9,37,13,6,Sunday,September,True,18,15001-25000,9.797460147890598,False,17931.59375,0.3089867569635363,4,32,INR,2026-09-12 18:47:31.755478,6aa550efc83b3fa67c89e94f,633,2026-09-12 18:47:31.820015
fcec593c53e97a5feb416e09de4f5069643508b6ba802a1c88f9e36fef6011db,113,DEL,BLR,DEL-BLR,2026-09-13,2026-09-20,2026-09-12 18:47:31.822581,2026-09-12,1,0-3 days,Akasa Air,Round trip,INR,18108.0,18108.0,,,0,180.0,,,,126.0,,,WyJDalJJVFhGM2QySm1OM2gyZEVsQlMycE5VWGRDUnkwdExTMHRMUzB0YjNsamFHODBPRUZCUVVGQlIzRnNWVkJCUVZoSmJEQkJFZ1pSVURFNE1qUWFDd2k4alFFUUFCb0RTVTVTT0J4d2hwUUIiLFtbIkRFTCIsIjIwMjYtMDktMTMiLCJCTFIiLG51bGwsIlFQIiwiMTgyNCJdXV0=,SerpApi,Google Flights,2026,9,37,13,6,Sunday,September,True,18,15001-25000,9.804164331241342,False,17931.59375,0.9837734027406286,4,32,INR,2026-09-12 18:47:31.755478,6aa550efc83b3fa67c89e94f,634,2026-09-12 18:47:31.822581
4ddd814118ace7c0cae346caab070cd7be1f431198e528fb78abbc2f61a03b03,113,DEL,BLR,DEL-BLR,2026-09-13,2026-09-20,2026-09-12 18:47:31.827373,2026-09-12,1,0-3 days,Air India,Round trip,INR,18332.0,18332.0,,,0,175.0,,,,143.0,,,WyJDalJJVFhGM2QySm1OM2gyZEVsQlMycE5VWGRDUnkwdExTMHRMUzB0YjNsamFHODBPRUZCUVVGQlIzRnNWVkJCUVZoSmJEQkJFZ1pCU1RJMU1USWFDd2ljandFUUFCb0RTVTVTT0J4dzhaVUIiLFtbIkRFTCIsIjIwMjYtMDktMTMiLCJCTFIiLG51bGwsIkFJIiwiMjUxMiJdXV0=,SerpApi,Google Flights,2026,9,37,13,6,Sunday,September,True,18,15001-25000,9.816457993563025,False,17931.59375,2.2329652097990538,4,32,INR,2026-09-12 18:47:31.755478,6aa550efc83b3fa67c89e94f,636,2026-09-12 18:47:31.827373
ce321cfeb5cfca70ce0cb538b1adb1ac54dd27b455b9fd6cfe39e0a6b6005de3,113,DEL,BLR,DEL-BLR,2026-09-13,2026-09-20,2026-09-12 18:47:31.831985,2026-09-12,1,0-3 days,IndiGo,Round trip,INR,18335.0,18335.0,,,0,175.0,,,,124.0,,,WyJDalJJVFhGM2QySm1OM2gyZEVsQlMycE5VWGRDUnkwdExTMHRMUzB0YjNsamFHODBPRUZCUVVGQlIzRnNWVkJCUVZoSmJEQkJFZ1UyUlRneU9Cb0xDSitQQVJBQUdnTkpUbEk0SEhEMGxRRT0iLFtbIkRFTCIsIjIwMjYtMDktMTMiLCJCTFIiLG51bGwsIjZFIiwiODI4Il1dXQ==,SerpApi,Google Flights,2026,9,37,13,6,Sunday,September,True,18,15001-25000,9.816621619514466,False,17931.59375,2.2496954572150063,4,32,INR,2026-09-12 18:47:31.755478,6aa550efc83b3fa67c89e94f,638,2026-09-12 18:47:31.831985
e5c22f3d8996eda605776fa94cbc4c51f074ed131bef2f1d056724da8a0e2c26,113,DEL,BLR,DEL-BLR,2026-09-13,2026-09-20,2026-09-12 18:47:31.834133,2026-09-12,1,0-3 days,Air India,Round trip,INR,18535.0,18535.0,,,0,170.0,,,,143.0,,,WyJDalJJVFhGM2QySm1OM2gyZEVsQlMycE5VWGRDUnkwdExTMHRMUzB0YjNsamFHODBPRUZCUVVGQlIzRnNWVkJCUVZoSmJEQkJFZ1pCU1RJMk5UTWFDd2pua0FFUUFCb0RTVTVTT0J4d3haY0IiLFtbIkRFTCIsIjIwMjYtMDktMTMiLCJCTFIiLG51bGwsIkFJIiwiMjY1MyJdXV0=,SerpApi,Google Flights,2026,9,37,13,6,Sunday,September,True,18,15001-25000,9.827470066112213,False,17931.59375,3.3650452849457446,4,32,INR,2026-09-12 18:47:31.755478,6aa550efc83b3fa67c89e94f,639,2026-09-12 18:47:31.834133
65c3b38c26ff404b622d3f46e99cd4e109a44edad9dded77206a31c3fe46fec8,113,DEL,BLR,DEL-BLR,2026-09-13,2026-09-20,2026-09-12 18:47:31.836351,2026-09-12,1,0-3 days,Air India,Round trip,INR,18872.0,18872.0,,,0,170.0,,,,143.0,,,WyJDalJJVFhGM2QySm1OM2gyZEVsQlMycE5VWGRDUnkwdExTMHRMUzB0YjNsamFHODBPRUZCUVVGQlIzRnNWVkJCUVZoSmJEQkJFZ1pCU1RJME9EVWFDd2k0a3dFUUFCb0RTVTVTT0J4d3Bwb0IiLFtbIkRFTCIsIjIwMjYtMDktMTMiLCJCTFIiLG51bGwsIkFJIiwiMjQ4NSJdXV0=,SerpApi,Google Flights,2026,9,37,13,6,Sunday,September,True,18,15001-25000,9.84548760823814,False,17931.59375,5.244409744672018,4,32,INR,2026-09-12 18:47:31.755478,6aa550efc83b3fa67c89e94f,640,2026-09-12 18:47:31.836351
ecd26bdbb979036bfef3ceef292d4341b698b766f1d087adea18ae6eab50008a,113,DEL,BLR,DEL-BLR,2026-09-13,2026-09-20,2026-09-12 18:47:31.838091,2026-09-12,1,0-3 days,Air India,Round trip,INR,18872.0,18872.0,,,0,175.0,,,,181.0,,,WyJDalJJVFhGM2QySm1OM2gyZEVsQlMycE5VWGRDUnkwdExTMHRMUzB0YjNsamFHODBPRUZCUVVGQlIzRnNWVkJCUVZoSmJEQkJFZ1pCU1RJMk5qUWFDd2k0a3dFUUFCb0RTVTVTT0J4d3Bwb0IiLFtbIkRFTCIsIjIwMjYtMDktMTMiLCJCTFIiLG51bGwsIkFJIiwiMjY2NCJdXV0=,SerpApi,Google Flights,2026,9,37,13,6,Sunday,September,True,18,15001-25000,9.84548760823814,False,17931.59375,5.244409744672018,4,32,INR,2026-09-12 18:47:31.755478,6aa550efc83b3fa67c89e94f,641,2026-09-12 18:47:31.838091
850386950c77f8943ed8e7a7c6739d837213bf4742f6d1159ad5b8d5c7501913,113,DEL,BLR,DEL-BLR,2026-09-13,2026-09-20,2026-09-12 18:47:31.840327,2026-09-12,1,0-3 days,Air India,Round trip,INR,18872.0,18872.0,,,0,165.0,,,,143.0,,,WyJDalJJVFhGM2QySm1OM2gyZEVsQlMycE5VWGRDUnkwdExTMHRMUzB0YjNsamFHODBPRUZCUVVGQlIzRnNWVkJCUVZoSmJEQkJFZ1pCU1RJNE1UY2FDd2k0a3dFUUFCb0RTVTVTT0J4d3Bwb0IiLFtbIkRFTCIsIjIwMjYtMDktMTMiLCJCTFIiLG51bGwsIkFJIiwiMjgxNyJdXV0=,SerpApi,Google Flights,2026,9,37,13,6,Sunday,September,True,18,15001-25000,9.84548760823814,False,17931.59375,5.244409744672018,4,32,INR,2026-09-12 18:47:31.755478,6aa550efc83b3fa67c89e94f,642,2026-09-12 18:47:31.840327
3b5169e3c010a03f7110cc73ebfa5672c9cd2224f2254cfda1194bbb16441256,113,DEL,BLR,DEL-BLR,2026-09-13,2026-09-20,2026-09-12 18:47:31.842582,2026-09-12,1,0-3 days,IndiGo,Round trip,INR,18882.0,18882.0,,,0,175.0,,,,124.0,,,WyJDalJJVFhGM2QySm1OM2gyZEVsQlMycE5VWGRDUnkwdExTMHRMUzB0YjNsamFHODBPRUZCUVVGQlIzRnNWVkJCUVZoSmJEQkJFZ1UyUlRnNE1Cb0xDTUtUQVJBQUdnTkpUbEk0SEhDd21nRT0iLFtbIkRFTCIsIjIwMjYtMDktMTMiLCJCTFIiLG51bGwsIjZFIiwiODgwIl1dXQ==,SerpApi,Google Flights,2026,9,37,13,6,Sunday,September,True,18,15001-25000,9.846017325381577,False,17931.59375,5.300177236058556,4,32,INR,2026-09-12 18:47:31.755478,6aa550efc83b3fa67c89e94f,643,2026-09-12 18:47:31.842582
6d7cbe377b8e1e638652e66d86721e8ae50367a2affa4dec155b0df1da29b800,113,DEL,BLR,DEL-BLR,2026-09-13,2026-09-20,2026-09-12 18:47:31.844853,2026-09-12,1,0-3 days,Air India,Round trip,INR,19046.0,19046.0,,,0,175.0,,,,143.0,,,WyJDalJJVFhGM2QySm1OM2gyZEVsQlMycE5VWGRDUnkwdExTMHRMUzB0YjNsamFHODBPRUZCUVVGQlIzRnNWVkJCUVZoSmJEQkJFZ1pCU1RJNE1Ua2FDd2ptbEFFUUFCb0RTVTVTT0J4dzNKc0IiLFtbIkRFTCIsIjIwMjYtMDktMTMiLCJCTFIiLG51bGwsIkFJIiwiMjgxOSJdXV0=,SerpApi,Google Flights,2026,9,37,13,6,Sunday,September,True,18,15001-25000,9.85466488783856,False,17931.59375,6.214764094797753,4,32,INR,2026-09-12 18:47:31.755478,6aa550efc83b3fa67c89e94f,644,2026-09-12 18:47:31.844853
027046fdab46c787fa604ead9df692030af8cab09820aa021ec78966c5cf005e,113,DEL,BLR,DEL-BLR,2026-09-13,2026-09-20,2026-09-12 18:47:31.847033,2026-09-12,1,0-3 days,Akasa Air,Round trip,INR,19224.0,19224.0,,,0,180.0,,,,119.0,,,WyJDalJJVFhGM2QySm1OM2gyZEVsQlMycE5VWGRDUnkwdExTMHRMUzB0YjNsamFHODBPRUZCUVVGQlIzRnNWVkJCUVZoSmJEQkJFZ1pSVURFNE1qSWFDd2lZbGdFUUFCb0RTVTVTT0J4d2xwMEIiLFtbIkRFTCIsIjIwMjYtMDktMTMiLCJCTFIiLG51bGwsIlFQIiwiMTgyMiJdXV0=,SerpApi,Google Flights,2026,9,37,13,6,Sunday,September,True,18,15001-25000,9.863966794373844,False,17931.59375,7.207425441478121,4,32,INR,2026-09-12 18:47:31.755478,6aa550efc83b3fa67c89e94f,645,2026-09-12 18:47:31.847033
b805072ddd91933fa71c074bccfa6824f303ece3acd6465f6450fd5007dfe005,113,DEL,BLR,DEL-BLR,2026-09-13,2026-09-20,2026-09-12 18:47:31.849164,2026-09-12,1,0-3 days,IndiGo,Round trip,INR,19464.0,19464.0,,,0,180.0,,,,124.0,,,WyJDalJJVFhGM2QySm1OM2gyZEVsQlMycE5VWGRDUnkwdExTMHRMUzB0YjNsamFHODBPRUZCUVVGQlIzRnNWVkJCUVZoSmJEQkJFZ1UyUlRnMU1Cb0xDSWlZQVJBQUdnTkpUbEk0SEhDUm53RT0iLFtbIkRFTCIsIjIwMjYtMDktMTMiLCJCTFIiLG51bGwsIjZFIiwiODUwIl1dXQ==,SerpApi,Google Flights,2026,9,37,13,6,Sunday,September,True,18,15001-25000,9.876373260044556,False,17931.59375,8.545845234754989,4,32,INR,2026-09-12 18:47:31.755478,6aa550efc83b3fa67c89e94f,646,2026-09-12 18:47:31.849164
75a9f293ba34ef14985e81a473d90813ede75f106a9cf076c1211ce68f206dfb,113,DEL,BLR,DEL-BLR,2026-09-13,2026-09-20,2026-09-12 18:47:31.851521,2026-09-12,1,0-3 days,Air India,Round trip,INR,19554.0,19554.0,,,0,175.0,,,,143.0,,,WyJDalJJVFhGM2QySm1OM2gyZEVsQlMycE5VWGRDUnkwdExTMHRMUzB0YjNsamFHODBPRUZCUVVGQlIzRnNWVkJCUVZoSmJEQkJFZ1pCU1RJME1UY2FDd2ppbUFFUUFCb0RTVTVTT0J4dzc1OEIiLFtbIkRFTCIsIjIwMjYtMDktMTMiLCJCTFIiLG51bGwsIkFJIiwiMjQxNyJdXV0=,SerpApi,Google Flights,2026,9,37,13,6,Sunday,September,True,18,15001-25000,9.880986287189614,False,17931.59375,9.047752657233833,4,32,INR,2026-09-12 18:47:31.755478,6aa550efc83b3fa67c89e94f,647,2026-09-12 18:47:31.851521
9889736e9c0ade61a7d74fc07ce44acf290f6476ca31cb5e7c2af5d12a54f06d,114,DEL,BOM,DEL-BOM,2026-09-13,2026-09-20,2026-09-12 18:47:36.365589,2026-09-12,1,0-3 days,Air India Express,Round trip,INR,12956.0,12956.0,,,0,150.0,,,,100.0,,,WyJDalJJTlU1UmFtTlpUMGx3UTJ0QlJsZHlPR2RDUnkwdExTMHRMUzB0TFhCbVoyY3hPVUZCUVVGQlIzRnNWVkJqUjBGdmJ6SkJFZ1pKV0RFd05UWWFDZ2ljWlJBQUdnTkpUbEk0SEhEM2FRPT0iLFtbIkRFTCIsIjIwMjYtMDktMTMiLCJCT00iLG51bGwsIklYIiwiMTA1NiJdXV0=,SerpApi,Google Flights,2026,9,37,13,6,Sunday,September,True,18,10001-15000,9.469391461628812,False,13832.411764705883,-6.335928828710069,5,34,INR,2026-09-12 18:47:36.357047,6aa550f650d43edc5c9d995c,650,2026-09-12 18:47:36.365589
88c70591c159cdd4ac20c14650a240d7c2fa12ac35fbb18c880264179e3e5e2f,114,DEL,BOM,DEL-BOM,2026-09-13,2026-09-20,2026-09-12 18:47:36.371973,2026-09-12,1,0-3 days,Air India,Round trip,INR,12655.0,12655.0,,,0,140.0,,,,103.0,,,WyJDalJJTlU1UmFtTlpUMGx3UTJ0QlJsZHlPR2RDUnkwdExTMHRMUzB0TFhCbVoyY3hPVUZCUVVGQlIzRnNWVkJqUjBGdmJ6SkJFZ1pCU1RFM05EVWFDZ2p2WWhBQUdnTkpUbEk0SEhDOFp3PT0iLFtbIkRFTCIsIjIwMjYtMDktMTMiLCJCT00iLG51bGwsIkFJIiwiMTc0NSJdXV0=,SerpApi,Google Flights,2026,9,37,13,6,Sunday,September,True,18,10001-15000,9.445886690007436,False,13832.411764705883,-8.511977410259796,5,34,INR,2026-09-12 18:47:36.357047,6aa550f650d43edc5c9d995c,652,2026-09-12 18:47:36.371973
2421d045d97f6975a645ea6801b717f0168b55162d998948fa09e946c5aa5ec8,114,DEL,BOM,DEL-BOM,2026-09-13,2026-09-20,2026-09-12 18:47:36.378069,2026-09-12,1,0-3 days,Air India,Round trip,INR,12765.0,12765.0,,,0,135.0,,,,103.0,,,WyJDalJJTlU1UmFtTlpUMGx3UTJ0QlJsZHlPR2RDUnkwdExTMHRMUzB0TFhCbVoyY3hPVUZCUVVGQlIzRnNWVkJqUjBGdmJ6SkJFZ1pCU1RJMk56Z2FDZ2pkWXhBQUdnTkpUbEk0SEhDdmFBPT0iLFtbIkRFTCIsIjIwMjYtMDktMTMiLCJCT00iLG51bGwsIkFJIiwiMjY3OCJdXV0=,SerpApi,Google Flights,2026,9,37,13,6,Sunday,September,True,18,10001-15000,9.454540665816003,False,13832.411764705883,-7.716743709361218,5,34,INR,2026-09-12 18:47:36.357047,6aa550f650d43edc5c9d995c,654,2026-09-12 18:47:36.378069
26767049bbec1be719ed184ce4f30b52f4474894f69cf79c3d9a8526bb79f0e4,114,DEL,BOM,DEL-BOM,2026-09-13,2026-09-20,2026-09-12 18:47:36.380728,2026-09-12,1,0-3 days,Air India,Round trip,INR,12765.0,12765.0,,,0,150.0,,,,103.0,,,WyJDalJJTlU1UmFtTlpUMGx3UTJ0QlJsZHlPR2RDUnkwdExTMHRMUzB0TFhCbVoyY3hPVUZCUVVGQlIzRnNWVkJqUjBGdmJ6SkJFZ1pCU1RJNU1qY2FDZ2pkWXhBQUdnTkpUbEk0SEhDdmFBPT0iLFtbIkRFTCIsIjIwMjYtMDktMTMiLCJCT00iLG51bGwsIkFJIiwiMjkyNyJdXV0=,SerpApi,Google Flights,2026,9,37,13,6,Sunday,September,True,18,10001-15000,9.454540665816003,False,13832.411764705883,-7.716743709361218,5,34,INR,2026-09-12 18:47:36.357047,6aa550f650d43edc5c9d995c,655,2026-09-12 18:47:36.380728
4d0b8de93ae5a5c0e6e77482b3d8cecb1c09f5abeb96d6f7a5da7a6a76b908eb,114,DEL,BOM,DEL-BOM,2026-09-13,2026-09-20,2026-09-12 18:47:36.402430,2026-09-12,1,0-3 days,Air India,Round trip,INR,12765.0,12765.0,,,0,145.0,,,,131.0,,,WyJDalJJTlU1UmFtTlpUMGx3UTJ0QlJsZHlPR2RDUnkwdExTMHRMUzB0TFhCbVoyY3hPVUZCUVVGQlIzRnNWVkJqUjBGdmJ6SkJFZ1pCU1RJNE1EVWFDZ2pkWXhBQUdnTkpUbEk0SEhDdmFBPT0iLFtbIkRFTCIsIjIwMjYtMDktMTMiLCJCT00iLG51bGwsIkFJIiwiMjgwNSJdXV0=,SerpApi,Google Flights,2026,9,37,13,6,Sunday,September,True,18,10001-15000,9.454540665816003,False,13832.411764705883,-7.716743709361218,5,34,INR,2026-09-12 18:47:36.357047,6aa550f650d43edc5c9d995c,664,2026-09-12 18:47:36.402430
322688b729cc5e7a638a3ace439580d249c6ed0b9cb4755ff7c12efc64e3a0aa,114,DEL,BOM,DEL-BOM,2026-09-13,2026-09-20,2026-09-12 18:47:36.404704,2026-09-12,1,0-3 days,Air India,Round trip,INR,12765.0,12765.0,,,0,155.0,,,,103.0,,,WyJDalJJTlU1UmFtTlpUMGx3UTJ0QlJsZHlPR2RDUnkwdExTMHRMUzB0TFhCbVoyY3hPVUZCUVVGQlIzRnNWVkJqUjBGdmJ6SkJFZ1pCU1RJNU5UY2FDZ2pkWXhBQUdnTkpUbEk0SEhDdmFBPT0iLFtbIkRFTCIsIjIwMjYtMDktMTMiLCJCT00iLG51bGwsIkFJIiwiMjk1NyJdXV0=,SerpApi,Google Flights,2026,9,37,13,6,Sunday,September,True,18,10001-15000,9.454540665816003,False,13832.411764705883,-7.716743709361218,5,34,INR,2026-09-12 18:47:36.357047,6aa550f650d43edc5c9d995c,665,2026-09-12 18:47:36.404704
7de3120e2b31fbe8cb2d72e96ca832800cb3f0da8ff4700b824c8f62338094e8,114,DEL,BOM,DEL-BOM,2026-09-13,2026-09-20,2026-09-12 18:47:36.407182,2026-09-12,1,0-3 days,Air India,Round trip,INR,12765.0,12765.0,,,0,140.0,,,,103.0,,,WyJDalJJTlU1UmFtTlpUMGx3UTJ0QlJsZHlPR2RDUnkwdExTMHRMUzB0TFhCbVoyY3hPVUZCUVVGQlIzRnNWVkJqUjBGdmJ6SkJFZ1pCU1RJNU9ERWFDZ2pkWXhBQUdnTkpUbEk0SEhDdmFBPT0iLFtbIkRFTCIsIjIwMjYtMDktMTMiLCJCT00iLG51bGwsIkFJIiwiMjk4MSJdXV0=,SerpApi,Google Flights,2026,9,37,13,6,Sunday,September,True,18,10001-15000,9.454540665816003,False,13832.411764705883,-7.716743709361218,5,34,INR,2026-09-12 18:47:36.357047,6aa550f650d43edc5c9d995c,666,2026-09-12 18:47:36.407182
f92d5a33ea4e0286a9c4f66de4a007fff63c73de561dc24fc5670afdca01f8f4,114,DEL,BOM,DEL-BOM,2026-09-13,2026-09-20,2026-09-12 18:47:36.433705,2026-09-12,1,0-3 days,IndiGo,Round trip,INR,12771.0,12771.0,,,0,145.0,,,,89.0,,,WyJDalJJTlU1UmFtTlpUMGx3UTJ0QlJsZHlPR2RDUnkwdExTMHRMUzB0TFhCbVoyY3hPVUZCUVVGQlIzRnNWVkJqUjBGdmJ6SkJFZ1UyUlRNMU5Cb0tDT05qRUFBYUEwbE9VamdjY0xWbyIsW1siREVMIiwiMjAyNi0wOS0xMyIsIkJPTSIsbnVsbCwiNkUiLCIzNTQiXV1d,SerpApi,Google Flights,2026,9,37,13,6,Sunday,September,True,18,10001-15000,9.455010553834672,False,13832.411764705883,-7.673367325675851,5,34,INR,2026-09-12 18:47:36.357047,6aa550f650d43edc5c9d995c,677,2026-09-12 18:47:36.433705
432ca747af8d57341d3dc4bd2986f810eebd539253f3fea7ae46e51c5f068e64,114,DEL,BOM,DEL-BOM,2026-09-13,2026-09-20,2026-09-12 18:47:36.435844,2026-09-12,1,0-3 days,IndiGo,Round trip,INR,12771.0,12771.0,,,0,130.0,,,,89.0,,,WyJDalJJTlU1UmFtTlpUMGx3UTJ0QlJsZHlPR2RDUnkwdExTMHRMUzB0TFhCbVoyY3hPVUZCUVVGQlIzRnNWVkJqUjBGdmJ6SkJFZ1UyUlRNd014b0tDT05qRUFBYUEwbE9VamdjY0xWbyIsW1siREVMIiwiMjAyNi0wOS0xMyIsIkJPTSIsbnVsbCwiNkUiLCIzMDMiXV1d,SerpApi,Google Flights,2026,9,37,13,6,Sunday,September,True,18,10001-15000,9.455010553834672,False,13832.411764705883,-7.673367325675851,5,34,INR,2026-09-12 18:47:36.357047,6aa550f650d43edc5c9d995c,678,2026-09-12 18:47:36.435844
9f0f3437abfed95c4f5eb9ac317303e51ee0248887322cee3c7022a85927fe65,114,DEL,BOM,DEL-BOM,2026-09-13,2026-09-20,2026-09-12 18:47:36.442943,2026-09-12,1,0-3 days,IndiGo,Round trip,INR,12771.0,12771.0,,,0,140.0,,,,89.0,,,WyJDalJJTlU1UmFtTlpUMGx3UTJ0QlJsZHlPR2RDUnkwdExTMHRMUzB0TFhCbVoyY3hPVUZCUVVGQlIzRnNWVkJqUjBGdmJ6SkJFZ1kyUlRZeE1UUWFDZ2pqWXhBQUdnTkpUbEk0SEhDMWFBPT0iLFtbIkRFTCIsIjIwMjYtMDktMTMiLCJCT00iLG51bGwsIjZFIiwiNjExNCJdXV0=,SerpApi,Google Flights,2026,9,37,13,6,Sunday,September,True,18,10001-15000,9.455010553834672,False,13832.411764705883,-7.673367325675851,5,34,INR,2026-09-12 18:47:36.357047,6aa550f650d43edc5c9d995c,681,2026-09-12 18:47:36.442943
df563e22995a1ae5e4e913c38ee8dd3781c1d523706212ff833529fbd6913d81,114,DEL,BOM,DEL-BOM,2026-09-13,2026-09-20,2026-09-12 18:47:36.444976,2026-09-12,1,0-3 days,IndiGo,Round trip,INR,12771.0,12771.0,,,0,135.0,,,,89.0,,,WyJDalJJTlU1UmFtTlpUMGx3UTJ0QlJsZHlPR2RDUnkwdExTMHRMUzB0TFhCbVoyY3hPVUZCUVVGQlIzRnNWVkJqUjBGdmJ6SkJFZ1UyUlRNeU1ob0tDT05qRUFBYUEwbE9VamdjY0xWbyIsW1siREVMIiwiMjAyNi0wOS0xMyIsIkJPTSIsbnVsbCwiNkUiLCIzMjIiXV1d,SerpApi,Google Flights,2026,9,37,13,6,Sunday,September,True,18,10001-15000,9.455010553834672,False,13832.411764705883,-7.673367325675851,5,34,INR,2026-09-12 18:47:36.357047,6aa550f650d43edc5c9d995c,682,2026-09-12 18:47:36.444976
32a2be0355f6f6381a265dd248518ad51cfcc561908764e604071b50ee955d5e,114,DEL,BOM,DEL-BOM,2026-09-13,2026-09-20,2026-09-12 18:47:36.448779,2026-09-12,1,0-3 days,Air India,Round trip,INR,12923.0,12923.0,,,0,145.0,,,,103.0,,,WyJDalJJTlU1UmFtTlpUMGx3UTJ0QlJsZHlPR2RDUnkwdExTMHRMUzB0TFhCbVoyY3hPVUZCUVVGQlIzRnNWVkJqUjBGdmJ6SkJFZ1pCU1RJME16a2FDZ2o3WkJBQUdnTkpUbEk0SEhEVWFRPT0iLFtbIkRFTCIsIjIwMjYtMDktMTMiLCJCT00iLG51bGwsIkFJIiwiMjQzOSJdXV0=,SerpApi,Google Flights,2026,9,37,13,6,Sunday,September,True,18,10001-15000,9.466841326944389,False,13832.411764705883,-6.574498938979634,5,34,INR,2026-09-12 18:47:36.357047,6aa550f650d43edc5c9d995c,684,2026-09-12 18:47:36.448779
09a2915b7fcc4ee7ea0501473a40c5d80e83ebd8ba39b39bc7243bd41c757bd6,114,DEL,BOM,DEL-BOM,2026-09-13,2026-09-20,2026-09-12 18:47:36.450798,2026-09-12,1,0-3 days,IndiGo,Round trip,INR,12929.0,12929.0,,,0,140.0,,,,89.0,,,WyJDalJJTlU1UmFtTlpUMGx3UTJ0QlJsZHlPR2RDUnkwdExTMHRMUzB0TFhCbVoyY3hPVUZCUVVGQlIzRnNWVkJqUjBGdmJ6SkJFZ1kyUlRZek1qZ2FDZ2lCWlJBQUdnTkpUbEk0SEhEYWFRPT0iLFtbIkRFTCIsIjIwMjYtMDktMTMiLCJCT00iLG51bGwsIjZFIiwiNjMyOCJdXV0=,SerpApi,Google Flights,2026,9,37,13,6,Sunday,September,True,18,10001-15000,9.467305471765902,False,13832.411764705883,-6.531122555294266,5,34,INR,2026-09-12 18:47:36.357047,6aa550f650d43edc5c9d995c,685,2026-09-12 18:47:36.450798
4afdc561893c07b81112643f15257bcf9461b32f9f598a58862a84d0114310cf,114,DEL,BOM,DEL-BOM,2026-09-13,2026-09-20,2026-09-12 18:47:36.452367,2026-09-12,1,0-3 days,IndiGo,Round trip,INR,12929.0,12929.0,,,0,135.0,,,,89.0,,,WyJDalJJTlU1UmFtTlpUMGx3UTJ0QlJsZHlPR2RDUnkwdExTMHRMUzB0TFhCbVoyY3hPVUZCUVVGQlIzRnNWVkJqUjBGdmJ6SkJFZ1kyUlRZMk56WWFDZ2lCWlJBQUdnTkpUbEk0SEhEYWFRPT0iLFtbIkRFTCIsIjIwMjYtMDktMTMiLCJCT00iLG51bGwsIjZFIiwiNjY3NiJdXV0=,SerpApi,Google Flights,2026,9,37,13,6,Sunday,September,True,18,10001-15000,9.467305471765902,False,13832.411764705883,-6.531122555294266,5,34,INR,2026-09-12 18:47:36.357047,6aa550f650d43edc5c9d995c,686,2026-09-12 18:47:36.452367
ea9489eaf06f1b085d3917f8e4a2d33939aac62cd797eb9010d122113d9cb0b6,114,DEL,BOM,DEL-BOM,2026-09-13,2026-09-20,2026-09-12 18:47:36.454095,2026-09-12,1,0-3 days,Air India Express,Round trip,INR,13125.0,13125.0,,,0,145.0,,,,100.0,,,WyJDalJJTlU1UmFtTlpUMGx3UTJ0QlJsZHlPR2RDUnkwdExTMHRMUzB0TFhCbVoyY3hPVUZCUVVGQlIzRnNWVkJqUjBGdmJ6SkJFZ1pKV0RFeU16VWFDZ2pGWmhBQUdnTkpUbEk0SEhDbmF3PT0iLFtbIkRFTCIsIjIwMjYtMDktMTMiLCJCT00iLG51bGwsIklYIiwiMTIzNSJdXV0=,SerpApi,Google Flights,2026,9,37,13,6,Sunday,September,True,18,10001-15000,9.482350275033667,False,13832.411764705883,-5.114160688238623,5,34,INR,2026-09-12 18:47:36.357047,6aa550f650d43edc5c9d995c,687,2026-09-12 18:47:36.454095
d14a1192cc10bfc17fa20417f61988b938f62e0f2effbef5730c7dedd02caf1d,114,DEL,BOM,DEL-BOM,2026-09-13,2026-09-20,2026-09-12 18:47:36.455892,2026-09-12,1,0-3 days,IndiGo,Round trip,INR,13139.0,13139.0,,,0,130.0,,,,89.0,,,WyJDalJJTlU1UmFtTlpUMGx3UTJ0QlJsZHlPR2RDUnkwdExTMHRMUzB0TFhCbVoyY3hPVUZCUVVGQlIzRnNWVkJqUjBGdmJ6SkJFZ1UyUlRNeU5Cb0tDTk5tRUFBYUEwbE9VamdjY0xaciIsW1siREVMIiwiMjAyNi0wOS0xMyIsIkJPTSIsbnVsbCwiNkUiLCIzMjQiXV1d,SerpApi,Google Flights,2026,9,37,13,6,Sunday,September,True,18,10001-15000,9.483416292038601,False,13832.411764705883,-5.012949126306077,5,34,INR,2026-09-12 18:47:36.357047,6aa550f650d43edc5c9d995c,688,2026-09-12 18:47:36.455892
f77b5a78c2469c29f2bc172e9712530c51d27bc8eb4cbef13a025e1eb4bae513,114,DEL,BOM,DEL-BOM,2026-09-13,2026-09-20,2026-09-12 18:47:36.463516,2026-09-12,1,0-3 days,Akasa Air,Round trip,INR,13226.0,13226.0,,,0,140.0,,,,88.0,,,WyJDalJJTlU1UmFtTlpUMGx3UTJ0QlJsZHlPR2RDUnkwdExTMHRMUzB0TFhCbVoyY3hPVUZCUVVGQlIzRnNWVkJqUjBGdmJ6SkJFZ1pSVURFeE1qZ2FDZ2lxWnhBQUdnTkpUbEk0SEhDUmJBPT0iLFtbIkRFTCIsIjIwMjYtMDktMTMiLCJCT00iLG51bGwsIlFQIiwiMTEyOCJdXV0=,SerpApi,Google Flights,2026,9,37,13,6,Sunday,September,True,18,10001-15000,9.490015474026047,False,13832.411764705883,-4.3839915628681165,5,34,INR,2026-09-12 18:47:36.357047,6aa550f650d43edc5c9d995c,692,2026-09-12 18:47:36.463516
428f3074dc4ca78938d98185a8618e00de37aff0203d132fcd6b7c4db5bb742a,114,DEL,BOM,DEL-BOM,2026-09-13,2026-09-20,2026-09-12 18:47:36.465348,2026-09-12,1,0-3 days,Akasa Air,Round trip,INR,13226.0,13226.0,,,0,135.0,,,,91.0,,,WyJDalJJTlU1UmFtTlpUMGx3UTJ0QlJsZHlPR2RDUnkwdExTMHRMUzB0TFhCbVoyY3hPVUZCUVVGQlIzRnNWVkJqUjBGdmJ6SkJFZ1pSVURFNE1qQWFDZ2lxWnhBQUdnTkpUbEk0SEhDUmJBPT0iLFtbIkRFTCIsIjIwMjYtMDktMTMiLCJCT00iLG51bGwsIlFQIiwiMTgyMCJdXV0=,SerpApi,Google Flights,2026,9,37,13,6,Sunday,September,True,18,10001-15000,9.490015474026047,False,13832.411764705883,-4.3839915628681165,5,34,INR,2026-09-12 18:47:36.357047,6aa550f650d43edc5c9d995c,693,2026-09-12 18:47:36.465348
63c054dc95c3999f3d11cb7de101c4445873714074b367a78900718ce0ec0c24,114,DEL,BOM,DEL-BOM,2026-09-13,2026-09-20,2026-09-12 18:47:36.467025,2026-09-12,1,0-3 days,Akasa Air,Round trip,INR,13226.0,13226.0,,,0,145.0,,,,88.0,,,WyJDalJJTlU1UmFtTlpUMGx3UTJ0QlJsZHlPR2RDUnkwdExTMHRMUzB0TFhCbVoyY3hPVUZCUVVGQlIzRnNWVkJqUjBGdmJ6SkJFZ1pSVURFNE1qWWFDZ2lxWnhBQUdnTkpUbEk0SEhDUmJBPT0iLFtbIkRFTCIsIjIwMjYtMDktMTMiLCJCT00iLG51bGwsIlFQIiwiMTgyNiJdXV0=,SerpApi,Google Flights,2026,9,37,13,6,Sunday,September,True,18,10001-15000,9.490015474026047,False,13832.411764705883,-4.3839915628681165,5,34,INR,2026-09-12 18:47:36.357047,6aa550f650d43edc5c9d995c,694,2026-09-12 18:47:36.467025
adab1e33d43f9b355bf0857eaaa893569aebf4c6f0d564f4c4a9e4522002d94b,114,DEL,BOM,DEL-BOM,2026-09-13,2026-09-20,2026-09-12 18:47:36.468644,2026-09-12,1,0-3 days,Air India,Round trip,INR,13569.0,13569.0,,,0,145.0,,,,103.0,,,WyJDalJJTlU1UmFtTlpUMGx3UTJ0QlJsZHlPR2RDUnkwdExTMHRMUzB0TFhCbVoyY3hPVUZCUVVGQlIzRnNWVkJqUjBGdmJ6SkJFZ1pCU1RJNU16TWFDZ2lCYWhBQUdnTkpUbEk0SEhENGJnPT0iLFtbIkRFTCIsIjIwMjYtMDktMTMiLCJCT00iLG51bGwsIkFJIiwiMjkzMyJdXV0=,SerpApi,Google Flights,2026,9,37,13,6,Sunday,September,True,18,10001-15000,9.515616752828915,False,13832.411764705883,-1.9043082955207513,5,34,INR,2026-09-12 18:47:36.357047,6aa550f650d43edc5c9d995c,695,2026-09-12 18:47:36.468644
b64295df7d0be581a2592e8388035db32e66428633b925e3d92b17b8faa25c24,114,DEL,BOM,DEL-BOM,2026-09-13,2026-09-20,2026-09-12 18:47:36.470675,2026-09-12,1,0-3 days,Air India,Round trip,INR,14393.0,14393.0,,,0,140.0,,,,103.0,,,WyJDalJJTlU1UmFtTlpUMGx3UTJ0QlJsZHlPR2RDUnkwdExTMHRMUzB0TFhCbVoyY3hPVUZCUVVGQlIzRnNWVkJqUjBGdmJ6SkJFZ1pCU1RJNU5URWFDZ2k1Y0JBQUdnTkpUbEk0SEhEV2RRPT0iLFtbIkRFTCIsIjIwMjYtMDktMTMiLCJCT00iLG51bGwsIkFJIiwiMjk1MSJdXV0=,SerpApi,Google Flights,2026,9,37,13,6,Sunday,September,True,18,10001-15000,9.57456673206775,True,13832.411764705883,4.052715063937629,5,34,INR,2026-09-12 18:47:36.357047,6aa550f650d43edc5c9d995c,696,2026-09-12 18:47:36.470675
8d21b36dafb82f031090fd60ea4e5a5889bbe438a6324e7c67c03a4d760af7c9,114,DEL,BOM,DEL-BOM,2026-09-13,2026-09-20,2026-09-12 18:47:36.472795,2026-09-12,1,0-3 days,Akasa Air,Round trip,INR,14913.0,14913.0,,,0,145.0,,,,88.0,,,WyJDalJJTlU1UmFtTlpUMGx3UTJ0QlJsZHlPR2RDUnkwdExTMHRMUzB0TFhCbVoyY3hPVUZCUVVGQlIzRnNWVkJqUjBGdmJ6SkJFZ1pSVURFNE16WWFDZ2pCZEJBQUdnTkpUbEk0SEhEM2VRPT0iLFtbIkRFTCIsIjIwMjYtMDktMTMiLCJCT00iLG51bGwsIlFQIiwiMTgzNiJdXV0=,SerpApi,Google Flights,2026,9,37,13,6,Sunday,September,True,18,10001-15000,9.61005564810374,True,13832.411764705883,7.812001650003619,5,34,INR,2026-09-12 18:47:36.357047,6aa550f650d43edc5c9d995c,697,2026-09-12 18:47:36.472795
77e033627b5757ca8fda8ddd05522168e1b530e20efe645757f5399f2baa8b4b,114,DEL,BOM,DEL-BOM,2026-09-13,2026-09-20,2026-09-12 18:47:36.474792,2026-09-12,1,0-3 days,SpiceJet,Round trip,INR,25949.0,25949.0,,,0,160.0,,,,120.0,,,WyJDalJJTlU1UmFtTlpUMGx3UTJ0QlJsZHlPR2RDUnkwdExTMHRMUzB0TFhCbVoyY3hPVUZCUVVGQlIzRnNWVkJqUjBGdmJ6SkJFZ1pUUnpJNE1ESWFDd2pkeWdFUUFCb0RTVTVTT0J4d2xOUUIiLFtbIkRFTCIsIjIwMjYtMDktMTMiLCJCT00iLG51bGwsIlNHIiwiMjgwMiJdXV0=,SerpApi,Google Flights,2026,9,37,13,6,Sunday,September,True,18,25000+,10.163926888594034,True,13832.411764705883,87.59563004197301,5,34,INR,2026-09-12 18:47:36.357047,6aa550f650d43edc5c9d995c,698,2026-09-12 18:47:36.474792
0792aab677b9f073d150553c7c19008240f9256bfd5aec147a42beda990ccb2e,115,DEL,HYD,DEL-HYD,2026-09-13,2026-09-20,2026-09-12 18:47:46.016977,2026-09-12,1,0-3 days,IndiGo,Round trip,INR,16799.0,16799.0,,,0,130.0,,,,99.0,,,WyJDalJJVFhGM2QySm1OM2gyZEVsQlMycFJXSGRDUnkwdExTMHRMUzB0YjNsamFHODBPRUZCUVVGQlIzRnNWVkZGUmxCdFdrMUJFZ1UyUlRJd014b0xDSitEQVJBQUdnTkpUbEk0SEhDc2lRRT0iLFtbIkRFTCIsIjIwMjYtMDktMTMiLCJIWUQiLG51bGwsIjZFIiwiMjAzIl1dXQ==,SerpApi,Google Flights,2026,9,37,13,6,Sunday,September,True,18,15001-25000,9.72913416539135,False,16848.333333333332,-0.292808388564636,3,18,INR,2026-09-12 18:47:46.011598,6aa550fbbcd927d24c23242c,699,2026-09-12 18:47:46.016977
7710057a789c0fb60078c1676c3f7962d2e6ce4efc519126b9b36b673a612535,115,DEL,HYD,DEL-HYD,2026-09-13,2026-09-20,2026-09-12 18:47:46.023196,2026-09-12,1,0-3 days,Akasa Air,Round trip,INR,17537.0,17537.0,,,0,140.0,,,,100.0,,,WyJDalJJVFhGM2QySm1OM2gyZEVsQlMycFJXSGRDUnkwdExTMHRMUzB0YjNsamFHODBPRUZCUVVGQlIzRnNWVkZGUmxCdFdrMUJFZ1pSVURFME1EWWFDd2lCaVFFUUFCb0RTVTVTT0J4d3NZOEIiLFtbIkRFTCIsIjIwMjYtMDktMTMiLCJIWUQiLG51bGwsIlFQIiwiMTQwNiJdXV0=,SerpApi,Google Flights,2026,9,37,13,6,Sunday,September,True,18,15001-25000,9.7721252343393,True,16848.333333333332,4.087446829557817,3,18,INR,2026-09-12 18:47:46.011598,6aa550fbbcd927d24c23242c,701,2026-09-12 18:47:46.023196
2b455248bc05103ff88c7017ad01cba1c48cdf819470fc476595ad19b7a9d560,115,DEL,HYD,DEL-HYD,2026-09-13,2026-09-20,2026-09-12 18:47:46.025852,2026-09-12,1,0-3 days,IndiGo,Round trip,INR,15910.0,15910.0,,,1,305.0,,,,144.0,,,WyJDalJJVFhGM2QySm1OM2gyZEVsQlMycFJXSGRDUnkwdExTMHRMUzB0YjNsamFHODBPRUZCUVVGQlIzRnNWVkZGUmxCdFdrMUJFZ3cyUlRVeE1UbDhOa1U0TnprYUNnaW1mQkFBR2dOSlRsSTRISENLZ2dFPSIsW1siREVMIiwiMjAyNi0wOS0xMyIsIkFNRCIsbnVsbCwiNkUiLCI1MTE5Il0sWyJBTUQiLCIyMDI2LTA5LTEzIiwiSFlEIixudWxsLCI2RSIsIjg3OSJdXV0=,SerpApi,Google Flights,2026,9,37,13,6,Sunday,September,True,18,15001-25000,9.674765972907856,True,16848.333333333332,-5.56929468790186,3,18,INR,2026-09-12 18:47:46.011598,6aa550fbbcd927d24c23242c,702,2026-09-12 18:47:46.025852
b508dc65cdd912d6489cc41f65dd12e688cae812d169b7e3033b0a4ad57ae6ee,115,DEL,HYD,DEL-HYD,2026-09-13,2026-09-20,2026-09-12 18:47:46.028602,2026-09-12,1,0-3 days,IndiGo,Round trip,INR,15910.0,15910.0,,,1,325.0,,,,140.0,,,WyJDalJJVFhGM2QySm1OM2gyZEVsQlMycFJXSGRDUnkwdExTMHRMUzB0YjNsamFHODBPRUZCUVVGQlIzRnNWVkZGUmxCdFdrMUJFZzAyUlRVd056TjhOa1UyTnpJNEdnb0lwbndRQUJvRFNVNVNPQnh3aW9JQiIsW1siREVMIiwiMjAyNi0wOS0xMyIsIkFNRCIsbnVsbCwiNkUiLCI1MDczIl0sWyJBTUQiLCIyMDI2LTA5LTEzIiwiSFlEIixudWxsLCI2RSIsIjY3MjgiXV1d,SerpApi,Google Flights,2026,9,37,13,6,Sunday,September,True,18,15001-25000,9.674765972907856,True,16848.333333333332,-5.56929468790186,3,18,INR,2026-09-12 18:47:46.011598,6aa550fbbcd927d24c23242c,703,2026-09-12 18:47:46.028602
3fc3a2dfa16268719abd075b65fc4ea5dcdf00a970d15b20a4c7bdd9bd67dd52,115,DEL,HYD,DEL-HYD,2026-09-13,2026-09-20,2026-09-12 18:47:46.034456,2026-09-12,1,0-3 days,IndiGo,Round trip,INR,16799.0,16799.0,,,0,145.0,,,,99.0,,,WyJDalJJVFhGM2QySm1OM2gyZEVsQlMycFJXSGRDUnkwdExTMHRMUzB0YjNsamFHODBPRUZCUVVGQlIzRnNWVkZGUmxCdFdrMUJFZ1kyUlRZeU9UTWFDd2lmZ3dFUUFCb0RTVTVTT0J4d3JJa0IiLFtbIkRFTCIsIjIwMjYtMDktMTMiLCJIWUQiLG51bGwsIjZFIiwiNjI5MyJdXV0=,SerpApi,Google Flights,2026,9,37,13,6,Sunday,September,True,18,15001-25000,9.72913416539135,False,16848.333333333332,-0.292808388564636,3,18,INR,2026-09-12 18:47:46.011598,6aa550fbbcd927d24c23242c,705,2026-09-12 18:47:46.034456
34cd8c68f131e47e5c1dc1457f0d185578853062a651263f22d2e19bed49123f,115,DEL,HYD,DEL-HYD,2026-09-13,2026-09-20,2026-09-12 18:47:46.046788,2026-09-12,1,0-3 days,IndiGo,Round trip,INR,16799.0,16799.0,,,0,140.0,,,,99.0,,,WyJDalJJVFhGM2QySm1OM2gyZEVsQlMycFJXSGRDUnkwdExTMHRMUzB0YjNsamFHODBPRUZCUVVGQlIzRnNWVkZGUmxCdFdrMUJFZ1kyUlRZMk1ERWFDd2lmZ3dFUUFCb0RTVTVTT0J4d3JJa0IiLFtbIkRFTCIsIjIwMjYtMDktMTMiLCJIWUQiLG51bGwsIjZFIiwiNjYwMSJdXV0=,SerpApi,Google Flights,2026,9,37,13,6,Sunday,September,True,18,15001-25000,9.72913416539135,False,16848.333333333332,-0.292808388564636,3,18,INR,2026-09-12 18:47:46.011598,6aa550fbbcd927d24c23242c,710,2026-09-12 18:47:46.046788
2f826745dbf4a9ecbfe5fa3b9928c9e0503f7f034bc8a7c13c087bbd5c6a6aca,115,DEL,HYD,DEL-HYD,2026-09-13,2026-09-20,2026-09-12 18:47:46.051280,2026-09-12,1,0-3 days,IndiGo,Round trip,INR,16799.0,16799.0,,,0,135.0,,,,99.0,,,WyJDalJJVFhGM2QySm1OM2gyZEVsQlMycFJXSGRDUnkwdExTMHRMUzB0YjNsamFHODBPRUZCUVVGQlIzRnNWVkZGUmxCdFdrMUJFZ1UyUlRnNE1ob0xDSitEQVJBQUdnTkpUbEk0SEhDc2lRRT0iLFtbIkRFTCIsIjIwMjYtMDktMTMiLCJIWUQiLG51bGwsIjZFIiwiODgyIl1dXQ==,SerpApi,Google Flights,2026,9,37,13,6,Sunday,September,True,18,15001-25000,9.72913416539135,False,16848.333333333332,-0.292808388564636,3,18,INR,2026-09-12 18:47:46.011598,6aa550fbbcd927d24c23242c,712,2026-09-12 18:47:46.051280
5f8ac506c400c6397c0172fd2fc479adae70fdcb67af02cdec15757bd7b63590,115,DEL,HYD,DEL-HYD,2026-09-13,2026-09-20,2026-09-12 18:47:46.056080,2026-09-12,1,0-3 days,Air India,Round trip,INR,16886.0,16886.0,,,0,140.0,,,,115.0,,,WyJDalJJVFhGM2QySm1OM2gyZEVsQlMycFJXSGRDUnkwdExTMHRMUzB0YjNsamFHODBPRUZCUVVGQlIzRnNWVkZGUmxCdFdrMUJFZ1pCU1RJME5Ea2FDd2oyZ3dFUUFCb0RTVTVTT0J4d2g0b0IiLFtbIkRFTCIsIjIwMjYtMDktMTMiLCJIWUQiLG51bGwsIkFJIiwiMjQ0OSJdXV0=,SerpApi,Google Flights,2026,9,37,13,6,Sunday,September,True,18,15001-25000,9.734299374132137,False,16848.333333333332,0.22356316153921973,3,18,INR,2026-09-12 18:47:46.011598,6aa550fbbcd927d24c23242c,714,2026-09-12 18:47:46.056080
44434fdfd9dbdadfe218571bd0dca71c328315e68c077ffab08bc111847f5475,115,DEL,HYD,DEL-HYD,2026-09-13,2026-09-20,2026-09-12 18:47:46.065187,2026-09-12,1,0-3 days,Air India,Round trip,INR,16997.0,16997.0,,,0,135.0,,,,115.0,,,WyJDalJJVFhGM2QySm1OM2gyZEVsQlMycFJXSGRDUnkwdExTMHRMUzB0YjNsamFHODBPRUZCUVVGQlIzRnNWVkZGUmxCdFdrMUJFZ1pCU1RJNE9Ua2FDd2psaEFFUUFCb0RTVTVTT0J4dy9Jb0IiLFtbIkRFTCIsIjIwMjYtMDktMTMiLCJIWUQiLG51bGwsIkFJIiwiMjg5OSJdXV0=,SerpApi,Google Flights,2026,9,37,13,6,Sunday,September,True,18,15001-25000,9.740850969058572,False,16848.333333333332,0.8823820358096812,3,18,INR,2026-09-12 18:47:46.011598,6aa550fbbcd927d24c23242c,718,2026-09-12 18:47:46.065187
619f0030d8d97155041dcaea2ff5ef735ba78505bab212666be35a8a35175d4e,115,DEL,HYD,DEL-HYD,2026-09-13,2026-09-20,2026-09-12 18:47:46.067458,2026-09-12,1,0-3 days,Air India,Round trip,INR,16997.0,16997.0,,,0,145.0,,,,112.0,,,WyJDalJJVFhGM2QySm1OM2gyZEVsQlMycFJXSGRDUnkwdExTMHRMUzB0YjNsamFHODBPRUZCUVVGQlIzRnNWVkZGUmxCdFdrMUJFZ1pCU1RJMU1Ua2FDd2psaEFFUUFCb0RTVTVTT0J4dy9Jb0IiLFtbIkRFTCIsIjIwMjYtMDktMTMiLCJIWUQiLG51bGwsIkFJIiwiMjUxOSJdXV0=,SerpApi,Google Flights,2026,9,37,13,6,Sunday,September,True,18,15001-25000,9.740850969058572,False,16848.333333333332,0.8823820358096812,3,18,INR,2026-09-12 18:47:46.011598,6aa550fbbcd927d24c23242c,719,2026-09-12 18:47:46.067458
8dfe2db68e2a66b53780a4f3928d6aa07a81b7f1671ed676109099ad366a2f85,115,DEL,HYD,DEL-HYD,2026-09-13,2026-09-20,2026-09-12 18:47:46.074440,2026-09-12,1,0-3 days,Air India,Round trip,INR,16997.0,16997.0,,,0,140.0,,,,115.0,,,WyJDalJJVFhGM2QySm1OM2gyZEVsQlMycFJXSGRDUnkwdExTMHRMUzB0YjNsamFHODBPRUZCUVVGQlIzRnNWVkZGUmxCdFdrMUJFZ1pCU1RJNE56RWFDd2psaEFFUUFCb0RTVTVTT0J4dy9Jb0IiLFtbIkRFTCIsIjIwMjYtMDktMTMiLCJIWUQiLG51bGwsIkFJIiwiMjg3MSJdXV0=,SerpApi,Google Flights,2026,9,37,13,6,Sunday,September,True,18,15001-25000,9.740850969058572,False,16848.333333333332,0.8823820358096812,3,18,INR,2026-09-12 18:47:46.011598,6aa550fbbcd927d24c23242c,722,2026-09-12 18:47:46.074440
2e548fe8cf3b9122e146506b717d1c100ac48f1fdf96dfb7981aa92ab1194fef,115,DEL,HYD,DEL-HYD,2026-09-13,2026-09-20,2026-09-12 18:47:46.076266,2026-09-12,1,0-3 days,IndiGo,Round trip,INR,17275.0,17275.0,,,0,135.0,,,,99.0,,,WyJDalJJVFhGM2QySm1OM2gyZEVsQlMycFJXSGRDUnkwdExTMHRMUzB0YjNsamFHODBPRUZCUVVGQlIzRnNWVkZGUmxCdFdrMUJFZ1UyUlRnNE5Cb0xDUHVHQVJBQUdnTkpUbEk0SEhDZWpRRT0iLFtbIkRFTCIsIjIwMjYtMDktMTMiLCJIWUQiLG51bGwsIjZFIiwiODg0Il1dXQ==,SerpApi,Google Flights,2026,9,37,13,6,Sunday,September,True,18,15001-25000,9.757073534080591,False,16848.333333333332,2.5323968740726066,3,18,INR,2026-09-12 18:47:46.011598,6aa550fbbcd927d24c23242c,723,2026-09-12 18:47:46.076266
192b626cd34423a8a03729c67934dcdc3e9ac2002efd4bc4a4437bf5fc036b8e,115,DEL,HYD,DEL-HYD,2026-09-13,2026-09-20,2026-09-12 18:47:46.078694,2026-09-12,1,0-3 days,Akasa Air,Round trip,INR,17375.0,17375.0,,,0,150.0,,,,100.0,,,WyJDalJJVFhGM2QySm1OM2gyZEVsQlMycFJXSGRDUnkwdExTMHRMUzB0YjNsamFHODBPRUZCUVVGQlIzRnNWVkZGUmxCdFdrMUJFZ1pSVURFME1Ea2FDd2pmaHdFUUFCb0RTVTVTT0J4d2g0NEIiLFtbIkRFTCIsIjIwMjYtMDktMTMiLCJIWUQiLG51bGwsIlFQIiwiMTQwOSJdXV0=,SerpApi,Google Flights,2026,9,37,13,6,Sunday,September,True,18,15001-25000,9.762845222733661,True,16848.333333333332,3.1259273914333807,3,18,INR,2026-09-12 18:47:46.011598,6aa550fbbcd927d24c23242c,724,2026-09-12 18:47:46.078694
36070e96d025f3094d264b78fd1935c1e39e42eb484b378b7bc215c4e54361c6,116,DEL,MAA,DEL-MAA,2026-09-13,2026-09-20,2026-09-12 18:47:54.788308,2026-09-12,1,0-3 days,Air India,Round trip,INR,17902.0,17902.0,,,1,335.0,,,,213.0,,,WyJDalJJUVY5UmNtcE9jVkJqTWpSQlNHMXNWVUZDUnkwdExTMHRMWFozYUdReE55MXVNa0ZCUVVGQlIzRnNWVkZWVDB4SE0zVkJFZ3hCU1RRME1YeEJTVEk0TWpjYUN3anVpd0VRQUJvRFNVNVNPQnh3cjVJQiIsW1siREVMIiwiMjAyNi0wOS0xMyIsIkJPTSIsbnVsbCwiQUkiLCI0NDEiXSxbIkJPTSIsIjIwMjYtMDktMTMiLCJNQUEiLG51bGwsIkFJIiwiMjgyNyJdXV0=,SerpApi,Google Flights,2026,9,37,13,6,Sunday,September,True,18,15001-25000,9.792723575551273,False,22846.8,-21.643293590349632,2,15,INR,2026-09-12 18:47:54.784157,6aa551048c60cacdb5fcd216,725,2026-09-12 18:47:54.788308
539ddff425b40413718a0e4e98262b45f09fec77ee9b850932123376a5c16216,116,DEL,MAA,DEL-MAA,2026-09-13,2026-09-20,2026-09-12 18:47:54.790756,2026-09-12,1,0-3 days,Air India,Round trip,INR,18534.0,18534.0,,,0,165.0,,,,146.0,,,WyJDalJJUVY5UmNtcE9jVkJqTWpSQlNHMXNWVUZDUnkwdExTMHRMWFozYUdReE55MXVNa0ZCUVVGQlIzRnNWVkZWVDB4SE0zVkJFZ1pCU1RJME5qY2FDd2pta0FFUUFCb0RTVTVTT0J4d3hKY0IiLFtbIkRFTCIsIjIwMjYtMDktMTMiLCJNQUEiLG51bGwsIkFJIiwiMjQ2NyJdXV0=,SerpApi,Google Flights,2026,9,37,13,6,Sunday,September,True,18,15001-25000,9.827416115584832,False,22846.8,-18.8770418614423,2,15,INR,2026-09-12 18:47:54.784157,6aa551048c60cacdb5fcd216,726,2026-09-12 18:47:54.790756
60a054c3e3ff527519397e78e02ad2d9d25e4e0a09e7bc95e524e28247acb7ef,116,DEL,MAA,DEL-MAA,2026-09-13,2026-09-20,2026-09-12 18:47:54.793603,2026-09-12,1,0-3 days,Air India,Round trip,INR,18358.0,18358.0,,,1,370.0,,,,200.0,,,WyJDalJJUVY5UmNtcE9jVkJqTWpSQlNHMXNWVUZDUnkwdExTMHRMWFozYUdReE55MXVNa0ZCUVVGQlIzRnNWVkZWVDB4SE0zVkJFZzFCU1RFM05EVjhRVWt5TnpNNUdnc0l0bzhCRUFBYUEwbE9VamdjY0l5V0FRPT0iLFtbIkRFTCIsIjIwMjYtMDktMTMiLCJCT00iLG51bGwsIkFJIiwiMTc0NSJdLFsiQk9NIiwiMjAyNi0wOS0xMyIsIk1BQSIsbnVsbCwiQUkiLCIyNzM5Il1dXQ==,SerpApi,Google Flights,2026,9,37,13,6,Sunday,September,True,18,15001-25000,9.817875196460205,False,22846.8,-19.647390444175983,2,15,INR,2026-09-12 18:47:54.784157,6aa551048c60cacdb5fcd216,728,2026-09-12 18:47:54.793603
d9156f47543ceb27028982b47b0fba7b616d6b4977d72fd374a7959b929f7e9e,116,DEL,MAA,DEL-MAA,2026-09-13,2026-09-20,2026-09-12 18:47:54.795547,2026-09-12,1,0-3 days,Air India,Round trip,INR,18534.0,18534.0,,,0,170.0,,,,146.0,,,WyJDalJJUVY5UmNtcE9jVkJqTWpSQlNHMXNWVUZDUnkwdExTMHRMWFozYUdReE55MXVNa0ZCUVVGQlIzRnNWVkZWVDB4SE0zVkJFZ1pCU1RJNE16TWFDd2pta0FFUUFCb0RTVTVTT0J4d3hKY0IiLFtbIkRFTCIsIjIwMjYtMDktMTMiLCJNQUEiLG51bGwsIkFJIiwiMjgzMyJdXV0=,SerpApi,Google Flights,2026,9,37,13,6,Sunday,September,True,18,15001-25000,9.827416115584832,False,22846.8,-18.8770418614423,2,15,INR,2026-09-12 18:47:54.784157,6aa551048c60cacdb5fcd216,729,2026-09-12 18:47:54.795547
b70ce29967b26da6de9fb8187b95aef0d57f8e216ef2de94d26858c9862d5e33,116,DEL,MAA,DEL-MAA,2026-09-13,2026-09-20,2026-09-12 18:47:54.796711,2026-09-12,1,0-3 days,Air India,Round trip,INR,18770.0,18770.0,,,0,165.0,,,,146.0,,,WyJDalJJUVY5UmNtcE9jVkJqTWpSQlNHMXNWVUZDUnkwdExTMHRMWFozYUdReE55MXVNa0ZCUVVGQlIzRnNWVkZWVDB4SE0zVkJFZ1pCU1RJNE9UVWFDd2pTa2dFUUFCb0RTVTVTT0J4d3U1a0IiLFtbIkRFTCIsIjIwMjYtMDktMTMiLCJNQUEiLG51bGwsIkFJIiwiMjg5NSJdXV0=,SerpApi,Google Flights,2026,9,37,13,6,Sunday,September,True,18,15001-25000,9.840068404666473,False,22846.8,-17.844074443685763,2,15,INR,2026-09-12 18:47:54.784157,6aa551048c60cacdb5fcd216,730,2026-09-12 18:47:54.796711
c9790dc0d20a6f9f22d298cac56d694fa947ad1101f50785593d7ea8cf0a1828,116,DEL,MAA,DEL-MAA,2026-09-13,2026-09-20,2026-09-12 18:47:54.797772,2026-09-12,1,0-3 days,Air India,Round trip,INR,18934.0,18934.0,,,0,170.0,,,,146.0,,,WyJDalJJUVY5UmNtcE9jVkJqTWpSQlNHMXNWVUZDUnkwdExTMHRMWFozYUdReE55MXVNa0ZCUVVGQlIzRnNWVkZWVDB4SE0zVkJFZ1pCU1RJME9ETWFDd2oya3dFUUFCb0RTVTVTT0J4dzU1b0IiLFtbIkRFTCIsIjIwMjYtMDktMTMiLCJNQUEiLG51bGwsIkFJIiwiMjQ4MyJdXV0=,SerpApi,Google Flights,2026,9,37,13,6,Sunday,September,True,18,15001-25000,9.848767340335895,False,22846.8,-17.126249627956646,2,15,INR,2026-09-12 18:47:54.784157,6aa551048c60cacdb5fcd216,731,2026-09-12 18:47:54.797772
ab380c54fbbb197ba5e8ea2712d0d767d984f8dae205dad17ad917fd360896a1,116,DEL,MAA,DEL-MAA,2026-09-13,2026-09-20,2026-09-12 18:47:54.799789,2026-09-12,1,0-3 days,Air India,Round trip,INR,18934.0,18934.0,,,0,175.0,,,,146.0,,,WyJDalJJUVY5UmNtcE9jVkJqTWpSQlNHMXNWVUZDUnkwdExTMHRMWFozYUdReE55MXVNa0ZCUVVGQlIzRnNWVkZWVDB4SE0zVkJFZ1pCU1RJNE16Y2FDd2oya3dFUUFCb0RTVTVTT0J4dzU1b0IiLFtbIkRFTCIsIjIwMjYtMDktMTMiLCJNQUEiLG51bGwsIkFJIiwiMjgzNyJdXV0=,SerpApi,Google Flights,2026,9,37,13,6,Sunday,September,True,18,15001-25000,9.848767340335895,False,22846.8,-17.126249627956646,2,15,INR,2026-09-12 18:47:54.784157,6aa551048c60cacdb5fcd216,733,2026-09-12 18:47:54.799789
95484d24fb09b95fcad0bafa3745c1ab3e53bb709d1cd8f8ccbeb95b749d18d9,116,DEL,MAA,DEL-MAA,2026-09-13,2026-09-20,2026-09-12 18:47:54.809967,2026-09-12,1,0-3 days,IndiGo,Round trip,INR,19130.0,19130.0,,,0,160.0,,,,126.0,,,WyJDalJJUVY5UmNtcE9jVkJqTWpSQlNHMXNWVUZDUnkwdExTMHRMWFozYUdReE55MXVNa0ZCUVVGQlIzRnNWVkZWVDB4SE0zVkJFZ1UyUlRrMU1Cb0xDTHFWQVJBQUdnTkpUbEk0SEhDMG5BRT0iLFtbIkRFTCIsIjIwMjYtMDktMTMiLCJNQUEiLG51bGwsIjZFIiwiOTUwIl1dXQ==,SerpApi,Google Flights,2026,9,37,13,6,Sunday,September,True,18,15001-25000,9.85906533498338,False,22846.8,-16.268361433548673,2,15,INR,2026-09-12 18:47:54.784157,6aa551048c60cacdb5fcd216,739,2026-09-12 18:47:54.809967
4a464a687fd7abe05800012db936a44a8f1d26f23224fad521e9f903e02fab9e,116,DEL,MAA,DEL-MAA,2026-09-13,2026-09-20,2026-09-12 18:47:54.811955,2026-09-12,1,0-3 days,IndiGo,Round trip,INR,19130.0,19130.0,,,0,170.0,,,,126.0,,,WyJDalJJUVY5UmNtcE9jVkJqTWpSQlNHMXNWVUZDUnkwdExTMHRMWFozYUdReE55MXVNa0ZCUVVGQlIzRnNWVkZWVDB4SE0zVkJFZ1kyUlRZek5ERWFDd2k2bFFFUUFCb0RTVTVTT0J4d3RKd0IiLFtbIkRFTCIsIjIwMjYtMDktMTMiLCJNQUEiLG51bGwsIjZFIiwiNjM0MSJdXV0=,SerpApi,Google Flights,2026,9,37,13,6,Sunday,September,True,18,15001-25000,9.85906533498338,False,22846.8,-16.268361433548673,2,15,INR,2026-09-12 18:47:54.784157,6aa551048c60cacdb5fcd216,740,2026-09-12 18:47:54.811955
290e11128392de902f7be5029cceceb327580eda73ce5f9ea342c727cd878b49,116,DEL,MAA,DEL-MAA,2026-09-13,2026-09-20,2026-09-12 18:47:54.813799,2026-09-12,1,0-3 days,IndiGo,Round trip,INR,19130.0,19130.0,,,0,175.0,,,,126.0,,,WyJDalJJUVY5UmNtcE9jVkJqTWpSQlNHMXNWVUZDUnkwdExTMHRMWFozYUdReE55MXVNa0ZCUVVGQlIzRnNWVkZWVDB4SE0zVkJFZ1kyUlRZd05qRWFDd2k2bFFFUUFCb0RTVTVTT0J4d3RKd0IiLFtbIkRFTCIsIjIwMjYtMDktMTMiLCJNQUEiLG51bGwsIjZFIiwiNjA2MSJdXV0=,SerpApi,Google Flights,2026,9,37,13,6,Sunday,September,True,18,15001-25000,9.85906533498338,False,22846.8,-16.268361433548673,2,15,INR,2026-09-12 18:47:54.784157,6aa551048c60cacdb5fcd216,741,2026-09-12 18:47:54.813799
f61b12c0b9d1561429ff6d798b9a40e26398af686fd1dcf367c2570508d2f558,116,DEL,MAA,DEL-MAA,2026-09-13,2026-09-20,2026-09-12 18:47:54.817477,2026-09-12,1,0-3 days,IndiGo,Round trip,INR,19777.0,19777.0,,,1,365.0,,,,175.0,,,WyJDalJJUVY5UmNtcE9jVkJqTWpSQlNHMXNWVUZDUnkwdExTMHRMWFozYUdReE55MXVNa0ZCUVVGQlIzRnNWVkZWVDB4SE0zVkJFZ3cyUlRNMU5IdzJSVFl4TXpjYUN3akJtZ0VRQUJvRFNVNVNPQnh3MmFFQiIsW1siREVMIiwiMjAyNi0wOS0xMyIsIkJPTSIsbnVsbCwiNkUiLCIzNTQiXSxbIkJPTSIsIjIwMjYtMDktMTMiLCJNQUEiLG51bGwsIjZFIiwiNjEzNyJdXV0=,SerpApi,Google Flights,2026,9,37,13,6,Sunday,September,True,18,15001-25000,9.892325487829936,False,22846.8,-13.436454995885638,2,15,INR,2026-09-12 18:47:54.784157,6aa551048c60cacdb5fcd216,743,2026-09-12 18:47:54.817477
95df1c1a9ce2c54fc5ae1485e7cb2ad8e45ee5d97f48fc771e63ed6fc58e1ade,116,DEL,MAA,DEL-MAA,2026-09-13,2026-09-20,2026-09-12 18:47:54.819719,2026-09-12,1,0-3 days,IndiGo,Round trip,INR,42254.0,42254.0,,,1,295.0,,,,240.0,,,WyJDalJJUVY5UmNtcE9jVkJqTWpSQlNHMXNWVUZDUnkwdExTMHRMWFozYUdReE55MXVNa0ZCUVVGQlIzRnNWVkZWVDB4SE0zVkJFZ3MyUlRFM05udzJSVE0xTmhvTENJN0tBaEFBR2dOSlRsSTRISEM3MlFJPSIsW1siREVMIiwiMjAyNi0wOS0xMyIsIkJMUiIsbnVsbCwiNkUiLCIxNzYiXSxbIkJMUiIsIjIwMjYtMDktMTMiLCJNQUEiLG51bGwsIjZFIiwiMzU2Il1dXQ==,SerpApi,Google Flights,2026,9,37,13,6,Sunday,September,True,18,25000+,10.651477968978583,True,22846.8,84.94493758425688,2,15,INR,2026-09-12 18:47:54.784157,6aa551048c60cacdb5fcd216,744,2026-09-12 18:47:54.819719
1cd5db5bcb9d321446be4c6ed0a0114f247a19da6bea58d9f63d9031bb14e218,117,DEL,CCU,DEL-CCU,2026-09-13,2026-09-20,2026-09-12 18:48:03.053356,2026-09-12,1,0-3 days,Air India,Round trip,INR,17678.0,17678.0,,,0,140.0,,,,115.0,,,WyJDalJJYlY4dE9XSXdRek5qTmxsQlNWOTZPRUZDUnkwdExTMHRMUzB0TFhscFltVmhNVUZCUVVGQlIzRnNWVkUwUjJkb1lVOUJFZ1pCU1RFM016TWFDd2lPaWdFUUFCb0RTVTVTT0J4d3hKQUIiLFtbIkRFTCIsIjIwMjYtMDktMTMiLCJDQ1UiLG51bGwsIkFJIiwiMTczMyJdXV0=,SerpApi,Google Flights,2026,9,37,13,6,Sunday,September,True,18,15001-25000,9.780132773506024,False,18374.136363636364,-3.788675287150167,4,22,INR,2026-09-12 18:48:03.044802,6aa5510d408027f81b945dd0,746,2026-09-12 18:48:03.053356
bfa1e53f54bd9f61df2616122792fe9e9045ceaa29f34dc58264068dbc90590f,117,DEL,CCU,DEL-CCU,2026-09-13,2026-09-20,2026-09-12 18:48:03.055820,2026-09-12,1,0-3 days,Akasa Air,Round trip,INR,17740.0,17740.0,,,0,140.0,,,,97.0,,,WyJDalJJYlY4dE9XSXdRek5qTmxsQlNWOTZPRUZDUnkwdExTMHRMUzB0TFhscFltVmhNVUZCUVVGQlIzRnNWVkUwUjJkb1lVOUJFZ1pSVURFNE1ERWFDd2pNaWdFUUFCb0RTVTVTT0J4d2haRUIiLFtbIkRFTCIsIjIwMjYtMDktMTMiLCJDQ1UiLG51bGwsIlFQIiwiMTgwMSJdXV0=,SerpApi,Google Flights,2026,9,37,13,6,Sunday,September,True,18,15001-25000,9.783633624060649,False,18374.136363636364,-3.4512444617063043,4,22,INR,2026-09-12 18:48:03.044802,6aa5510d408027f81b945dd0,747,2026-09-12 18:48:03.055820
1c32e481fe309c0bd934224b8966a33f493ea857748ab04a519e22b6e6b140a5,117,DEL,CCU,DEL-CCU,2026-09-13,2026-09-20,2026-09-12 18:48:03.059299,2026-09-12,1,0-3 days,IndiGo,Round trip,INR,15717.0,15717.0,,,1,445.0,,,,127.0,,,WyJDalJJYlY4dE9XSXdRek5qTmxsQlNWOTZPRUZDUnkwdExTMHRMUzB0TFhscFltVmhNVUZCUVVGQlIzRnNWVkUwUjJkb1lVOUJFZ3cyUlRZeU5EVjhOa1UyTmpNYUNnamxlaEFBR2dOSlRsSTRISERBZ0FFPSIsW1siREVMIiwiMjAyNi0wOS0xMyIsIlBBVCIsbnVsbCwiNkUiLCI2MjQ1Il0sWyJQQVQiLCIyMDI2LTA5LTEzIiwiQ0NVIixudWxsLCI2RSIsIjY2MyJdXV0=,SerpApi,Google Flights,2026,9,37,13,6,Sunday,September,True,18,15001-25000,9.662561831426121,False,18374.136363636364,-14.461285749979591,4,22,INR,2026-09-12 18:48:03.044802,6aa5510d408027f81b945dd0,748,2026-09-12 18:48:03.059299
88fffe5f5c5266d50165bb352ae708b3830110efada57816c391c505716839bd,117,DEL,CCU,DEL-CCU,2026-09-13,2026-09-20,2026-09-12 18:48:03.062524,2026-09-12,1,0-3 days,IndiGo,Round trip,INR,15717.0,15717.0,,,1,450.0,,,,127.0,,,WyJDalJJYlY4dE9XSXdRek5qTmxsQlNWOTZPRUZDUnkwdExTMHRMUzB0TFhscFltVmhNVUZCUVVGQlIzRnNWVkUwUjJkb1lVOUJFZ3cyUlRJME5UTjhOa1V6TkRJYUNnamxlaEFBR2dOSlRsSTRISERBZ0FFPSIsW1siREVMIiwiMjAyNi0wOS0xMyIsIlBBVCIsbnVsbCwiNkUiLCIyNDUzIl0sWyJQQVQiLCIyMDI2LTA5LTEzIiwiQ0NVIixudWxsLCI2RSIsIjM0MiJdXV0=,SerpApi,Google Flights,2026,9,37,13,6,Sunday,September,True,18,15001-25000,9.662561831426121,False,18374.136363636364,-14.461285749979591,4,22,INR,2026-09-12 18:48:03.044802,6aa5510d408027f81b945dd0,749,2026-09-12 18:48:03.062524
7b97749bbab6f8e1e9ffd4be9545f93f3cf487d880d1504b55cc016611047a44,117,DEL,CCU,DEL-CCU,2026-09-13,2026-09-20,2026-09-12 18:48:03.066962,2026-09-12,1,0-3 days,IndiGo,Round trip,INR,15927.0,15927.0,,,1,375.0,,,,140.0,,,WyJDalJJYlY4dE9XSXdRek5qTmxsQlNWOTZPRUZDUnkwdExTMHRMUzB0TFhscFltVmhNVUZCUVVGQlIzRnNWVkUwUjJkb1lVOUJFZzAyUlRVeU9UaDhOa1UyTXpRMEdnb0l0M3dRQUJvRFNVNVNPQnh3bklJQiIsW1siREVMIiwiMjAyNi0wOS0xMyIsIkRFRCIsbnVsbCwiNkUiLCI1Mjk4Il0sWyJERUQiLCIyMDI2LTA5LTEzIiwiQ0NVIixudWxsLCI2RSIsIjYzNDQiXV1d,SerpApi,Google Flights,2026,9,37,13,6,Sunday,September,True,18,15001-25000,9.675833845744032,False,18374.136363636364,-13.3183748896052,4,22,INR,2026-09-12 18:48:03.044802,6aa5510d408027f81b945dd0,750,2026-09-12 18:48:03.066962
f43cadecb0542ce7dba416b19deebd7251ad8229047608282f43241b627f897e,117,DEL,CCU,DEL-CCU,2026-09-13,2026-09-20,2026-09-12 18:48:03.070233,2026-09-12,1,0-3 days,IndiGo,Round trip,INR,16535.0,16535.0,,,1,265.0,,,,117.0,,,WyJDalJJYlY4dE9XSXdRek5qTmxsQlNWOTZPRUZDUnkwdExTMHRMUzB0TFhscFltVmhNVUZCUVVGQlIzRnNWVkUwUjJkb1lVOUJFZzAyUlRJMk1UUjhOa1UzTXpJMkdnc0lsNEVCRUFBYUEwbE9VamdjY0ppSEFRPT0iLFtbIkRFTCIsIjIwMjYtMDktMTMiLCJJWFIiLG51bGwsIjZFIiwiMjYxNCJdLFsiSVhSIiwiMjAyNi0wOS0xMyIsIkNDVSIsbnVsbCwiNkUiLCI3MzI2Il1dXQ==,SerpApi,Google Flights,2026,9,37,13,6,Sunday,September,True,18,15001-25000,9.713295101361604,False,18374.136363636364,-10.009375827187917,4,22,INR,2026-09-12 18:48:03.044802,6aa5510d408027f81b945dd0,751,2026-09-12 18:48:03.070233
4ed94efebcde113232843ac31bdf1612d62b2253d8c787de7f4c55de31008ff8,117,DEL,CCU,DEL-CCU,2026-09-13,2026-09-20,2026-09-12 18:48:03.075737,2026-09-12,1,0-3 days,IndiGo,Round trip,INR,17211.0,17211.0,,,0,135.0,,,,99.0,,,WyJDalJJYlY4dE9XSXdRek5qTmxsQlNWOTZPRUZDUnkwdExTMHRMUzB0TFhscFltVmhNVUZCUVVGQlIzRnNWVkUwUjJkb1lVOUJFZ1UyUlRJME54b0xDTHVHQVJBQUdnTkpUbEk0SEhEY2pBRT0iLFtbIkRFTCIsIjIwMjYtMDktMTMiLCJDQ1UiLG51bGwsIjZFIiwiMjQ3Il1dXQ==,SerpApi,Google Flights,2026,9,37,13,6,Sunday,September,True,18,15001-25000,9.75336209395849,False,18374.136363636364,-6.330291343316075,4,22,INR,2026-09-12 18:48:03.044802,6aa5510d408027f81b945dd0,753,2026-09-12 18:48:03.075737
e43cce5024ffa3ad50e66b03860af0b9d07bcfd2479780e4400c882ab5897b95,117,DEL,CCU,DEL-CCU,2026-09-13,2026-09-20,2026-09-12 18:48:03.077993,2026-09-12,1,0-3 days,IndiGo,Round trip,INR,17473.0,17473.0,,,0,140.0,,,,99.0,,,WyJDalJJYlY4dE9XSXdRek5qTmxsQlNWOTZPRUZDUnkwdExTMHRMUzB0TFhscFltVmhNVUZCUVVGQlIzRnNWVkUwUjJkb1lVOUJFZ1kyUlRJeU56WWFDd2pCaUFFUUFCb0RTVTVTT0J4dzdvNEIiLFtbIkRFTCIsIjIwMjYtMDktMTMiLCJDQ1UiLG51bGwsIjZFIiwiMjI3NiJdXV0=,SerpApi,Google Flights,2026,9,37,13,6,Sunday,September,True,18,15001-25000,9.76846934085804,False,18374.136363636364,-4.904373984182309,4,22,INR,2026-09-12 18:48:03.044802,6aa5510d408027f81b945dd0,754,2026-09-12 18:48:03.077993
1e840b36a390235e7ac790a83ecda9ada7e2da9caf97c9ca6e65220bfcc5b82d,117,DEL,CCU,DEL-CCU,2026-09-13,2026-09-20,2026-09-12 18:48:03.083674,2026-09-12,1,0-3 days,Air India,Round trip,INR,17525.0,17525.0,,,0,140.0,,,,115.0,,,WyJDalJJYlY4dE9XSXdRek5qTmxsQlNWOTZPRUZDUnkwdExTMHRMUzB0TFhscFltVmhNVUZCUVVGQlIzRnNWVkUwUjJkb1lVOUJFZ1pCU1RFM01UUWFDd2oxaUFFUUFCb0RTVTVTT0J4d3BJOEIiLFtbIkRFTCIsIjIwMjYtMDktMTMiLCJDQ1UiLG51bGwsIkFJIiwiMTcxNCJdXV0=,SerpApi,Google Flights,2026,9,37,13,6,Sunday,September,True,18,15001-25000,9.771440771615795,False,18374.136363636364,-4.621367485422945,4,22,INR,2026-09-12 18:48:03.044802,6aa5510d408027f81b945dd0,756,2026-09-12 18:48:03.083674
67d7bc5e6e684f1ce5ecbddb574d3d3522fa96d3fb96225de9af720d66deb5df,117,DEL,CCU,DEL-CCU,2026-09-13,2026-09-20,2026-09-12 18:48:03.086071,2026-09-12,1,0-3 days,Air India,Round trip,INR,17678.0,17678.0,,,0,130.0,,,,115.0,,,WyJDalJJYlY4dE9XSXdRek5qTmxsQlNWOTZPRUZDUnkwdExTMHRMUzB0TFhscFltVmhNVUZCUVVGQlIzRnNWVkUwUjJkb1lVOUJFZ1pCU1RJM01Ea2FDd2lPaWdFUUFCb0RTVTVTT0J4d3hKQUIiLFtbIkRFTCIsIjIwMjYtMDktMTMiLCJDQ1UiLG51bGwsIkFJIiwiMjcwOSJdXV0=,SerpApi,Google Flights,2026,9,37,13,6,Sunday,September,True,18,15001-25000,9.780132773506024,False,18374.136363636364,-3.788675287150167,4,22,INR,2026-09-12 18:48:03.044802,6aa5510d408027f81b945dd0,757,2026-09-12 18:48:03.086071
aad798f9777abd3f8cc03d3ceef8edf5f87de66c7e1a8073221fbdb612ec7809,117,DEL,CCU,DEL-CCU,2026-09-13,2026-09-20,2026-09-12 18:48:03.088506,2026-09-12,1,0-3 days,IndiGo,Round trip,INR,17788.0,17788.0,,,0,140.0,,,,99.0,,,WyJDalJJYlY4dE9XSXdRek5qTmxsQlNWOTZPRUZDUnkwdExTMHRMUzB0TFhscFltVmhNVUZCUVVGQlIzRnNWVkUwUjJkb1lVOUJFZ1UyUlRNME1Cb0xDUHlLQVJBQUdnTkpUbEk0SEhDM2tRRT0iLFtbIkRFTCIsIjIwMjYtMDktMTMiLCJDQ1UiLG51bGwsIjZFIiwiMzQwIl1dXQ==,SerpApi,Google Flights,2026,9,37,13,6,Sunday,September,True,18,15001-25000,9.78633556772527,False,18374.136363636364,-3.1900076936207333,4,22,INR,2026-09-12 18:48:03.044802,6aa5510d408027f81b945dd0,758,2026-09-12 18:48:03.088506
237ea84bf6809161959d96713a073d7b71f22618dfb3e722a3c4d9dd7a212ace,117,DEL,CCU,DEL-CCU,2026-09-13,2026-09-20,2026-09-12 18:48:03.091182,2026-09-12,1,0-3 days,IndiGo,Round trip,INR,17788.0,17788.0,,,0,135.0,,,,99.0,,,WyJDalJJYlY4dE9XSXdRek5qTmxsQlNWOTZPRUZDUnkwdExTMHRMUzB0TFhscFltVmhNVUZCUVVGQlIzRnNWVkUwUjJkb1lVOUJFZ1kyUlRZMU1UY2FDd2o4aWdFUUFCb0RTVTVTT0J4d3Q1RUIiLFtbIkRFTCIsIjIwMjYtMDktMTMiLCJDQ1UiLG51bGwsIjZFIiwiNjUxNyJdXV0=,SerpApi,Google Flights,2026,9,37,13,6,Sunday,September,True,18,15001-25000,9.78633556772527,False,18374.136363636364,-3.1900076936207333,4,22,INR,2026-09-12 18:48:03.044802,6aa5510d408027f81b945dd0,759,2026-09-12 18:48:03.091182
64ecf94a9ba7ba0a11c52f697d1a178f3d4a1dec13d059982bea56bdc7541e4c,117,DEL,CCU,DEL-CCU,2026-09-13,2026-09-20,2026-09-12 18:48:03.093856,2026-09-12,1,0-3 days,Akasa Air,Round trip,INR,18239.0,18239.0,,,0,140.0,,,,97.0,,,WyJDalJJYlY4dE9XSXdRek5qTmxsQlNWOTZPRUZDUnkwdExTMHRMUzB0TFhscFltVmhNVUZCUVVGQlIzRnNWVkUwUjJkb1lVOUJFZ1pSVURFNE1ETWFDd2kvamdFUUFCb0RTVTVTT0J4d2o1VUIiLFtbIkRFTCIsIjIwMjYtMDktMTMiLCJDQ1UiLG51bGwsIlFQIiwiMTgwMyJdXV0=,SerpApi,Google Flights,2026,9,37,13,6,Sunday,September,True,18,15001-25000,9.811372263628323,False,18374.136363636364,-0.73547056015002,4,22,INR,2026-09-12 18:48:03.044802,6aa5510d408027f81b945dd0,760,2026-09-12 18:48:03.093856
5fbbe6fd5e9e71393c5911347f28d0a5feca239fca38b82a21c6199abe6f64df,117,DEL,CCU,DEL-CCU,2026-09-13,2026-09-20,2026-09-12 18:48:03.096187,2026-09-12,1,0-3 days,IndiGo,Round trip,INR,18261.0,18261.0,,,0,135.0,,,,99.0,,,WyJDalJJYlY4dE9XSXdRek5qTmxsQlNWOTZPRUZDUnkwdExTMHRMUzB0TFhscFltVmhNVUZCUVVGQlIzRnNWVkUwUjJkb1lVOUJFZ1kyUlRZME1UVWFDd2pWamdFUUFCb0RTVTVTT0J4d3BwVUIiLFtbIkRFTCIsIjIwMjYtMDktMTMiLCJDQ1UiLG51bGwsIjZFIiwiNjQxNSJdXV0=,SerpApi,Google Flights,2026,9,37,13,6,Sunday,September,True,18,15001-25000,9.812577677176286,False,18374.136363636364,-0.615737041444131,4,22,INR,2026-09-12 18:48:03.044802,6aa5510d408027f81b945dd0,761,2026-09-12 18:48:03.096187
c5982740bfcff2caccf9a73a96cbc43d0d56f0cd4240d0a5297f4b38f3380dff,117,DEL,CCU,DEL-CCU,2026-09-13,2026-09-20,2026-09-12 18:48:03.098784,2026-09-12,1,0-3 days,IndiGo,Round trip,INR,18786.0,18786.0,,,0,135.0,,,,99.0,,,WyJDalJJYlY4dE9XSXdRek5qTmxsQlNWOTZPRUZDUnkwdExTMHRMUzB0TFhscFltVmhNVUZCUVVGQlIzRnNWVkUwUjJkb1lVOUJFZ1UyUlRnNU5Cb0xDT0tTQVJBQUdnTkpUbEk0SEhETW1RRT0iLFtbIkRFTCIsIjIwMjYtMDktMTMiLCJDQ1UiLG51bGwsIjZFIiwiODk0Il1dXQ==,SerpApi,Google Flights,2026,9,37,13,6,Sunday,September,True,18,15001-25000,9.840920420267299,False,18374.136363636364,2.2415401094918463,4,22,INR,2026-09-12 18:48:03.044802,6aa5510d408027f81b945dd0,762,2026-09-12 18:48:03.098784
aacf4a216b2ca1ee9e487686f27564646b5bce1cd3450552c3c86e3d0afb1156,117,DEL,CCU,DEL-CCU,2026-09-13,2026-09-20,2026-09-12 18:48:03.103459,2026-09-12,1,0-3 days,IndiGo,Round trip,INR,18786.0,18786.0,,,0,140.0,,,,99.0,,,WyJDalJJYlY4dE9XSXdRek5qTmxsQlNWOTZPRUZDUnkwdExTMHRMUzB0TFhscFltVmhNVUZCUVVGQlIzRnNWVkUwUjJkb1lVOUJFZ1UyUlRreE1Cb0xDT0tTQVJBQUdnTkpUbEk0SEhETW1RRT0iLFtbIkRFTCIsIjIwMjYtMDktMTMiLCJDQ1UiLG51bGwsIjZFIiwiOTEwIl1dXQ==,SerpApi,Google Flights,2026,9,37,13,6,Sunday,September,True,18,15001-25000,9.840920420267299,False,18374.136363636364,2.2415401094918463,4,22,INR,2026-09-12 18:48:03.044802,6aa5510d408027f81b945dd0,764,2026-09-12 18:48:03.103459
edf606738c4fa6692d7521c21c41b99bcd7d0592d430a42f1a574c23aab45a24,117,DEL,CCU,DEL-CCU,2026-09-13,2026-09-20,2026-09-12 18:48:03.106969,2026-09-12,1,0-3 days,Air India,Round trip,INR,20182.0,20182.0,,,0,140.0,,,,115.0,,,WyJDalJJYlY4dE9XSXdRek5qTmxsQlNWOTZPRUZDUnkwdExTMHRMUzB0TFhscFltVmhNVUZCUVVGQlIzRnNWVkUwUjJkb1lVOUJFZ1pCU1RJM05qY2FDd2pXblFFUUFCb0RTVTVTT0J4d2dhVUIiLFtbIkRFTCIsIjIwMjYtMDktMTMiLCJDQ1UiLG51bGwsIkFJIiwiMjc2NyJdXV0=,SerpApi,Google Flights,2026,9,37,13,6,Sunday,September,True,18,15001-25000,9.912595944900119,False,18374.136363636364,9.839176114647309,4,22,INR,2026-09-12 18:48:03.044802,6aa5510d408027f81b945dd0,765,2026-09-12 18:48:03.106969
058a34005b5e99b40178908d40cf3d6604ad51943070ab4ecf27b2cb571276ed,117,DEL,CCU,DEL-CCU,2026-09-13,2026-09-20,2026-09-12 18:48:03.109373,2026-09-12,1,0-3 days,Air India,Round trip,INR,25868.0,25868.0,,,0,140.0,,,,115.0,,,WyJDalJJYlY4dE9XSXdRek5qTmxsQlNWOTZPRUZDUnkwdExTMHRMUzB0TFhscFltVmhNVUZCUVVGQlIzRnNWVkUwUjJkb1lVOUJFZ1pCU1RJM01ESWFDd2lNeWdFUUFCb0RTVTVTT0J4d3Y5TUIiLFtbIkRFTCIsIjIwMjYtMDktMTMiLCJDQ1UiLG51bGwsIkFJIiwiMjcwMiJdXV0=,SerpApi,Google Flights,2026,9,37,13,6,Sunday,September,True,18,25000+,10.160800619620435,True,18374.136363636364,40.78484826745103,4,22,INR,2026-09-12 18:48:03.044802,6aa5510d408027f81b945dd0,766,2026-09-12 18:48:03.109373
c2f97481e448cc52380378dc95cb0099203c8d561d676199065bd7f8da269113,117,DEL,CCU,DEL-CCU,2026-09-13,2026-09-20,2026-09-12 18:48:03.111754,2026-09-12,1,0-3 days,SpiceJet,Round trip,INR,26216.0,26216.0,,,0,140.0,,,,121.0,,,WyJDalJJYlY4dE9XSXdRek5qTmxsQlNWOTZPRUZDUnkwdExTMHRMUzB0TFhscFltVmhNVUZCUVVGQlIzRnNWVkUwUjJkb1lVOUJFZ1ZUUnprd05Sb0xDT2pNQVJBQUdnTkpUbEk0SEhDcjFnRT0iLFtbIkRFTCIsIjIwMjYtMDktMTMiLCJDQ1UiLG51bGwsIlNHIiwiOTA1Il1dXQ==,SerpApi,Google Flights,2026,9,37,13,6,Sunday,September,True,18,25000+,10.174163334295654,True,18374.136363636364,42.67881483607145,4,22,INR,2026-09-12 18:48:03.044802,6aa5510d408027f81b945dd0,767,2026-09-12 18:48:03.111754
221378b61bf5f0dfefd01f7130a095a331229f21f15ed53eb0ef1eedcde3c3e6,118,DEL,PNQ,DEL-PNQ,2026-09-13,2026-09-20,2026-09-12 18:48:07.849248,2026-09-12,1,0-3 days,Air India,Round trip,INR,13861.0,13861.0,,,0,125.0,,,,105.0,,,WyJDalJJT1hOMlZHbFRZMFJCUm10QlJUaHpUMmRDUnkwdExTMHRMUzB0TFhCcWFIY3hPRUZCUVVGQlIzRnNWVkpqUlZGMmRpMUJFZ1pCU1RFM016QWFDZ2lsYkJBQUdnTkpUbEk0SEhDcWNRPT0iLFtbIkRFTCIsIjIwMjYtMDktMTMiLCJQTlEiLG51bGwsIkFJIiwiMTczMCJdXV0=,SerpApi,Google Flights,2026,9,37,13,6,Sunday,September,True,18,10001-15000,9.53690656247793,False,16708.0,-17.039741441225765,5,22,INR,2026-09-12 18:48:07.834974,6aa55116bdfe492fbab76e5c,771,2026-09-12 18:48:07.849248
38874a3d2cd9b9aa7ee02ba86e0f9151f6bd4158d5bcc4b5cdb2b6bf2e36a0b8,118,DEL,PNQ,DEL-PNQ,2026-09-13,2026-09-20,2026-09-12 18:48:07.854138,2026-09-12,1,0-3 days,Air India,Round trip,INR,13861.0,13861.0,,,0,130.0,,,,133.0,,,WyJDalJJT1hOMlZHbFRZMFJCUm10QlJUaHpUMmRDUnkwdExTMHRMUzB0TFhCcWFIY3hPRUZCUVVGQlIzRnNWVkpqUlZGMmRpMUJFZ1pCU1RJME5qa2FDZ2lsYkJBQUdnTkpUbEk0SEhDcWNRPT0iLFtbIkRFTCIsIjIwMjYtMDktMTMiLCJQTlEiLG51bGwsIkFJIiwiMjQ2OSJdXV0=,SerpApi,Google Flights,2026,9,37,13,6,Sunday,September,True,18,10001-15000,9.53690656247793,False,16708.0,-17.039741441225765,5,22,INR,2026-09-12 18:48:07.834974,6aa55116bdfe492fbab76e5c,773,2026-09-12 18:48:07.854138
c4ebef8f8635dbd389bbda948752c6a873e1f67bc3ef2ba276285ebb37635cfd,118,DEL,PNQ,DEL-PNQ,2026-09-13,2026-09-20,2026-09-12 18:48:07.856033,2026-09-12,1,0-3 days,Air India,Round trip,INR,13861.0,13861.0,,,0,140.0,,,,105.0,,,WyJDalJJT1hOMlZHbFRZMFJCUm10QlJUaHpUMmRDUnkwdExTMHRMUzB0TFhCcWFIY3hPRUZCUVVGQlIzRnNWVkpqUlZGMmRpMUJFZ1pCU1RFM09UY2FDZ2lsYkJBQUdnTkpUbEk0SEhDcWNRPT0iLFtbIkRFTCIsIjIwMjYtMDktMTMiLCJQTlEiLG51bGwsIkFJIiwiMTc5NyJdXV0=,SerpApi,Google Flights,2026,9,37,13,6,Sunday,September,True,18,10001-15000,9.53690656247793,False,16708.0,-17.039741441225765,5,22,INR,2026-09-12 18:48:07.834974,6aa55116bdfe492fbab76e5c,774,2026-09-12 18:48:07.856033
95faed113e931c8b977f130aafe12744a399cd72953f09b6f38224c678114166,118,DEL,PNQ,DEL-PNQ,2026-09-13,2026-09-20,2026-09-12 18:48:07.860846,2026-09-12,1,0-3 days,Air India,Round trip,INR,13861.0,13861.0,,,0,135.0,,,,105.0,,,WyJDalJJT1hOMlZHbFRZMFJCUm10QlJUaHpUMmRDUnkwdExTMHRMUzB0TFhCcWFIY3hPRUZCUVVGQlIzRnNWVkpqUlZGMmRpMUJFZ1pCU1RJMk1Ea2FDZ2lsYkJBQUdnTkpUbEk0SEhDcWNRPT0iLFtbIkRFTCIsIjIwMjYtMDktMTMiLCJQTlEiLG51bGwsIkFJIiwiMjYwOSJdXV0=,SerpApi,Google Flights,2026,9,37,13,6,Sunday,September,True,18,10001-15000,9.53690656247793,False,16708.0,-17.039741441225765,5,22,INR,2026-09-12 18:48:07.834974,6aa55116bdfe492fbab76e5c,776,2026-09-12 18:48:07.860846
141eb24f473cbe605bcfdd293f59b99fa1e84d3648862abc8fb5b7acd1dd9070,118,DEL,PNQ,DEL-PNQ,2026-09-13,2026-09-20,2026-09-12 18:48:07.863008,2026-09-12,1,0-3 days,Air India,Round trip,INR,14071.0,14071.0,,,0,135.0,,,,105.0,,,WyJDalJJT1hOMlZHbFRZMFJCUm10QlJUaHpUMmRDUnkwdExTMHRMUzB0TFhCcWFIY3hPRUZCUVVGQlIzRnNWVkpqUlZGMmRpMUJFZ1pCU1RJM01URWFDZ2ozYlJBQUdnTkpUbEk0SEhDRmN3PT0iLFtbIkRFTCIsIjIwMjYtMDktMTMiLCJQTlEiLG51bGwsIkFJIiwiMjcxMSJdXV0=,SerpApi,Google Flights,2026,9,37,13,6,Sunday,September,True,18,10001-15000,9.551942286417393,False,16708.0,-15.782858510892982,5,22,INR,2026-09-12 18:48:07.834974,6aa55116bdfe492fbab76e5c,777,2026-09-12 18:48:07.863008
834ae389ab90bdba030e71480c8e0defc4dfb57aa1c435d38feed592fd61720d,118,DEL,PNQ,DEL-PNQ,2026-09-13,2026-09-20,2026-09-12 18:48:07.868129,2026-09-12,1,0-3 days,IndiGo,Round trip,INR,14268.0,14268.0,,,0,120.0,,,,91.0,,,WyJDalJJT1hOMlZHbFRZMFJCUm10QlJUaHpUMmRDUnkwdExTMHRMUzB0TFhCcWFIY3hPRUZCUVVGQlIzRnNWVkpqUlZGMmRpMUJFZ1kyUlRJeU5qSWFDZ2k4YnhBQUdnTkpUbEk0SEhEVWRBPT0iLFtbIkRFTCIsIjIwMjYtMDktMTMiLCJQTlEiLG51bGwsIjZFIiwiMjI2MiJdXV0=,SerpApi,Google Flights,2026,9,37,13,6,Sunday,September,True,18,10001-15000,9.565844630930576,False,16708.0,-14.60378261910462,5,22,INR,2026-09-12 18:48:07.834974,6aa55116bdfe492fbab76e5c,779,2026-09-12 18:48:07.868129
1a83bdd44643e6f5a4cfbc8faca463c78705378429d3473c8004899d62f5f8da,118,DEL,PNQ,DEL-PNQ,2026-09-13,2026-09-20,2026-09-12 18:48:07.869748,2026-09-12,1,0-3 days,IndiGo,Round trip,INR,14268.0,14268.0,,,0,125.0,,,,91.0,,,WyJDalJJT1hOMlZHbFRZMFJCUm10QlJUaHpUMmRDUnkwdExTMHRMUzB0TFhCcWFIY3hPRUZCUVVGQlIzRnNWVkpqUlZGMmRpMUJFZ1kyUlRJMk1UZ2FDZ2k4YnhBQUdnTkpUbEk0SEhEVWRBPT0iLFtbIkRFTCIsIjIwMjYtMDktMTMiLCJQTlEiLG51bGwsIjZFIiwiMjYxOCJdXV0=,SerpApi,Google Flights,2026,9,37,13,6,Sunday,September,True,18,10001-15000,9.565844630930576,False,16708.0,-14.60378261910462,5,22,INR,2026-09-12 18:48:07.834974,6aa55116bdfe492fbab76e5c,780,2026-09-12 18:48:07.869748
c5779045d6afdc69a24a760a825f2c6f35d015f061a41632d194b879db65ca2a,118,DEL,PNQ,DEL-PNQ,2026-09-13,2026-09-20,2026-09-12 18:48:07.873505,2026-09-12,1,0-3 days,IndiGo,Round trip,INR,14618.0,14618.0,,,0,125.0,,,,88.0,,,WyJDalJJT1hOMlZHbFRZMFJCUm10QlJUaHpUMmRDUnkwdExTMHRMUzB0TFhCcWFIY3hPRUZCUVVGQlIzRnNWVkpqUlZGMmRpMUJFZ1kyUlRZMk56TWFDZ2lhY2hBQUdnTkpUbEk0SEhEQ2R3PT0iLFtbIkRFTCIsIjIwMjYtMDktMTMiLCJQTlEiLG51bGwsIjZFIiwiNjY3MyJdXV0=,SerpApi,Google Flights,2026,9,37,13,6,Sunday,September,True,18,10001-15000,9.590077331511615,False,16708.0,-12.508977735216664,5,22,INR,2026-09-12 18:48:07.834974,6aa55116bdfe492fbab76e5c,782,2026-09-12 18:48:07.873505
7a13b35d92ac9fd03d4cb2d4bcf35cd65f2d570ae03f004dcaa739d8650e0150,118,DEL,PNQ,DEL-PNQ,2026-09-13,2026-09-20,2026-09-12 18:48:07.875626,2026-09-12,1,0-3 days,Akasa Air,Round trip,INR,14624.0,14624.0,,,0,135.0,,,,93.0,,,WyJDalJJT1hOMlZHbFRZMFJCUm10QlJUaHpUMmRDUnkwdExTMHRMUzB0TFhCcWFIY3hPRUZCUVVGQlIzRnNWVkpqUlZGMmRpMUJFZ1pSVURFNE1Ea2FDZ2lnY2hBQUdnTkpUbEk0SEhESWR3PT0iLFtbIkRFTCIsIjIwMjYtMDktMTMiLCJQTlEiLG51bGwsIlFQIiwiMTgwOSJdXV0=,SerpApi,Google Flights,2026,9,37,13,6,Sunday,September,True,18,10001-15000,9.590487672100057,False,16708.0,-12.473066794350007,5,22,INR,2026-09-12 18:48:07.834974,6aa55116bdfe492fbab76e5c,783,2026-09-12 18:48:07.875626
5ed6f43d934f079dd5178731a2cb796b9a9de79fa5276670d657afd9b5f44ff1,118,DEL,PNQ,DEL-PNQ,2026-09-13,2026-09-20,2026-09-12 18:48:07.877207,2026-09-12,1,0-3 days,Air India Express,Round trip,INR,14919.0,14919.0,,,0,165.0,,,,107.0,,,WyJDalJJT1hOMlZHbFRZMFJCUm10QlJUaHpUMmRDUnkwdExTMHRMUzB0TFhCcWFIY3hPRUZCUVVGQlIzRnNWVkpqUlZGMmRpMUJFZ1pKV0RFeU16QWFDZ2pIZEJBQUdnTkpUbEk0SEhEOWVRPT0iLFtbIkRFTCIsIjIwMjYtMDktMTMiLCJQTlEiLG51bGwsIklYIiwiMTIzMCJdXV0=,SerpApi,Google Flights,2026,9,37,13,6,Sunday,September,True,18,10001-15000,9.610457873757753,False,16708.0,-10.707445535073024,5,22,INR,2026-09-12 18:48:07.834974,6aa55116bdfe492fbab76e5c,784,2026-09-12 18:48:07.877207
7639786980599395e3632357a28284a3cd9f61b0a24597d2a94d02970c6a56bf,118,DEL,PNQ,DEL-PNQ,2026-09-13,2026-09-20,2026-09-12 18:48:07.879030,2026-09-12,1,0-3 days,Air India Express,Round trip,INR,14919.0,14919.0,,,0,135.0,,,,107.0,,,WyJDalJJT1hOMlZHbFRZMFJCUm10QlJUaHpUMmRDUnkwdExTMHRMUzB0TFhCcWFIY3hPRUZCUVVGQlIzRnNWVkpqUlZGMmRpMUJFZ1pKV0RFeU5UY2FDZ2pIZEJBQUdnTkpUbEk0SEhEOWVRPT0iLFtbIkRFTCIsIjIwMjYtMDktMTMiLCJQTlEiLG51bGwsIklYIiwiMTI1NyJdXV0=,SerpApi,Google Flights,2026,9,37,13,6,Sunday,September,True,18,10001-15000,9.610457873757753,False,16708.0,-10.707445535073024,5,22,INR,2026-09-12 18:48:07.834974,6aa55116bdfe492fbab76e5c,785,2026-09-12 18:48:07.879030
f5248a2fb34d4581ff5eea29ea47bd76314b2343843462f2d89d730678e1fae9,118,DEL,PNQ,DEL-PNQ,2026-09-13,2026-09-20,2026-09-12 18:48:07.881131,2026-09-12,1,0-3 days,IndiGo,Round trip,INR,15143.0,15143.0,,,0,125.0,,,,91.0,,,WyJDalJJT1hOMlZHbFRZMFJCUm10QlJUaHpUMmRDUnkwdExTMHRMUzB0TFhCcWFIY3hPRUZCUVVGQlIzRnNWVkpqUlZGMmRpMUJFZ1kyUlRJMk1qTWFDZ2luZGhBQUdnTkpUbEk0SEhEbmV3PT0iLFtbIkRFTCIsIjIwMjYtMDktMTMiLCJQTlEiLG51bGwsIjZFIiwiMjYyMyJdXV0=,SerpApi,Google Flights,2026,9,37,13,6,Sunday,September,True,18,15001-25000,9.625359692889159,False,16708.0,-9.366770409384728,5,22,INR,2026-09-12 18:48:07.834974,6aa55116bdfe492fbab76e5c,786,2026-09-12 18:48:07.881131
dd0216a833f5aaea0ded2d9119bc4a40b314a8172e909276ce453f536cf3c586,118,DEL,PNQ,DEL-PNQ,2026-09-13,2026-09-20,2026-09-12 18:48:07.882840,2026-09-12,1,0-3 days,IndiGo,Round trip,INR,15773.0,15773.0,,,0,125.0,,,,91.0,,,WyJDalJJT1hOMlZHbFRZMFJCUm10QlJUaHpUMmRDUnkwdExTMHRMUzB0TFhCcWFIY3hPRUZCUVVGQlIzRnNWVkpqUlZGMmRpMUJFZ1kyUlRJeE16SWFDZ2lkZXhBQUdnTkpUbEk0SEhEN2dBRT0iLFtbIkRFTCIsIjIwMjYtMDktMTMiLCJQTlEiLG51bGwsIjZFIiwiMjEzMiJdXV0=,SerpApi,Google Flights,2026,9,37,13,6,Sunday,September,True,18,15001-25000,9.666118293957936,False,16708.0,-5.596121618386407,5,22,INR,2026-09-12 18:48:07.834974,6aa55116bdfe492fbab76e5c,787,2026-09-12 18:48:07.882840
df4d84c04547a1898b399d30eedfec45fa7aff97eb2f5dddcb91aa613308adb0,118,DEL,PNQ,DEL-PNQ,2026-09-13,2026-09-20,2026-09-12 18:48:07.890817,2026-09-12,1,0-3 days,IndiGo,Round trip,INR,15773.0,15773.0,,,0,135.0,,,,91.0,,,WyJDalJJT1hOMlZHbFRZMFJCUm10QlJUaHpUMmRDUnkwdExTMHRMUzB0TFhCcWFIY3hPRUZCUVVGQlIzRnNWVkpqUlZGMmRpMUJFZ1kyUlRJME9EY2FDZ2lkZXhBQUdnTkpUbEk0SEhEN2dBRT0iLFtbIkRFTCIsIjIwMjYtMDktMTMiLCJQTlEiLG51bGwsIjZFIiwiMjQ4NyJdXV0=,SerpApi,Google Flights,2026,9,37,13,6,Sunday,September,True,18,15001-25000,9.666118293957936,False,16708.0,-5.596121618386407,5,22,INR,2026-09-12 18:48:07.834974,6aa55116bdfe492fbab76e5c,788,2026-09-12 18:48:07.890817
43b374d664afbac9a77a1db953a81945ddf318c57d034ca69e5270662a9f71de,118,DEL,PNQ,DEL-PNQ,2026-09-13,2026-09-20,2026-09-12 18:48:07.892862,2026-09-12,1,0-3 days,SpiceJet,Round trip,INR,17143.0,17143.0,,,0,150.0,,,,106.0,,,WyJDalJJT1hOMlZHbFRZMFJCUm10QlJUaHpUMmRDUnkwdExTMHRMUzB0TFhCcWFIY3hPRUZCUVVGQlIzRnNWVkpqUlZGMmRpMUJFZ1ZUUnprek9Sb0xDUGVGQVJBQUdnTkpUbEk0SEhDVWpBRT0iLFtbIkRFTCIsIjIwMjYtMDktMTMiLCJQTlEiLG51bGwsIlNHIiwiOTM5Il1dXQ==,SerpApi,Google Flights,2026,9,37,13,6,Sunday,September,True,18,15001-25000,9.749403537153412,False,16708.0,2.6035432128321823,5,22,INR,2026-09-12 18:48:07.834974,6aa55116bdfe492fbab76e5c,789,2026-09-12 18:48:07.892862
0286d0a4cd05f9182393b73ad4153a103a73a555d9201a1b3a6b42aa50681cb0,118,DEL,PNQ,DEL-PNQ,2026-09-13,2026-09-20,2026-09-12 18:48:07.894320,2026-09-12,1,0-3 days,IndiGo,Round trip,INR,17337.0,17337.0,,,0,125.0,,,,91.0,,,WyJDalJJT1hOMlZHbFRZMFJCUm10QlJUaHpUMmRDUnkwdExTMHRMUzB0TFhCcWFIY3hPRUZCUVVGQlIzRnNWVkpqUlZGMmRpMUJFZ1kyUlRZME16Y2FDd2k1aHdFUUFCb0RTVTVTT0J4dzM0MEIiLFtbIkRFTCIsIjIwMjYtMDktMTMiLCJQTlEiLG51bGwsIjZFIiwiNjQzNyJdXV0=,SerpApi,Google Flights,2026,9,37,13,6,Sunday,September,True,18,15001-25000,9.760655903428585,False,16708.0,3.7646636341872153,5,22,INR,2026-09-12 18:48:07.834974,6aa55116bdfe492fbab76e5c,790,2026-09-12 18:48:07.894320
e8b60ad5c375ce8e9bb2fb5e1751f32e1f98a3e0a6e2bf7ba0516016bc6b317d,118,DEL,PNQ,DEL-PNQ,2026-09-13,2026-09-20,2026-09-12 18:48:07.896009,2026-09-12,1,0-3 days,Akasa Air,Round trip,INR,17743.0,17743.0,,,0,135.0,,,,89.0,,,WyJDalJJT1hOMlZHbFRZMFJCUm10QlJUaHpUMmRDUnkwdExTMHRMUzB0TFhCcWFIY3hPRUZCUVVGQlIzRnNWVkpqUlZGMmRpMUJFZ1pSVURFNE56RWFDd2pQaWdFUUFCb0RTVTVTT0J4d2lKRUIiLFtbIkRFTCIsIjIwMjYtMDktMTMiLCJQTlEiLG51bGwsIlFQIiwiMTg3MSJdXV0=,SerpApi,Google Flights,2026,9,37,13,6,Sunday,September,True,18,15001-25000,9.783802709590148,False,16708.0,6.194637299497252,5,22,INR,2026-09-12 18:48:07.834974,6aa55116bdfe492fbab76e5c,791,2026-09-12 18:48:07.896009
c11e35e3058d6617c3d458efd0f56f1035880be893f39c761255b8b28c5fccd7,119,DEL,AMD,DEL-AMD,2026-09-13,2026-09-20,2026-09-12 18:48:11.899053,2026-09-12,1,0-3 days,IndiGo,Round trip,INR,11325.0,11325.0,,,0,85.0,,,,64.0,,,WyJDalJJZVRCdlVqbERjbTVXYmtGQlRFRlhWMUZDUnkwdExTMHRMUzB0TFc5NWNtRXlOa0ZCUVVGQlIzRnNWVkozUkZReFFXTkJFZ1kyUlRVeE1Ua2FDZ2k5V0JBQUdnTkpUbEk0SEhETVhBPT0iLFtbIkRFTCIsIjIwMjYtMDktMTMiLCJBTUQiLG51bGwsIjZFIiwiNTExOSJdXV0=,SerpApi,Google Flights,2026,9,37,13,6,Sunday,September,True,18,10001-15000,9.33485624667375,False,14632.25,-22.602470570144717,2,16,INR,2026-09-12 18:48:11.889998,6aa5511a6c3283cda6f87dcd,792,2026-09-12 18:48:11.899053
7ce5c821433d89b29eb45bf9b651e326149a0c26b9920dc664a1c9e868033609,119,DEL,AMD,DEL-AMD,2026-09-13,2026-09-20,2026-09-12 18:48:11.905188,2026-09-12,1,0-3 days,IndiGo,Round trip,INR,11526.0,11526.0,,,0,95.0,,,,64.0,,,WyJDalJJZVRCdlVqbERjbTVXYmtGQlRFRlhWMUZDUnkwdExTMHRMUzB0TFc5NWNtRXlOa0ZCUVVGQlIzRnNWVkozUkZReFFXTkJFZ1kyUlRJd056WWFDZ2lHV2hBQUdnTkpUbEk0SEhDZVhnPT0iLFtbIkRFTCIsIjIwMjYtMDktMTMiLCJBTUQiLG51bGwsIjZFIiwiMjA3NiJdXV0=,SerpApi,Google Flights,2026,9,37,13,6,Sunday,September,True,18,10001-15000,9.352447388601012,False,14632.25,-21.228792564369805,2,16,INR,2026-09-12 18:48:11.889998,6aa5511a6c3283cda6f87dcd,794,2026-09-12 18:48:11.905188
4d4197049fa658ffb25eff8655a2ce1c12d63659af48e14d5706d3373a8a9cb2,119,DEL,AMD,DEL-AMD,2026-09-13,2026-09-20,2026-09-12 18:48:11.907900,2026-09-12,1,0-3 days,Air India,Round trip,INR,11770.0,11770.0,,,0,100.0,,,,77.0,,,WyJDalJJZVRCdlVqbERjbTVXYmtGQlRFRlhWMUZDUnkwdExTMHRMUzB0TFc5NWNtRXlOa0ZCUVVGQlIzRnNWVkozUkZReFFXTkJFZ1pCU1RJNU5Ua2FDZ2o2V3hBQUdnTkpUbEk0SEhDZFlBPT0iLFtbIkRFTCIsIjIwMjYtMDktMTMiLCJBTUQiLG51bGwsIkFJIiwiMjk1OSJdXV0=,SerpApi,Google Flights,2026,9,37,13,6,Sunday,September,True,18,10001-15000,9.37339415841248,False,14632.25,-19.561243144424132,2,16,INR,2026-09-12 18:48:11.889998,6aa5511a6c3283cda6f87dcd,796,2026-09-12 18:48:11.907900
e3b3e8e99a580189a26e9e0ac438709188b6184e41995f8235e0fe7cefebd260,119,DEL,AMD,DEL-AMD,2026-09-13,2026-09-20,2026-09-12 18:48:11.909451,2026-09-12,1,0-3 days,Air India,Round trip,INR,12831.0,12831.0,,,0,100.0,,,,101.0,,,WyJDalJJZVRCdlVqbERjbTVXYmtGQlRFRlhWMUZDUnkwdExTMHRMUzB0TFc5NWNtRXlOa0ZCUVVGQlIzRnNWVkozUkZReFFXTkJFZ1ZCU1RnNE1Sb0tDSjlrRUFBYUEwbE9VamdjY1BSbyIsW1siREVMIiwiMjAyNi0wOS0xMyIsIkFNRCIsbnVsbCwiQUkiLCI4ODEiXV1d,SerpApi,Google Flights,2026,9,37,13,6,Sunday,September,True,18,10001-15000,9.459697330106296,False,14632.25,-12.310136855234155,2,16,INR,2026-09-12 18:48:11.889998,6aa5511a6c3283cda6f87dcd,797,2026-09-12 18:48:11.909451
1056af638e83d6a330ba6e30d3839aebe4648331bb42805fe7b701fd57e9cb62,119,DEL,AMD,DEL-AMD,2026-09-13,2026-09-20,2026-09-12 18:48:11.911168,2026-09-12,1,0-3 days,Air India,Round trip,INR,14038.0,14038.0,,,0,100.0,,,,77.0,,,WyJDalJJZVRCdlVqbERjbTVXYmtGQlRFRlhWMUZDUnkwdExTMHRMUzB0TFc5NWNtRXlOa0ZCUVVGQlIzRnNWVkozUkZReFFXTkJFZ1pCU1RJM01UVWFDZ2pXYlJBQUdnTkpUbEk0SEhEamNnPT0iLFtbIkRFTCIsIjIwMjYtMDktMTMiLCJBTUQiLG51bGwsIkFJIiwiMjcxNSJdXV0=,SerpApi,Google Flights,2026,9,37,13,6,Sunday,September,True,18,10001-15000,9.549594449971952,False,14632.25,-4.061234601650465,2,16,INR,2026-09-12 18:48:11.889998,6aa5511a6c3283cda6f87dcd,798,2026-09-12 18:48:11.911168
0406d1c340af7eb538fc1cfaeac1c29302553dd5de5cf6201b493a155a2209e1,119,DEL,AMD,DEL-AMD,2026-09-13,2026-09-20,2026-09-12 18:48:11.912873,2026-09-12,1,0-3 days,IndiGo,Round trip,INR,14051.0,14051.0,,,0,95.0,,,,64.0,,,WyJDalJJZVRCdlVqbERjbTVXYmtGQlRFRlhWMUZDUnkwdExTMHRMUzB0TFc5NWNtRXlOa0ZCUVVGQlIzRnNWVkozUkZReFFXTkJFZ1kyUlRJek16RWFDZ2pqYlJBQUdnTkpUbEk0SEhEeGNnPT0iLFtbIkRFTCIsIjIwMjYtMDktMTMiLCJBTUQiLG51bGwsIjZFIiwiMjMzMSJdXV0=,SerpApi,Google Flights,2026,9,37,13,6,Sunday,September,True,18,10001-15000,9.550520013385718,False,14632.25,-3.972389755505823,2,16,INR,2026-09-12 18:48:11.889998,6aa5511a6c3283cda6f87dcd,799,2026-09-12 18:48:11.912873
69e2523dc971a5c4571db1e821d04775f2efe383ea4b5478821e817d7f613377,119,DEL,AMD,DEL-AMD,2026-09-13,2026-09-20,2026-09-12 18:48:11.916201,2026-09-12,1,0-3 days,IndiGo,Round trip,INR,15101.0,15101.0,,,0,90.0,,,,64.0,,,WyJDalJJZVRCdlVqbERjbTVXYmtGQlRFRlhWMUZDUnkwdExTMHRMUzB0TFc5NWNtRXlOa0ZCUVVGQlIzRnNWVkozUkZReFFXTkJFZ1kyUlRVd056TWFDZ2o5ZFJBQUdnTkpUbEk0SEhDN2V3PT0iLFtbIkRFTCIsIjIwMjYtMDktMTMiLCJBTUQiLG51bGwsIjZFIiwiNTA3MyJdXV0=,SerpApi,Google Flights,2026,9,37,13,6,Sunday,September,True,18,15001-25000,9.62258246436337,False,14632.25,3.203540125407911,2,16,INR,2026-09-12 18:48:11.889998,6aa5511a6c3283cda6f87dcd,801,2026-09-12 18:48:11.916201
d41ec3dd7bc00e3e207b2218ee7572639fc8d397d1d72c0172bda0d7b4a0c013,119,DEL,AMD,DEL-AMD,2026-09-13,2026-09-20,2026-09-12 18:48:11.918408,2026-09-12,1,0-3 days,IndiGo,Round trip,INR,15101.0,15101.0,,,0,95.0,,,,64.0,,,WyJDalJJZVRCdlVqbERjbTVXYmtGQlRFRlhWMUZDUnkwdExTMHRMUzB0TFc5NWNtRXlOa0ZCUVVGQlIzRnNWVkozUkZReFFXTkJFZ1kyUlRJd01UTWFDZ2o5ZFJBQUdnTkpUbEk0SEhDN2V3PT0iLFtbIkRFTCIsIjIwMjYtMDktMTMiLCJBTUQiLG51bGwsIjZFIiwiMjAxMyJdXV0=,SerpApi,Google Flights,2026,9,37,13,6,Sunday,September,True,18,15001-25000,9.62258246436337,False,14632.25,3.203540125407911,2,16,INR,2026-09-12 18:48:11.889998,6aa5511a6c3283cda6f87dcd,803,2026-09-12 18:48:11.918408
46d7ada118854a724ce1d20313594c852412303438cd9bcda66fa88d7fd6cdce,119,DEL,AMD,DEL-AMD,2026-09-13,2026-09-20,2026-09-12 18:48:11.919218,2026-09-12,1,0-3 days,Air India,Round trip,INR,15267.0,15267.0,,,0,100.0,,,,101.0,,,WyJDalJJZVRCdlVqbERjbTVXYmtGQlRFRlhWMUZDUnkwdExTMHRMUzB0TFc5NWNtRXlOa0ZCUVVGQlIzRnNWVkozUkZReFFXTkJFZ1ZCU1Rnd09Sb0tDS04zRUFBYUEwbE9VamdjY09sOCIsW1siREVMIiwiMjAyNi0wOS0xMyIsIkFNRCIsbnVsbCwiQUkiLCI4MDkiXV1d,SerpApi,Google Flights,2026,9,37,13,6,Sunday,September,True,18,15001-25000,9.63351441386512,False,14632.25,4.338020468485704,2,16,INR,2026-09-12 18:48:11.889998,6aa5511a6c3283cda6f87dcd,804,2026-09-12 18:48:11.919218
75c0ed9d7a7bdf293e4550a2e707d7b52ef521f03e92431ed9d076a161a7d2e1,119,DEL,AMD,DEL-AMD,2026-09-13,2026-09-20,2026-09-12 18:48:11.920581,2026-09-12,1,0-3 days,Air India,Round trip,INR,16926.0,16926.0,,,0,95.0,,,,101.0,,,WyJDalJJZVRCdlVqbERjbTVXYmtGQlRFRlhWMUZDUnkwdExTMHRMUzB0TFc5NWNtRXlOa0ZCUVVGQlIzRnNWVkozUkZReFFXTkJFZ1pCU1RJNU16a2FDd2llaEFFUUFCb0RTVTVTT0J4d3NZb0IiLFtbIkRFTCIsIjIwMjYtMDktMTMiLCJBTUQiLG51bGwsIkFJIiwiMjkzOSJdXV0=,SerpApi,Google Flights,2026,9,37,13,6,Sunday,September,True,18,15001-25000,9.736665259189097,False,14632.25,15.675989680329415,2,16,INR,2026-09-12 18:48:11.889998,6aa5511a6c3283cda6f87dcd,805,2026-09-12 18:48:11.920581
3e9d5edfc0d09c86a550294f357800c2dbc2e25a136321218e1204c2448bf5be,119,DEL,AMD,DEL-AMD,2026-09-13,2026-09-20,2026-09-12 18:48:11.921929,2026-09-12,1,0-3 days,Air India,Round trip,INR,17419.0,17419.0,,,0,90.0,,,,101.0,,,WyJDalJJZVRCdlVqbERjbTVXYmtGQlRFRlhWMUZDUnkwdExTMHRMUzB0TFc5NWNtRXlOa0ZCUVVGQlIzRnNWVkozUkZReFFXTkJFZ1ZCU1RVek1Sb0xDSXVJQVJBQUdnTkpUbEk0SEhDMWpnRT0iLFtbIkRFTCIsIjIwMjYtMDktMTMiLCJBTUQiLG51bGwsIkFJIiwiNTMxIl1dXQ==,SerpApi,Google Flights,2026,9,37,13,6,Sunday,September,True,18,15001-25000,9.765374250406493,False,14632.25,19.045259614891762,2,16,INR,2026-09-12 18:48:11.889998,6aa5511a6c3283cda6f87dcd,806,2026-09-12 18:48:11.921929
8afffebe2d83be6925ffa301b96c4cf4244ee9a23a7f3af443ff75146611aa05,119,DEL,AMD,DEL-AMD,2026-09-13,2026-09-20,2026-09-12 18:48:11.923452,2026-09-12,1,0-3 days,Air India,Round trip,INR,17419.0,17419.0,,,0,100.0,,,,77.0,,,WyJDalJJZVRCdlVqbERjbTVXYmtGQlRFRlhWMUZDUnkwdExTMHRMUzB0TFc5NWNtRXlOa0ZCUVVGQlIzRnNWVkozUkZReFFXTkJFZ1pCU1RJMU5EVWFDd2lMaUFFUUFCb0RTVTVTT0J4d3RZNEIiLFtbIkRFTCIsIjIwMjYtMDktMTMiLCJBTUQiLG51bGwsIkFJIiwiMjU0NSJdXV0=,SerpApi,Google Flights,2026,9,37,13,6,Sunday,September,True,18,15001-25000,9.765374250406493,False,14632.25,19.045259614891762,2,16,INR,2026-09-12 18:48:11.889998,6aa5511a6c3283cda6f87dcd,807,2026-09-12 18:48:11.923452
2e46b22cbe32fc3f8ec3dfc4c123549581b4ed400c8da4e20acaf7116a8ce08c,119,DEL,AMD,DEL-AMD,2026-09-13,2026-09-20,2026-09-12 18:48:11.924762,2026-09-12,1,0-3 days,Air India,Round trip,INR,22281.0,22281.0,,,0,105.0,,,,77.0,,,WyJDalJJZVRCdlVqbERjbTVXYmtGQlRFRlhWMUZDUnkwdExTMHRMUzB0TFc5NWNtRXlOa0ZCUVVGQlIzRnNWVkozUkZReFFXTkJFZ1pCU1RJNU1Ea2FDd2lKcmdFUUFCb0RTVTVTT0J4d2xiWUIiLFtbIkRFTCIsIjIwMjYtMDktMTMiLCJBTUQiLG51bGwsIkFJIiwiMjkwOSJdXV0=,SerpApi,Google Flights,2026,9,37,13,6,Sunday,September,True,18,15001-25000,10.011534456619263,True,14632.25,52.27323207298946,2,16,INR,2026-09-12 18:48:11.889998,6aa5511a6c3283cda6f87dcd,808,2026-09-12 18:48:11.924762
e0176b45bb65f67ced6271fd293aedc18070ec719a2d49259efe1602656d6e64,120,DEL,COK,DEL-COK,2026-09-13,2026-09-20,2026-09-12 18:48:20.504092,2026-09-12,1,0-3 days,Air India,Round trip,INR,24276.0,24276.0,,,0,190.0,,,,165.0,,,WyJDalJJZFhWRFN6SlpObUk1TWxGQlIxTlVNbWRDUnkwdExTMHRMUzB0TFhscGNtc3hOVUZCUVVGQlIzRnNWVkk0UkZWSlV6QkJFZ1pCU1RJNE9ETWFDd2pVdlFFUUFCb0RTVTVTT0J4d3ZjWUIiLFtbIkRFTCIsIjIwMjYtMDktMTMiLCJDT0siLG51bGwsIkFJIiwiMjg4MyJdXV0=,SerpApi,Google Flights,2026,9,37,13,6,Sunday,September,True,18,15001-25000,10.097284679055107,False,27641.266666666666,-12.174791796806229,5,15,INR,2026-09-12 18:48:20.497912,6aa5511e532a179da9b275c0,811,2026-09-12 18:48:20.504092
fc21b26fd825aff1161c7248d71be34d0b30b4fe992b7fdbecad0f00a7f2e88c,120,DEL,COK,DEL-COK,2026-09-13,2026-09-20,2026-09-12 18:48:20.506745,2026-09-12,1,0-3 days,Air India Express,Round trip,INR,25682.0,25682.0,,,0,190.0,,,,184.0,,,WyJDalJJZFhWRFN6SlpObUk1TWxGQlIxTlVNbWRDUnkwdExTMHRMUzB0TFhscGNtc3hOVUZCUVVGQlIzRnNWVkk0UkZWSlV6QkJFZ1pKV0RFNE1USWFDd2pTeUFFUUFCb0RTVTVTT0J4dy9kRUIiLFtbIkRFTCIsIjIwMjYtMDktMTMiLCJDT0siLG51bGwsIklYIiwiMTgxMiJdXV0=,SerpApi,Google Flights,2026,9,37,13,6,Sunday,September,True,18,25000+,10.153584573410596,False,27641.266666666666,-7.088194221683041,5,15,INR,2026-09-12 18:48:20.497912,6aa5511e532a179da9b275c0,812,2026-09-12 18:48:20.506745
158e269ffd08d9448dcb929e408d165a616f0fedb4dde8f61c31cc8033e70b74,120,DEL,COK,DEL-COK,2026-09-13,2026-09-20,2026-09-12 18:48:20.509762,2026-09-12,1,0-3 days,IndiGo,Round trip,INR,23804.0,23804.0,,,0,190.0,,,,147.0,,,WyJDalJJZFhWRFN6SlpObUk1TWxGQlIxTlVNbWRDUnkwdExTMHRMUzB0TFhscGNtc3hOVUZCUVVGQlIzRnNWVkk0UkZWSlV6QkJFZ1UyUlRjMU5Cb0xDUHk1QVJBQUdnTkpUbEk0SEhEUHdnRT0iLFtbIkRFTCIsIjIwMjYtMDktMTMiLCJDT0siLG51bGwsIjZFIiwiNzU0Il1dXQ==,SerpApi,Google Flights,2026,9,37,13,6,Sunday,September,True,18,15001-25000,10.077650921628619,False,27641.266666666666,-13.88238358589452,5,15,INR,2026-09-12 18:48:20.497912,6aa5511e532a179da9b275c0,813,2026-09-12 18:48:20.509762
35e0cd92f3425e4ec243127a487b5ad2e006065bc1b06ab2d4e5a2e1d726c32e,120,DEL,COK,DEL-COK,2026-09-13,2026-09-20,2026-09-12 18:48:20.512013,2026-09-12,1,0-3 days,Air India,Round trip,INR,24276.0,24276.0,,,0,195.0,,,,165.0,,,WyJDalJJZFhWRFN6SlpObUk1TWxGQlIxTlVNbWRDUnkwdExTMHRMUzB0TFhscGNtc3hOVUZCUVVGQlIzRnNWVkk0UkZWSlV6QkJFZ1pCU1RFM016Z2FDd2pVdlFFUUFCb0RTVTVTT0J4d3ZjWUIiLFtbIkRFTCIsIjIwMjYtMDktMTMiLCJDT0siLG51bGwsIkFJIiwiMTczOCJdXV0=,SerpApi,Google Flights,2026,9,37,13,6,Sunday,September,True,18,15001-25000,10.097284679055107,False,27641.266666666666,-12.174791796806229,5,15,INR,2026-09-12 18:48:20.497912,6aa5511e532a179da9b275c0,814,2026-09-12 18:48:20.512013
bc3f13c90e39eb8dcecdf789071ab9e1523089ec8f88868fafb2765e69a8272b,120,DEL,COK,DEL-COK,2026-09-13,2026-09-20,2026-09-12 18:48:20.514900,2026-09-12,1,0-3 days,Air India Express,Round trip,INR,24380.0,24380.0,,,0,190.0,,,,184.0,,,WyJDalJJZFhWRFN6SlpObUk1TWxGQlIxTlVNbWRDUnkwdExTMHRMUzB0TFhscGNtc3hOVUZCUVVGQlIzRnNWVkk0UkZWSlV6QkJFZ1pKV0RFNE1UVWFDd2k4dmdFUUFCb0RTVTVTT0J4d3FzY0IiLFtbIkRFTCIsIjIwMjYtMDktMTMiLCJDT0siLG51bGwsIklYIiwiMTgxNSJdXV0=,SerpApi,Google Flights,2026,9,37,13,6,Sunday,September,True,18,15001-25000,10.101559419421314,False,27641.266666666666,-11.798542758532527,5,15,INR,2026-09-12 18:48:20.497912,6aa5511e532a179da9b275c0,815,2026-09-12 18:48:20.514900
b1b2cade7adab4b19511f50bccf9ef72a679649a0debfe220fd7ca8692e5f525,120,DEL,COK,DEL-COK,2026-09-13,2026-09-20,2026-09-12 18:48:20.517344,2026-09-12,1,0-3 days,Air India,Round trip,INR,25950.0,25950.0,,,0,205.0,,,,165.0,,,WyJDalJJZFhWRFN6SlpObUk1TWxGQlIxTlVNbWRDUnkwdExTMHRMUzB0TFhscGNtc3hOVUZCUVVGQlIzRnNWVkk0UkZWSlV6QkJFZ1pCU1RJME5UZ2FDd2pleWdFUUFCb0RTVTVTT0J4d2xkUUIiLFtbIkRFTCIsIjIwMjYtMDktMTMiLCJDT0siLG51bGwsIkFJIiwiMjQ1OCJdXV0=,SerpApi,Google Flights,2026,9,37,13,6,Sunday,September,True,18,25000+,10.163965423497029,False,27641.266666666666,-6.118629392285446,5,15,INR,2026-09-12 18:48:20.497912,6aa5511e532a179da9b275c0,816,2026-09-12 18:48:20.517344
e904366ff7dbeb4f60c1ad9ca8f2de60ddc917a820ac1aab5192f15954be19aa,120,DEL,COK,DEL-COK,2026-09-13,2026-09-20,2026-09-12 18:48:20.521428,2026-09-12,1,0-3 days,Air India Express,Round trip,INR,26219.0,26219.0,,,1,305.0,,,,217.0,,,WyJDalJJZFhWRFN6SlpObUk1TWxGQlIxTlVNbWRDUnkwdExTMHRMUzB0TFhscGNtc3hOVUZCUVVGQlIzRnNWVkk0UkZWSlV6QkJFZzFKV0RFeU5UZDhTVmd5TnpNNUdnc0k2OHdCRUFBYUEwbE9VamdjY0s3V0FRPT0iLFtbIkRFTCIsIjIwMjYtMDktMTMiLCJQTlEiLG51bGwsIklYIiwiMTI1NyJdLFsiUE5RIiwiMjAyNi0wOS0xNCIsIkNPSyIsbnVsbCwiSVgiLCIyNzM5Il1dXQ==,SerpApi,Google Flights,2026,9,37,13,6,Sunday,September,True,18,25000+,10.174277757317691,False,27641.266666666666,-5.145446783673691,5,15,INR,2026-09-12 18:48:20.497912,6aa5511e532a179da9b275c0,817,2026-09-12 18:48:20.521428
7fccd8c4d528e171d06d812f923c269e0aaea5279673ab7e304f54212c6f85e9,120,DEL,COK,DEL-COK,2026-09-13,2026-09-20,2026-09-12 18:48:20.524572,2026-09-12,1,0-3 days,Air India,Round trip,INR,28391.0,28391.0,,,0,195.0,,,,165.0,,,WyJDalJJZFhWRFN6SlpObUk1TWxGQlIxTlVNbWRDUnkwdExTMHRMUzB0TFhscGNtc3hOVUZCUVVGQlIzRnNWVkk0UkZWSlV6QkJFZ1pCU1RJME56TWFDd2puM1FFUUFCb0RTVTVTT0J4d2tPZ0IiLFtbIkRFTCIsIjIwMjYtMDktMTMiLCJDT0siLG51bGwsIkFJIiwiMjQ3MyJdXV0=,SerpApi,Google Flights,2026,9,37,13,6,Sunday,September,True,18,25000+,10.253862694326333,False,27641.266666666666,2.7123696695038113,5,15,INR,2026-09-12 18:48:20.497912,6aa5511e532a179da9b275c0,818,2026-09-12 18:48:20.524572
08228e90ac0acdff481afc531b21125d39d53d211d09874e907e74763333e431,121,DEL,GOI,DEL-GOI,2026-09-13,2026-09-20,2026-09-12 18:48:25.072063,2026-09-12,1,0-3 days,IndiGo,Round trip,INR,18569.0,18569.0,,,0,150.0,,,,110.0,,,WyJDalJJU0VaYWJGWkZlWFU1ZFdOQlNFazJXVUZDUnkwdExTMHRMUzB0TFMxMmRISnJNVUZCUVVGQlIzRnNWVk5uU21kaFR6UkJFZ1kyUlRVek5ERWFDd2lKa1FFUUFCb0RTVTVTT0J4dzZaY0IiLFtbIkRFTCIsIjIwMjYtMDktMTMiLCJHT0kiLG51bGwsIjZFIiwiNTM0MSJdXV0=,SerpApi,Google Flights,2026,9,37,13,6,Sunday,September,True,18,15001-25000,9.829302654346751,False,26690.222222222223,-30.427705526784678,4,18,INR,2026-09-12 18:48:25.066594,6aa55127a7d7845e11981019,819,2026-09-12 18:48:25.072063
a64e7d6384192333f007a4a8ea8484d626f7418bfd33ad08feb8cad36358d741,121,DEL,GOI,DEL-GOI,2026-09-13,2026-09-20,2026-09-12 18:48:25.075444,2026-09-12,1,0-3 days,Air India Express,Round trip,INR,19341.0,19341.0,,,0,145.0,,,,146.0,,,WyJDalJJU0VaYWJGWkZlWFU1ZFdOQlNFazJXVUZDUnkwdExTMHRMUzB0TFMxMmRISnJNVUZCUVVGQlIzRnNWVk5uU21kaFR6UkJFZ1pKV0RFeE1EZ2FDd2lObHdFUUFCb0RTVTVTT0J4d2taNEIiLFtbIkRFTCIsIjIwMjYtMDktMTMiLCJHT0kiLG51bGwsIklYIiwiMTEwOCJdXV0=,SerpApi,Google Flights,2026,9,37,13,6,Sunday,September,True,18,15001-25000,9.870034176276908,False,26690.222222222223,-27.535260519874114,4,18,INR,2026-09-12 18:48:25.066594,6aa55127a7d7845e11981019,820,2026-09-12 18:48:25.075444
4739cf01a55038125a9fc3e09924ec3d437411e68f662029edc72bc3096553d3,121,DEL,GOI,DEL-GOI,2026-09-13,2026-09-20,2026-09-12 18:48:25.078036,2026-09-12,1,0-3 days,Air India,Round trip,INR,20506.0,20506.0,,,0,150.0,,,,130.0,,,WyJDalJJU0VaYWJGWkZlWFU1ZFdOQlNFazJXVUZDUnkwdExTMHRMUzB0TFMxMmRISnJNVUZCUVVGQlIzRnNWVk5uU21kaFR6UkJFZ1ZCU1RRNE54b0xDSnFnQVJBQUdnTkpUbEk0SEhEVXB3RT0iLFtbIkRFTCIsIjIwMjYtMDktMTMiLCJHT0kiLG51bGwsIkFJIiwiNDg3Il1dXQ==,SerpApi,Google Flights,2026,9,37,13,6,Sunday,September,True,18,15001-25000,9.92852157025577,False,26690.222222222223,-23.170366176544054,4,18,INR,2026-09-12 18:48:25.066594,6aa55127a7d7845e11981019,821,2026-09-12 18:48:25.078036
01db9a952b87847bd463237d34bb036304ad8dce6e6b175309e44b6f22ad2ac3,121,DEL,GOI,DEL-GOI,2026-09-13,2026-09-20,2026-09-12 18:48:25.080735,2026-09-12,1,0-3 days,Air India Express,Round trip,INR,20039.0,20039.0,,,0,155.0,,,,132.0,,,WyJDalJJU0VaYWJGWkZlWFU1ZFdOQlNFazJXVUZDUnkwdExTMHRMUzB0TFMxMmRISnJNVUZCUVVGQlIzRnNWVk5uU21kaFR6UkJFZ1pKV0RFd05qZ2FDd2pIbkFFUUFCb0RTVTVTT0J4dzY2TUIiLFtbIkRFTCIsIjIwMjYtMDktMTMiLCJHT0kiLG51bGwsIklYIiwiMTA2OCJdXV0=,SerpApi,Google Flights,2026,9,37,13,6,Sunday,September,True,18,15001-25000,9.905485555198801,False,26690.222222222223,-24.92007060429954,4,18,INR,2026-09-12 18:48:25.066594,6aa55127a7d7845e11981019,822,2026-09-12 18:48:25.080735
f5221ba6faf2e2b7ca982f09ea280719d9958952c3484c1623d3bc8308a0bfe4,121,DEL,GOI,DEL-GOI,2026-09-13,2026-09-20,2026-09-12 18:48:25.083247,2026-09-12,1,0-3 days,IndiGo,Round trip,INR,20039.0,20039.0,,,0,145.0,,,,110.0,,,WyJDalJJU0VaYWJGWkZlWFU1ZFdOQlNFazJXVUZDUnkwdExTMHRMUzB0TFMxMmRISnJNVUZCUVVGQlIzRnNWVk5uU21kaFR6UkJFZ1UyUlRNMU9Cb0xDTWVjQVJBQUdnTkpUbEk0SEhEcm93RT0iLFtbIkRFTCIsIjIwMjYtMDktMTMiLCJHT0kiLG51bGwsIjZFIiwiMzU4Il1dXQ==,SerpApi,Google Flights,2026,9,37,13,6,Sunday,September,True,18,15001-25000,9.905485555198801,False,26690.222222222223,-24.92007060429954,4,18,INR,2026-09-12 18:48:25.066594,6aa55127a7d7845e11981019,823,2026-09-12 18:48:25.083247
527a09b5a71ac7ed95f66e372e923d3dcdd2bac24667f4d61095683a8341bdc5,121,DEL,GOI,DEL-GOI,2026-09-13,2026-09-20,2026-09-12 18:48:25.085735,2026-09-12,1,0-3 days,IndiGo,Round trip,INR,20459.0,20459.0,,,0,150.0,,,,110.0,,,WyJDalJJU0VaYWJGWkZlWFU1ZFdOQlNFazJXVUZDUnkwdExTMHRMUzB0TFMxMmRISnJNVUZCUVVGQlIzRnNWVk5uU21kaFR6UkJFZ1kyUlRJeU16VWFDd2pybndFUUFCb0RTVTVTT0J4d282Y0IiLFtbIkRFTCIsIjIwMjYtMDktMTMiLCJHT0kiLG51bGwsIjZFIiwiMjIzNSJdXV0=,SerpApi,Google Flights,2026,9,37,13,6,Sunday,September,True,18,15001-25000,9.926227039505617,False,26690.222222222223,-23.346460626446643,4,18,INR,2026-09-12 18:48:25.066594,6aa55127a7d7845e11981019,824,2026-09-12 18:48:25.085735
ea3a7cd2310942ad439e3028a5d47aec350863cd0e148f1ab5bfeb9325c9865d,121,DEL,GOI,DEL-GOI,2026-09-13,2026-09-20,2026-09-12 18:48:25.088168,2026-09-12,1,0-3 days,IndiGo,Round trip,INR,20879.0,20879.0,,,0,150.0,,,,110.0,,,WyJDalJJU0VaYWJGWkZlWFU1ZFdOQlNFazJXVUZDUnkwdExTMHRMUzB0TFMxMmRISnJNVUZCUVVGQlIzRnNWVk5uU21kaFR6UkJFZ1kyUlRJeU56Y2FDd2lQb3dFUUFCb0RTVTVTT0J4dzJxb0IiLFtbIkRFTCIsIjIwMjYtMDktMTMiLCJHT0kiLG51bGwsIjZFIiwiMjI3NyJdXV0=,SerpApi,Google Flights,2026,9,37,13,6,Sunday,September,True,18,15001-25000,9.946547041996576,False,26690.222222222223,-21.772850648593746,4,18,INR,2026-09-12 18:48:25.066594,6aa55127a7d7845e11981019,825,2026-09-12 18:48:25.088168
fc47a6820a9ee9e6522232d8ec02f2ba524a953f53db3abdcea826e915fdb666,121,DEL,GOI,DEL-GOI,2026-09-13,2026-09-20,2026-09-12 18:48:25.090809,2026-09-12,1,0-3 days,IndiGo,Round trip,INR,21503.0,21503.0,,,1,375.0,,,,135.0,,,WyJDalJJU0VaYWJGWkZlWFU1ZFdOQlNFazJXVUZDUnkwdExTMHRMUzB0TFMxMmRISnJNVUZCUVVGQlIzRnNWVk5uU21kaFR6UkJFZ3cyUlRJek5ERjhOa1U1T1RJYUN3ai9wd0VRQUJvRFNVNVNPQnh3NTY4QiIsW1siREVMIiwiMjAyNi0wOS0xMyIsIkFNRCIsbnVsbCwiNkUiLCIyMzQxIl0sWyJBTUQiLCIyMDI2LTA5LTEzIiwiR09JIixudWxsLCI2RSIsIjk5MiJdXV0=,SerpApi,Google Flights,2026,9,37,13,6,Sunday,September,True,18,15001-25000,9.975994243322877,False,26690.222222222223,-19.43491582435516,4,18,INR,2026-09-12 18:48:25.066594,6aa55127a7d7845e11981019,826,2026-09-12 18:48:25.090809
8a6d1c25ef924cb6f7d7a34a3fc4b90e9e38904213a87e836eddb0628b23d49d,121,DEL,GOI,DEL-GOI,2026-09-13,2026-09-20,2026-09-12 18:48:25.094403,2026-09-12,1,0-3 days,Air India,Round trip,INR,24275.0,24275.0,,,0,165.0,,,,130.0,,,WyJDalJJU0VaYWJGWkZlWFU1ZFdOQlNFazJXVUZDUnkwdExTMHRMUzB0TFMxMmRISnJNVUZCUVVGQlIzRnNWVk5uU21kaFR6UkJFZ1pCU1RJMk1qY2FDd2pUdlFFUUFCb0RTVTVTT0J4d3ZNWUIiLFtbIkRFTCIsIjIwMjYtMDktMTMiLCJHT0kiLG51bGwsIkFJIiwiMjYyNyJdXV0=,SerpApi,Google Flights,2026,9,37,13,6,Sunday,September,True,18,15001-25000,10.097243486955746,False,26690.222222222223,-9.049089970526037,4,18,INR,2026-09-12 18:48:25.066594,6aa55127a7d7845e11981019,827,2026-09-12 18:48:25.094403
1fc07dba1e76ff8f811bf26a32b3b397e1b01ace2a74e970961a2c60da490ad2,122,BOM,BLR,BOM-BLR,2026-09-13,2026-09-20,2026-09-12 18:48:30.221764,2026-09-12,1,0-3 days,Air India,Round trip,INR,10477.0,10477.0,,,0,125.0,,,,84.0,,,WyJDalJJVlVSYWVHNTVja1JuUmxsQlJWVmlTV2RDUnkwdExTMHRMUzB0TFhCbVltbHRORUZCUVVGQlIzRnNWVk0wUWtKbFVIbEJFZ1pCU1RJNE5UY2FDZ2p0VVJBQUdnTkpUbEk0SEhEVVZRPT0iLFtbIkJPTSIsIjIwMjYtMDktMTMiLCJCTFIiLG51bGwsIkFJIiwiMjg1NyJdXV0=,SerpApi,Google Flights,2026,9,37,13,6,Sunday,September,True,18,10001-15000,9.257033099968165,True,14019.636363636364,-25.2691030762048,3,33,INR,2026-09-12 18:48:30.217029,6aa5512d3ee4c2fcc01e80d2,828,2026-09-12 18:48:30.221764
56df559da75e189157c0ba29a4ec5fac98dd66661f1545b0fd98c84f4159ec0f,122,BOM,BLR,BOM-BLR,2026-09-13,2026-09-20,2026-09-12 18:48:30.224631,2026-09-12,1,0-3 days,Air India,Round trip,INR,10477.0,10477.0,,,0,120.0,,,,110.0,,,WyJDalJJVlVSYWVHNTVja1JuUmxsQlJWVmlTV2RDUnkwdExTMHRMUzB0TFhCbVltbHRORUZCUVVGQlIzRnNWVk0wUWtKbFVIbEJFZ1pCU1RNek1EVWFDZ2p0VVJBQUdnTkpUbEk0SEhEVVZRPT0iLFtbIkJPTSIsIjIwMjYtMDktMTMiLCJCTFIiLG51bGwsIkFJIiwiMzMwNSJdXV0=,SerpApi,Google Flights,2026,9,37,13,6,Sunday,September,True,18,10001-15000,9.257033099968165,True,14019.636363636364,-25.2691030762048,3,33,INR,2026-09-12 18:48:30.217029,6aa5512d3ee4c2fcc01e80d2,829,2026-09-12 18:48:30.224631
922b3770b1091b8994be89a6b4e62c4eaf739303cd821128fa446560cacb423f,122,BOM,BLR,BOM-BLR,2026-09-13,2026-09-20,2026-09-12 18:48:30.227220,2026-09-12,1,0-3 days,IndiGo,Round trip,INR,12486.0,12486.0,,,0,110.0,,,,72.0,,,WyJDalJJVlVSYWVHNTVja1JuUmxsQlJWVmlTV2RDUnkwdExTMHRMUzB0TFhCbVltbHRORUZCUVVGQlIzRnNWVk0wUWtKbFVIbEJFZ1kyUlRVd016SWFDZ2pHWVJBQUdnTkpUbEk0SEhDTFpnPT0iLFtbIkJPTSIsIjIwMjYtMDktMTMiLCJCTFIiLG51bGwsIjZFIiwiNTAzMiJdXV0=,SerpApi,Google Flights,2026,9,37,13,6,Sunday,September,True,18,10001-15000,9.432443382115146,False,14019.636363636364,-10.93920215801214,3,33,INR,2026-09-12 18:48:30.217029,6aa5512d3ee4c2fcc01e80d2,830,2026-09-12 18:48:30.227220
d8e7d06a7cbd1ced1c3739744c4fa477658f9300a270e3c2ed4575f5c9960a23,122,BOM,BLR,BOM-BLR,2026-09-13,2026-09-20,2026-09-12 18:48:30.230610,2026-09-12,1,0-3 days,Akasa Air,Round trip,INR,12793.0,12793.0,,,0,115.0,,,,74.0,,,WyJDalJJVlVSYWVHNTVja1JuUmxsQlJWVmlTV2RDUnkwdExTMHRMUzB0TFhCbVltbHRORUZCUVVGQlIzRnNWVk0wUWtKbFVIbEJFZ1pSVURFek9ESWFDZ2o1WXhBQUdnTkpUbEk0SEhETWFBPT0iLFtbIkJPTSIsIjIwMjYtMDktMTMiLCJCTFIiLG51bGwsIlFQIiwiMTM4MiJdXV0=,SerpApi,Google Flights,2026,9,37,13,6,Sunday,September,True,18,10001-15000,9.456731590010083,False,14019.636363636364,-8.74941640296727,3,33,INR,2026-09-12 18:48:30.217029,6aa5512d3ee4c2fcc01e80d2,831,2026-09-12 18:48:30.230610
9ff5cde04fbcb92df31ba060bd61200ba65a228050e4c3513910ab8752c3a886,122,BOM,BLR,BOM-BLR,2026-09-13,2026-09-20,2026-09-12 18:48:30.235910,2026-09-12,1,0-3 days,Air India,Round trip,INR,12373.0,12373.0,,,0,125.0,,,,84.0,,,WyJDalJJVlVSYWVHNTVja1JuUmxsQlJWVmlTV2RDUnkwdExTMHRMUzB0TFhCbVltbHRORUZCUVVGQlIzRnNWVk0wUWtKbFVIbEJFZ1pCU1RJNE5qVWFDZ2pWWUJBQUdnTkpUbEk0SEhDVVpRPT0iLFtbIkJPTSIsIjIwMjYtMDktMTMiLCJCTFIiLG51bGwsIkFJIiwiMjg2NSJdXV0=,SerpApi,Google Flights,2026,9,37,13,6,Sunday,September,True,18,10001-15000,9.423352776090933,False,14019.636363636364,-11.745214504331592,3,33,INR,2026-09-12 18:48:30.217029,6aa5512d3ee4c2fcc01e80d2,833,2026-09-12 18:48:30.235910
2a3144c877082f24e829c430fa92fe118eaf101d0db34bb6a80232d657b2ff81,122,BOM,BLR,BOM-BLR,2026-09-13,2026-09-20,2026-09-12 18:48:30.238676,2026-09-12,1,0-3 days,Air India,Round trip,INR,12373.0,12373.0,,,0,120.0,,,,84.0,,,WyJDalJJVlVSYWVHNTVja1JuUmxsQlJWVmlTV2RDUnkwdExTMHRMUzB0TFhCbVltbHRORUZCUVVGQlIzRnNWVk0wUWtKbFVIbEJFZ1pCU1RJME1ERWFDZ2pWWUJBQUdnTkpUbEk0SEhDVVpRPT0iLFtbIkJPTSIsIjIwMjYtMDktMTMiLCJCTFIiLG51bGwsIkFJIiwiMjQwMSJdXV0=,SerpApi,Google Flights,2026,9,37,13,6,Sunday,September,True,18,10001-15000,9.423352776090933,False,14019.636363636364,-11.745214504331592,3,33,INR,2026-09-12 18:48:30.217029,6aa5512d3ee4c2fcc01e80d2,834,2026-09-12 18:48:30.238676
608f9be4f8602064162192cdfaad9d7b4352224dfbef474a892286599a618377,122,BOM,BLR,BOM-BLR,2026-09-13,2026-09-20,2026-09-12 18:48:30.246012,2026-09-12,1,0-3 days,IndiGo,Round trip,INR,12486.0,12486.0,,,0,115.0,,,,72.0,,,WyJDalJJVlVSYWVHNTVja1JuUmxsQlJWVmlTV2RDUnkwdExTMHRMUzB0TFhCbVltbHRORUZCUVVGQlIzRnNWVk0wUWtKbFVIbEJFZ1kyUlRZeE9EZ2FDZ2pHWVJBQUdnTkpUbEk0SEhDTFpnPT0iLFtbIkJPTSIsIjIwMjYtMDktMTMiLCJCTFIiLG51bGwsIjZFIiwiNjE4OCJdXV0=,SerpApi,Google Flights,2026,9,37,13,6,Sunday,September,True,18,10001-15000,9.432443382115146,False,14019.636363636364,-10.93920215801214,3,33,INR,2026-09-12 18:48:30.217029,6aa5512d3ee4c2fcc01e80d2,837,2026-09-12 18:48:30.246012
3c860b9d8b3d43807759b144e415daddef0c7fd18a32ef3077a6bca3a2bdf32b,122,BOM,BLR,BOM-BLR,2026-09-13,2026-09-20,2026-09-12 18:48:30.248570,2026-09-12,1,0-3 days,IndiGo,Round trip,INR,12486.0,12486.0,,,0,120.0,,,,72.0,,,WyJDalJJVlVSYWVHNTVja1JuUmxsQlJWVmlTV2RDUnkwdExTMHRMUzB0TFhCbVltbHRORUZCUVVGQlIzRnNWVk0wUWtKbFVIbEJFZ1kyUlRVek9EZ2FDZ2pHWVJBQUdnTkpUbEk0SEhDTFpnPT0iLFtbIkJPTSIsIjIwMjYtMDktMTMiLCJCTFIiLG51bGwsIjZFIiwiNTM4OCJdXV0=,SerpApi,Google Flights,2026,9,37,13,6,Sunday,September,True,18,10001-15000,9.432443382115146,False,14019.636363636364,-10.93920215801214,3,33,INR,2026-09-12 18:48:30.217029,6aa5512d3ee4c2fcc01e80d2,838,2026-09-12 18:48:30.248570
81856b6baae4b34d7b4872b93e35ed1b38e27f258b3923e05b4f6f0ec6e17316,122,BOM,BLR,BOM-BLR,2026-09-13,2026-09-20,2026-09-12 18:48:30.253295,2026-09-12,1,0-3 days,Air India,Round trip,INR,12598.0,12598.0,,,0,125.0,,,,84.0,,,WyJDalJJVlVSYWVHNTVja1JuUmxsQlJWVmlTV2RDUnkwdExTMHRMUzB0TFhCbVltbHRORUZCUVVGQlIzRnNWVk0wUWtKbFVIbEJFZ1pCU1RJMk5ERWFDZ2kyWWhBQUdnTkpUbEk0SEhDQVp3PT0iLFtbIkJPTSIsIjIwMjYtMDktMTMiLCJCTFIiLG51bGwsIkFJIiwiMjY0MSJdXV0=,SerpApi,Google Flights,2026,9,37,13,6,Sunday,September,True,18,10001-15000,9.44137272471063,False,14019.636363636364,-10.140322664314994,3,33,INR,2026-09-12 18:48:30.217029,6aa5512d3ee4c2fcc01e80d2,840,2026-09-12 18:48:30.253295
9ccd9b9972e8f3eb036b47c20df1f47373c444838d10ad653418c3ea41827ca1,122,BOM,BLR,BOM-BLR,2026-09-13,2026-09-20,2026-09-12 18:48:30.255853,2026-09-12,1,0-3 days,Air India,Round trip,INR,12709.0,12709.0,,,0,130.0,,,,84.0,,,WyJDalJJVlVSYWVHNTVja1JuUmxsQlJWVmlTV2RDUnkwdExTMHRMUzB0TFhCbVltbHRORUZCUVVGQlIzRnNWVk0wUWtKbFVIbEJFZ1pCU1RJNE5URWFDZ2lsWXhBQUdnTkpUbEk0SEhEMFp3PT0iLFtbIkJPTSIsIjIwMjYtMDktMTMiLCJCTFIiLG51bGwsIkFJIiwiMjg1MSJdXV0=,SerpApi,Google Flights,2026,9,37,13,6,Sunday,September,True,18,10001-15000,9.4501443641835,False,14019.636363636364,-9.34857602324013,3,33,INR,2026-09-12 18:48:30.217029,6aa5512d3ee4c2fcc01e80d2,841,2026-09-12 18:48:30.255853
b5947d0e0e1cf255f7b76b58c14770d4d7194c8b77829a1d1d07546fe7f563b4,122,BOM,BLR,BOM-BLR,2026-09-13,2026-09-20,2026-09-12 18:48:30.257924,2026-09-12,1,0-3 days,Air India,Round trip,INR,12772.0,12772.0,,,0,125.0,,,,84.0,,,WyJDalJJVlVSYWVHNTVja1JuUmxsQlJWVmlTV2RDUnkwdExTMHRMUzB0TFhCbVltbHRORUZCUVVGQlIzRnNWVk0wUWtKbFVIbEJFZ1pCU1RJNE5qTWFDZ2prWXhBQUdnTkpUbEk0SEhDMmFBPT0iLFtbIkJPTSIsIjIwMjYtMDktMTMiLCJCTFIiLG51bGwsIkFJIiwiMjg2MyJdXV0=,SerpApi,Google Flights,2026,9,37,13,6,Sunday,September,True,18,10001-15000,9.455088847042777,False,14019.636363636364,-8.89920630803549,3,33,INR,2026-09-12 18:48:30.217029,6aa5512d3ee4c2fcc01e80d2,842,2026-09-12 18:48:30.257924
ff4ab81d8005e94647e248ec0b627f1901a60502237b9fb8aa47d8f81aa6a697,122,BOM,BLR,BOM-BLR,2026-09-13,2026-09-20,2026-09-12 18:48:30.260020,2026-09-12,1,0-3 days,IndiGo,Round trip,INR,12782.0,12782.0,,,0,115.0,,,,72.0,,,WyJDalJJVlVSYWVHNTVja1JuUmxsQlJWVmlTV2RDUnkwdExTMHRMUzB0TFhCbVltbHRORUZCUVVGQlIzRnNWVk0wUWtKbFVIbEJFZ1kyUlRVeU9UUWFDZ2p1WXhBQUdnTkpUbEk0SEhEQmFBPT0iLFtbIkJPTSIsIjIwMjYtMDktMTMiLCJCTFIiLG51bGwsIjZFIiwiNTI5NCJdXV0=,SerpApi,Google Flights,2026,9,37,13,6,Sunday,September,True,18,10001-15000,9.455871442168021,False,14019.636363636364,-8.827877781812521,3,33,INR,2026-09-12 18:48:30.217029,6aa5512d3ee4c2fcc01e80d2,843,2026-09-12 18:48:30.260020
ebfcb3f9314665eb509e9f218885d5b6b27e8e8096471de8368073626caa0cc8,122,BOM,BLR,BOM-BLR,2026-09-13,2026-09-20,2026-09-12 18:48:30.262014,2026-09-12,1,0-3 days,Akasa Air,Round trip,INR,12793.0,12793.0,,,0,125.0,,,,71.0,,,WyJDalJJVlVSYWVHNTVja1JuUmxsQlJWVmlTV2RDUnkwdExTMHRMUzB0TFhCbVltbHRORUZCUVVGQlIzRnNWVk0wUWtKbFVIbEJFZ1pSVURFeE16TWFDZ2o1WXhBQUdnTkpUbEk0SEhETWFBPT0iLFtbIkJPTSIsIjIwMjYtMDktMTMiLCJCTFIiLG51bGwsIlFQIiwiMTEzMyJdXV0=,SerpApi,Google Flights,2026,9,37,13,6,Sunday,September,True,18,10001-15000,9.456731590010083,False,14019.636363636364,-8.74941640296727,3,33,INR,2026-09-12 18:48:30.217029,6aa5512d3ee4c2fcc01e80d2,844,2026-09-12 18:48:30.262014
5dcd7372db6091da089354323d8bc1a95de901fce1183642371db0e24cd4e308,122,BOM,BLR,BOM-BLR,2026-09-13,2026-09-20,2026-09-12 18:48:30.264232,2026-09-12,1,0-3 days,Akasa Air,Round trip,INR,12793.0,12793.0,,,0,120.0,,,,74.0,,,WyJDalJJVlVSYWVHNTVja1JuUmxsQlJWVmlTV2RDUnkwdExTMHRMUzB0TFhCbVltbHRORUZCUVVGQlIzRnNWVk0wUWtKbFVIbEJFZ1pSVURFMU1UZ2FDZ2o1WXhBQUdnTkpUbEk0SEhETWFBPT0iLFtbIkJPTSIsIjIwMjYtMDktMTMiLCJCTFIiLG51bGwsIlFQIiwiMTUxOCJdXV0=,SerpApi,Google Flights,2026,9,37,13,6,Sunday,September,True,18,10001-15000,9.456731590010083,False,14019.636363636364,-8.74941640296727,3,33,INR,2026-09-12 18:48:30.217029,6aa5512d3ee4c2fcc01e80d2,845,2026-09-12 18:48:30.264232
ac079dc68919fe12a44191316ac79965c58c7ede3211a61f0cba3809654d3667,122,BOM,BLR,BOM-BLR,2026-09-13,2026-09-20,2026-09-12 18:48:30.267460,2026-09-12,1,0-3 days,IndiGo,Round trip,INR,12801.0,12801.0,,,0,110.0,,,,70.0,,,WyJDalJJVlVSYWVHNTVja1JuUmxsQlJWVmlTV2RDUnkwdExTMHRMUzB0TFhCbVltbHRORUZCUVVGQlIzRnNWVk0wUWtKbFVIbEJFZ1kyUlRVeE9UTWFDZ2lCWkJBQUdnTkpUbEk0SEhEVWFBPT0iLFtbIkJPTSIsIjIwMjYtMDktMTMiLCJCTFIiLG51bGwsIjZFIiwiNTE5MyJdXV0=,SerpApi,Google Flights,2026,9,37,13,6,Sunday,September,True,18,10001-15000,9.45735668770195,False,14019.636363636364,-8.692353581988899,3,33,INR,2026-09-12 18:48:30.217029,6aa5512d3ee4c2fcc01e80d2,846,2026-09-12 18:48:30.267460
6f54b93a0aedaa9475862fcf90b0e989b906352660319a0dc9fe34086930b233,122,BOM,BLR,BOM-BLR,2026-09-13,2026-09-20,2026-09-12 18:48:30.269776,2026-09-12,1,0-3 days,IndiGo,Round trip,INR,12801.0,12801.0,,,0,115.0,,,,72.0,,,WyJDalJJVlVSYWVHNTVja1JuUmxsQlJWVmlTV2RDUnkwdExTMHRMUzB0TFhCbVltbHRORUZCUVVGQlIzRnNWVk0wUWtKbFVIbEJFZ1kyUlRVeU1qRWFDZ2lCWkJBQUdnTkpUbEk0SEhEVWFBPT0iLFtbIkJPTSIsIjIwMjYtMDktMTMiLCJCTFIiLG51bGwsIjZFIiwiNTIyMSJdXV0=,SerpApi,Google Flights,2026,9,37,13,6,Sunday,September,True,18,10001-15000,9.45735668770195,False,14019.636363636364,-8.692353581988899,3,33,INR,2026-09-12 18:48:30.217029,6aa5512d3ee4c2fcc01e80d2,847,2026-09-12 18:48:30.269776
8ad84d7bc61347f3e5bace18b7e13a57e53ddbfb1042e596cbf99a65b9f1fd4b,122,BOM,BLR,BOM-BLR,2026-09-13,2026-09-20,2026-09-12 18:48:30.272608,2026-09-12,1,0-3 days,Akasa Air,Round trip,INR,13078.0,13078.0,,,0,120.0,,,,74.0,,,WyJDalJJVlVSYWVHNTVja1JuUmxsQlJWVmlTV2RDUnkwdExTMHRMUzB0TFhCbVltbHRORUZCUVVGQlIzRnNWVk0wUWtKbFVIbEJFZ1pSVURFMU1qY2FDZ2lXWmhBQUdnTkpUbEk0SEhEMmFnPT0iLFtbIkJPTSIsIjIwMjYtMDktMTMiLCJCTFIiLG51bGwsIlFQIiwiMTUyNyJdXV0=,SerpApi,Google Flights,2026,9,37,13,6,Sunday,September,True,18,10001-15000,9.478763169489152,False,14019.636363636364,-6.716553405612913,3,33,INR,2026-09-12 18:48:30.217029,6aa5512d3ee4c2fcc01e80d2,848,2026-09-12 18:48:30.272608
c4b4499e5b6e894d13bd429146ef8dea2d1b7dec03f67feec6d019f97bdbc8d1,122,BOM,BLR,BOM-BLR,2026-09-13,2026-09-20,2026-09-12 18:48:30.275207,2026-09-12,1,0-3 days,Air India,Round trip,INR,13097.0,13097.0,,,0,130.0,,,,84.0,,,WyJDalJJVlVSYWVHNTVja1JuUmxsQlJWVmlTV2RDUnkwdExTMHRMUzB0TFhCbVltbHRORUZCUVVGQlIzRnNWVk0wUWtKbFVIbEJFZ1pCU1RJNE5UTWFDZ2lwWmhBQUdnTkpUbEk0SEhDS2F3PT0iLFtbIkJPTSIsIjIwMjYtMDktMTMiLCJCTFIiLG51bGwsIkFJIiwiMjg1MyJdXV0=,SerpApi,Google Flights,2026,9,37,13,6,Sunday,September,True,18,10001-15000,9.480214825777999,False,14019.636363636364,-6.58102920578928,3,33,INR,2026-09-12 18:48:30.217029,6aa5512d3ee4c2fcc01e80d2,849,2026-09-12 18:48:30.275207
adff1ee1d3ce20875d4f24e9251818e363a3c7b8b5cb6c165233c22261940b33,122,BOM,BLR,BOM-BLR,2026-09-13,2026-09-20,2026-09-12 18:48:30.277694,2026-09-12,1,0-3 days,IndiGo,Round trip,INR,13116.0,13116.0,,,0,125.0,,,,72.0,,,WyJDalJJVlVSYWVHNTVja1JuUmxsQlJWVmlTV2RDUnkwdExTMHRMUzB0TFhCbVltbHRORUZCUVVGQlIzRnNWVk0wUWtKbFVIbEJFZ1kyUlRVd09USWFDZ2k4WmhBQUdnTkpUbEk0SEhDZWF3PT0iLFtbIkJPTSIsIjIwMjYtMDktMTMiLCJCTFIiLG51bGwsIjZFIiwiNTA5MiJdXV0=,SerpApi,Google Flights,2026,9,37,13,6,Sunday,September,True,18,10001-15000,9.481664377815145,False,14019.636363636364,-6.445505005965657,3,33,INR,2026-09-12 18:48:30.217029,6aa5512d3ee4c2fcc01e80d2,850,2026-09-12 18:48:30.277694
ac1555b6bc2fd711d324a35ab9b05698cc387820ff1c6ca33e078f715f02d5d2,122,BOM,BLR,BOM-BLR,2026-09-13,2026-09-20,2026-09-12 18:48:30.280151,2026-09-12,1,0-3 days,IndiGo,Round trip,INR,13116.0,13116.0,,,0,115.0,,,,72.0,,,WyJDalJJVlVSYWVHNTVja1JuUmxsQlJWVmlTV2RDUnkwdExTMHRMUzB0TFhCbVltbHRORUZCUVVGQlIzRnNWVk0wUWtKbFVIbEJFZ1kyUlRVeU1UY2FDZ2k4WmhBQUdnTkpUbEk0SEhDZWF3PT0iLFtbIkJPTSIsIjIwMjYtMDktMTMiLCJCTFIiLG51bGwsIjZFIiwiNTIxNyJdXV0=,SerpApi,Google Flights,2026,9,37,13,6,Sunday,September,True,18,10001-15000,9.481664377815145,False,14019.636363636364,-6.445505005965657,3,33,INR,2026-09-12 18:48:30.217029,6aa5512d3ee4c2fcc01e80d2,851,2026-09-12 18:48:30.280151
a66fc0be32970b275c1d688f4d93b7885c4b6b56c23dc95081ee100471ba8cf0,122,BOM,BLR,BOM-BLR,2026-09-13,2026-09-20,2026-09-12 18:48:30.282856,2026-09-12,1,0-3 days,Air India,Round trip,INR,13297.0,13297.0,,,0,125.0,,,,84.0,,,WyJDalJJVlVSYWVHNTVja1JuUmxsQlJWVmlTV2RDUnkwdExTMHRMUzB0TFhCbVltbHRORUZCUVVGQlIzRnNWVk0wUWtKbFVIbEJFZ1pCU1RJMk16SWFDZ2p4WnhBQUdnTkpUbEk0SEhEYmJBPT0iLFtbIkJPTSIsIjIwMjYtMDktMTMiLCJCTFIiLG51bGwsIkFJIiwiMjYzMiJdXV0=,SerpApi,Google Flights,2026,9,37,13,6,Sunday,September,True,18,10001-15000,9.495368926962401,False,14019.636363636364,-5.154458681330087,3,33,INR,2026-09-12 18:48:30.217029,6aa5512d3ee4c2fcc01e80d2,852,2026-09-12 18:48:30.282856
2b8e5bdb14654370a22989cb85b085e6979dac7c995239095df425d289af29b5,122,BOM,BLR,BOM-BLR,2026-09-13,2026-09-20,2026-09-12 18:48:30.285376,2026-09-12,1,0-3 days,IndiGo,Round trip,INR,13386.0,13386.0,,,0,115.0,,,,72.0,,,WyJDalJJVlVSYWVHNTVja1JuUmxsQlJWVmlTV2RDUnkwdExTMHRMUzB0TFhCbVltbHRORUZCUVVGQlIzRnNWVk0wUWtKbFVIbEJFZ1kyUlRVek1qTWFDZ2pLYUJBQUdnTkpUbEk0SEhDNWJRPT0iLFtbIkJPTSIsIjIwMjYtMDktMTMiLCJCTFIiLG51bGwsIjZFIiwiNTMyMyJdXV0=,SerpApi,Google Flights,2026,9,37,13,6,Sunday,September,True,18,10001-15000,9.502039365785897,False,14019.636363636364,-4.519634797945738,3,33,INR,2026-09-12 18:48:30.217029,6aa5512d3ee4c2fcc01e80d2,853,2026-09-12 18:48:30.285376
d8edf9f98d5679e574ac25bdf21d99f10a9ef44285ece59d30ccb34bd860c804,122,BOM,BLR,BOM-BLR,2026-09-13,2026-09-20,2026-09-12 18:48:30.289727,2026-09-12,1,0-3 days,IndiGo,Round trip,INR,13536.0,13536.0,,,0,115.0,,,,72.0,,,WyJDalJJVlVSYWVHNTVja1JuUmxsQlJWVmlTV2RDUnkwdExTMHRMUzB0TFhCbVltbHRORUZCUVVGQlIzRnNWVk0wUWtKbFVIbEJFZ1kyUlRVek9ESWFDZ2pnYVJBQUdnTkpUbEk0SEhEV2JnPT0iLFtbIkJPTSIsIjIwMjYtMDktMTMiLCJCTFIiLG51bGwsIjZFIiwiNTM4MiJdXV0=,SerpApi,Google Flights,2026,9,37,13,6,Sunday,September,True,18,10001-15000,9.513181956185786,False,14019.636363636364,-3.449706904601335,3,33,INR,2026-09-12 18:48:30.217029,6aa5512d3ee4c2fcc01e80d2,855,2026-09-12 18:48:30.289727
3fcc1255585648be8047b42a1c6337186a35095101af4bdd40ea9ea2c492f4d4,122,BOM,BLR,BOM-BLR,2026-09-13,2026-09-20,2026-09-12 18:48:30.291899,2026-09-12,1,0-3 days,IndiGo,Round trip,INR,13536.0,13536.0,,,0,110.0,,,,72.0,,,WyJDalJJVlVSYWVHNTVja1JuUmxsQlJWVmlTV2RDUnkwdExTMHRMUzB0TFhCbVltbHRORUZCUVVGQlIzRnNWVk0wUWtKbFVIbEJFZ1kyUlRVd056RWFDZ2pnYVJBQUdnTkpUbEk0SEhEV2JnPT0iLFtbIkJPTSIsIjIwMjYtMDktMTMiLCJCTFIiLG51bGwsIjZFIiwiNTA3MSJdXV0=,SerpApi,Google Flights,2026,9,37,13,6,Sunday,September,True,18,10001-15000,9.513181956185786,False,14019.636363636364,-3.449706904601335,3,33,INR,2026-09-12 18:48:30.217029,6aa5512d3ee4c2fcc01e80d2,856,2026-09-12 18:48:30.291899
8fd1d5e38f45d35d1aa961a75e4544713b8607245474c62a2089cd411cd669d9,122,BOM,BLR,BOM-BLR,2026-09-13,2026-09-20,2026-09-12 18:48:30.294398,2026-09-12,1,0-3 days,Air India,Round trip,INR,13591.0,13591.0,,,0,125.0,,,,84.0,,,WyJDalJJVlVSYWVHNTVja1JuUmxsQlJWVmlTV2RDUnkwdExTMHRMUzB0TFhCbVltbHRORUZCUVVGQlIzRnNWVk0wUWtKbFVIbEJFZ1pCU1RJNE1USWFDZ2lYYWhBQUdnTkpUbEk0SEhDUGJ3PT0iLFtbIkJPTSIsIjIwMjYtMDktMTMiLCJCTFIiLG51bGwsIkFJIiwiMjgxMiJdXV0=,SerpApi,Google Flights,2026,9,37,13,6,Sunday,September,True,18,10001-15000,9.517236663351769,False,14019.636363636364,-3.0574000103750554,3,33,INR,2026-09-12 18:48:30.217029,6aa5512d3ee4c2fcc01e80d2,857,2026-09-12 18:48:30.294398
5eb273e1af25eb1ab03e6d403e71ef526ff781fd407e18c5d55d54da07f4882d,122,BOM,BLR,BOM-BLR,2026-09-13,2026-09-20,2026-09-12 18:48:30.296675,2026-09-12,1,0-3 days,Air India,Round trip,INR,13979.0,13979.0,,,0,125.0,,,,106.0,,,WyJDalJJVlVSYWVHNTVja1JuUmxsQlJWVmlTV2RDUnkwdExTMHRMUzB0TFhCbVltbHRORUZCUVVGQlIzRnNWVk0wUWtKbFVIbEJFZ1pCU1RJME1UQWFDZ2liYlJBQUdnTkpUbEk0SEhDbGNnPT0iLFtbIkJPTSIsIjIwMjYtMDktMTMiLCJCTFIiLG51bGwsIkFJIiwiMjQxMCJdXV0=,SerpApi,Google Flights,2026,9,37,13,6,Sunday,September,True,18,10001-15000,9.5453830157878,False,14019.636363636364,-0.2898531929242165,3,33,INR,2026-09-12 18:48:30.217029,6aa5512d3ee4c2fcc01e80d2,858,2026-09-12 18:48:30.296675
67317ef5ef881444c3b95534ab7dbdb9dd6d0db65551990f7125fbdad53c01ab,122,BOM,BLR,BOM-BLR,2026-09-13,2026-09-20,2026-09-12 18:48:30.299058,2026-09-12,1,0-3 days,Akasa Air,Round trip,INR,14009.0,14009.0,,,0,110.0,,,,74.0,,,WyJDalJJVlVSYWVHNTVja1JuUmxsQlJWVmlTV2RDUnkwdExTMHRMUzB0TFhCbVltbHRORUZCUVVGQlIzRnNWVk0wUWtKbFVIbEJFZ1pSVURFMU1UWWFDZ2k1YlJBQUdnTkpUbEk0SEhERmNnPT0iLFtbIkJPTSIsIjIwMjYtMDktMTMiLCJCTFIiLG51bGwsIlFQIiwiMTUxNiJdXV0=,SerpApi,Google Flights,2026,9,37,13,6,Sunday,September,True,18,10001-15000,9.547526639331053,False,14019.636363636364,-0.07586761425533162,3,33,INR,2026-09-12 18:48:30.217029,6aa5512d3ee4c2fcc01e80d2,859,2026-09-12 18:48:30.299058
66c4705f5fe3bf8ecc310b4583415998b0cb06d16f0156c1271e17cae70ca344,123,BOM,DEL,BOM-DEL,2026-09-13,2026-09-20,2026-09-12 18:48:34.837223,2026-09-12,1,0-3 days,IndiGo,Round trip,INR,12732.0,12732.0,,,0,125.0,,,,91.0,,,WyJDalJJTmtNMlEzWmFUMjlGVWtGQlIxaFZPSGRDUnkwdExTMHRMUzB0TFMxMmRIcDBPVUZCUVVGQlIzRnNWVlJKUWxJeFZHZEJFZ1UyUlRNek14b0tDTHhqRUFBYUEwbE9VamdjY0l4byIsW1siQk9NIiwiMjAyNi0wOS0xMyIsIkRFTCIsbnVsbCwiNkUiLCIzMzMiXV1d,SerpApi,Google Flights,2026,9,37,13,6,Sunday,September,True,18,10001-15000,9.451952327573435,False,15942.371428571429,-20.13735185480561,5,35,INR,2026-09-12 18:48:34.828543,6aa551314707f1f2313a05a7,862,2026-09-12 18:48:34.837223
d47c0dc02a3cdc533d9a23c89f14f1a1cc6c37cc0db26918776d8d678fdd1e46,123,BOM,DEL,BOM-DEL,2026-09-13,2026-09-20,2026-09-12 18:48:34.840183,2026-09-12,1,0-3 days,Akasa Air,Round trip,INR,13187.0,13187.0,,,0,135.0,,,,90.0,,,WyJDalJJTmtNMlEzWmFUMjlGVWtGQlIxaFZPSGRDUnkwdExTMHRMUzB0TFMxMmRIcDBPVUZCUVVGQlIzRnNWVlJKUWxJeFZHZEJFZ1pSVURFeE1URWFDZ2lEWnhBQUdnTkpUbEk0SEhEb2F3PT0iLFtbIkJPTSIsIjIwMjYtMDktMTMiLCJERUwiLG51bGwsIlFQIiwiMTExMSJdXV0=,SerpApi,Google Flights,2026,9,37,13,6,Sunday,September,True,18,10001-15000,9.487062604191621,False,15942.371428571429,-17.283322251753187,5,35,INR,2026-09-12 18:48:34.828543,6aa551314707f1f2313a05a7,863,2026-09-12 18:48:34.840183
f8b8e26fbae4ea456c6ae67e31e125da206d76718cc554d3cd6f8150707aa230,123,BOM,DEL,BOM-DEL,2026-09-13,2026-09-20,2026-09-12 18:48:34.842700,2026-09-12,1,0-3 days,Air India,Round trip,INR,12655.0,12655.0,,,0,140.0,,,,106.0,,,WyJDalJJTmtNMlEzWmFUMjlGVWtGQlIxaFZPSGRDUnkwdExTMHRMUzB0TFMxMmRIcDBPVUZCUVVGQlIzRnNWVlJKUWxJeFZHZEJFZ1pCU1RJNU9EWWFDZ2p2WWhBQUdnTkpUbEk0SEhDOFp3PT0iLFtbIkJPTSIsIjIwMjYtMDktMTMiLCJERUwiLG51bGwsIkFJIiwiMjk4NiJdXV0=,SerpApi,Google Flights,2026,9,37,13,6,Sunday,September,True,18,10001-15000,9.445886690007436,False,15942.371428571429,-20.620341479937565,5,35,INR,2026-09-12 18:48:34.828543,6aa551314707f1f2313a05a7,864,2026-09-12 18:48:34.842700
c6a9e3aaedfa6c2e17fc72324bdf48033a7ee0f55c08a781a0ee8eda10471d22,123,BOM,DEL,BOM-DEL,2026-09-13,2026-09-20,2026-09-12 18:48:34.849829,2026-09-12,1,0-3 days,IndiGo,Round trip,INR,12732.0,12732.0,,,0,150.0,,,,91.0,,,WyJDalJJTmtNMlEzWmFUMjlGVWtGQlIxaFZPSGRDUnkwdExTMHRMUzB0TFMxMmRIcDBPVUZCUVVGQlIzRnNWVlJKUWxJeFZHZEJFZ1kyUlRZd05USWFDZ2k4WXhBQUdnTkpUbEk0SEhDTWFBPT0iLFtbIkJPTSIsIjIwMjYtMDktMTMiLCJERUwiLG51bGwsIjZFIiwiNjA1MiJdXV0=,SerpApi,Google Flights,2026,9,37,13,6,Sunday,September,True,18,10001-15000,9.451952327573435,False,15942.371428571429,-20.13735185480561,5,35,INR,2026-09-12 18:48:34.828543,6aa551314707f1f2313a05a7,867,2026-09-12 18:48:34.849829
25dd23cc6472ad1660b9a88f16fb914db64b7225996cfce18108fbbd1da2c7b0,123,BOM,DEL,BOM-DEL,2026-09-13,2026-09-20,2026-09-12 18:48:34.883437,2026-09-12,1,0-3 days,IndiGo,Round trip,INR,12732.0,12732.0,,,0,130.0,,,,91.0,,,WyJDalJJTmtNMlEzWmFUMjlGVWtGQlIxaFZPSGRDUnkwdExTMHRMUzB0TFMxMmRIcDBPVUZCUVVGQlIzRnNWVlJKUWxJeFZHZEJFZ1kyUlRZd05Ea2FDZ2k4WXhBQUdnTkpUbEk0SEhDTWFBPT0iLFtbIkJPTSIsIjIwMjYtMDktMTMiLCJERUwiLG51bGwsIjZFIiwiNjA0OSJdXV0=,SerpApi,Google Flights,2026,9,37,13,6,Sunday,September,True,18,10001-15000,9.451952327573435,False,15942.371428571429,-20.13735185480561,5,35,INR,2026-09-12 18:48:34.828543,6aa551314707f1f2313a05a7,879,2026-09-12 18:48:34.883437
05f2747402eeb0422ff3fb77adcae25e5e1d9a8725d780a54a5ab7ed8f93ac6a,123,BOM,DEL,BOM-DEL,2026-09-13,2026-09-20,2026-09-12 18:48:34.885904,2026-09-12,1,0-3 days,IndiGo,Round trip,INR,12732.0,12732.0,,,0,145.0,,,,91.0,,,WyJDalJJTmtNMlEzWmFUMjlGVWtGQlIxaFZPSGRDUnkwdExTMHRMUzB0TFMxMmRIcDBPVUZCUVVGQlIzRnNWVlJKUWxJeFZHZEJFZ1UyUlRNek1Cb0tDTHhqRUFBYUEwbE9VamdjY0l4byIsW1siQk9NIiwiMjAyNi0wOS0xMyIsIkRFTCIsbnVsbCwiNkUiLCIzMzAiXV1d,SerpApi,Google Flights,2026,9,37,13,6,Sunday,September,True,18,10001-15000,9.451952327573435,False,15942.371428571429,-20.13735185480561,5,35,INR,2026-09-12 18:48:34.828543,6aa551314707f1f2313a05a7,880,2026-09-12 18:48:34.885904
590e0707ef7c4ede500083ecb18474d9cd5e20ba2a5cc048112e85736222e358,123,BOM,DEL,BOM-DEL,2026-09-13,2026-09-20,2026-09-12 18:48:34.893649,2026-09-12,1,0-3 days,IndiGo,Round trip,INR,12732.0,12732.0,,,0,135.0,,,,91.0,,,WyJDalJJTmtNMlEzWmFUMjlGVWtGQlIxaFZPSGRDUnkwdExTMHRMUzB0TFMxMmRIcDBPVUZCUVVGQlIzRnNWVlJKUWxJeFZHZEJFZ1UyUlRNMU1Cb0tDTHhqRUFBYUEwbE9VamdjY0l4byIsW1siQk9NIiwiMjAyNi0wOS0xMyIsIkRFTCIsbnVsbCwiNkUiLCIzNTAiXV1d,SerpApi,Google Flights,2026,9,37,13,6,Sunday,September,True,18,10001-15000,9.451952327573435,False,15942.371428571429,-20.13735185480561,5,35,INR,2026-09-12 18:48:34.828543,6aa551314707f1f2313a05a7,883,2026-09-12 18:48:34.893649
a42653e18f77f0475903a336d6894592b65d7bbcebe7fa8a08774d570c4907c5,123,BOM,DEL,BOM-DEL,2026-09-13,2026-09-20,2026-09-12 18:48:34.896026,2026-09-12,1,0-3 days,Air India,Round trip,INR,12765.0,12765.0,,,0,130.0,,,,106.0,,,WyJDalJJTmtNMlEzWmFUMjlGVWtGQlIxaFZPSGRDUnkwdExTMHRMUzB0TFMxMmRIcDBPVUZCUVVGQlIzRnNWVlJKUWxJeFZHZEJFZ1pCU1RJNU1qZ2FDZ2pkWXhBQUdnTkpUbEk0SEhDdmFBPT0iLFtbIkJPTSIsIjIwMjYtMDktMTMiLCJERUwiLG51bGwsIkFJIiwiMjkyOCJdXV0=,SerpApi,Google Flights,2026,9,37,13,6,Sunday,September,True,18,10001-15000,9.454540665816003,False,15942.371428571429,-19.930356301177632,5,35,INR,2026-09-12 18:48:34.828543,6aa551314707f1f2313a05a7,884,2026-09-12 18:48:34.896026
9cc18351a3342d5632ce6b14b548312b933ebf5a8965e254cb466f5fcc736147,123,BOM,DEL,BOM-DEL,2026-09-13,2026-09-20,2026-09-12 18:48:34.917976,2026-09-12,1,0-3 days,Air India,Round trip,INR,12765.0,12765.0,,,0,145.0,,,,134.0,,,WyJDalJJTmtNMlEzWmFUMjlGVWtGQlIxaFZPSGRDUnkwdExTMHRMUzB0TFMxMmRIcDBPVUZCUVVGQlIzRnNWVlJKUWxJeFZHZEJFZ1pCU1RJMk9EY2FDZ2pkWXhBQUdnTkpUbEk0SEhDdmFBPT0iLFtbIkJPTSIsIjIwMjYtMDktMTMiLCJERUwiLG51bGwsIkFJIiwiMjY4NyJdXV0=,SerpApi,Google Flights,2026,9,37,13,6,Sunday,September,True,18,10001-15000,9.454540665816003,False,15942.371428571429,-19.930356301177632,5,35,INR,2026-09-12 18:48:34.828543,6aa551314707f1f2313a05a7,894,2026-09-12 18:48:34.917976
a5a3fc412704fa2dfb9cb2aff17fafd89d3500078f80565748fa9b67d95ae250,123,BOM,DEL,BOM-DEL,2026-09-13,2026-09-20,2026-09-12 18:48:34.921831,2026-09-12,1,0-3 days,Air India,Round trip,INR,12765.0,12765.0,,,0,140.0,,,,106.0,,,WyJDalJJTmtNMlEzWmFUMjlGVWtGQlIxaFZPSGRDUnkwdExTMHRMUzB0TFMxMmRIcDBPVUZCUVVGQlIzRnNWVlJKUWxJeFZHZEJFZ1pCU1RJNU9EZ2FDZ2pkWXhBQUdnTkpUbEk0SEhDdmFBPT0iLFtbIkJPTSIsIjIwMjYtMDktMTMiLCJERUwiLG51bGwsIkFJIiwiMjk4OCJdXV0=,SerpApi,Google Flights,2026,9,37,13,6,Sunday,September,True,18,10001-15000,9.454540665816003,False,15942.371428571429,-19.930356301177632,5,35,INR,2026-09-12 18:48:34.828543,6aa551314707f1f2313a05a7,896,2026-09-12 18:48:34.921831
380e67a040b61f9019c003328b01c1aff61e39be46fea80c4b511c353664198c,123,BOM,DEL,BOM-DEL,2026-09-13,2026-09-20,2026-09-12 18:48:34.925821,2026-09-12,1,0-3 days,Air India,Round trip,INR,12765.0,12765.0,,,0,135.0,,,,106.0,,,WyJDalJJTmtNMlEzWmFUMjlGVWtGQlIxaFZPSGRDUnkwdExTMHRMUzB0TFMxMmRIcDBPVUZCUVVGQlIzRnNWVlJKUWxJeFZHZEJFZ1pCU1RFNE9UVWFDZ2pkWXhBQUdnTkpUbEk0SEhDdmFBPT0iLFtbIkJPTSIsIjIwMjYtMDktMTMiLCJERUwiLG51bGwsIkFJIiwiMTg5NSJdXV0=,SerpApi,Google Flights,2026,9,37,13,6,Sunday,September,True,18,10001-15000,9.454540665816003,False,15942.371428571429,-19.930356301177632,5,35,INR,2026-09-12 18:48:34.828543,6aa551314707f1f2313a05a7,898,2026-09-12 18:48:34.925821
995abecc9d60d4f15159f51fcf894f370f6ddad3da26e3bcf0a152fdbfcd1a8c,123,BOM,DEL,BOM-DEL,2026-09-13,2026-09-20,2026-09-12 18:48:34.927582,2026-09-12,1,0-3 days,Air India,Round trip,INR,12882.0,12882.0,,,0,140.0,,,,106.0,,,WyJDalJJTmtNMlEzWmFUMjlGVWtGQlIxaFZPSGRDUnkwdExTMHRMUzB0TFMxMmRIcDBPVUZCUVVGQlIzRnNWVlJKUWxJeFZHZEJFZ1pCU1RJME1Ua2FDZ2pTWkJBQUdnTkpUbEk0SEhDcGFRPT0iLFtbIkJPTSIsIjIwMjYtMDktMTMiLCJERUwiLG51bGwsIkFJIiwiMjQxOSJdXV0=,SerpApi,Google Flights,2026,9,37,13,6,Sunday,September,True,18,10001-15000,9.463663891791525,False,15942.371428571429,-19.19646297467844,5,35,INR,2026-09-12 18:48:34.828543,6aa551314707f1f2313a05a7,899,2026-09-12 18:48:34.927582
44411ff47dc0ba66c49c68e9f46e3fd1b7af76efa4c0cd858447ffb1bc7133c2,123,BOM,DEL,BOM-DEL,2026-09-13,2026-09-20,2026-09-12 18:48:34.931225,2026-09-12,1,0-3 days,Air India,Round trip,INR,12923.0,12923.0,,,0,140.0,,,,106.0,,,WyJDalJJTmtNMlEzWmFUMjlGVWtGQlIxaFZPSGRDUnkwdExTMHRMUzB0TFMxMmRIcDBPVUZCUVVGQlIzRnNWVlJKUWxJeFZHZEJFZ1pCU1RJME5EQWFDZ2o3WkJBQUdnTkpUbEk0SEhEVWFRPT0iLFtbIkJPTSIsIjIwMjYtMDktMTMiLCJERUwiLG51bGwsIkFJIiwiMjQ0MCJdXV0=,SerpApi,Google Flights,2026,9,37,13,6,Sunday,September,True,18,10001-15000,9.466841326944389,False,15942.371428571429,-18.939286680777013,5,35,INR,2026-09-12 18:48:34.828543,6aa551314707f1f2313a05a7,901,2026-09-12 18:48:34.931225
b1724359c0c28a58b591be3c49e101a6b98dd6d972bf76c9b7edeb0fe6467ae5,123,BOM,DEL,BOM-DEL,2026-09-13,2026-09-20,2026-09-12 18:48:34.933241,2026-09-12,1,0-3 days,Air India,Round trip,INR,12923.0,12923.0,,,0,135.0,,,,106.0,,,WyJDalJJTmtNMlEzWmFUMjlGVWtGQlIxaFZPSGRDUnkwdExTMHRMUzB0TFMxMmRIcDBPVUZCUVVGQlIzRnNWVlJKUWxJeFZHZEJFZ1pCU1RJME1EZ2FDZ2o3WkJBQUdnTkpUbEk0SEhEVWFRPT0iLFtbIkJPTSIsIjIwMjYtMDktMTMiLCJERUwiLG51bGwsIkFJIiwiMjQwOCJdXV0=,SerpApi,Google Flights,2026,9,37,13,6,Sunday,September,True,18,10001-15000,9.466841326944389,False,15942.371428571429,-18.939286680777013,5,35,INR,2026-09-12 18:48:34.828543,6aa551314707f1f2313a05a7,902,2026-09-12 18:48:34.933241
0b7538275ca11676d405a4d4c609ba9077bc7127117e7329be99adb03286704d,123,BOM,DEL,BOM-DEL,2026-09-13,2026-09-20,2026-09-12 18:48:34.934652,2026-09-12,1,0-3 days,Air India Express,Round trip,INR,13125.0,13125.0,,,0,135.0,,,,103.0,,,WyJDalJJTmtNMlEzWmFUMjlGVWtGQlIxaFZPSGRDUnkwdExTMHRMUzB0TFMxMmRIcDBPVUZCUVVGQlIzRnNWVlJKUWxJeFZHZEJFZ1pKV0RFd05UQWFDZ2pGWmhBQUdnTkpUbEk0SEhDbmF3PT0iLFtbIkJPTSIsIjIwMjYtMDktMTMiLCJERUwiLG51bGwsIklYIiwiMTA1MCJdXV0=,SerpApi,Google Flights,2026,9,37,13,6,Sunday,September,True,18,10001-15000,9.482350275033667,False,15942.371428571429,-17.67222298887242,5,35,INR,2026-09-12 18:48:34.828543,6aa551314707f1f2313a05a7,903,2026-09-12 18:48:34.934652
a7c59fd2d2de4c73f3a6ad2f82fab2bf7395f58dde6c29446e615ffdeb6aaf20,123,BOM,DEL,BOM-DEL,2026-09-13,2026-09-20,2026-09-12 18:48:34.935946,2026-09-12,1,0-3 days,Air India Express,Round trip,INR,13125.0,13125.0,,,0,140.0,,,,106.0,,,WyJDalJJTmtNMlEzWmFUMjlGVWtGQlIxaFZPSGRDUnkwdExTMHRMUzB0TFMxMmRIcDBPVUZCUVVGQlIzRnNWVlJKUWxJeFZHZEJFZ1pKV0RFMk56RWFDZ2pGWmhBQUdnTkpUbEk0SEhDbmF3PT0iLFtbIkJPTSIsIjIwMjYtMDktMTMiLCJERUwiLG51bGwsIklYIiwiMTY3MSJdXV0=,SerpApi,Google Flights,2026,9,37,13,6,Sunday,September,True,18,10001-15000,9.482350275033667,False,15942.371428571429,-17.67222298887242,5,35,INR,2026-09-12 18:48:34.828543,6aa551314707f1f2313a05a7,904,2026-09-12 18:48:34.935946
b74cc521b3b8ae3e37ce7da84ea531faf024cdd5209d8a329d2ef758b69c36b7,123,BOM,DEL,BOM-DEL,2026-09-13,2026-09-20,2026-09-12 18:48:34.938650,2026-09-12,1,0-3 days,Akasa Air,Round trip,INR,13187.0,13187.0,,,0,150.0,,,,89.0,,,WyJDalJJTmtNMlEzWmFUMjlGVWtGQlIxaFZPSGRDUnkwdExTMHRMUzB0TFMxMmRIcDBPVUZCUVVGQlIzRnNWVlJKUWxJeFZHZEJFZ1pSVURFNE16VWFDZ2lEWnhBQUdnTkpUbEk0SEhEb2F3PT0iLFtbIkJPTSIsIjIwMjYtMDktMTMiLCJERUwiLG51bGwsIlFQIiwiMTgzNSJdXV0=,SerpApi,Google Flights,2026,9,37,13,6,Sunday,September,True,18,10001-15000,9.487062604191621,False,15942.371428571429,-17.283322251753187,5,35,INR,2026-09-12 18:48:34.828543,6aa551314707f1f2313a05a7,906,2026-09-12 18:48:34.938650
fc8ba37127834481994e8f5f59f3ec03a3e6b120488680761b10efce13b8e0d0,123,BOM,DEL,BOM-DEL,2026-09-13,2026-09-20,2026-09-12 18:48:34.942254,2026-09-12,1,0-3 days,Akasa Air,Round trip,INR,13187.0,13187.0,,,0,145.0,,,,90.0,,,WyJDalJJTmtNMlEzWmFUMjlGVWtGQlIxaFZPSGRDUnkwdExTMHRMUzB0TFMxMmRIcDBPVUZCUVVGQlIzRnNWVlJKUWxJeFZHZEJFZ1pSVURFNE1qVWFDZ2lEWnhBQUdnTkpUbEk0SEhEb2F3PT0iLFtbIkJPTSIsIjIwMjYtMDktMTMiLCJERUwiLG51bGwsIlFQIiwiMTgyNSJdXV0=,SerpApi,Google Flights,2026,9,37,13,6,Sunday,September,True,18,10001-15000,9.487062604191621,False,15942.371428571429,-17.283322251753187,5,35,INR,2026-09-12 18:48:34.828543,6aa551314707f1f2313a05a7,909,2026-09-12 18:48:34.942254
00301267e7bf44cef8e21e00a62fb891cbcaafb5b2277271c0a5365aa82ba18d,123,BOM,DEL,BOM-DEL,2026-09-13,2026-09-20,2026-09-12 18:48:34.944778,2026-09-12,1,0-3 days,Akasa Air,Round trip,INR,13187.0,13187.0,,,0,140.0,,,,90.0,,,WyJDalJJTmtNMlEzWmFUMjlGVWtGQlIxaFZPSGRDUnkwdExTMHRMUzB0TFMxMmRIcDBPVUZCUVVGQlIzRnNWVlJKUWxJeFZHZEJFZ1pSVURFeE1qQWFDZ2lEWnhBQUdnTkpUbEk0SEhEb2F3PT0iLFtbIkJPTSIsIjIwMjYtMDktMTMiLCJERUwiLG51bGwsIlFQIiwiMTEyMCJdXV0=,SerpApi,Google Flights,2026,9,37,13,6,Sunday,September,True,18,10001-15000,9.487062604191621,False,15942.371428571429,-17.283322251753187,5,35,INR,2026-09-12 18:48:34.828543,6aa551314707f1f2313a05a7,910,2026-09-12 18:48:34.944778
44399a3212a794c8c1d0e498223a0f6c8d9615dea674d12dcde15c081e92272b,123,BOM,DEL,BOM-DEL,2026-09-13,2026-09-20,2026-09-12 18:48:34.946045,2026-09-12,1,0-3 days,IndiGo,Round trip,INR,13478.0,13478.0,,,1,280.0,,,,114.0,,,WyJDalJJTmtNMlEzWmFUMjlGVWtGQlIxaFZPSGRDUnkwdExTMHRMUzB0TFMxMmRIcDBPVUZCUVVGQlIzRnNWVlJKUWxJeFZHZEJFZzAyUlRVd05UbDhOa1UyTWpJeEdnb0lwbWtRQUJvRFNVNVNPQnh3bVc0PSIsW1siQk9NIiwiMjAyNi0wOS0xMyIsIkJEUSIsbnVsbCwiNkUiLCI1MDU5Il0sWyJCRFEiLCIyMDI2LTA5LTEzIiwiREVMIixudWxsLCI2RSIsIjYyMjEiXV1d,SerpApi,Google Flights,2026,9,37,13,6,Sunday,September,True,18,10001-15000,9.508888197738269,False,15942.371428571429,-15.45799782430648,5,35,INR,2026-09-12 18:48:34.828543,6aa551314707f1f2313a05a7,911,2026-09-12 18:48:34.946045
188b8484ca5fcb86b79a48741b0b98928c54a64edceb2b0719959f8239fea80c,123,BOM,DEL,BOM-DEL,2026-09-13,2026-09-20,2026-09-12 18:48:34.947707,2026-09-12,1,0-3 days,IndiGo,Round trip,INR,13609.0,13609.0,,,1,225.0,,,,123.0,,,WyJDalJJTmtNMlEzWmFUMjlGVWtGQlIxaFZPSGRDUnkwdExTMHRMUzB0TFMxMmRIcDBPVUZCUVVGQlIzRnNWVlJKUWxJeFZHZEJFZzAyUlRZd01qZDhOa1UyTWpJNUdnb0lxV29RQUJvRFNVNVNPQnh3b204PSIsW1siQk9NIiwiMjAyNi0wOS0xMyIsIlVEUiIsbnVsbCwiNkUiLCI2MDI3Il0sWyJVRFIiLCIyMDI2LTA5LTEzIiwiREVMIixudWxsLCI2RSIsIjYyMjkiXV1d,SerpApi,Google Flights,2026,9,37,13,6,Sunday,September,True,18,10001-15000,9.518560095645512,False,15942.371428571429,-14.636288202328739,5,35,INR,2026-09-12 18:48:34.828543,6aa551314707f1f2313a05a7,912,2026-09-12 18:48:34.947707
a70977b0ce96c208ce3bd648c1ef861cb7af2d63721345006213be85b58e2afa,123,BOM,DEL,BOM-DEL,2026-09-13,2026-09-20,2026-09-12 18:48:34.949165,2026-09-12,1,0-3 days,Akasa Air,Round trip,INR,13929.0,13929.0,,,0,145.0,,,,94.0,,,WyJDalJJTmtNMlEzWmFUMjlGVWtGQlIxaFZPSGRDUnkwdExTMHRMUzB0TFMxMmRIcDBPVUZCUVVGQlIzRnNWVlJKUWxJeFZHZEJFZ1pSVURFNE16UWFDZ2pwYkJBQUdnTkpUbEk0SEhEeGNRPT0iLFtbIkJPTSIsIjIwMjYtMDktMTMiLCJERUwiLG51bGwsIlFQIiwiMTgzNCJdXV0=,SerpApi,Google Flights,2026,9,37,13,6,Sunday,September,True,18,10001-15000,9.54180006677385,False,15942.371428571429,-12.629058591390773,5,35,INR,2026-09-12 18:48:34.828543,6aa551314707f1f2313a05a7,913,2026-09-12 18:48:34.949165
8687b8e3daf20166df2eaf34297934aebad64f024d907de9309010982c098d68,123,BOM,DEL,BOM-DEL,2026-09-13,2026-09-20,2026-09-12 18:48:34.950568,2026-09-12,1,0-3 days,SpiceJet,Round trip,INR,13975.0,13975.0,,,0,145.0,,,,128.0,,,WyJDalJJTmtNMlEzWmFUMjlGVWtGQlIxaFZPSGRDUnkwdExTMHRMUzB0TFMxMmRIcDBPVUZCUVVGQlIzRnNWVlJKUWxJeFZHZEJFZ1ZUUnpFMk5Cb0tDSmR0RUFBYUEwbE9VamdjY0tGeSIsW1siQk9NIiwiMjAyNi0wOS0xMyIsIkRFTCIsbnVsbCwiU0ciLCIxNjQiXV1d,SerpApi,Google Flights,2026,9,37,13,6,Sunday,September,True,18,10001-15000,9.545096851813893,False,15942.371428571429,-12.340519334818445,5,35,INR,2026-09-12 18:48:34.828543,6aa551314707f1f2313a05a7,914,2026-09-12 18:48:34.950568
7f901835856eed46b884656286321831dd40b9719b202b734e5361d1f50664af,123,BOM,DEL,BOM-DEL,2026-09-13,2026-09-20,2026-09-12 18:48:34.951934,2026-09-12,1,0-3 days,SpiceJet,Round trip,INR,16236.0,16236.0,,,0,160.0,,,,124.0,,,WyJDalJJTmtNMlEzWmFUMjlGVWtGQlIxaFZPSGRDUnkwdExTMHRMUzB0TFMxMmRIcDBPVUZCUVVGQlIzRnNWVlJKUWxJeFZHZEJFZ1pUUnpJNE1ETWFDZ2pzZmhBQUdnTkpUbEk0SEhEZmhBRT0iLFtbIkJPTSIsIjIwMjYtMDktMTMiLCJERUwiLG51bGwsIlNHIiwiMjgwMyJdXV0=,SerpApi,Google Flights,2026,9,37,13,6,Sunday,September,True,18,15001-25000,9.695047867587114,False,15942.371428571429,1.8418123849651247,5,35,INR,2026-09-12 18:48:34.828543,6aa551314707f1f2313a05a7,915,2026-09-12 18:48:34.951934
621f6d48e8afc68c053d14de82759ebda1eb346f07053ed05633ff634063c025,123,BOM,DEL,BOM-DEL,2026-09-13,2026-09-20,2026-09-12 18:48:34.953287,2026-09-12,1,0-3 days,Air India,Round trip,INR,19233.0,19233.0,,,0,140.0,,,,106.0,,,WyJDalJJTmtNMlEzWmFUMjlGVWtGQlIxaFZPSGRDUnkwdExTMHRMUzB0TFMxMmRIcDBPVUZCUVVGQlIzRnNWVlJKUWxJeFZHZEJFZ1pCU1RJME1qSWFDd2lobGdFUUFCb0RTVTVTT0J4d29KMEIiLFtbIkJPTSIsIjIwMjYtMDktMTMiLCJERUwiLG51bGwsIkFJIiwiMjQyMiJdXV0=,SerpApi,Google Flights,2026,9,37,13,6,Sunday,September,True,18,15001-25000,9.864434825272427,False,15942.371428571429,20.640772209906032,5,35,INR,2026-09-12 18:48:34.828543,6aa551314707f1f2313a05a7,916,2026-09-12 18:48:34.953287
5dc70440c8e2a033bd6797ee994250813a4cb70cbdb1ef48ae05837106875e26,124,BOM,HYD,BOM-HYD,2026-09-13,2026-09-20,2026-09-12 18:48:43.963763,2026-09-12,1,0-3 days,IndiGo,Round trip,INR,12298.0,12298.0,,,0,85.0,,,,59.0,,,WyJDalJJWDBoWGFIaFNkMkpSWkRSQlIxVnBkV2RDUnkwdExTMHRMUzB0TFhscGRISXhPVUZCUVVGQlIzRnNWVlJaUzBkUVFXdEJFZ1kyUlRVek1UZ2FDZ2lLWUJBQUdnTkpUbEk0SEhER1pBPT0iLFtbIkJPTSIsIjIwMjYtMDktMTMiLCJIWUQiLG51bGwsIjZFIiwiNTMxOCJdXV0=,SerpApi,Google Flights,2026,9,37,13,6,Sunday,September,True,18,10001-15000,9.41727323724241,False,14554.923076923076,-15.506252180071234,2,13,INR,2026-09-12 18:48:43.945070,6aa5513516a5a880bbfaaee3,920,2026-09-12 18:48:43.963763
5af0478c6c71f5a57058726585b18ff79c4f0d8f0a66857a5e5353c1139ada47,124,BOM,HYD,BOM-HYD,2026-09-13,2026-09-20,2026-09-12 18:48:43.966388,2026-09-12,1,0-3 days,Air India,Round trip,INR,11924.0,11924.0,,,0,100.0,,,,70.0,,,WyJDalJJWDBoWGFIaFNkMkpSWkRSQlIxVnBkV2RDUnkwdExTMHRMUzB0TFhscGRISXhPVUZCUVVGQlIzRnNWVlJaUzBkUVFXdEJFZ1pCU1RJNE5qa2FDZ2lVWFJBQUdnTkpUbEk0SEhDL1lRPT0iLFtbIkJPTSIsIjIwMjYtMDktMTMiLCJIWUQiLG51bGwsIkFJIiwiMjg2OSJdXV0=,SerpApi,Google Flights,2026,9,37,13,6,Sunday,September,True,18,10001-15000,9.386392315756542,False,14554.923076923076,-18.075829484076223,2,13,INR,2026-09-12 18:48:43.945070,6aa5513516a5a880bbfaaee3,921,2026-09-12 18:48:43.966388
f00d61c364190a7ced9f35eb40e317f085c8c727b6ace3fa1c74deb7293ab3d0,124,BOM,HYD,BOM-HYD,2026-09-13,2026-09-20,2026-09-12 18:48:43.968893,2026-09-12,1,0-3 days,IndiGo,Round trip,INR,11983.0,11983.0,,,0,100.0,,,,59.0,,,WyJDalJJWDBoWGFIaFNkMkpSWkRSQlIxVnBkV2RDUnkwdExTMHRMUzB0TFhscGRISXhPVUZCUVVGQlIzRnNWVlJaUzBkUVFXdEJFZ1kyUlRVek1qWWFDZ2pQWFJBQUdnTkpUbEk0SEhEOFlRPT0iLFtbIkJPTSIsIjIwMjYtMDktMTMiLCJIWUQiLG51bGwsIjZFIiwiNTMyNiJdXV0=,SerpApi,Google Flights,2026,9,37,13,6,Sunday,September,True,18,10001-15000,9.391327705757,False,14554.923076923076,-17.670468358578116,2,13,INR,2026-09-12 18:48:43.945070,6aa5513516a5a880bbfaaee3,922,2026-09-12 18:48:43.968893
7f091ab4576b8f26617812ec98e0dd154b0bcd7e18fe1dd4e694a4e25390f6e5,124,BOM,HYD,BOM-HYD,2026-09-13,2026-09-20,2026-09-12 18:48:43.973877,2026-09-12,1,0-3 days,IndiGo,Round trip,INR,11983.0,11983.0,,,0,95.0,,,,59.0,,,WyJDalJJWDBoWGFIaFNkMkpSWkRSQlIxVnBkV2RDUnkwdExTMHRMUzB0TFhscGRISXhPVUZCUVVGQlIzRnNWVlJaUzBkUVFXdEJFZ1kyUlRZeE9UVWFDZ2pQWFJBQUdnTkpUbEk0SEhEOFlRPT0iLFtbIkJPTSIsIjIwMjYtMDktMTMiLCJIWUQiLG51bGwsIjZFIiwiNjE5NSJdXV0=,SerpApi,Google Flights,2026,9,37,13,6,Sunday,September,True,18,10001-15000,9.391327705757,False,14554.923076923076,-17.670468358578116,2,13,INR,2026-09-12 18:48:43.945070,6aa5513516a5a880bbfaaee3,924,2026-09-12 18:48:43.973877
0eb68671b02aa317e3a8e2924a6de07001cc0228abd2e3d561927e76f5a9d9a9,124,BOM,HYD,BOM-HYD,2026-09-13,2026-09-20,2026-09-12 18:48:43.976502,2026-09-12,1,0-3 days,Air India,Round trip,INR,12029.0,12029.0,,,0,95.0,,,,70.0,,,WyJDalJJWDBoWGFIaFNkMkpSWkRSQlIxVnBkV2RDUnkwdExTMHRMUzB0TFhscGRISXhPVUZCUVVGQlIzRnNWVlJaUzBkUVFXdEJFZ1pCU1RJMk1Ua2FDZ2o5WFJBQUdnTkpUbEk0SEhDc1lnPT0iLFtbIkJPTSIsIjIwMjYtMDktMTMiLCJIWUQiLG51bGwsIkFJIiwiMjYxOSJdXV0=,SerpApi,Google Flights,2026,9,37,13,6,Sunday,September,True,18,10001-15000,9.395158808968725,False,14554.923076923076,-17.354424091240606,2,13,INR,2026-09-12 18:48:43.945070,6aa5513516a5a880bbfaaee3,925,2026-09-12 18:48:43.976502
390da3b3708018d57cfadbd6724282a82b5e9ae506f31b53d93d8366c37a95db,124,BOM,HYD,BOM-HYD,2026-09-13,2026-09-20,2026-09-12 18:48:43.978951,2026-09-12,1,0-3 days,Air India,Round trip,INR,12029.0,12029.0,,,0,90.0,,,,70.0,,,WyJDalJJWDBoWGFIaFNkMkpSWkRSQlIxVnBkV2RDUnkwdExTMHRMUzB0TFhscGRISXhPVUZCUVVGQlIzRnNWVlJaUzBkUVFXdEJFZ1pCU1RJNE56VWFDZ2o5WFJBQUdnTkpUbEk0SEhDc1lnPT0iLFtbIkJPTSIsIjIwMjYtMDktMTMiLCJIWUQiLG51bGwsIkFJIiwiMjg3NSJdXV0=,SerpApi,Google Flights,2026,9,37,13,6,Sunday,September,True,18,10001-15000,9.395158808968725,False,14554.923076923076,-17.354424091240606,2,13,INR,2026-09-12 18:48:43.945070,6aa5513516a5a880bbfaaee3,926,2026-09-12 18:48:43.978951
f7a1fafa9fa0a6489ee2ddef3e531550b6f8bbe668123a7655975b38aee7cb3b,124,BOM,HYD,BOM-HYD,2026-09-13,2026-09-20,2026-09-12 18:48:43.991520,2026-09-12,1,0-3 days,IndiGo,Round trip,INR,12298.0,12298.0,,,0,95.0,,,,59.0,,,WyJDalJJWDBoWGFIaFNkMkpSWkRSQlIxVnBkV2RDUnkwdExTMHRMUzB0TFhscGRISXhPVUZCUVVGQlIzRnNWVlJaUzBkUVFXdEJFZ1kyUlRVeU1qZ2FDZ2lLWUJBQUdnTkpUbEk0SEhER1pBPT0iLFtbIkJPTSIsIjIwMjYtMDktMTMiLCJIWUQiLG51bGwsIjZFIiwiNTIyOCJdXV0=,SerpApi,Google Flights,2026,9,37,13,6,Sunday,September,True,18,10001-15000,9.41727323724241,False,14554.923076923076,-15.506252180071234,2,13,INR,2026-09-12 18:48:43.945070,6aa5513516a5a880bbfaaee3,931,2026-09-12 18:48:43.991520
3eedd47b28f1131f680a07872361925844f024fc877bc5ea4c3f3388650f3b22,124,BOM,HYD,BOM-HYD,2026-09-13,2026-09-20,2026-09-12 18:48:43.993969,2026-09-12,1,0-3 days,Air India,Round trip,INR,12339.0,12339.0,,,0,100.0,,,,70.0,,,WyJDalJJWDBoWGFIaFNkMkpSWkRSQlIxVnBkV2RDUnkwdExTMHRMUzB0TFhscGRISXhPVUZCUVVGQlIzRnNWVlJaUzBkUVFXdEJFZ1ZCU1RReE54b0tDTE5nRUFBYUEwbE9VamdjY1BGayIsW1siQk9NIiwiMjAyNi0wOS0xMyIsIkhZRCIsbnVsbCwiQUkiLCI0MTciXV1d,SerpApi,Google Flights,2026,9,37,13,6,Sunday,September,True,18,10001-15000,9.42060129745938,False,14554.923076923076,-15.224560550487798,2,13,INR,2026-09-12 18:48:43.945070,6aa5513516a5a880bbfaaee3,932,2026-09-12 18:48:43.993969
f09e040ac5567890ea00f4f357be1a8482a0609a847799152bbe8401802829df,124,BOM,HYD,BOM-HYD,2026-09-13,2026-09-20,2026-09-12 18:48:43.996278,2026-09-12,1,0-3 days,Air India,Round trip,INR,12339.0,12339.0,,,0,95.0,,,,70.0,,,WyJDalJJWDBoWGFIaFNkMkpSWkRSQlIxVnBkV2RDUnkwdExTMHRMUzB0TFhscGRISXhPVUZCUVVGQlIzRnNWVlJaUzBkUVFXdEJFZ1pCU1RJME5EUWFDZ2l6WUJBQUdnTkpUbEk0SEhEeFpBPT0iLFtbIkJPTSIsIjIwMjYtMDktMTMiLCJIWUQiLG51bGwsIkFJIiwiMjQ0NCJdXV0=,SerpApi,Google Flights,2026,9,37,13,6,Sunday,September,True,18,10001-15000,9.42060129745938,False,14554.923076923076,-15.224560550487798,2,13,INR,2026-09-12 18:48:43.945070,6aa5513516a5a880bbfaaee3,933,2026-09-12 18:48:43.996278
4142110245b441b3048731817b75ba2214fcf54d1dcffc7a2cebcbdc165c35dc,125,BOM,MAA,BOM-MAA,2026-09-13,2026-09-20,2026-09-12 18:48:52.658659,2026-09-12,1,0-3 days,Air India,Round trip,INR,13983.0,13983.0,,,0,135.0,,,,97.0,,,WyJDalJJUTFadWJsaGlZWEZLY21OQlJXazJkbWRDUnkwdExTMHRMUzB0TFMxdmVXRjZOMEZCUVVGQlIzRnNWVlE0U1VReWFITkJFZ1pCU1RJNE1qRWFDZ2lmYlJBQUdnTkpUbEk0SEhDcGNnPT0iLFtbIkJPTSIsIjIwMjYtMDktMTMiLCJNQUEiLG51bGwsIkFJIiwiMjgyMSJdXV0=,SerpApi,Google Flights,2026,9,37,13,6,Sunday,September,True,18,10001-15000,9.545669097895317,False,15756.285714285714,-11.254465338096352,4,14,INR,2026-09-12 18:48:52.650295,6aa5513e01289bfcc85fc00b,935,2026-09-12 18:48:52.658659
46da0c61c8d0a3af95f00ccaf15f850af41d40cce4bd831b663714a09ad08f22,125,BOM,MAA,BOM-MAA,2026-09-13,2026-09-20,2026-09-12 18:48:52.661109,2026-09-12,1,0-3 days,Akasa Air,Round trip,INR,14360.0,14360.0,,,0,125.0,,,,83.0,,,WyJDalJJUTFadWJsaGlZWEZLY21OQlJXazJkbWRDUnkwdExTMHRMUzB0TFMxdmVXRjZOMEZCUVVGQlIzRnNWVlE0U1VReWFITkJFZ1pSVURFeE5EVWFDZ2lZY0JBQUdnTkpUbEk0SEhDMGRRPT0iLFtbIkJPTSIsIjIwMjYtMDktMTMiLCJNQUEiLG51bGwsIlFQIiwiMTE0NSJdXV0=,SerpApi,Google Flights,2026,9,37,13,6,Sunday,September,True,18,10001-15000,9.57227147806062,False,15756.285714285714,-8.86176945255408,4,14,INR,2026-09-12 18:48:52.650295,6aa5513e01289bfcc85fc00b,936,2026-09-12 18:48:52.661109
52b5a180aeba85dd2d7e700603251095da3cfad6fd34ecf5088f52a2dbfd732b,125,BOM,MAA,BOM-MAA,2026-09-13,2026-09-20,2026-09-12 18:48:52.663623,2026-09-12,1,0-3 days,IndiGo,Round trip,INR,13981.0,13981.0,,,0,120.0,,,,83.0,,,WyJDalJJUTFadWJsaGlZWEZLY21OQlJXazJkbWRDUnkwdExTMHRMUzB0TFMxdmVXRjZOMEZCUVVGQlIzRnNWVlE0U1VReWFITkJFZ1UyUlRFek5ob0tDSjF0RUFBYUEwbE9VamdjY0tkeSIsW1siQk9NIiwiMjAyNi0wOS0xMyIsIk1BQSIsbnVsbCwiNkUiLCIxMzYiXV1d,SerpApi,Google Flights,2026,9,37,13,6,Sunday,September,True,18,10001-15000,9.54552606707193,False,15756.285714285714,-11.267158684969258,4,14,INR,2026-09-12 18:48:52.650295,6aa5513e01289bfcc85fc00b,937,2026-09-12 18:48:52.663623
c761ae21c21d121d100a8ce0f5cc59da704402c701f3e969170ec366c5a54904,125,BOM,MAA,BOM-MAA,2026-09-13,2026-09-20,2026-09-12 18:48:52.675889,2026-09-12,1,0-3 days,IndiGo,Round trip,INR,13981.0,13981.0,,,0,130.0,,,,83.0,,,WyJDalJJUTFadWJsaGlZWEZLY21OQlJXazJkbWRDUnkwdExTMHRMUzB0TFMxdmVXRjZOMEZCUVVGQlIzRnNWVlE0U1VReWFITkJFZ1kyUlRVd05EZ2FDZ2lkYlJBQUdnTkpUbEk0SEhDbmNnPT0iLFtbIkJPTSIsIjIwMjYtMDktMTMiLCJNQUEiLG51bGwsIjZFIiwiNTA0OCJdXV0=,SerpApi,Google Flights,2026,9,37,13,6,Sunday,September,True,18,10001-15000,9.54552606707193,False,15756.285714285714,-11.267158684969258,4,14,INR,2026-09-12 18:48:52.650295,6aa5513e01289bfcc85fc00b,942,2026-09-12 18:48:52.675889
9e4f11cb1a4c8e67b1e0a337a4daf7f4ddc9fece3b0a3ed17dda496825d89180,125,BOM,MAA,BOM-MAA,2026-09-13,2026-09-20,2026-09-12 18:48:52.682839,2026-09-12,1,0-3 days,IndiGo,Round trip,INR,13981.0,13981.0,,,0,125.0,,,,86.0,,,WyJDalJJUTFadWJsaGlZWEZLY21OQlJXazJkbWRDUnkwdExTMHRMUzB0TFMxdmVXRjZOMEZCUVVGQlIzRnNWVlE0U1VReWFITkJFZ1kyUlRZeE16Y2FDZ2lkYlJBQUdnTkpUbEk0SEhDbmNnPT0iLFtbIkJPTSIsIjIwMjYtMDktMTMiLCJNQUEiLG51bGwsIjZFIiwiNjEzNyJdXV0=,SerpApi,Google Flights,2026,9,37,13,6,Sunday,September,True,18,10001-15000,9.54552606707193,False,15756.285714285714,-11.267158684969258,4,14,INR,2026-09-12 18:48:52.650295,6aa5513e01289bfcc85fc00b,945,2026-09-12 18:48:52.682839
189c2bb40502e9ed714a069ce7457b707839948258ef0a762d1b7b30c5170950,125,BOM,MAA,BOM-MAA,2026-09-13,2026-09-20,2026-09-12 18:48:52.685142,2026-09-12,1,0-3 days,Air India,Round trip,INR,13983.0,13983.0,,,0,125.0,,,,97.0,,,WyJDalJJUTFadWJsaGlZWEZLY21OQlJXazJkbWRDUnkwdExTMHRMUzB0TFMxdmVXRjZOMEZCUVVGQlIzRnNWVlE0U1VReWFITkJFZ1pCU1RJNE1qY2FDZ2lmYlJBQUdnTkpUbEk0SEhDcGNnPT0iLFtbIkJPTSIsIjIwMjYtMDktMTMiLCJNQUEiLG51bGwsIkFJIiwiMjgyNyJdXV0=,SerpApi,Google Flights,2026,9,37,13,6,Sunday,September,True,18,10001-15000,9.545669097895317,False,15756.285714285714,-11.254465338096352,4,14,INR,2026-09-12 18:48:52.650295,6aa5513e01289bfcc85fc00b,946,2026-09-12 18:48:52.685142
e9521d4a72868f6a5750af0c820845431d2939d3596d0f86c4a107aa998644d4,125,BOM,MAA,BOM-MAA,2026-09-13,2026-09-20,2026-09-12 18:48:52.688504,2026-09-12,1,0-3 days,Air India,Round trip,INR,13983.0,13983.0,,,0,130.0,,,,97.0,,,WyJDalJJUTFadWJsaGlZWEZLY21OQlJXazJkbWRDUnkwdExTMHRMUzB0TFMxdmVXRjZOMEZCUVVGQlIzRnNWVlE0U1VReWFITkJFZ1ZCU1RZek9Sb0tDSjl0RUFBYUEwbE9VamdjY0tseSIsW1siQk9NIiwiMjAyNi0wOS0xMyIsIk1BQSIsbnVsbCwiQUkiLCI2MzkiXV1d,SerpApi,Google Flights,2026,9,37,13,6,Sunday,September,True,18,10001-15000,9.545669097895317,False,15756.285714285714,-11.254465338096352,4,14,INR,2026-09-12 18:48:52.650295,6aa5513e01289bfcc85fc00b,947,2026-09-12 18:48:52.688504
6a20adaabe6876ff3fade3c3ed7f27939fcab5bf57c057a50889834f587a9c05,125,BOM,MAA,BOM-MAA,2026-09-13,2026-09-20,2026-09-12 18:48:52.690932,2026-09-12,1,0-3 days,Air India,Round trip,INR,14393.0,14393.0,,,0,130.0,,,,97.0,,,WyJDalJJUTFadWJsaGlZWEZLY21OQlJXazJkbWRDUnkwdExTMHRMUzB0TFMxdmVXRjZOMEZCUVVGQlIzRnNWVlE0U1VReWFITkJFZ1pCU1RJM09EQWFDZ2k1Y0JBQUdnTkpUbEk0SEhEV2RRPT0iLFtbIkJPTSIsIjIwMjYtMDktMTMiLCJNQUEiLG51bGwsIkFJIiwiMjc4MCJdXV0=,SerpApi,Google Flights,2026,9,37,13,6,Sunday,September,True,18,10001-15000,9.57456673206775,False,15756.285714285714,-8.652329229151178,4,14,INR,2026-09-12 18:48:52.650295,6aa5513e01289bfcc85fc00b,948,2026-09-12 18:48:52.690932
90a26d9a391d6a8cf97bbba13f3863592b5d754654da7bae1032560c1da52fd0,125,BOM,MAA,BOM-MAA,2026-09-13,2026-09-20,2026-09-12 18:48:52.693224,2026-09-12,1,0-3 days,Air India,Round trip,INR,14393.0,14393.0,,,0,140.0,,,,97.0,,,WyJDalJJUTFadWJsaGlZWEZLY21OQlJXazJkbWRDUnkwdExTMHRMUzB0TFMxdmVXRjZOMEZCUVVGQlIzRnNWVlE0U1VReWFITkJFZ1ZCU1RRek5Sb0tDTGx3RUFBYUEwbE9VamdjY05aMSIsW1siQk9NIiwiMjAyNi0wOS0xMyIsIk1BQSIsbnVsbCwiQUkiLCI0MzUiXV1d,SerpApi,Google Flights,2026,9,37,13,6,Sunday,September,True,18,10001-15000,9.57456673206775,False,15756.285714285714,-8.652329229151178,4,14,INR,2026-09-12 18:48:52.650295,6aa5513e01289bfcc85fc00b,949,2026-09-12 18:48:52.693224
52ae18f802196a9a80b23921164968baf9d94e5ef180163097e0ce6ef6505d26,125,BOM,MAA,BOM-MAA,2026-09-13,2026-09-20,2026-09-12 18:48:52.695419,2026-09-12,1,0-3 days,Air India,Round trip,INR,14566.0,14566.0,,,0,130.0,,,,97.0,,,WyJDalJJUTFadWJsaGlZWEZLY21OQlJXazJkbWRDUnkwdExTMHRMUzB0TFMxdmVXRjZOMEZCUVVGQlIzRnNWVlE0U1VReWFITkJFZ1pCU1RJM016a2FDZ2ptY1JBQUdnTkpUbEk0SEhDTGR3PT0iLFtbIkJPTSIsIjIwMjYtMDktMTMiLCJNQUEiLG51bGwsIkFJIiwiMjczOSJdXV0=,SerpApi,Google Flights,2026,9,37,13,6,Sunday,September,True,18,10001-15000,9.586513975448948,False,15756.285714285714,-7.554354724645041,4,14,INR,2026-09-12 18:48:52.650295,6aa5513e01289bfcc85fc00b,950,2026-09-12 18:48:52.695419
2830f716af4642c903d964330a75def1226e8bdff38d69d49d6871ccbc0453ba,125,BOM,MAA,BOM-MAA,2026-09-13,2026-09-20,2026-09-12 18:48:52.697838,2026-09-12,1,0-3 days,"Air India, Air India Express",Round trip,INR,22360.0,22360.0,,,1,510.0,,,,152.0,,,WyJDalJJUTFadWJsaGlZWEZLY21OQlJXazJkbWRDUnkwdExTMHRMUzB0TFMxdmVXRjZOMEZCUVVGQlIzRnNWVlE0U1VReWFITkJFZzFCU1RNek1EVjhTVmd4TkRjeUdnc0kySzRCRUFBYUEwbE9VamdjY09pMkFRPT0iLFtbIkJPTSIsIjIwMjYtMDktMTMiLCJCTFIiLG51bGwsIkFJIiwiMzMwNSJdLFsiQkxSIiwiMjAyNi0wOS0xNCIsIk1BQSIsbnVsbCwiSVgiLCIxNDcyIl1dXQ==,SerpApi,Google Flights,2026,9,37,13,6,Sunday,September,True,18,15001-25000,10.015073648988146,True,15756.285714285714,41.91161803905925,4,14,INR,2026-09-12 18:48:52.650295,6aa5513e01289bfcc85fc00b,951,2026-09-12 18:48:52.697838
d66003491769c86c61eda3ea5d8f14d853b0ab5e7e86840588103375ad526fd2,125,BOM,MAA,BOM-MAA,2026-09-13,2026-09-20,2026-09-12 18:48:52.700587,2026-09-12,1,0-3 days,"Air India, Air India Express",Round trip,INR,22838.0,22838.0,,,1,290.0,,,,130.0,,,WyJDalJJUTFadWJsaGlZWEZLY21OQlJXazJkbWRDUnkwdExTMHRMUzB0TFMxdmVXRjZOMEZCUVVGQlIzRnNWVlE0U1VReWFITkJFZzFCU1RJMk5ERjhTVmd5TnpnM0dnc0l0cklCRUFBYUEwbE9VamdjY055NkFRPT0iLFtbIkJPTSIsIjIwMjYtMDktMTMiLCJCTFIiLG51bGwsIkFJIiwiMjY0MSJdLFsiQkxSIiwiMjAyNi0wOS0xMyIsIk1BQSIsbnVsbCwiSVgiLCIyNzg3Il1dXQ==,SerpApi,Google Flights,2026,9,37,13,6,Sunday,September,True,18,15001-25000,10.036224879974322,True,15756.285714285714,44.94532794168313,4,14,INR,2026-09-12 18:48:52.650295,6aa5513e01289bfcc85fc00b,952,2026-09-12 18:48:52.700587
e1090579ed00732c8897ac5ff6f428078afb69367674df2193411c9bd20d8970,126,BOM,CCU,BOM-CCU,2026-09-13,2026-09-20,2026-09-12 18:49:01.667680,2026-09-12,1,0-3 days,IndiGo,Round trip,INR,17327.0,17327.0,,,0,165.0,,,,120.0,,,WyJDalJJVGxaWU5VRk5WRzFOYkRCQlIzZFhPWGRDUnkwdExTMHRMUzB0TFMxMmRHaGlNVUZCUVVGQlIzRnNWVlZuU0VORVEybEJFZ1kyUlRZek5qY2FDd2l2aHdFUUFCb0RTVTVTT0J4dzFZMEIiLFtbIkJPTSIsIjIwMjYtMDktMTMiLCJDQ1UiLG51bGwsIjZFIiwiNjM2NyJdXV0=,SerpApi,Google Flights,2026,9,37,13,6,Sunday,September,True,18,15001-25000,9.760078969240771,False,18431.2,-5.9909284257129265,3,15,INR,2026-09-12 18:49:01.660233,6aa551476372f3b4ade792c0,954,2026-09-12 18:49:01.667680
5906c703521b02a41c354d12edd40cef4bbcf9c95bb49628fa1077627832427c,126,BOM,CCU,BOM-CCU,2026-09-13,2026-09-20,2026-09-12 18:49:01.670493,2026-09-12,1,0-3 days,Air India,Round trip,INR,17415.0,17415.0,,,0,170.0,,,,139.0,,,WyJDalJJVGxaWU5VRk5WRzFOYkRCQlIzZFhPWGRDUnkwdExTMHRMUzB0TFMxMmRHaGlNVUZCUVVGQlIzRnNWVlZuU0VORVEybEJFZ1pCU1RJM056RWFDd2lIaUFFUUFCb0RTVTVTT0J4d3NZNEIiLFtbIkJPTSIsIjIwMjYtMDktMTMiLCJDQ1UiLG51bGwsIkFJIiwiMjc3MSJdXV0=,SerpApi,Google Flights,2026,9,37,13,6,Sunday,September,True,18,15001-25000,9.765144602914383,False,18431.2,-5.513477147445645,3,15,INR,2026-09-12 18:49:01.660233,6aa551476372f3b4ade792c0,955,2026-09-12 18:49:01.670493
6749e3c930025b478d723cd849b6e477acfe0a542e831d83fbc4cf2844e1ef5b,126,BOM,CCU,BOM-CCU,2026-09-13,2026-09-20,2026-09-12 18:49:01.674674,2026-09-12,1,0-3 days,Akasa Air,Round trip,INR,16965.0,16965.0,,,0,175.0,,,,117.0,,,WyJDalJJVGxaWU5VRk5WRzFOYkRCQlIzZFhPWGRDUnkwdExTMHRMUzB0TFMxMmRHaGlNVUZCUVVGQlIzRnNWVlZuU0VORVEybEJFZ1pSVURFeE1qVWFDd2pGaEFFUUFCb0RTVTVTT0J4dzJvb0IiLFtbIkJPTSIsIjIwMjYtMDktMTMiLCJDQ1UiLG51bGwsIlFQIiwiMTEyNSJdXV0=,SerpApi,Google Flights,2026,9,37,13,6,Sunday,September,True,18,15001-25000,9.73896662036768,False,18431.2,-7.954989365857901,3,15,INR,2026-09-12 18:49:01.660233,6aa551476372f3b4ade792c0,956,2026-09-12 18:49:01.674674
52161f2ad44c994a55d691911733b2ed8489a2375fd9349fe3e9709b2fac336f,126,BOM,CCU,BOM-CCU,2026-09-13,2026-09-20,2026-09-12 18:49:01.677844,2026-09-12,1,0-3 days,Air India,Round trip,INR,17069.0,17069.0,,,0,170.0,,,,139.0,,,WyJDalJJVGxaWU5VRk5WRzFOYkRCQlIzZFhPWGRDUnkwdExTMHRMUzB0TFMxMmRHaGlNVUZCUVVGQlIzRnNWVlZuU0VORVEybEJFZ1pCU1RJME9ERWFDd2l0aFFFUUFCb0RTVTVTT0J4d3g0c0IiLFtbIkJPTSIsIjIwMjYtMDktMTMiLCJDQ1UiLG51bGwsIkFJIiwiMjQ4MSJdXV0=,SerpApi,Google Flights,2026,9,37,13,6,Sunday,September,True,18,15001-25000,9.745077815788486,False,18431.2,-7.390728764269284,3,15,INR,2026-09-12 18:49:01.660233,6aa551476372f3b4ade792c0,957,2026-09-12 18:49:01.677844
f454e5f366f949b19f92de5de3beb8f0912ea9e6d6711c427fb788ad31b44f6d,126,BOM,CCU,BOM-CCU,2026-09-13,2026-09-20,2026-09-12 18:49:01.681476,2026-09-12,1,0-3 days,IndiGo,Round trip,INR,17069.0,17069.0,,,0,170.0,,,,120.0,,,WyJDalJJVGxaWU5VRk5WRzFOYkRCQlIzZFhPWGRDUnkwdExTMHRMUzB0TFMxMmRHaGlNVUZCUVVGQlIzRnNWVlZuU0VORVEybEJFZ1kyUlRVd09EWWFDd2l0aFFFUUFCb0RTVTVTT0J4d3g0c0IiLFtbIkJPTSIsIjIwMjYtMDktMTMiLCJDQ1UiLG51bGwsIjZFIiwiNTA4NiJdXV0=,SerpApi,Google Flights,2026,9,37,13,6,Sunday,September,True,18,15001-25000,9.745077815788486,False,18431.2,-7.390728764269284,3,15,INR,2026-09-12 18:49:01.660233,6aa551476372f3b4ade792c0,958,2026-09-12 18:49:01.681476
32c6e82fc9aa464295f7a4ff37bfd0d10de2f4acdaaa4fe151406df7a450a768,126,BOM,CCU,BOM-CCU,2026-09-13,2026-09-20,2026-09-12 18:49:01.685307,2026-09-12,1,0-3 days,IndiGo,Round trip,INR,17069.0,17069.0,,,0,175.0,,,,120.0,,,WyJDalJJVGxaWU5VRk5WRzFOYkRCQlIzZFhPWGRDUnkwdExTMHRMUzB0TFMxMmRHaGlNVUZCUVVGQlIzRnNWVlZuU0VORVEybEJFZ1kyUlRZeU9EY2FDd2l0aFFFUUFCb0RTVTVTT0J4d3g0c0IiLFtbIkJPTSIsIjIwMjYtMDktMTMiLCJDQ1UiLG51bGwsIjZFIiwiNjI4NyJdXV0=,SerpApi,Google Flights,2026,9,37,13,6,Sunday,September,True,18,15001-25000,9.745077815788486,False,18431.2,-7.390728764269284,3,15,INR,2026-09-12 18:49:01.660233,6aa551476372f3b4ade792c0,959,2026-09-12 18:49:01.685307
4345777b85fbc33e5776a3519043ceb460484b383a36c0f944d1a8539cd07aa1,126,BOM,CCU,BOM-CCU,2026-09-13,2026-09-20,2026-09-12 18:49:01.691677,2026-09-12,1,0-3 days,Air India,Round trip,INR,17069.0,17069.0,,,0,185.0,,,,139.0,,,WyJDalJJVGxaWU5VRk5WRzFOYkRCQlIzZFhPWGRDUnkwdExTMHRMUzB0TFMxMmRHaGlNVUZCUVVGQlIzRnNWVlZuU0VORVEybEJFZ1pCU1RJMk5ETWFDd2l0aFFFUUFCb0RTVTVTT0J4d3g0c0IiLFtbIkJPTSIsIjIwMjYtMDktMTMiLCJDQ1UiLG51bGwsIkFJIiwiMjY0MyJdXV0=,SerpApi,Google Flights,2026,9,37,13,6,Sunday,September,True,18,15001-25000,9.745077815788486,False,18431.2,-7.390728764269284,3,15,INR,2026-09-12 18:49:01.660233,6aa551476372f3b4ade792c0,960,2026-09-12 18:49:01.691677
ba8498dab5b9e20c204dc4548b362a59d8b91ae1aeca0f9c07c63a5e385fce68,126,BOM,CCU,BOM-CCU,2026-09-13,2026-09-20,2026-09-12 18:49:01.699725,2026-09-12,1,0-3 days,Air India,Round trip,INR,17415.0,17415.0,,,0,175.0,,,,139.0,,,WyJDalJJVGxaWU5VRk5WRzFOYkRCQlIzZFhPWGRDUnkwdExTMHRMUzB0TFMxMmRHaGlNVUZCUVVGQlIzRnNWVlZuU0VORVEybEJFZ1pCU1RJME56RWFDd2lIaUFFUUFCb0RTVTVTT0J4d3NZNEIiLFtbIkJPTSIsIjIwMjYtMDktMTMiLCJDQ1UiLG51bGwsIkFJIiwiMjQ3MSJdXV0=,SerpApi,Google Flights,2026,9,37,13,6,Sunday,September,True,18,15001-25000,9.765144602914383,False,18431.2,-5.513477147445645,3,15,INR,2026-09-12 18:49:01.660233,6aa551476372f3b4ade792c0,961,2026-09-12 18:49:01.699725
f101aee80293f205e30a8a8b2b51630e06bc6004c81bfd9322189502e3c612cf,126,BOM,CCU,BOM-CCU,2026-09-13,2026-09-20,2026-09-12 18:49:01.708027,2026-09-12,1,0-3 days,IndiGo,Round trip,INR,17799.0,17799.0,,,0,165.0,,,,120.0,,,WyJDalJJVGxaWU5VRk5WRzFOYkRCQlIzZFhPWGRDUnkwdExTMHRMUzB0TFMxMmRHaGlNVUZCUVVGQlIzRnNWVlZuU0VORVEybEJFZ1kyUlRVek5UUWFDd2lIaXdFUUFCb0RTVTVTT0J4d3c1RUIiLFtbIkJPTSIsIjIwMjYtMDktMTMiLCJDQ1UiLG51bGwsIjZFIiwiNTM1NCJdXV0=,SerpApi,Google Flights,2026,9,37,13,6,Sunday,September,True,18,15001-25000,9.786953736280177,False,18431.2,-3.4300533877338446,3,15,INR,2026-09-12 18:49:01.660233,6aa551476372f3b4ade792c0,963,2026-09-12 18:49:01.708027
33623177aa9677c2c178344b7df1dbfeb0755ef5b32c029219ec9ac7dd416d93,126,BOM,CCU,BOM-CCU,2026-09-13,2026-09-20,2026-09-12 18:49:01.711639,2026-09-12,1,0-3 days,IndiGo,Round trip,INR,18062.0,18062.0,,,0,165.0,,,,120.0,,,WyJDalJJVGxaWU5VRk5WRzFOYkRCQlIzZFhPWGRDUnkwdExTMHRMUzB0TFMxMmRHaGlNVUZCUVVGQlIzRnNWVlZuU0VORVEybEJFZ1kyUlRVeU16a2FDd2lPalFFUUFCb0RTVTVTT0J4dzFwTUIiLFtbIkJPTSIsIjIwMjYtMDktMTMiLCJDQ1UiLG51bGwsIjZFIiwiNTIzOSJdXV0=,SerpApi,Google Flights,2026,9,37,13,6,Sunday,September,True,18,15001-25000,9.801620926132557,False,18431.2,-2.003125135639572,3,15,INR,2026-09-12 18:49:01.660233,6aa551476372f3b4ade792c0,964,2026-09-12 18:49:01.711639
80b94c3bb94299ed143a13d49c44fde96962182c4b5bd6b3809a63b5b42419f6,126,BOM,CCU,BOM-CCU,2026-09-13,2026-09-20,2026-09-12 18:49:01.714204,2026-09-12,1,0-3 days,IndiGo,Round trip,INR,18692.0,18692.0,,,0,170.0,,,,120.0,,,WyJDalJJVGxaWU5VRk5WRzFOYkRCQlIzZFhPWGRDUnkwdExTMHRMUzB0TFMxMmRHaGlNVUZCUVVGQlIzRnNWVlZuU0VORVEybEJFZ1kyUlRVeE5qVWFDd2lFa2dFUUFCb0RTVTVTT0J4dzZaZ0IiLFtbIkJPTSIsIjIwMjYtMDktMTMiLCJDQ1UiLG51bGwsIjZFIiwiNTE2NSJdXV0=,SerpApi,Google Flights,2026,9,37,13,6,Sunday,September,True,18,15001-25000,9.835904401212332,False,18431.2,1.4149919701375913,3,15,INR,2026-09-12 18:49:01.660233,6aa551476372f3b4ade792c0,965,2026-09-12 18:49:01.714204
32681f047f12a71aa256c5b4e4b3089f72c3a5c03aebce5de6679813f79770d2,126,BOM,CCU,BOM-CCU,2026-09-13,2026-09-20,2026-09-12 18:49:01.716721,2026-09-12,1,0-3 days,IndiGo,Round trip,INR,19020.0,19020.0,,,1,360.0,,,,161.0,,,WyJDalJJVGxaWU5VRk5WRzFOYkRCQlIzZFhPWGRDUnkwdExTMHRMUzB0TFMxMmRHaGlNVUZCUVVGQlIzRnNWVlZuU0VORVEybEJFZ3cyUlRJeU16ZDhOa1V6TVRrYUN3ak1sQUVRQUJvRFNVNVNPQnh3d1pzQiIsW1siQk9NIiwiMjAyNi0wOS0xMyIsIkFNRCIsbnVsbCwiNkUiLCIyMjM3Il0sWyJBTUQiLCIyMDI2LTA5LTEzIiwiQ0NVIixudWxsLCI2RSIsIjMxOSJdXV0=,SerpApi,Google Flights,2026,9,37,13,6,Sunday,September,True,18,15001-25000,9.85329891095284,False,18431.2,3.1945830982247347,3,15,INR,2026-09-12 18:49:01.660233,6aa551476372f3b4ade792c0,966,2026-09-12 18:49:01.716721
7f645df916e9b5774234cedff73f0758ad6f5e015a1fb23115f730618467c4d3,126,BOM,CCU,BOM-CCU,2026-09-13,2026-09-20,2026-09-12 18:49:01.720199,2026-09-12,1,0-3 days,Akasa Air,Round trip,INR,19107.0,19107.0,,,0,170.0,,,,122.0,,,WyJDalJJVGxaWU5VRk5WRzFOYkRCQlIzZFhPWGRDUnkwdExTMHRMUzB0TFMxMmRHaGlNVUZCUVVGQlIzRnNWVlZuU0VORVEybEJFZ1pSVURFeE16VWFDd2lqbFFFUUFCb0RTVTVTT0J4d25Kd0IiLFtbIkJPTSIsIjIwMjYtMDktMTMiLCJDQ1UiLG51bGwsIlFQIiwiMTEzNSJdXV0=,SerpApi,Google Flights,2026,9,37,13,6,Sunday,September,True,18,15001-25000,9.857862374509853,False,18431.2,3.6666087937844427,3,15,INR,2026-09-12 18:49:01.660233,6aa551476372f3b4ade792c0,967,2026-09-12 18:49:01.720199
7b35d787c54402ab88130e582bbb9b1480fabbb040ad8bc3ed4f10c80f2ca1ef,126,BOM,CCU,BOM-CCU,2026-09-13,2026-09-20,2026-09-12 18:49:01.722598,2026-09-12,1,0-3 days,IndiGo,Round trip,INR,21831.0,21831.0,,,1,295.0,,,,158.0,,,WyJDalJJVGxaWU5VRk5WRzFOYkRCQlIzZFhPWGRDUnkwdExTMHRMUzB0TFMxMmRHaGlNVUZCUVVGQlIzRnNWVlZuU0VORVEybEJFZ3cyUlRVek9EWjhOa1V5T0RNYUN3akhxZ0VRQUJvRFNVNVNPQnh3dnJJQiIsW1siQk9NIiwiMjAyNi0wOS0xMyIsIkhZRCIsbnVsbCwiNkUiLCI1Mzg2Il0sWyJIWUQiLCIyMDI2LTA5LTEzIiwiQ0NVIixudWxsLCI2RSIsIjI4MyJdXV0=,SerpApi,Google Flights,2026,9,37,13,6,Sunday,September,True,18,15001-25000,9.991132062388175,True,18431.2,18.445896089239987,3,15,INR,2026-09-12 18:49:01.660233,6aa551476372f3b4ade792c0,968,2026-09-12 18:49:01.722598
3cac888a59ff0ef2b7d67377f0ef796da3cf9fd08f5a67c5a459dab3a8ee0803,127,BOM,PNQ,BOM-PNQ,2026-09-13,2026-09-20,2026-09-12 18:49:15.904332,2026-09-12,1,0-3 days,"Air India, Air India Express",Round trip,INR,23774.0,23774.0,,,1,355.0,,,,186.0,,,WyJDalJJWm1SS1N6UTFOR0V4TUhkQlNVdDZWbWRDUnkwdExTMHRMUzB0TFhaMGJtTXlOVUZCUVVGQlIzRnNWVlpGVFhWV1FWTkJFZzFCU1RNek1EVjhTVmd5T0Rjekdnc0kzcmtCRUFBYUEwbE9VamdjY0xEQ0FRPT0iLFtbIkJPTSIsIjIwMjYtMDktMTMiLCJCTFIiLG51bGwsIkFJIiwiMzMwNSJdLFsiQkxSIiwiMjAyNi0wOS0xNCIsIlBOUSIsbnVsbCwiSVgiLCIyODczIl1dXQ==,SerpApi,Google Flights,2026,9,37,13,6,Sunday,September,True,18,15001-25000,10.07638988741359,False,24724.555555555555,-3.8445809608980697,2,9,INR,2026-09-12 18:49:15.899359,6aa5515002ab8c6cbe26d5e7,969,2026-09-12 18:49:15.904332
0b9b8073f0498211a9434ba9b1fb6b18f498fc41547259b21cee28665487267d,127,BOM,PNQ,BOM-PNQ,2026-09-13,2026-09-20,2026-09-12 18:49:15.929392,2026-09-12,1,0-3 days,Air India,Round trip,INR,24453.0,24453.0,,,1,315.0,,,,211.0,,,WyJDalJJWm1SS1N6UTFOR0V4TUhkQlNVdDZWbWRDUnkwdExTMHRMUzB0TFhaMGJtTXlOVUZCUVVGQlIzRnNWVlpGVFhWV1FWTkJFZzFCU1RJNU5EUjhRVWt5TlRRM0dnc0loYjhCRUFBYUEwbE9VamdjY1BiSEFRPT0iLFtbIkJPTSIsIjIwMjYtMDktMTMiLCJERUwiLG51bGwsIkFJIiwiMjk0NCJdLFsiREVMIiwiMjAyNi0wOS0xMyIsIlBOUSIsbnVsbCwiQUkiLCIyNTQ3Il1dXQ==,SerpApi,Google Flights,2026,9,37,13,6,Sunday,September,True,18,15001-25000,10.104549080704135,False,24724.555555555555,-1.098323304317339,2,9,INR,2026-09-12 18:49:15.899359,6aa5515002ab8c6cbe26d5e7,970,2026-09-12 18:49:15.929392
6aceace51660349b17eab424ca93eccc8c09481cea222544942df473f64c6a2a,127,BOM,PNQ,BOM-PNQ,2026-09-13,2026-09-20,2026-09-12 18:49:15.931162,2026-09-12,1,0-3 days,Air India,Round trip,INR,24453.0,24453.0,,,1,335.0,,,,211.0,,,WyJDalJJWm1SS1N6UTFOR0V4TUhkQlNVdDZWbWRDUnkwdExTMHRMUzB0TFhaMGJtTXlOVUZCUVVGQlIzRnNWVlpGVFhWV1FWTkJFZzFCU1RJNU9EaDhRVWt5TmpBNUdnc0loYjhCRUFBYUEwbE9VamdjY1BiSEFRPT0iLFtbIkJPTSIsIjIwMjYtMDktMTMiLCJERUwiLG51bGwsIkFJIiwiMjk4OCJdLFsiREVMIiwiMjAyNi0wOS0xMyIsIlBOUSIsbnVsbCwiQUkiLCIyNjA5Il1dXQ==,SerpApi,Google Flights,2026,9,37,13,6,Sunday,September,True,18,15001-25000,10.104549080704135,False,24724.555555555555,-1.098323304317339,2,9,INR,2026-09-12 18:49:15.899359,6aa5515002ab8c6cbe26d5e7,971,2026-09-12 18:49:15.931162
732e1ece4782b607aa9d1ac7323e11f58c3624568685fcac78e6ffb02449c271,127,BOM,PNQ,BOM-PNQ,2026-09-13,2026-09-20,2026-09-12 18:49:15.932684,2026-09-12,1,0-3 days,Air India,Round trip,INR,24453.0,24453.0,,,1,340.0,,,,211.0,,,WyJDalJJWm1SS1N6UTFOR0V4TUhkQlNVdDZWbWRDUnkwdExTMHRMUzB0TFhaMGJtTXlOVUZCUVVGQlIzRnNWVlpGVFhWV1FWTkJFZzFCU1RJNU9EWjhRVWt5TnpFeEdnc0loYjhCRUFBYUEwbE9VamdjY1BiSEFRPT0iLFtbIkJPTSIsIjIwMjYtMDktMTMiLCJERUwiLG51bGwsIkFJIiwiMjk4NiJdLFsiREVMIiwiMjAyNi0wOS0xNCIsIlBOUSIsbnVsbCwiQUkiLCIyNzExIl1dXQ==,SerpApi,Google Flights,2026,9,37,13,6,Sunday,September,True,18,15001-25000,10.104549080704135,False,24724.555555555555,-1.098323304317339,2,9,INR,2026-09-12 18:49:15.899359,6aa5515002ab8c6cbe26d5e7,972,2026-09-12 18:49:15.932684
42a1d895936a46177247c58eff9ddf9e83adbb54d4dd200f5cf241941caf0702,127,BOM,PNQ,BOM-PNQ,2026-09-13,2026-09-20,2026-09-12 18:49:15.934326,2026-09-12,1,0-3 days,Air India,Round trip,INR,24615.0,24615.0,,,1,315.0,,,,211.0,,,WyJDalJJWm1SS1N6UTFOR0V4TUhkQlNVdDZWbWRDUnkwdExTMHRMUzB0TFhaMGJtTXlOVUZCUVVGQlIzRnNWVlpGVFhWV1FWTkJFZzFCU1RJMk56ZDhRVWt5T1RjeEdnc0lwOEFCRUFBYUEwbE9VamdjY0tESkFRPT0iLFtbIkJPTSIsIjIwMjYtMDktMTMiLCJERUwiLG51bGwsIkFJIiwiMjY3NyJdLFsiREVMIiwiMjAyNi0wOS0xMyIsIlBOUSIsbnVsbCwiQUkiLCIyOTcxIl1dXQ==,SerpApi,Google Flights,2026,9,37,13,6,Sunday,September,True,18,15001-25000,10.111151917001878,False,24724.555555555555,-0.4431042463407864,2,9,INR,2026-09-12 18:49:15.899359,6aa5515002ab8c6cbe26d5e7,973,2026-09-12 18:49:15.934326
31cf574464944e4721a60b8a9f36cb380e93f271446ac1b22cc63e66d8be6323,127,BOM,PNQ,BOM-PNQ,2026-09-13,2026-09-20,2026-09-12 18:49:15.935585,2026-09-12,1,0-3 days,"Air India, Air India Express",Round trip,INR,24424.0,24424.0,,,1,300.0,,,,160.0,,,WyJDalJJWm1SS1N6UTFOR0V4TUhkQlNVdDZWbWRDUnkwdExTMHRMUzB0TFhaMGJtTXlOVUZCUVVGQlIzRnNWVlpGVFhWV1FWTkJFZzFCU1RJMk5ERjhTVmd5Tmpnd0dnc0k2TDRCRUFBYUEwbE9VamdjY05qSEFRPT0iLFtbIkJPTSIsIjIwMjYtMDktMTMiLCJCTFIiLG51bGwsIkFJIiwiMjY0MSJdLFsiQkxSIiwiMjAyNi0wOS0xMyIsIlBOUSIsbnVsbCwiSVgiLCIyNjgwIl1dXQ==,SerpApi,Google Flights,2026,9,37,13,6,Sunday,September,True,18,15001-25000,10.103362476910984,False,24724.555555555555,-1.21561560481932,2,9,INR,2026-09-12 18:49:15.899359,6aa5515002ab8c6cbe26d5e7,974,2026-09-12 18:49:15.935585
1ac8ca178d3f0fffa33f4590b084de845b18a71a4c234db789ba59ad9e4c8822,127,BOM,PNQ,BOM-PNQ,2026-09-13,2026-09-20,2026-09-12 18:49:15.937014,2026-09-12,1,0-3 days,"Air India, Air India Express",Round trip,INR,25188.0,25188.0,,,1,465.0,,,,160.0,,,WyJDalJJWm1SS1N6UTFOR0V4TUhkQlNVdDZWbWRDUnkwdExTMHRMUzB0TFhaMGJtTXlOVUZCUVVGQlIzRnNWVlpGVFhWV1FWTkJFZzFCU1RJMk1ETjhTVmd4T1RjeEdnc0k1TVFCRUFBYUEwbE9VamdjY1BqTkFRPT0iLFtbIkJPTSIsIjIwMjYtMDktMTMiLCJCTFIiLG51bGwsIkFJIiwiMjYwMyJdLFsiQkxSIiwiMjAyNi0wOS0xMyIsIlBOUSIsbnVsbCwiSVgiLCIxOTcxIl1dXQ==,SerpApi,Google Flights,2026,9,37,13,6,Sunday,September,True,18,25000+,10.134162670265685,False,24724.555555555555,1.8744298290947814,2,9,INR,2026-09-12 18:49:15.899359,6aa5515002ab8c6cbe26d5e7,975,2026-09-12 18:49:15.937014
3417cae2670ac328e2e599ab7fbc54d1fd0969552ecf5546942871d78425c00b,127,BOM,PNQ,BOM-PNQ,2026-09-13,2026-09-20,2026-09-12 18:49:15.939058,2026-09-12,1,0-3 days,"Air India, Air India Express",Round trip,INR,25571.0,25571.0,,,1,385.0,,,,160.0,,,WyJDalJJWm1SS1N6UTFOR0V4TUhkQlNVdDZWbWRDUnkwdExTMHRMUzB0TFhaMGJtTXlOVUZCUVVGQlIzRnNWVlpGVFhWV1FWTkJFZzFCU1RJNE5URjhTVmd4T1RjeEdnc0k0OGNCRUFBYUEwbE9VamdjY0lqUkFRPT0iLFtbIkJPTSIsIjIwMjYtMDktMTMiLCJCTFIiLG51bGwsIkFJIiwiMjg1MSJdLFsiQkxSIiwiMjAyNi0wOS0xMyIsIlBOUSIsbnVsbCwiSVgiLCIxOTcxIl1dXQ==,SerpApi,Google Flights,2026,9,37,13,6,Sunday,September,True,18,25000+,10.149253281886617,False,24724.555555555555,3.4234971081381183,2,9,INR,2026-09-12 18:49:15.899359,6aa5515002ab8c6cbe26d5e7,976,2026-09-12 18:49:15.939058
1c27355ef10cfd7a4e97a9123ff9618c894b9d1ddce097c3ff69575c46ba030e,127,BOM,PNQ,BOM-PNQ,2026-09-13,2026-09-20,2026-09-12 18:49:15.940445,2026-09-12,1,0-3 days,"Air India, Air India Express",Round trip,INR,25590.0,25590.0,,,1,540.0,,,,160.0,,,WyJDalJJWm1SS1N6UTFOR0V4TUhkQlNVdDZWbWRDUnkwdExTMHRMUzB0TFhaMGJtTXlOVUZCUVVGQlIzRnNWVlpGVFhWV1FWTkJFZzFCU1RJNE5qTjhTVmd5T1RFekdnc0k5c2NCRUFBYUEwbE9VamdjY0p6UkFRPT0iLFtbIkJPTSIsIjIwMjYtMDktMTMiLCJCTFIiLG51bGwsIkFJIiwiMjg2MyJdLFsiQkxSIiwiMjAyNi0wOS0xMyIsIlBOUSIsbnVsbCwiSVgiLCIyOTEzIl1dXQ==,SerpApi,Google Flights,2026,9,37,13,6,Sunday,September,True,18,25000+,10.149996006155071,False,24724.555555555555,3.500343787777327,2,9,INR,2026-09-12 18:49:15.899359,6aa5515002ab8c6cbe26d5e7,977,2026-09-12 18:49:15.940445
3b8d4e5c8e8e2dd4d2fb72e5f08ef9f0708fa26d8c8bd6eaf4c18392dc13bcee,128,BOM,AMD,BOM-AMD,2026-09-13,2026-09-20,2026-09-12 18:49:19.622855,2026-09-12,1,0-3 days,IndiGo,Round trip,INR,8172.0,8172.0,,,0,85.0,,,,51.0,,,WyJDalJJUW1GU1NITmxkelJoWm5OQlRVeHRiSGRDUnkwdExTMHRMUzB0TFc5cllteGtOMEZCUVVGQlIzRnNWVlk0UzBKYVppMUJFZ1kyUlRVeE5USWFDZ2pzUHhBQUdnTkpUbEk0SEhEb1FnPT0iLFtbIkJPTSIsIjIwMjYtMDktMTMiLCJBTUQiLG51bGwsIjZFIiwiNTE1MiJdXV0=,SerpApi,Google Flights,2026,9,37,13,6,Sunday,September,True,18,7501-10000,9.00859131751613,False,9233.2,-11.493306762552535,3,20,INR,2026-09-12 18:49:19.620351,6aa5515ee6425008339826ee,978,2026-09-12 18:49:19.622855
49def319c89ca605c75bcb89096757210b015709351edf54cf956ca14cf858df,128,BOM,AMD,BOM-AMD,2026-09-13,2026-09-20,2026-09-12 18:49:19.625704,2026-09-12,1,0-3 days,IndiGo,Round trip,INR,8221.0,8221.0,,,0,85.0,,,,47.0,,,WyJDalJJUW1GU1NITmxkelJoWm5OQlRVeHRiSGRDUnkwdExTMHRMUzB0TFc5cllteGtOMEZCUVVGQlIzRnNWVlk0UzBKYVppMUJFZ1kyUlRJek5EY2FDZ2lkUUJBQUdnTkpUbEk0SEhDYlF3PT0iLFtbIkJPTSIsIjIwMjYtMDktMTMiLCJBTUQiLG51bGwsIjZFIiwiMjM0NyJdXV0=,SerpApi,Google Flights,2026,9,37,13,6,Sunday,September,True,18,7501-10000,9.014568767457824,False,9233.2,-10.962613178529656,3,20,INR,2026-09-12 18:49:19.620351,6aa5515ee6425008339826ee,979,2026-09-12 18:49:19.625704
0dee4bc835d7b43d1cf55ce372fafc597e7cf6639773774c2f7e855160ed26b4,128,BOM,AMD,BOM-AMD,2026-09-13,2026-09-20,2026-09-12 18:49:19.628184,2026-09-12,1,0-3 days,Air India,Round trip,INR,8493.0,8493.0,,,0,90.0,,,,58.0,,,WyJDalJJUW1GU1NITmxkelJoWm5OQlRVeHRiSGRDUnkwdExTMHRMUzB0TFc5cllteGtOMEZCUVVGQlIzRnNWVlk0UzBKYVppMUJFZ1pCU1RJNE5EY2FDZ2l0UWhBQUdnTkpUbEk0SEhDNFJRPT0iLFtbIkJPTSIsIjIwMjYtMDktMTMiLCJBTUQiLG51bGwsIkFJIiwiMjg0NyJdXV0=,SerpApi,Google Flights,2026,9,37,13,6,Sunday,September,True,18,7501-10000,9.047115310873217,False,9233.2,-8.016722263137376,3,20,INR,2026-09-12 18:49:19.620351,6aa5515ee6425008339826ee,980,2026-09-12 18:49:19.628184
3ca7f8058372a74ed60b364c7be31656d855579d0aad315b885982cd78d3e58e,128,BOM,AMD,BOM-AMD,2026-09-13,2026-09-20,2026-09-12 18:49:19.630323,2026-09-12,1,0-3 days,IndiGo,Round trip,INR,8382.0,8382.0,,,0,80.0,,,,47.0,,,WyJDalJJUW1GU1NITmxkelJoWm5OQlRVeHRiSGRDUnkwdExTMHRMUzB0TFc5cllteGtOMEZCUVVGQlIzRnNWVlk0UzBKYVppMUJFZ1kyUlRJeU16Y2FDZ2krUVJBQUdnTkpUbEk0SEhERVJBPT0iLFtbIkJPTSIsIjIwMjYtMDktMTMiLCJBTUQiLG51bGwsIjZFIiwiMjIzNyJdXV0=,SerpApi,Google Flights,2026,9,37,13,6,Sunday,September,True,18,7501-10000,9.033961124637857,False,9233.2,-9.218905688168789,3,20,INR,2026-09-12 18:49:19.620351,6aa5515ee6425008339826ee,981,2026-09-12 18:49:19.630323
ecd5f45be683be1e4521669e97afada1af95cae744083522f7852b43c9125741,128,BOM,AMD,BOM-AMD,2026-09-13,2026-09-20,2026-09-12 18:49:19.633117,2026-09-12,1,0-3 days,Air India,Round trip,INR,8420.0,8420.0,,,0,80.0,,,,58.0,,,WyJDalJJUW1GU1NITmxkelJoWm5OQlRVeHRiSGRDUnkwdExTMHRMUzB0TFc5cllteGtOMEZCUVVGQlIzRnNWVlk0UzBKYVppMUJFZ1pCU1RJNU1Ua2FDZ2prUVJBQUdnTkpUbEk0SEhEc1JBPT0iLFtbIkJPTSIsIjIwMjYtMDktMTMiLCJBTUQiLG51bGwsIkFJIiwiMjkxOSJdXV0=,SerpApi,Google Flights,2026,9,37,13,6,Sunday,September,True,18,7501-10000,9.038483865029992,False,9233.2,-8.807347398518395,3,20,INR,2026-09-12 18:49:19.620351,6aa5515ee6425008339826ee,982,2026-09-12 18:49:19.633117
e1d613ed86e6542d2b8d6cbdf2022545bce49974351ac956bf9a145e951c2e78,128,BOM,AMD,BOM-AMD,2026-09-13,2026-09-20,2026-09-12 18:49:19.635217,2026-09-12,1,0-3 days,Air India,Round trip,INR,8493.0,8493.0,,,0,70.0,,,,76.0,,,WyJDalJJUW1GU1NITmxkelJoWm5OQlRVeHRiSGRDUnkwdExTMHRMUzB0TFc5cllteGtOMEZCUVVGQlIzRnNWVlk0UzBKYVppMUJFZ1ZCU1RRNU14b0tDSzFDRUFBYUEwbE9VamdjY0xoRiIsW1siQk9NIiwiMjAyNi0wOS0xMyIsIkFNRCIsbnVsbCwiQUkiLCI0OTMiXV1d,SerpApi,Google Flights,2026,9,37,13,6,Sunday,September,True,18,7501-10000,9.047115310873217,False,9233.2,-8.016722263137376,3,20,INR,2026-09-12 18:49:19.620351,6aa5515ee6425008339826ee,983,2026-09-12 18:49:19.635217
dc4860b139346869f3db5dc8ca1a726ca7de52e23f275ca7309dcd663895e11f,128,BOM,AMD,BOM-AMD,2026-09-13,2026-09-20,2026-09-12 18:49:19.636962,2026-09-12,1,0-3 days,IndiGo,Round trip,INR,8536.0,8536.0,,,0,75.0,,,,60.0,,,WyJDalJJUW1GU1NITmxkelJoWm5OQlRVeHRiSGRDUnkwdExTMHRMUzB0TFc5cllteGtOMEZCUVVGQlIzRnNWVlk0UzBKYVppMUJFZ1kyUlRVeE5EUWFDZ2pZUWhBQUdnTkpUbEk0SEhEbFJRPT0iLFtbIkJPTSIsIjIwMjYtMDktMTMiLCJBTUQiLG51bGwsIjZFIiwiNTE0NCJdXV0=,SerpApi,Google Flights,2026,9,37,13,6,Sunday,September,True,18,7501-10000,9.052164937010307,False,9233.2,-7.551011566954047,3,20,INR,2026-09-12 18:49:19.620351,6aa5515ee6425008339826ee,984,2026-09-12 18:49:19.636962
23915d5f5ef4455fa7d444dddf262347d154776cc10a75dbab1b90343f310634,128,BOM,AMD,BOM-AMD,2026-09-13,2026-09-20,2026-09-12 18:49:19.639156,2026-09-12,1,0-3 days,IndiGo,Round trip,INR,8536.0,8536.0,,,0,95.0,,,,51.0,,,WyJDalJJUW1GU1NITmxkelJoWm5OQlRVeHRiSGRDUnkwdExTMHRMUzB0TFc5cllteGtOMEZCUVVGQlIzRnNWVlk0UzBKYVppMUJFZ1kyUlRVeU9ETWFDZ2pZUWhBQUdnTkpUbEk0SEhEbFJRPT0iLFtbIkJPTSIsIjIwMjYtMDktMTMiLCJBTUQiLG51bGwsIjZFIiwiNTI4MyJdXV0=,SerpApi,Google Flights,2026,9,37,13,6,Sunday,September,True,18,7501-10000,9.052164937010307,False,9233.2,-7.551011566954047,3,20,INR,2026-09-12 18:49:19.620351,6aa5515ee6425008339826ee,985,2026-09-12 18:49:19.639156
12e0b6f41d55357b61ba6e6f7b69283ec7f8efcfd8c22857c3dbf189a4e352a0,128,BOM,AMD,BOM-AMD,2026-09-13,2026-09-20,2026-09-12 18:49:19.641010,2026-09-12,1,0-3 days,IndiGo,Round trip,INR,8697.0,8697.0,,,0,80.0,,,,51.0,,,WyJDalJJUW1GU1NITmxkelJoWm5OQlRVeHRiSGRDUnkwdExTMHRMUzB0TFc5cllteGtOMEZCUVVGQlIzRnNWVlk0UzBKYVppMUJFZ1UyUlRZek1ob0tDUGxERUFBYUEwbE9VamdjY0k1SCIsW1siQk9NIiwiMjAyNi0wOS0xMyIsIkFNRCIsbnVsbCwiNkUiLCI2MzIiXV1d,SerpApi,Google Flights,2026,9,37,13,6,Sunday,September,True,18,7501-10000,9.070848393157585,False,9233.2,-5.807304076593168,3,20,INR,2026-09-12 18:49:19.620351,6aa5515ee6425008339826ee,986,2026-09-12 18:49:19.641010
aaa8a8ce2bf2da5b1aa3df3666c4f226ea339a3b00cfecdecb62604da055e752,128,BOM,AMD,BOM-AMD,2026-09-13,2026-09-20,2026-09-12 18:49:19.642345,2026-09-12,1,0-3 days,Air India,Round trip,INR,8824.0,8824.0,,,0,75.0,,,,76.0,,,WyJDalJJUW1GU1NITmxkelJoWm5OQlRVeHRiSGRDUnkwdExTMHRMUzB0TFc5cllteGtOMEZCUVVGQlIzRnNWVlk0UzBKYVppMUJFZ1pCU1RJME9UTWFDZ2o0UkJBQUdnTkpUbEk0SEhDU1NBPT0iLFtbIkJPTSIsIjIwMjYtMDktMTMiLCJBTUQiLG51bGwsIkFJIiwiMjQ5MyJdXV0=,SerpApi,Google Flights,2026,9,37,13,6,Sunday,September,True,18,7501-10000,9.085343881801498,False,9233.2,-4.431832950656334,3,20,INR,2026-09-12 18:49:19.620351,6aa5515ee6425008339826ee,987,2026-09-12 18:49:19.642345
4e6116f14e8b251fa7527ad3e76a782260d70ae06af2715b3b6ddc70b10d4902,128,BOM,AMD,BOM-AMD,2026-09-13,2026-09-20,2026-09-12 18:49:19.644360,2026-09-12,1,0-3 days,IndiGo,Round trip,INR,8851.0,8851.0,,,0,80.0,,,,47.0,,,WyJDalJJUW1GU1NITmxkelJoWm5OQlRVeHRiSGRDUnkwdExTMHRMUzB0TFc5cllteGtOMEZCUVVGQlIzRnNWVlk0UzBKYVppMUJFZ1kyUlRVeE1EY2FDZ2lUUlJBQUdnTkpUbEk0SEhDdlNBPT0iLFtbIkJPTSIsIjIwMjYtMDktMTMiLCJBTUQiLG51bGwsIjZFIiwiNTEwNyJdXV0=,SerpApi,Google Flights,2026,9,37,13,6,Sunday,September,True,18,7501-10000,9.08839870117094,False,9233.2,-4.139409955378426,3,20,INR,2026-09-12 18:49:19.620351,6aa5515ee6425008339826ee,988,2026-09-12 18:49:19.644360
90cc3035ef9bc856f83db54ee75260d3d4c3f2d1def70b331f964775c49bfc31,128,BOM,AMD,BOM-AMD,2026-09-13,2026-09-20,2026-09-12 18:49:19.645994,2026-09-12,1,0-3 days,Akasa Air,Round trip,INR,8928.0,8928.0,,,0,90.0,,,,50.0,,,WyJDalJJUW1GU1NITmxkelJoWm5OQlRVeHRiSGRDUnkwdExTMHRMUzB0TFc5cllteGtOMEZCUVVGQlIzRnNWVlk0UzBKYVppMUJFZ1pSVURFeE9UVWFDZ2pnUlJBQUdnTkpUbEk0SEhEL1NBPT0iLFtbIkJPTSIsIjIwMjYtMDktMTMiLCJBTUQiLG51bGwsIlFQIiwiMTE5NSJdXV0=,SerpApi,Google Flights,2026,9,37,13,6,Sunday,September,True,18,7501-10000,9.097059685517216,False,9233.2,-3.3054628947710496,3,20,INR,2026-09-12 18:49:19.620351,6aa5515ee6425008339826ee,989,2026-09-12 18:49:19.645994
2d6ccd927880275844895dc8b4ef8685140ad197cd98ba7b97fd5b9e8c77a2d1,128,BOM,AMD,BOM-AMD,2026-09-13,2026-09-20,2026-09-12 18:49:19.648883,2026-09-12,1,0-3 days,Air India,Round trip,INR,9092.0,9092.0,,,0,80.0,,,,58.0,,,WyJDalJJUW1GU1NITmxkelJoWm5OQlRVeHRiSGRDUnkwdExTMHRMUzB0TFc5cllteGtOMEZCUVVGQlIzRnNWVlk0UzBKYVppMUJFZ1pCU1RJNU1UVWFDZ2lFUnhBQUdnTkpUbEk0SEhDclNnPT0iLFtbIkJPTSIsIjIwMjYtMDktMTMiLCJBTUQiLG51bGwsIkFJIiwiMjkxNSJdXV0=,SerpApi,Google Flights,2026,9,37,13,6,Sunday,September,True,18,7501-10000,9.115260165725912,False,9233.2,-1.5292639604904124,3,20,INR,2026-09-12 18:49:19.620351,6aa5515ee6425008339826ee,991,2026-09-12 18:49:19.648883
74a7bcf215e58dce5b5986ac088316dff01f6647988ed28100676e64f7fcb1a2,128,BOM,AMD,BOM-AMD,2026-09-13,2026-09-20,2026-09-12 18:49:19.650247,2026-09-12,1,0-3 days,IndiGo,Round trip,INR,9432.0,9432.0,,,0,80.0,,,,51.0,,,WyJDalJJUW1GU1NITmxkelJoWm5OQlRVeHRiSGRDUnkwdExTMHRMUzB0TFc5cllteGtOMEZCUVVGQlIzRnNWVlk0UzBKYVppMUJFZ1UyUlRreE1Sb0tDTmhKRUFBYUEwbE9VamdjY0k5TiIsW1siQk9NIiwiMjAyNi0wOS0xMyIsIkFNRCIsbnVsbCwiNkUiLCI5MTEiXV1d,SerpApi,Google Flights,2026,9,37,13,6,Sunday,September,True,18,7501-10000,9.151969458649853,False,9233.2,2.1530996837499483,3,20,INR,2026-09-12 18:49:19.620351,6aa5515ee6425008339826ee,992,2026-09-12 18:49:19.650247
a4a48f2be61f52a9936c1d07fa7efb0486f6d2721c2105c75a3b4a23656bd288,128,BOM,AMD,BOM-AMD,2026-09-13,2026-09-20,2026-09-12 18:49:19.651630,2026-09-12,1,0-3 days,IndiGo,Round trip,INR,9432.0,9432.0,,,0,85.0,,,,51.0,,,WyJDalJJUW1GU1NITmxkelJoWm5OQlRVeHRiSGRDUnkwdExTMHRMUzB0TFc5cllteGtOMEZCUVVGQlIzRnNWVlk0UzBKYVppMUJFZ1kyUlRVeU1ERWFDZ2pZU1JBQUdnTkpUbEk0SEhDUFRRPT0iLFtbIkJPTSIsIjIwMjYtMDktMTMiLCJBTUQiLG51bGwsIjZFIiwiNTIwMSJdXV0=,SerpApi,Google Flights,2026,9,37,13,6,Sunday,September,True,18,7501-10000,9.151969458649853,False,9233.2,2.1530996837499483,3,20,INR,2026-09-12 18:49:19.620351,6aa5515ee6425008339826ee,993,2026-09-12 18:49:19.651630
a6c9e40f7949f86ef66b8e54c82bdc53de3ffe7bb5555e9236b95ecd813fe6c2,129,BOM,COK,BOM-COK,2026-09-13,2026-09-20,2026-09-12 18:49:26.764734,2026-09-12,1,0-3 days,IndiGo,Round trip,INR,17226.0,17226.0,,,0,115.0,,,,81.0,,,WyJDalJJVXpGelltMTZNRXBpUWtGQlIzTlZUVUZDUnkwdExTMHRMUzB0TFhaMGEzRXhPRUZCUVVGQlIzRnNWVmROUWtoemFpMUJFZ1kyUlRJd09UTWFDd2pLaGdFUUFCb0RTVTVTT0J4dzY0d0IiLFtbIkJPTSIsIjIwMjYtMDktMTMiLCJDT0siLG51bGwsIjZFIiwiMjA5MyJdXV0=,SerpApi,Google Flights,2026,9,37,13,6,Sunday,September,True,18,15001-25000,9.75423319944637,False,24775.4,-30.471354650177197,5,15,INR,2026-09-12 18:49:26.760319,6aa55162a3ce84477bb8d3e9,996,2026-09-12 18:49:26.764734
9014a461daaa90fcc6a4b77654db750afec367460f198c9530e1d59e213afe93,129,BOM,COK,BOM-COK,2026-09-13,2026-09-20,2026-09-12 18:49:26.769311,2026-09-12,1,0-3 days,Akasa Air,Round trip,INR,18975.0,18975.0,,,0,125.0,,,,86.0,,,WyJDalJJVXpGelltMTZNRXBpUWtGQlIzTlZUVUZDUnkwdExTMHRMUzB0TFhaMGEzRXhPRUZCUVVGQlIzRnNWVmROUWtoemFpMUJFZ1pSVURFeE16Y2FDd2lmbEFFUUFCb0RTVTVTT0J4d2twc0IiLFtbIkJPTSIsIjIwMjYtMDktMTMiLCJDT0siLG51bGwsIlFQIiwiMTEzNyJdXV0=,SerpApi,Google Flights,2026,9,37,13,6,Sunday,September,True,18,15001-25000,9.850930301797453,False,24775.4,-23.411932804313963,5,15,INR,2026-09-12 18:49:26.760319,6aa55162a3ce84477bb8d3e9,998,2026-09-12 18:49:26.769311
1a1cc3f0c35c55c51e559ea8f39341906b183b6ec8f2dcea5d9fa9b8c69791d4,129,BOM,COK,BOM-COK,2026-09-13,2026-09-20,2026-09-12 18:49:26.771937,2026-09-12,1,0-3 days,IndiGo,Round trip,INR,17699.0,17699.0,,,0,120.0,,,,81.0,,,WyJDalJJVXpGelltMTZNRXBpUWtGQlIzTlZUVUZDUnkwdExTMHRMUzB0TFhaMGEzRXhPRUZCUVVGQlIzRnNWVmROUWtoemFpMUJFZ1UyUlRRek54b0xDS09LQVJBQUdnTkpUbEk0SEhEYWtBRT0iLFtbIkJPTSIsIjIwMjYtMDktMTMiLCJDT0siLG51bGwsIjZFIiwiNDM3Il1dXQ==,SerpApi,Google Flights,2026,9,37,13,6,Sunday,September,True,18,15001-25000,9.78131991856192,False,24775.4,-28.562202830226756,5,15,INR,2026-09-12 18:49:26.760319,6aa55162a3ce84477bb8d3e9,999,2026-09-12 18:49:26.771937
c04c9721c692d160894d3c9b7f0355d7249bbbc6bcbe4c35bfef405c588c0867,129,BOM,COK,BOM-COK,2026-09-13,2026-09-20,2026-09-12 18:49:26.774661,2026-09-12,1,0-3 days,Air India,Round trip,INR,18069.0,18069.0,,,0,120.0,,,,136.0,,,WyJDalJJVXpGelltMTZNRXBpUWtGQlIzTlZUVUZDUnkwdExTMHRMUzB0TFhaMGEzRXhPRUZCUVVGQlIzRnNWVmROUWtoemFpMUJFZ1ZCU1RZNE1Sb0xDSldOQVJBQUdnTkpUbEk0SEhEZGt3RT0iLFtbIkJPTSIsIjIwMjYtMDktMTMiLCJDT0siLG51bGwsIkFJIiwiNjgxIl1dXQ==,SerpApi,Google Flights,2026,9,37,13,6,Sunday,September,True,18,15001-25000,9.802008383586275,False,24775.4,-27.068785973183086,5,15,INR,2026-09-12 18:49:26.760319,6aa55162a3ce84477bb8d3e9,1000,2026-09-12 18:49:26.774661
dd402efc34bb844d5b26ce2d44849787634fc57f8f6de7dad6747b9c9b107481,129,BOM,COK,BOM-COK,2026-09-13,2026-09-20,2026-09-12 18:49:26.776636,2026-09-12,1,0-3 days,IndiGo,Round trip,INR,18713.0,18713.0,,,0,110.0,,,,81.0,,,WyJDalJJVXpGelltMTZNRXBpUWtGQlIzTlZUVUZDUnkwdExTMHRMUzB0TFhaMGEzRXhPRUZCUVVGQlIzRnNWVmROUWtoemFpMUJFZ1UyUlRZM014b0xDSm1TQVJBQUdnTkpUbEk0SEhEL21BRT0iLFtbIkJPTSIsIjIwMjYtMDktMTMiLCJDT0siLG51bGwsIjZFIiwiNjczIl1dXQ==,SerpApi,Google Flights,2026,9,37,13,6,Sunday,September,True,18,15001-25000,9.837027185835858,False,24775.4,-24.469433389571915,5,15,INR,2026-09-12 18:49:26.760319,6aa55162a3ce84477bb8d3e9,1001,2026-09-12 18:49:26.776636
1878c8f8fc7e204557b041ba72ca7bad5c68ab60d15aeb5205d633acf64eafcf,129,BOM,COK,BOM-COK,2026-09-13,2026-09-20,2026-09-12 18:49:26.778386,2026-09-12,1,0-3 days,Air India,Round trip,INR,18746.0,18746.0,,,0,125.0,,,,96.0,,,WyJDalJJVXpGelltMTZNRXBpUWtGQlIzTlZUVUZDUnkwdExTMHRMUzB0TFhaMGEzRXhPRUZCUVVGQlIzRnNWVmROUWtoemFpMUJFZ1pCU1RJNE5UVWFDd2k2a2dFUUFCb0RTVTVTT0J4d29wa0IiLFtbIkJPTSIsIjIwMjYtMDktMTMiLCJDT0siLG51bGwsIkFJIiwiMjg1NSJdXV0=,SerpApi,Google Flights,2026,9,37,13,6,Sunday,September,True,18,15001-25000,9.838789018597192,False,24775.4,-24.33623675097073,5,15,INR,2026-09-12 18:49:26.760319,6aa55162a3ce84477bb8d3e9,1002,2026-09-12 18:49:26.778386
b94086b1f55ef5aefe730613831e20838e4b110ef61235d1a3b2def6f6cd25a0,129,BOM,COK,BOM-COK,2026-09-13,2026-09-20,2026-09-12 18:49:26.780278,2026-09-12,1,0-3 days,Air India Express,Round trip,INR,18766.0,18766.0,,,0,120.0,,,,111.0,,,WyJDalJJVXpGelltMTZNRXBpUWtGQlIzTlZUVUZDUnkwdExTMHRMUzB0TFhaMGEzRXhPRUZCUVVGQlIzRnNWVmROUWtoemFpMUJFZ1pKV0RFNE1ERWFDd2pPa2dFUUFCb0RTVTVTT0J4d3Q1a0IiLFtbIkJPTSIsIjIwMjYtMDktMTMiLCJDT0siLG51bGwsIklYIiwiMTgwMSJdXV0=,SerpApi,Google Flights,2026,9,37,13,6,Sunday,September,True,18,15001-25000,9.839855287291273,False,24775.4,-24.255511515454852,5,15,INR,2026-09-12 18:49:26.760319,6aa55162a3ce84477bb8d3e9,1003,2026-09-12 18:49:26.780278
d7ffd4cfec35a244fa8df8142efcebb7a25164300bb94ab923b234f214b976b5,129,BOM,COK,BOM-COK,2026-09-13,2026-09-20,2026-09-12 18:49:26.782372,2026-09-12,1,0-3 days,IndiGo,Round trip,INR,18810.0,18810.0,,,0,115.0,,,,81.0,,,WyJDalJJVXpGelltMTZNRXBpUWtGQlIzTlZUVUZDUnkwdExTMHRMUzB0TFhaMGEzRXhPRUZCUVVGQlIzRnNWVmROUWtoemFpMUJFZ1kyUlRZM01ERWFDd2o2a2dFUUFCb0RTVTVTT0J4dzVaa0IiLFtbIkJPTSIsIjIwMjYtMDktMTMiLCJDT0siLG51bGwsIjZFIiwiNjcwMSJdXV0=,SerpApi,Google Flights,2026,9,37,13,6,Sunday,September,True,18,15001-25000,9.842197084093021,False,24775.4,-24.07791599731993,5,15,INR,2026-09-12 18:49:26.760319,6aa55162a3ce84477bb8d3e9,1004,2026-09-12 18:49:26.782372
8c66f8eb4b0aa8530ca07dcf92e05539c79fc54e84e3e26a963482b425fe8faa,129,BOM,COK,BOM-COK,2026-09-13,2026-09-20,2026-09-12 18:49:26.784297,2026-09-12,1,0-3 days,Air India Express,Round trip,INR,18970.0,18970.0,,,0,120.0,,,,97.0,,,WyJDalJJVXpGelltMTZNRXBpUWtGQlIzTlZUVUZDUnkwdExTMHRMUzB0TFhaMGEzRXhPRUZCUVVGQlIzRnNWVmROUWtoemFpMUJFZ1pKV0RFNE1UQWFDd2lhbEFFUUFCb0RTVTVTT0J4d2pKc0IiLFtbIkJPTSIsIjIwMjYtMDktMTMiLCJDT0siLG51bGwsIklYIiwiMTgxMCJdXV0=,SerpApi,Google Flights,2026,9,37,13,6,Sunday,September,True,18,15001-25000,9.850666776352545,False,24775.4,-23.432114113192924,5,15,INR,2026-09-12 18:49:26.760319,6aa55162a3ce84477bb8d3e9,1005,2026-09-12 18:49:26.784297
03729c415e4f62312a8fe5177197a3593d2735e9f58e8729ea85d1ef5c72aa48,129,BOM,COK,BOM-COK,2026-09-13,2026-09-20,2026-09-12 18:49:26.785861,2026-09-12,1,0-3 days,Air India Express,Round trip,INR,19793.0,19793.0,,,0,120.0,,,,111.0,,,WyJDalJJVXpGelltMTZNRXBpUWtGQlIzTlZUVUZDUnkwdExTMHRMUzB0TFhaMGEzRXhPRUZCUVVGQlIzRnNWVmROUWtoemFpMUJFZ1pKV0RFM09UY2FDd2pSbWdFUUFCb0RTVTVTT0J4dzZxRUIiLFtbIkJPTSIsIjIwMjYtMDktMTMiLCJDT0siLG51bGwsIklYIiwiMTc5NyJdXV0=,SerpApi,Google Flights,2026,9,37,13,6,Sunday,September,True,18,15001-25000,9.893134140456636,False,24775.4,-20.11027067171469,5,15,INR,2026-09-12 18:49:26.760319,6aa55162a3ce84477bb8d3e9,1006,2026-09-12 18:49:26.785861
84654b16841b09caf4d9ee7e45f1c710882158d051260376c759991ad7583120,130,BOM,GOI,BOM-GOI,2026-09-13,2026-09-20,2026-09-12 18:49:35.142017,2026-09-12,1,0-3 days,Air India Express,Round trip,INR,12403.0,12403.0,,,0,80.0,,,,56.0,,,WyJDalJJWDBoWGFIaFNkMkpSWkRSQlIxVnhWRkZDUnkwdExTMHRMUzB0TFhscGRISXhPVUZCUVVGQlIzRnNWVmR2UjNKTFRXbEJFZ1pKV0RFeU5ESWFDZ2p6WUJBQUdnTkpUbEk0SEhDMFpRPT0iLFtbIkJPTSIsIjIwMjYtMDktMTMiLCJHT0kiLG51bGwsIklYIiwiMTI0MiJdXV0=,SerpApi,Google Flights,2026,9,37,13,6,Sunday,September,True,18,10001-15000,9.42577428022034,False,19694.75,-37.0238261465619,4,16,INR,2026-09-12 18:49:35.137352,6aa55169b24c5d187edc295b,1007,2026-09-12 18:49:35.142017
201dab58e6ca9fbec1adb89f2c3d1ecf658228d9f9a70639650805c9fa8644d4,130,BOM,GOI,BOM-GOI,2026-09-13,2026-09-20,2026-09-12 18:49:35.145120,2026-09-12,1,0-3 days,IndiGo,Round trip,INR,13073.0,13073.0,,,0,85.0,,,,57.0,,,WyJDalJJWDBoWGFIaFNkMkpSWkRSQlIxVnhWRkZDUnkwdExTMHRMUzB0TFhscGRISXhPVUZCUVVGQlIzRnNWVmR2UjNKTFRXbEJFZ1kyUlRVeU5ERWFDZ2lSWmhBQUdnTkpUbEk0SEhEeGFnPT0iLFtbIkJPTSIsIjIwMjYtMDktMTMiLCJHT0kiLG51bGwsIjZFIiwiNTI0MSJdXV0=,SerpApi,Google Flights,2026,9,37,13,6,Sunday,September,True,18,10001-15000,9.478380804172675,False,19694.75,-33.6219043146016,4,16,INR,2026-09-12 18:49:35.137352,6aa55169b24c5d187edc295b,1008,2026-09-12 18:49:35.145120
6a0d9a1769ae8a7405daaf1c84f3630f3eea5d5fda20f5475fb1e1899b6cab63,130,BOM,GOI,BOM-GOI,2026-09-13,2026-09-20,2026-09-12 18:49:35.147706,2026-09-12,1,0-3 days,Air India,Round trip,INR,13107.0,13107.0,,,0,90.0,,,,55.0,,,WyJDalJJWDBoWGFIaFNkMkpSWkRSQlIxVnhWRkZDUnkwdExTMHRMUzB0TFhscGRISXhPVUZCUVVGQlIzRnNWVmR2UjNKTFRXbEJFZ1pCU1RJMU1EVWFDZ2l6WmhBQUdnTkpUbEk0SEhDVmF3PT0iLFtbIkJPTSIsIjIwMjYtMDktMTMiLCJHT0kiLG51bGwsIkFJIiwiMjUwNSJdXV0=,SerpApi,Google Flights,2026,9,37,13,6,Sunday,September,True,18,10001-15000,9.480978009818704,False,19694.75,-33.44926947536781,4,16,INR,2026-09-12 18:49:35.137352,6aa55169b24c5d187edc295b,1009,2026-09-12 18:49:35.147706
df7eb9fba936072ce8d97ed45b06acc7f0936c4ba625b40a5a634dfff2a77d5a,130,BOM,GOI,BOM-GOI,2026-09-13,2026-09-20,2026-09-12 18:49:35.150248,2026-09-12,1,0-3 days,Air India Express,Round trip,INR,13976.0,13976.0,,,0,80.0,,,,56.0,,,WyJDalJJWDBoWGFIaFNkMkpSWkRSQlIxVnhWRkZDUnkwdExTMHRMUzB0TFhscGRISXhPVUZCUVVGQlIzRnNWVmR2UjNKTFRXbEJFZ1pKV0RFeU16Z2FDZ2lZYlJBQUdnTkpUbEk0SEhDaWNnPT0iLFtbIkJPTSIsIjIwMjYtMDktMTMiLCJHT0kiLG51bGwsIklYIiwiMTIzOCJdXV0=,SerpApi,Google Flights,2026,9,37,13,6,Sunday,September,True,18,10001-15000,9.545168400484906,False,19694.75,-29.03692608436258,4,16,INR,2026-09-12 18:49:35.137352,6aa55169b24c5d187edc295b,1010,2026-09-12 18:49:35.150248
7e913bb1b6e7f9eb7d5fd45f87ed60896ee1848d26f93c449432aad381fb408f,130,BOM,GOI,BOM-GOI,2026-09-13,2026-09-20,2026-09-12 18:49:35.153634,2026-09-12,1,0-3 days,IndiGo,Round trip,INR,14438.0,14438.0,,,0,80.0,,,,49.0,,,WyJDalJJWDBoWGFIaFNkMkpSWkRSQlIxVnhWRkZDUnkwdExTMHRMUzB0TFhscGRISXhPVUZCUVVGQlIzRnNWVmR2UjNKTFRXbEJFZ1kyUlRVeE1EWWFDZ2ptY0JBQUdnTkpUbEk0SEhDR2RnPT0iLFtbIkJPTSIsIjIwMjYtMDktMTMiLCJHT0kiLG51bGwsIjZFIiwiNTEwNiJdXV0=,SerpApi,Google Flights,2026,9,37,13,6,Sunday,September,True,18,10001-15000,9.577688157971219,False,19694.75,-26.69112326889146,4,16,INR,2026-09-12 18:49:35.137352,6aa55169b24c5d187edc295b,1011,2026-09-12 18:49:35.153634
f08ef063e624b75bd6e85b1ec328111d15e34fbbc53d1eefb6b3cbb0b2462f4c,130,BOM,GOI,BOM-GOI,2026-09-13,2026-09-20,2026-09-12 18:49:35.156619,2026-09-12,1,0-3 days,Air India,Round trip,INR,14776.0,14776.0,,,0,80.0,,,,55.0,,,WyJDalJJWDBoWGFIaFNkMkpSWkRSQlIxVnhWRkZDUnkwdExTMHRMUzB0TFhscGRISXhPVUZCUVVGQlIzRnNWVmR2UjNKTFRXbEJFZ1pCU1RJM05EVWFDZ2k0Y3hBQUdnTkpUbEk0SEhEbmVBPT0iLFtbIkJPTSIsIjIwMjYtMDktMTMiLCJHT0kiLG51bGwsIkFJIiwiMjc0NSJdXV0=,SerpApi,Google Flights,2026,9,37,13,6,Sunday,September,True,18,10001-15000,9.600827196903634,False,19694.75,-24.974929867096563,4,16,INR,2026-09-12 18:49:35.137352,6aa55169b24c5d187edc295b,1012,2026-09-12 18:49:35.156619
99f362a3fc60d471c3168931c4addc27b22ad8a4df7061d0115fdb2368f7a71d,130,BOM,GOI,BOM-GOI,2026-09-13,2026-09-20,2026-09-12 18:49:35.158970,2026-09-12,1,0-3 days,IndiGo,Round trip,INR,15908.0,15908.0,,,0,70.0,,,,45.0,,,WyJDalJJWDBoWGFIaFNkMkpSWkRSQlIxVnhWRkZDUnkwdExTMHRMUzB0TFhscGRISXhPVUZCUVVGQlIzRnNWVmR2UjNKTFRXbEJFZ1UyUlRJMk1Sb0tDS1I4RUFBYUEwbE9VamdjY0lpQ0FRPT0iLFtbIkJPTSIsIjIwMjYtMDktMTMiLCJHT0kiLG51bGwsIjZFIiwiMjYxIl1dXQ==,SerpApi,Google Flights,2026,9,37,13,6,Sunday,September,True,18,15001-25000,9.67464026580524,False,19694.75,-19.227205219665144,4,16,INR,2026-09-12 18:49:35.137352,6aa55169b24c5d187edc295b,1013,2026-09-12 18:49:35.158970
699f4ba7800d743fbf487bf9c4e7e663afc88d3e416ba59aeee3e15e02e9856d,130,BOM,GOI,BOM-GOI,2026-09-13,2026-09-20,2026-09-12 18:49:35.161277,2026-09-12,1,0-3 days,Air India,Round trip,INR,15931.0,15931.0,,,0,75.0,,,,79.0,,,WyJDalJJWDBoWGFIaFNkMkpSWkRSQlIxVnhWRkZDUnkwdExTMHRMUzB0TFhscGRISXhPVUZCUVVGQlIzRnNWVmR2UjNKTFRXbEJFZ1pCU1RJME56Y2FDZ2k3ZkJBQUdnTkpUbEk0SEhDZ2dnRT0iLFtbIkJPTSIsIjIwMjYtMDktMTMiLCJHT0kiLG51bGwsIkFJIiwiMjQ3NyJdXV0=,SerpApi,Google Flights,2026,9,37,13,6,Sunday,September,True,18,15001-25000,9.676084944301534,False,19694.75,-19.110422828418738,4,16,INR,2026-09-12 18:49:35.137352,6aa55169b24c5d187edc295b,1014,2026-09-12 18:49:35.161277
1f09c8f7e7273dd0fea24a903c29cc432c1aea3775ed417da6354f8ab28f3244,130,BOM,GOI,BOM-GOI,2026-09-13,2026-09-20,2026-09-12 18:49:35.163845,2026-09-12,1,0-3 days,IndiGo,Round trip,INR,16958.0,16958.0,,,0,75.0,,,,45.0,,,WyJDalJJWDBoWGFIaFNkMkpSWkRSQlIxVnhWRkZDUnkwdExTMHRMUzB0TFhscGRISXhPVUZCUVVGQlIzRnNWVmR2UjNKTFRXbEJFZ1UyUlRJek1Cb0xDTDZFQVJBQUdnTkpUbEk0SEhEVGlnRT0iLFtbIkJPTSIsIjIwMjYtMDktMTMiLCJHT0kiLG51bGwsIjZFIiwiMjMwIl1dXQ==,SerpApi,Google Flights,2026,9,37,13,6,Sunday,September,True,18,15001-25000,9.738553945343401,False,19694.75,-13.895835184503479,4,16,INR,2026-09-12 18:49:35.137352,6aa55169b24c5d187edc295b,1015,2026-09-12 18:49:35.163845
14eed71723cea06909620531faeb27e603389761c423b7cbbf7874c9f24ad05f,130,BOM,GOI,BOM-GOI,2026-09-13,2026-09-20,2026-09-12 18:49:35.166011,2026-09-12,1,0-3 days,Air India,Round trip,INR,19449.0,19449.0,,,0,80.0,,,,70.0,,,WyJDalJJWDBoWGFIaFNkMkpSWkRSQlIxVnhWRkZDUnkwdExTMHRMUzB0TFhscGRISXhPVUZCUVVGQlIzRnNWVmR2UjNKTFRXbEJFZ1pCU1RJME1qQWFDd2o1bHdFUUFCb0RTVTVTT0J4d2dwOEIiLFtbIkJPTSIsIjIwMjYtMDktMTMiLCJHT0kiLG51bGwsIkFJIiwiMjQyMCJdXV0=,SerpApi,Google Flights,2026,9,37,13,6,Sunday,September,True,18,15001-25000,9.875602349046593,False,19694.75,-1.2477944629914028,4,16,INR,2026-09-12 18:49:35.137352,6aa55169b24c5d187edc295b,1016,2026-09-12 18:49:35.166011
cc0c498d7fc01ae7f47a798612a8e332376c3ab9e6aac9e8509ff86977284094,130,BOM,GOI,BOM-GOI,2026-09-13,2026-09-20,2026-09-12 18:49:35.168303,2026-09-12,1,0-3 days,IndiGo,Round trip,INR,23701.0,23701.0,,,0,65.0,,,,45.0,,,WyJDalJJWDBoWGFIaFNkMkpSWkRSQlIxVnhWRkZDUnkwdExTMHRMUzB0TFhscGRISXhPVUZCUVVGQlIzRnNWVmR2UjNKTFRXbEJFZ1kyUlRZek5qRWFDd2lWdVFFUUFCb0RTVTVTT0J4dzQ4RUIiLFtbIkJPTSIsIjIwMjYtMDktMTMiLCJHT0kiLG51bGwsIjZFIiwiNjM2MSJdXV0=,SerpApi,Google Flights,2026,9,37,13,6,Sunday,September,True,18,15001-25000,10.073314711748393,False,19694.75,20.341715431777494,4,16,INR,2026-09-12 18:49:35.137352,6aa55169b24c5d187edc295b,1017,2026-09-12 18:49:35.168303
ff3e863e75185d591afb705cbb30169528ac649591c7453b2f0af03bf9abf52c,130,BOM,GOI,BOM-GOI,2026-09-13,2026-09-20,2026-09-12 18:49:35.170459,2026-09-12,1,0-3 days,Air India,Round trip,INR,23911.0,23911.0,,,0,80.0,,,,55.0,,,WyJDalJJWDBoWGFIaFNkMkpSWkRSQlIxVnhWRkZDUnkwdExTMHRMUzB0TFhscGRISXhPVUZCUVVGQlIzRnNWVmR2UjNKTFRXbEJFZ1ZCU1RZd014b0xDT2U2QVJBQUdnTkpUbEk0SEhDL3d3RT0iLFtbIkJPTSIsIjIwMjYtMDktMTMiLCJHT0kiLG51bGwsIkFJIiwiNjAzIl1dXQ==,SerpApi,Google Flights,2026,9,37,13,6,Sunday,September,True,18,15001-25000,10.082135703963774,False,19694.75,21.40798943880984,4,16,INR,2026-09-12 18:49:35.137352,6aa55169b24c5d187edc295b,1018,2026-09-12 18:49:35.170459
eee5bb5e73a8b816c59d2eeb629992c52de007e4f2e17f6c23dab12bf3d84089,131,HYD,BLR,HYD-BLR,2026-09-13,2026-09-20,2026-09-12 18:49:41.192784,2026-09-12,1,0-3 days,IndiGo,Round trip,INR,8612.0,8612.0,,,0,75.0,,,,48.0,,,WyJDalJJTmtkM1JEQjVjazU2V2xGQlNWOU9SbmRDUnkwdExTMHRMUzB0TFMxdmEyeDZOVUZCUVVGQlIzRnNWVmhKU1hCblFYVkJFZ1UyUlRReE14b0tDS1JERUFBYUEwbE9VamdjY0xWRyIsW1siSFlEIiwiMjAyNi0wOS0xMyIsIkJMUiIsbnVsbCwiNkUiLCI0MTMiXV1d,SerpApi,Google Flights,2026,9,37,13,6,Sunday,September,True,18,7501-10000,9.061027968789174,False,11532.9375,-25.326916928146016,3,16,INR,2026-09-12 18:49:41.187779,6aa551719f8abcaf5e1bcfff,1019,2026-09-12 18:49:41.192784
046cb36b82b51f5b70ebfa50c8a78861e0a75e188cfdf03e9f301417eec5ef8d,131,HYD,BLR,HYD-BLR,2026-09-13,2026-09-20,2026-09-12 18:49:41.196267,2026-09-12,1,0-3 days,IndiGo,Round trip,INR,8612.0,8612.0,,,0,85.0,,,,48.0,,,WyJDalJJTmtkM1JEQjVjazU2V2xGQlNWOU9SbmRDUnkwdExTMHRMUzB0TFMxdmEyeDZOVUZCUVVGQlIzRnNWVmhKU1hCblFYVkJFZ1UyUlRFMU1Sb0tDS1JERUFBYUEwbE9VamdjY0xWRyIsW1siSFlEIiwiMjAyNi0wOS0xMyIsIkJMUiIsbnVsbCwiNkUiLCIxNTEiXV1d,SerpApi,Google Flights,2026,9,37,13,6,Sunday,September,True,18,7501-10000,9.061027968789174,False,11532.9375,-25.326916928146016,3,16,INR,2026-09-12 18:49:41.187779,6aa551719f8abcaf5e1bcfff,1020,2026-09-12 18:49:41.196267
5c2129b2d6c46b0c8b88cd51c6e9a25ee7eedda8fa3af2f16e430de83269d778,131,HYD,BLR,HYD-BLR,2026-09-13,2026-09-20,2026-09-12 18:49:41.199041,2026-09-12,1,0-3 days,Air India Express,Round trip,INR,8903.0,8903.0,,,0,80.0,,,,56.0,,,WyJDalJJTmtkM1JEQjVjazU2V2xGQlNWOU9SbmRDUnkwdExTMHRMUzB0TFMxdmEyeDZOVUZCUVVGQlIzRnNWVmhKU1hCblFYVkJFZ1pKV0RJd01Ua2FDZ2pIUlJBQUdnTkpUbEk0SEhEbFNBPT0iLFtbIkhZRCIsIjIwMjYtMDktMTMiLCJCTFIiLG51bGwsIklYIiwiMjAxOSJdXV0=,SerpApi,Google Flights,2026,9,37,13,6,Sunday,September,True,18,7501-10000,9.094255892955381,False,11532.9375,-22.80370894232281,3,16,INR,2026-09-12 18:49:41.187779,6aa551719f8abcaf5e1bcfff,1021,2026-09-12 18:49:41.199041
b280f0d5532bbcc20036c0c28d563dd38b4f98320aa31d780c8a142aa43e9092,131,HYD,BLR,HYD-BLR,2026-09-13,2026-09-20,2026-09-12 18:49:41.201711,2026-09-12,1,0-3 days,Air India Express,Round trip,INR,9266.0,9266.0,,,0,85.0,,,,61.0,,,WyJDalJJTmtkM1JEQjVjazU2V2xGQlNWOU9SbmRDUnkwdExTMHRMUzB0TFMxdmEyeDZOVUZCUVVGQlIzRnNWVmhKU1hCblFYVkJFZ1pKV0RJNU16UWFDZ2l5U0JBQUdnTkpUbEk0SEhEaFN3PT0iLFtbIkhZRCIsIjIwMjYtMDktMTMiLCJCTFIiLG51bGwsIklYIiwiMjkzNCJdXV0=,SerpApi,Google Flights,2026,9,37,13,6,Sunday,September,True,18,7501-10000,9.134214981586691,False,11532.9375,-19.65620207340931,3,16,INR,2026-09-12 18:49:41.187779,6aa551719f8abcaf5e1bcfff,1022,2026-09-12 18:49:41.201711
5687186782c13738062b6a8cae53957992103c95e1e06b3ceb916ca1fa3dcc6f,131,HYD,BLR,HYD-BLR,2026-09-13,2026-09-20,2026-09-12 18:49:41.203992,2026-09-12,1,0-3 days,Air India Express,Round trip,INR,9836.0,9836.0,,,0,80.0,,,,58.0,,,WyJDalJJTmtkM1JEQjVjazU2V2xGQlNWOU9SbmRDUnkwdExTMHRMUzB0TFMxdmEyeDZOVUZCUVVGQlIzRnNWVmhKU1hCblFYVkJFZ1pKV0RFek56Z2FDZ2pzVEJBQUdnTkpUbEk0SEhDMVVBPT0iLFtbIkhZRCIsIjIwMjYtMDktMTMiLCJCTFIiLG51bGwsIklYIiwiMTM3OCJdXV0=,SerpApi,Google Flights,2026,9,37,13,6,Sunday,September,True,18,7501-10000,9.193906065512758,False,11532.9375,-14.713835915611263,3,16,INR,2026-09-12 18:49:41.187779,6aa551719f8abcaf5e1bcfff,1023,2026-09-12 18:49:41.203992
1f564e0ea651e58f41baf1f7e5d94570bc5b5780ddb578c774fa62b774f746d4,131,HYD,BLR,HYD-BLR,2026-09-13,2026-09-20,2026-09-12 18:49:41.206317,2026-09-12,1,0-3 days,Air India Express,Round trip,INR,10049.0,10049.0,,,0,85.0,,,,58.0,,,WyJDalJJTmtkM1JEQjVjazU2V2xGQlNWOU9SbmRDUnkwdExTMHRMUzB0TFMxdmEyeDZOVUZCUVVGQlIzRnNWVmhKU1hCblFYVkJFZ1pKV0RJNU9ETWFDZ2pCVGhBQUdnTkpUbEk0SEhDVVVnPT0iLFtbIkhZRCIsIjIwMjYtMDktMTMiLCJCTFIiLG51bGwsIklYIiwiMjk4MyJdXV0=,SerpApi,Google Flights,2026,9,37,13,6,Sunday,September,True,18,10001-15000,9.215327913487222,False,11532.9375,-12.866951719802522,3,16,INR,2026-09-12 18:49:41.187779,6aa551719f8abcaf5e1bcfff,1024,2026-09-12 18:49:41.206317
08bcefe7f6fa5105a75f81ad5d34abad287ba2100f072ee1621e4ae1d480dc63,131,HYD,BLR,HYD-BLR,2026-09-13,2026-09-20,2026-09-12 18:49:41.208937,2026-09-12,1,0-3 days,IndiGo,Round trip,INR,10133.0,10133.0,,,0,80.0,,,,48.0,,,WyJDalJJTmtkM1JEQjVjazU2V2xGQlNWOU9SbmRDUnkwdExTMHRMUzB0TFMxdmEyeDZOVUZCUVVGQlIzRnNWVmhKU1hCblFYVkJFZ1kyUlRZMU1EVWFDZ2lWVHhBQUdnTkpUbEk0SEhEc1VnPT0iLFtbIkhZRCIsIjIwMjYtMDktMTMiLCJCTFIiLG51bGwsIjZFIiwiNjUwNSJdXV0=,SerpApi,Google Flights,2026,9,37,13,6,Sunday,September,True,18,10001-15000,9.223651386035854,False,11532.9375,-12.138603022863858,3,16,INR,2026-09-12 18:49:41.187779,6aa551719f8abcaf5e1bcfff,1025,2026-09-12 18:49:41.208937
d1509af75e995166d23a9fa730e810b45cce28a54d672703bfbfb8882e0b03b2,131,HYD,BLR,HYD-BLR,2026-09-13,2026-09-20,2026-09-12 18:49:41.211350,2026-09-12,1,0-3 days,IndiGo,Round trip,INR,10616.0,10616.0,,,0,80.0,,,,53.0,,,WyJDalJJTmtkM1JEQjVjazU2V2xGQlNWOU9SbmRDUnkwdExTMHRMUzB0TFMxdmEyeDZOVUZCUVVGQlIzRnNWVmhKU1hCblFYVkJFZ1UyUlRJNE5Sb0tDUGhTRUFBYUEwbE9VamdjY09aVyIsW1siSFlEIiwiMjAyNi0wOS0xMyIsIkJMUiIsbnVsbCwiNkUiLCIyODUiXV1d,SerpApi,Google Flights,2026,9,37,13,6,Sunday,September,True,18,10001-15000,9.270211769013573,False,11532.9375,-7.95059801546657,3,16,INR,2026-09-12 18:49:41.187779,6aa551719f8abcaf5e1bcfff,1026,2026-09-12 18:49:41.211350
50a1c48086182eb2936d165c1386eea329c862e6b817bc12eb1774c1eb3a6354,131,HYD,BLR,HYD-BLR,2026-09-13,2026-09-20,2026-09-12 18:49:41.215230,2026-09-12,1,0-3 days,Star Air,Round trip,INR,10931.0,10931.0,,,0,75.0,,,,,,,WyJDalJJTmtkM1JEQjVjazU2V2xGQlNWOU9SbmRDUnkwdExTMHRMUzB0TFMxdmEyeDZOVUZCUVVGQlIzRnNWVmhKU1hCblFYVkJFZ1ZUTlRFMU1ob0tDTE5WRUFBYUEwbE9VamdjY0s5WiIsW1siSFlEIiwiMjAyNi0wOS0xMyIsIkJMUiIsbnVsbCwiUzUiLCIxNTIiXV1d,SerpApi,Google Flights,2026,9,37,13,6,Sunday,September,True,18,10001-15000,9.299449547047958,False,11532.9375,-5.219290401946597,3,16,INR,2026-09-12 18:49:41.187779,6aa551719f8abcaf5e1bcfff,1027,2026-09-12 18:49:41.215230
e9ffaf2ef75a6b34ceb0fa0d158640a044949f00c064d12108f6c8c855891adc,131,HYD,BLR,HYD-BLR,2026-09-13,2026-09-20,2026-09-12 18:49:41.222072,2026-09-12,1,0-3 days,IndiGo,Round trip,INR,11149.0,11149.0,,,0,80.0,,,,53.0,,,WyJDalJJTmtkM1JEQjVjazU2V2xGQlNWOU9SbmRDUnkwdExTMHRMUzB0TFMxdmEyeDZOVUZCUVVGQlIzRnNWVmhKU1hCblFYVkJFZ1kyUlRZM09ETWFDZ2lOVnhBQUdnTkpUbEk0SEhDVVd3PT0iLFtbIkhZRCIsIjIwMjYtMDktMTMiLCJCTFIiLG51bGwsIjZFIiwiNjc4MyJdXV0=,SerpApi,Google Flights,2026,9,37,13,6,Sunday,September,True,18,10001-15000,9.319194776888265,False,11532.9375,-3.329052117034359,3,16,INR,2026-09-12 18:49:41.187779,6aa551719f8abcaf5e1bcfff,1030,2026-09-12 18:49:41.222072
fe585ba154a77e5f6772eb1ab9a40bdc0dbe6f0c6ae479f07b855591559e0438,131,HYD,BLR,HYD-BLR,2026-09-13,2026-09-20,2026-09-12 18:49:41.224327,2026-09-12,1,0-3 days,IndiGo,Round trip,INR,12387.0,12387.0,,,0,80.0,,,,48.0,,,WyJDalJJTmtkM1JEQjVjazU2V2xGQlNWOU9SbmRDUnkwdExTMHRMUzB0TFMxdmEyeDZOVUZCUVVGQlIzRnNWVmhKU1hCblFYVkJFZ1UyUlRNeE5Cb0tDT05nRUFBYUEwbE9VamdjY0tObCIsW1siSFlEIiwiMjAyNi0wOS0xMyIsIkJMUiIsbnVsbCwiNkUiLCIzMTQiXV1d,SerpApi,Google Flights,2026,9,37,13,6,Sunday,September,True,18,10001-15000,9.424483541093094,False,11532.9375,7.405420344990166,3,16,INR,2026-09-12 18:49:41.187779,6aa551719f8abcaf5e1bcfff,1031,2026-09-12 18:49:41.224327
d5cb36916f87da973f7d396f457bb6e4136860e8995df4299746306a58ebc480,131,HYD,BLR,HYD-BLR,2026-09-13,2026-09-20,2026-09-12 18:49:41.226659,2026-09-12,1,0-3 days,IndiGo,Round trip,INR,13104.0,13104.0,,,0,80.0,,,,48.0,,,WyJDalJJTmtkM1JEQjVjazU2V2xGQlNWOU9SbmRDUnkwdExTMHRMUzB0TFMxdmEyeDZOVUZCUVVGQlIzRnNWVmhKU1hCblFYVkJFZ1kyUlRZME1EVWFDZ2l3WmhBQUdnTkpUbEk0SEhDUmF3PT0iLFtbIkhZRCIsIjIwMjYtMDktMTMiLCJCTFIiLG51bGwsIjZFIiwiNjQwNSJdXV0=,SerpApi,Google Flights,2026,9,37,13,6,Sunday,September,True,18,10001-15000,9.480749115757506,False,11532.9375,13.622396722430864,3,16,INR,2026-09-12 18:49:41.187779,6aa551719f8abcaf5e1bcfff,1032,2026-09-12 18:49:41.226659
806aebcb953fab50a933a6eb87fd60a7142433d0463f7c2a13288fe81ac7535b,132,HYD,DEL,HYD-DEL,2026-09-13,2026-09-20,2026-09-12 18:49:50.200308,2026-09-12,1,0-3 days,Air India,Round trip,INR,16685.0,16685.0,,,0,145.0,,,,113.0,,,WyJDalJJYUhOd2RqaExjRm8zZW1kQlNFZHNiMmRDUnkwdExTMHRMUzF2YTNSd09DMXVNVUZCUVVGQlIzRnNWVmd3VFhkMWMwOUJFZ1pCU1RFNE1EWWFDd2l0Z2dFUUFCb0RTVTVTT0J4d3RZZ0IiLFtbIkhZRCIsIjIwMjYtMDktMTMiLCJERUwiLG51bGwsIkFJIiwiMTgwNiJdXV0=,SerpApi,Google Flights,2026,9,37,13,6,Sunday,September,True,18,15001-25000,9.72232532346202,False,17585.24,-5.1192932254549905,3,25,INR,2026-09-12 18:49:50.194980,6aa5517704e10a7594c43c07,1033,2026-09-12 18:49:50.200308
18fbe9db659d0a698cf6905cd65cb8cfd52559af0e8f6fc91dc31e016f71f9af,132,HYD,DEL,HYD-DEL,2026-09-13,2026-09-20,2026-09-12 18:49:50.203348,2026-09-12,1,0-3 days,IndiGo,Round trip,INR,16746.0,16746.0,,,0,135.0,,,,98.0,,,WyJDalJJYUhOd2RqaExjRm8zZW1kQlNFZHNiMmRDUnkwdExTMHRMUzF2YTNSd09DMXVNVUZCUVVGQlIzRnNWVmd3VFhkMWMwOUJFZ1kyUlRZd01qVWFDd2pxZ2dFUUFCb0RTVTVTT0J4dzlZZ0IiLFtbIkhZRCIsIjIwMjYtMDktMTMiLCJERUwiLG51bGwsIjZFIiwiNjAyNSJdXV0=,SerpApi,Google Flights,2026,9,37,13,6,Sunday,September,True,18,15001-25000,9.725974416734479,False,17585.24,-4.772411408658639,3,25,INR,2026-09-12 18:49:50.194980,6aa5517704e10a7594c43c07,1034,2026-09-12 18:49:50.203348
c42b01e32ae068de7cff7ec15a0a23930ec522262317f97868ecd09630f954f2,132,HYD,DEL,HYD-DEL,2026-09-13,2026-09-20,2026-09-12 18:49:50.205912,2026-09-12,1,0-3 days,Akasa Air,Round trip,INR,17858.0,17858.0,,,0,135.0,,,,99.0,,,WyJDalJJYUhOd2RqaExjRm8zZW1kQlNFZHNiMmRDUnkwdExTMHRMUzF2YTNSd09DMXVNVUZCUVVGQlIzRnNWVmd3VFhkMWMwOUJFZ1pSVURFME1EVWFDd2pDaXdFUUFCb0RTVTVTT0J4d2daSUIiLFtbIkhZRCIsIjIwMjYtMDktMTMiLCJERUwiLG51bGwsIlFQIiwiMTQwNSJdXV0=,SerpApi,Google Flights,2026,9,37,13,6,Sunday,September,True,18,15001-25000,9.7902628618215,False,17585.24,1.5510735139241616,3,25,INR,2026-09-12 18:49:50.194980,6aa5517704e10a7594c43c07,1035,2026-09-12 18:49:50.205912
39d55a5bf75cdd41da748470e3a9c0caaccd69668fd776b1900cf6bbe2489319,132,HYD,DEL,HYD-DEL,2026-09-13,2026-09-20,2026-09-12 18:49:50.208479,2026-09-12,1,0-3 days,IndiGo,Round trip,INR,16262.0,16262.0,,,1,315.0,,,,177.0,,,WyJDalJJYUhOd2RqaExjRm8zZW1kQlNFZHNiMmRDUnkwdExTMHRMUzF2YTNSd09DMXVNVUZCUVVGQlIzRnNWVmd3VFhkMWMwOUJFZ3cyUlRZd05qWjhOa1U0TURrYUNnaUdmeEFBR2dOSlRsSTRISEQ2aEFFPSIsW1siSFlEIiwiMjAyNi0wOS0xMyIsIkJMUiIsbnVsbCwiNkUiLCI2MDY2Il0sWyJCTFIiLCIyMDI2LTA5LTEzIiwiREVMIixudWxsLCI2RSIsIjgwOSJdXV0=,SerpApi,Google Flights,2026,9,37,13,6,Sunday,September,True,18,15001-25000,9.696647867928448,False,17585.24,-7.524719594387119,3,25,INR,2026-09-12 18:49:50.194980,6aa5517704e10a7594c43c07,1036,2026-09-12 18:49:50.208479
1bff3b0d708220144e8a21f1fb7d4a36942a88fb12be86cdfb4e70a0d33e642c,132,HYD,DEL,HYD-DEL,2026-09-13,2026-09-20,2026-09-12 18:49:50.214196,2026-09-12,1,0-3 days,IndiGo,Round trip,INR,16262.0,16262.0,,,1,345.0,,,,177.0,,,WyJDalJJYUhOd2RqaExjRm8zZW1kQlNFZHNiMmRDUnkwdExTMHRMUzF2YTNSd09DMXVNVUZCUVVGQlIzRnNWVmd3VFhkMWMwOUJFZ3cyUlRZME1UZDhOa1U0TVRjYUNnaUdmeEFBR2dOSlRsSTRISEQ2aEFFPSIsW1siSFlEIiwiMjAyNi0wOS0xMyIsIkJMUiIsbnVsbCwiNkUiLCI2NDE3Il0sWyJCTFIiLCIyMDI2LTA5LTEzIiwiREVMIixudWxsLCI2RSIsIjgxNyJdXV0=,SerpApi,Google Flights,2026,9,37,13,6,Sunday,September,True,18,15001-25000,9.696647867928448,False,17585.24,-7.524719594387119,3,25,INR,2026-09-12 18:49:50.194980,6aa5517704e10a7594c43c07,1038,2026-09-12 18:49:50.214196
c374e68a886b82d00111aedc3d70f1213fc0f3339ab52c009383e9a2dbc2a21a,132,HYD,DEL,HYD-DEL,2026-09-13,2026-09-20,2026-09-12 18:49:50.219050,2026-09-12,1,0-3 days,Air India,Round trip,INR,16685.0,16685.0,,,0,150.0,,,,113.0,,,WyJDalJJYUhOd2RqaExjRm8zZW1kQlNFZHNiMmRDUnkwdExTMHRMUzF2YTNSd09DMXVNVUZCUVVGQlIzRnNWVmd3VFhkMWMwOUJFZ1pCU1RJM056WWFDd2l0Z2dFUUFCb0RTVTVTT0J4d3RZZ0IiLFtbIkhZRCIsIjIwMjYtMDktMTMiLCJERUwiLG51bGwsIkFJIiwiMjc3NiJdXV0=,SerpApi,Google Flights,2026,9,37,13,6,Sunday,September,True,18,15001-25000,9.72232532346202,False,17585.24,-5.1192932254549905,3,25,INR,2026-09-12 18:49:50.194980,6aa5517704e10a7594c43c07,1040,2026-09-12 18:49:50.219050
836ff5104d4f29f74116fc6445d560582131987fc47286b79bb0e265f46db9c2,132,HYD,DEL,HYD-DEL,2026-09-13,2026-09-20,2026-09-12 18:49:50.222212,2026-09-12,1,0-3 days,IndiGo,Round trip,INR,16746.0,16746.0,,,0,145.0,,,,98.0,,,WyJDalJJYUhOd2RqaExjRm8zZW1kQlNFZHNiMmRDUnkwdExTMHRMUzF2YTNSd09DMXVNVUZCUVVGQlIzRnNWVmd3VFhkMWMwOUJFZ1UyUlRjd05ob0xDT3FDQVJBQUdnTkpUbEk0SEhEMWlBRT0iLFtbIkhZRCIsIjIwMjYtMDktMTMiLCJERUwiLG51bGwsIjZFIiwiNzA2Il1dXQ==,SerpApi,Google Flights,2026,9,37,13,6,Sunday,September,True,18,15001-25000,9.725974416734479,False,17585.24,-4.772411408658639,3,25,INR,2026-09-12 18:49:50.194980,6aa5517704e10a7594c43c07,1041,2026-09-12 18:49:50.222212
26a0769ba2a403a2c26514af4f61b4c10908001ebacc3c72733bae2e17b6f2c8,132,HYD,DEL,HYD-DEL,2026-09-13,2026-09-20,2026-09-12 18:49:50.224385,2026-09-12,1,0-3 days,IndiGo,Round trip,INR,16746.0,16746.0,,,0,140.0,,,,98.0,,,WyJDalJJYUhOd2RqaExjRm8zZW1kQlNFZHNiMmRDUnkwdExTMHRMUzF2YTNSd09DMXVNVUZCUVVGQlIzRnNWVmd3VFhkMWMwOUJFZ1UyUlRjd054b0xDT3FDQVJBQUdnTkpUbEk0SEhEMWlBRT0iLFtbIkhZRCIsIjIwMjYtMDktMTMiLCJERUwiLG51bGwsIjZFIiwiNzA3Il1dXQ==,SerpApi,Google Flights,2026,9,37,13,6,Sunday,September,True,18,15001-25000,9.725974416734479,False,17585.24,-4.772411408658639,3,25,INR,2026-09-12 18:49:50.194980,6aa5517704e10a7594c43c07,1042,2026-09-12 18:49:50.224385
ff6791d0a45acb0fec0c1f4d69a4dbda8014be24ab37bc7bb1f1584c26d0b2c5,132,HYD,DEL,HYD-DEL,2026-09-13,2026-09-20,2026-09-12 18:49:50.226400,2026-09-12,1,0-3 days,Air India,Round trip,INR,16801.0,16801.0,,,0,150.0,,,,113.0,,,WyJDalJJYUhOd2RqaExjRm8zZW1kQlNFZHNiMmRDUnkwdExTMHRMUzF2YTNSd09DMXVNVUZCUVVGQlIzRnNWVmd3VFhkMWMwOUJFZ1pCU1RFNE5qWWFDd2loZ3dFUUFCb0RTVTVTT0J4d3Jva0IiLFtbIkhZRCIsIjIwMjYtMDktMTMiLCJERUwiLG51bGwsIkFJIiwiMTg2NiJdXV0=,SerpApi,Google Flights,2026,9,37,13,6,Sunday,September,True,18,15001-25000,9.729253205924792,False,17585.24,-4.459649114825847,3,25,INR,2026-09-12 18:49:50.194980,6aa5517704e10a7594c43c07,1043,2026-09-12 18:49:50.226400
6b943b1571c2d1194b0b79ef3e15c6b7b6894b81c0e7b08e057ec0070696fb1b,132,HYD,DEL,HYD-DEL,2026-09-13,2026-09-20,2026-09-12 18:49:50.228946,2026-09-12,1,0-3 days,Air India,Round trip,INR,16801.0,16801.0,,,0,155.0,,,,113.0,,,WyJDalJJYUhOd2RqaExjRm8zZW1kQlNFZHNiMmRDUnkwdExTMHRMUzF2YTNSd09DMXVNVUZCUVVGQlIzRnNWVmd3VFhkMWMwOUJFZ1pCU1RJMU5ERWFDd2loZ3dFUUFCb0RTVTVTT0J4d3Jva0IiLFtbIkhZRCIsIjIwMjYtMDktMTMiLCJERUwiLG51bGwsIkFJIiwiMjU0MSJdXV0=,SerpApi,Google Flights,2026,9,37,13,6,Sunday,September,True,18,15001-25000,9.729253205924792,False,17585.24,-4.459649114825847,3,25,INR,2026-09-12 18:49:50.194980,6aa5517704e10a7594c43c07,1044,2026-09-12 18:49:50.228946
3bd3e8446a7f1eddba216f7446e9869b41eac9160e17015a639cc1357b0bda67,132,HYD,DEL,HYD-DEL,2026-09-13,2026-09-20,2026-09-12 18:49:50.233533,2026-09-12,1,0-3 days,IndiGo,Round trip,INR,17218.0,17218.0,,,0,145.0,,,,98.0,,,WyJDalJJYUhOd2RqaExjRm8zZW1kQlNFZHNiMmRDUnkwdExTMHRMUzF2YTNSd09DMXVNVUZCUVVGQlIzRnNWVmd3VFhkMWMwOUJFZ1UyUlRnNU1Cb0xDTUtHQVJBQUdnTkpUbEk0SEhEampBRT0iLFtbIkhZRCIsIjIwMjYtMDktMTMiLCJERUwiLG51bGwsIjZFIiwiODkwIl1dXQ==,SerpApi,Google Flights,2026,9,37,13,6,Sunday,September,True,18,15001-25000,9.753768704286186,False,17585.24,-2.0883422688573017,3,25,INR,2026-09-12 18:49:50.194980,6aa5517704e10a7594c43c07,1046,2026-09-12 18:49:50.233533
cf21abdc6a10345a3294c1d609470cb2594ede8137bab7ef1243c0a16005a184,132,HYD,DEL,HYD-DEL,2026-09-13,2026-09-20,2026-09-12 18:49:50.237977,2026-09-12,1,0-3 days,Air India,Round trip,INR,17590.0,17590.0,,,0,140.0,,,,113.0,,,WyJDalJJYUhOd2RqaExjRm8zZW1kQlNFZHNiMmRDUnkwdExTMHRMUzF2YTNSd09DMXVNVUZCUVVGQlIzRnNWVmd3VFhkMWMwOUJFZ1pCU1RJME5qWWFDd2kyaVFFUUFCb0RTVTVTT0J4dzZJOEIiLFtbIkhZRCIsIjIwMjYtMDktMTMiLCJERUwiLG51bGwsIkFJIiwiMjQ2NiJdXV0=,SerpApi,Google Flights,2026,9,37,13,6,Sunday,September,True,18,15001-25000,9.775142686598905,False,17585.24,0.027068154884424267,3,25,INR,2026-09-12 18:49:50.194980,6aa5517704e10a7594c43c07,1048,2026-09-12 18:49:50.237977
796c1a2b1b646a6fc957a7596a32d7b8ee3b3c07361f1a80900585263b6bbf16,132,HYD,DEL,HYD-DEL,2026-09-13,2026-09-20,2026-09-12 18:49:50.242243,2026-09-12,1,0-3 days,Air India,Round trip,INR,17590.0,17590.0,,,0,150.0,,,,113.0,,,WyJDalJJYUhOd2RqaExjRm8zZW1kQlNFZHNiMmRDUnkwdExTMHRMUzF2YTNSd09DMXVNVUZCUVVGQlIzRnNWVmd3VFhkMWMwOUJFZ1pCU1RJNE9UQWFDd2kyaVFFUUFCb0RTVTVTT0J4dzZJOEIiLFtbIkhZRCIsIjIwMjYtMDktMTMiLCJERUwiLG51bGwsIkFJIiwiMjg5MCJdXV0=,SerpApi,Google Flights,2026,9,37,13,6,Sunday,September,True,18,15001-25000,9.775142686598905,False,17585.24,0.027068154884424267,3,25,INR,2026-09-12 18:49:50.194980,6aa5517704e10a7594c43c07,1050,2026-09-12 18:49:50.242243
88927dba513927325d66cd2279ef86451972106b38d923195d0ed4ecbb878812,132,HYD,DEL,HYD-DEL,2026-09-13,2026-09-20,2026-09-12 18:49:50.245307,2026-09-12,1,0-3 days,Air India,Round trip,INR,17590.0,17590.0,,,0,145.0,,,,113.0,,,WyJDalJJYUhOd2RqaExjRm8zZW1kQlNFZHNiMmRDUnkwdExTMHRMUzF2YTNSd09DMXVNVUZCUVVGQlIzRnNWVmd3VFhkMWMwOUJFZ1pCU1RJNE56QWFDd2kyaVFFUUFCb0RTVTVTT0J4dzZJOEIiLFtbIkhZRCIsIjIwMjYtMDktMTMiLCJERUwiLG51bGwsIkFJIiwiMjg3MCJdXV0=,SerpApi,Google Flights,2026,9,37,13,6,Sunday,September,True,18,15001-25000,9.775142686598905,False,17585.24,0.027068154884424267,3,25,INR,2026-09-12 18:49:50.194980,6aa5517704e10a7594c43c07,1052,2026-09-12 18:49:50.245307
df7f9b7633db4c74b7ec6bd83289528f0091f878d682e3a76efdd02c8588799f,132,HYD,DEL,HYD-DEL,2026-09-13,2026-09-20,2026-09-12 18:49:50.248426,2026-09-12,1,0-3 days,IndiGo,Round trip,INR,17726.0,17726.0,,,0,140.0,,,,98.0,,,WyJDalJJYUhOd2RqaExjRm8zZW1kQlNFZHNiMmRDUnkwdExTMHRMUzF2YTNSd09DMXVNVUZCUVVGQlIzRnNWVmd3VFhkMWMwOUJFZ1kyUlRZeU1ESWFDd2kraWdFUUFCb0RTVTVTT0J4dzlwQUIiLFtbIkhZRCIsIjIwMjYtMDktMTMiLCJERUwiLG51bGwsIjZFIiwiNjIwMiJdXV0=,SerpApi,Google Flights,2026,9,37,13,6,Sunday,September,True,18,15001-25000,9.782844180013784,False,17585.24,0.8004440087254983,3,25,INR,2026-09-12 18:49:50.194980,6aa5517704e10a7594c43c07,1054,2026-09-12 18:49:50.248426
75e0dbc384fa235dad26b38a6b4b6533a6d443454d5e40a933daf3aaf702f2cc,132,HYD,DEL,HYD-DEL,2026-09-13,2026-09-20,2026-09-12 18:49:50.249897,2026-09-12,1,0-3 days,IndiGo,Round trip,INR,17726.0,17726.0,,,0,145.0,,,,98.0,,,WyJDalJJYUhOd2RqaExjRm8zZW1kQlNFZHNiMmRDUnkwdExTMHRMUzF2YTNSd09DMXVNVUZCUVVGQlIzRnNWVmd3VFhkMWMwOUJFZ1kyUlRZd016RWFDd2kraWdFUUFCb0RTVTVTT0J4dzlwQUIiLFtbIkhZRCIsIjIwMjYtMDktMTMiLCJERUwiLG51bGwsIjZFIiwiNjAzMSJdXV0=,SerpApi,Google Flights,2026,9,37,13,6,Sunday,September,True,18,15001-25000,9.782844180013784,False,17585.24,0.8004440087254983,3,25,INR,2026-09-12 18:49:50.194980,6aa5517704e10a7594c43c07,1055,2026-09-12 18:49:50.249897
ec8c4ea54fa394caa737900f3f48b2ad8ddbd22d2ce26a2e56ad8907c594c638,132,HYD,DEL,HYD-DEL,2026-09-13,2026-09-20,2026-09-12 18:49:50.253034,2026-09-12,1,0-3 days,IndiGo,Round trip,INR,17726.0,17726.0,,,0,150.0,,,,98.0,,,WyJDalJJYUhOd2RqaExjRm8zZW1kQlNFZHNiMmRDUnkwdExTMHRMUzF2YTNSd09DMXVNVUZCUVVGQlIzRnNWVmd3VFhkMWMwOUJFZ1kyUlRZd05ETWFDd2kraWdFUUFCb0RTVTVTT0J4dzlwQUIiLFtbIkhZRCIsIjIwMjYtMDktMTMiLCJERUwiLG51bGwsIjZFIiwiNjA0MyJdXV0=,SerpApi,Google Flights,2026,9,37,13,6,Sunday,September,True,18,15001-25000,9.782844180013784,False,17585.24,0.8004440087254983,3,25,INR,2026-09-12 18:49:50.194980,6aa5517704e10a7594c43c07,1057,2026-09-12 18:49:50.253034
db633ac828dcd57743e315a92e8a6b6a37aeacba03ac2bdbccfabcea4934bc8b,132,HYD,DEL,HYD-DEL,2026-09-13,2026-09-20,2026-09-12 18:49:50.254651,2026-09-12,1,0-3 days,IndiGo,Round trip,INR,18266.0,18266.0,,,0,135.0,,,,98.0,,,WyJDalJJYUhOd2RqaExjRm8zZW1kQlNFZHNiMmRDUnkwdExTMHRMUzF2YTNSd09DMXVNVUZCUVVGQlIzRnNWVmd3VFhkMWMwOUJFZ1UyUlRjeE1Sb0xDTnFPQVJBQUdnTkpUbEk0SEhDc2xRRT0iLFtbIkhZRCIsIjIwMjYtMDktMTMiLCJERUwiLG51bGwsIjZFIiwiNzExIl1dXQ==,SerpApi,Google Flights,2026,9,37,13,6,Sunday,September,True,18,15001-25000,9.812851432276684,False,17585.24,3.8712010754473614,3,25,INR,2026-09-12 18:49:50.194980,6aa5517704e10a7594c43c07,1058,2026-09-12 18:49:50.254651
7ad28faba0bdf506d21b92357df64cb3e1425d1ae15f00d7b44c40fb8a802e3c,132,HYD,DEL,HYD-DEL,2026-09-13,2026-09-20,2026-09-12 18:49:50.257032,2026-09-12,1,0-3 days,Akasa Air,Round trip,INR,18761.0,18761.0,,,0,150.0,,,,99.0,,,WyJDalJJYUhOd2RqaExjRm8zZW1kQlNFZHNiMmRDUnkwdExTMHRMUzF2YTNSd09DMXVNVUZCUVVGQlIzRnNWVmd3VFhkMWMwOUJFZ1pSVURFME1EY2FDd2pKa2dFUUFCb0RTVTVTT0J4d3Nwa0IiLFtbIkhZRCIsIjIwMjYtMDktMTMiLCJERUwiLG51bGwsIlFQIiwiMTQwNyJdXV0=,SerpApi,Google Flights,2026,9,37,13,6,Sunday,September,True,18,15001-25000,9.839588826685896,False,17585.24,6.686061719942393,3,25,INR,2026-09-12 18:49:50.194980,6aa5517704e10a7594c43c07,1059,2026-09-12 18:49:50.257032
c776da6a8ab9a0f2ac1797d391b3ff83fa1e8cb3d8c9dbce8b16b2e7c7f54d54,133,HYD,BOM,HYD-BOM,2026-09-13,2026-09-20,2026-09-12 18:49:57.880168,2026-09-12,1,0-3 days,Air India,Round trip,INR,12403.0,12403.0,,,0,115.0,,,,71.0,,,WyJDalJJT0ZZNVIxTmlWRXBuUmxWQlNtTXdaVUZDUnkwdExTMHRMUzB0TFhsc1pXMHlNVUZCUVVGQlIzRnNWVmxOU0hCT1JsRkJFZ1ZCU1RReE9Cb0tDUE5nRUFBYUEwbE9VamdjY0xSbCIsW1siSFlEIiwiMjAyNi0wOS0xMyIsIkJPTSIsbnVsbCwiQUkiLCI0MTgiXV1d,SerpApi,Google Flights,2026,9,37,13,6,Sunday,September,True,18,10001-15000,9.42577428022034,False,15599.3125,-20.49008570089227,2,16,INR,2026-09-12 18:49:57.872649,6aa551802c2bb43fa9ab6879,1061,2026-09-12 18:49:57.880168
668806ce41f877b5f744159219e95fb1a19eb6cb230b35c8153484da0cf824a5,133,HYD,BOM,HYD-BOM,2026-09-13,2026-09-20,2026-09-12 18:49:57.883448,2026-09-12,1,0-3 days,IndiGo,Round trip,INR,12670.0,12670.0,,,0,90.0,,,,61.0,,,WyJDalJJT0ZZNVIxTmlWRXBuUmxWQlNtTXdaVUZDUnkwdExTMHRMUzB0TFhsc1pXMHlNVUZCUVVGQlIzRnNWVmxOU0hCT1JsRkJFZ1kyUlRVek9EUWFDZ2orWWhBQUdnTkpUbEk0SEhETFp3PT0iLFtbIkhZRCIsIjIwMjYtMDktMTMiLCJCT00iLG51bGwsIjZFIiwiNTM4NCJdXV0=,SerpApi,Google Flights,2026,9,37,13,6,Sunday,September,True,18,10001-15000,9.447071196798909,False,15599.3125,-18.778471807651776,2,16,INR,2026-09-12 18:49:57.872649,6aa551802c2bb43fa9ab6879,1062,2026-09-12 18:49:57.883448
88bd7c490fd7301b421aa4544a3c27a626227700c6a79881f4926682ad33617c,133,HYD,BOM,HYD-BOM,2026-09-13,2026-09-20,2026-09-12 18:49:57.885741,2026-09-12,1,0-3 days,Air India,Round trip,INR,11983.0,11983.0,,,0,115.0,,,,71.0,,,WyJDalJJT0ZZNVIxTmlWRXBuUmxWQlNtTXdaVUZDUnkwdExTMHRMUzB0TFhsc1pXMHlNVUZCUVVGQlIzRnNWVmxOU0hCT1JsRkJFZ1pCU1RJNE56SWFDZ2pQWFJBQUdnTkpUbEk0SEhEOFlRPT0iLFtbIkhZRCIsIjIwMjYtMDktMTMiLCJCT00iLG51bGwsIkFJIiwiMjg3MiJdXV0=,SerpApi,Google Flights,2026,9,37,13,6,Sunday,September,True,18,10001-15000,9.391327705757,False,15599.3125,-23.18251204980989,2,16,INR,2026-09-12 18:49:57.872649,6aa551802c2bb43fa9ab6879,1063,2026-09-12 18:49:57.885741
78c2bf8c5f1437e1eaf0cd5a9cd5ba219beed574b517d6ae51b61ef181e7a33f,133,HYD,BOM,HYD-BOM,2026-09-13,2026-09-20,2026-09-12 18:49:57.891196,2026-09-12,1,0-3 days,IndiGo,Round trip,INR,12040.0,12040.0,,,0,85.0,,,,61.0,,,WyJDalJJT0ZZNVIxTmlWRXBuUmxWQlNtTXdaVUZDUnkwdExTMHRMUzB0TFhsc1pXMHlNVUZCUVVGQlIzRnNWVmxOU0hCT1JsRkJFZ1kyUlRZeE9UWWFDZ2lJWGhBQUdnTkpUbEk0SEhDNFlnPT0iLFtbIkhZRCIsIjIwMjYtMDktMTMiLCJCT00iLG51bGwsIjZFIiwiNjE5NiJdXV0=,SerpApi,Google Flights,2026,9,37,13,6,Sunday,September,True,18,10001-15000,9.39607277189222,False,15599.3125,-22.817111331028205,2,16,INR,2026-09-12 18:49:57.872649,6aa551802c2bb43fa9ab6879,1065,2026-09-12 18:49:57.891196
ecb7e49ed7480ff96cad5fd38d7674da89323a7f40b322f210f236beea30d3ed,133,HYD,BOM,HYD-BOM,2026-09-13,2026-09-20,2026-09-12 18:49:57.893174,2026-09-12,1,0-3 days,Air India,Round trip,INR,12093.0,12093.0,,,0,110.0,,,,71.0,,,WyJDalJJT0ZZNVIxTmlWRXBuUmxWQlNtTXdaVUZDUnkwdExTMHRMUzB0TFhsc1pXMHlNVUZCUVVGQlIzRnNWVmxOU0hCT1JsRkJFZ1pCU1RJMk1qWWFDZ2k5WGhBQUdnTkpUbEk0SEhEdllnPT0iLFtbIkhZRCIsIjIwMjYtMDktMTMiLCJCT00iLG51bGwsIkFJIiwiMjYyNiJdXV0=,SerpApi,Google Flights,2026,9,37,13,6,Sunday,September,True,18,10001-15000,9.400464740833158,False,15599.3125,-22.47735276795051,2,16,INR,2026-09-12 18:49:57.872649,6aa551802c2bb43fa9ab6879,1066,2026-09-12 18:49:57.893174
b589dd851075911c6a255f021e27c9a1c392bd5b33feef30113da14b37c640f0,133,HYD,BOM,HYD-BOM,2026-09-13,2026-09-20,2026-09-12 18:49:57.897039,2026-09-12,1,0-3 days,Air India,Round trip,INR,12093.0,12093.0,,,0,115.0,,,,71.0,,,WyJDalJJT0ZZNVIxTmlWRXBuUmxWQlNtTXdaVUZDUnkwdExTMHRMUzB0TFhsc1pXMHlNVUZCUVVGQlIzRnNWVmxOU0hCT1JsRkJFZ1pCU1RJMk9Ua2FDZ2k5WGhBQUdnTkpUbEk0SEhEdllnPT0iLFtbIkhZRCIsIjIwMjYtMDktMTMiLCJCT00iLG51bGwsIkFJIiwiMjY5OSJdXV0=,SerpApi,Google Flights,2026,9,37,13,6,Sunday,September,True,18,10001-15000,9.400464740833158,False,15599.3125,-22.47735276795051,2,16,INR,2026-09-12 18:49:57.872649,6aa551802c2bb43fa9ab6879,1068,2026-09-12 18:49:57.897039
068793cd96a7f385ac6a719a01560af4c9059135eded362316f69408c804fb6b,133,HYD,BOM,HYD-BOM,2026-09-13,2026-09-20,2026-09-12 18:49:57.901569,2026-09-12,1,0-3 days,IndiGo,Round trip,INR,12355.0,12355.0,,,0,85.0,,,,61.0,,,WyJDalJJT0ZZNVIxTmlWRXBuUmxWQlNtTXdaVUZDUnkwdExTMHRMUzB0TFhsc1pXMHlNVUZCUVVGQlIzRnNWVmxOU0hCT1JsRkJFZ1kyUlRVeE56UWFDZ2pEWUJBQUdnTkpUbEk0SEhDQ1pRPT0iLFtbIkhZRCIsIjIwMjYtMDktMTMiLCJCT00iLG51bGwsIjZFIiwiNTE3NCJdXV0=,SerpApi,Google Flights,2026,9,37,13,6,Sunday,September,True,18,10001-15000,9.421897054038473,False,15599.3125,-20.797791569339996,2,16,INR,2026-09-12 18:49:57.872649,6aa551802c2bb43fa9ab6879,1070,2026-09-12 18:49:57.901569
279e4cad7197bc6e09865548559fb66d53b300091a263ad3ce8d8decf3ca3d57,133,HYD,BOM,HYD-BOM,2026-09-13,2026-09-20,2026-09-12 18:49:57.903800,2026-09-12,1,0-3 days,IndiGo,Round trip,INR,12355.0,12355.0,,,0,90.0,,,,61.0,,,WyJDalJJT0ZZNVIxTmlWRXBuUmxWQlNtTXdaVUZDUnkwdExTMHRMUzB0TFhsc1pXMHlNVUZCUVVGQlIzRnNWVmxOU0hCT1JsRkJFZ1kyUlRZek5qTWFDZ2pEWUJBQUdnTkpUbEk0SEhDQ1pRPT0iLFtbIkhZRCIsIjIwMjYtMDktMTMiLCJCT00iLG51bGwsIjZFIiwiNjM2MyJdXV0=,SerpApi,Google Flights,2026,9,37,13,6,Sunday,September,True,18,10001-15000,9.421897054038473,False,15599.3125,-20.797791569339996,2,16,INR,2026-09-12 18:49:57.872649,6aa551802c2bb43fa9ab6879,1071,2026-09-12 18:49:57.903800
e24a86e75b90ec48f459e1cc974162b7d86c20c72677abc60c3b1aa71a480423,133,HYD,BOM,HYD-BOM,2026-09-13,2026-09-20,2026-09-12 18:49:57.908404,2026-09-12,1,0-3 days,Air India,Round trip,INR,12403.0,12403.0,,,0,120.0,,,,71.0,,,WyJDalJJT0ZZNVIxTmlWRXBuUmxWQlNtTXdaVUZDUnkwdExTMHRMUzB0TFhsc1pXMHlNVUZCUVVGQlIzRnNWVmxOU0hCT1JsRkJFZ1pCU1RJME5EY2FDZ2p6WUJBQUdnTkpUbEk0SEhDMFpRPT0iLFtbIkhZRCIsIjIwMjYtMDktMTMiLCJCT00iLG51bGwsIkFJIiwiMjQ0NyJdXV0=,SerpApi,Google Flights,2026,9,37,13,6,Sunday,September,True,18,10001-15000,9.42577428022034,False,15599.3125,-20.49008570089227,2,16,INR,2026-09-12 18:49:57.872649,6aa551802c2bb43fa9ab6879,1073,2026-09-12 18:49:57.908404
ef97343839633eefe20368c176feb29314722169ce6a76719d3f1889c9eab572,133,HYD,BOM,HYD-BOM,2026-09-13,2026-09-20,2026-09-12 18:49:57.910744,2026-09-12,1,0-3 days,IndiGo,Round trip,INR,12670.0,12670.0,,,0,100.0,,,,61.0,,,WyJDalJJT0ZZNVIxTmlWRXBuUmxWQlNtTXdaVUZDUnkwdExTMHRMUzB0TFhsc1pXMHlNVUZCUVVGQlIzRnNWVmxOU0hCT1JsRkJFZ1kyUlRVd09Ua2FDZ2orWWhBQUdnTkpUbEk0SEhETFp3PT0iLFtbIkhZRCIsIjIwMjYtMDktMTMiLCJCT00iLG51bGwsIjZFIiwiNTA5OSJdXV0=,SerpApi,Google Flights,2026,9,37,13,6,Sunday,September,True,18,10001-15000,9.447071196798909,False,15599.3125,-18.778471807651776,2,16,INR,2026-09-12 18:49:57.872649,6aa551802c2bb43fa9ab6879,1074,2026-09-12 18:49:57.910744
bc1b0a88a5cc95c09caf04e16b9c7119654229038d478688064809a3615c823d,133,HYD,BOM,HYD-BOM,2026-09-13,2026-09-20,2026-09-12 18:49:57.912854,2026-09-12,1,0-3 days,IndiGo,Round trip,INR,13090.0,13090.0,,,0,95.0,,,,74.0,,,WyJDalJJT0ZZNVIxTmlWRXBuUmxWQlNtTXdaVUZDUnkwdExTMHRMUzB0TFhsc1pXMHlNVUZCUVVGQlIzRnNWVmxOU0hCT1JsRkJFZ1kyUlRVeE5ETWFDZ2lpWmhBQUdnTkpUbEk0SEhDRGF3PT0iLFtbIkhZRCIsIjIwMjYtMDktMTMiLCJCT00iLG51bGwsIjZFIiwiNTE0MyJdXV0=,SerpApi,Google Flights,2026,9,37,13,6,Sunday,September,True,18,10001-15000,9.479680250180099,False,15599.3125,-16.086045458734155,2,16,INR,2026-09-12 18:49:57.872649,6aa551802c2bb43fa9ab6879,1075,2026-09-12 18:49:57.912854
b2e967dd71cdd6bbc39f796b79bf70bf4722f235510489f786f487c47d3467dc,133,HYD,BOM,HYD-BOM,2026-09-13,2026-09-20,2026-09-12 18:49:57.915151,2026-09-12,1,0-3 days,IndiGo,Round trip,INR,14035.0,14035.0,,,0,90.0,,,,61.0,,,WyJDalJJT0ZZNVIxTmlWRXBuUmxWQlNtTXdaVUZDUnkwdExTMHRMUzB0TFhsc1pXMHlNVUZCUVVGQlIzRnNWVmxOU0hCT1JsRkJFZ1kyUlRVd016a2FDZ2pUYlJBQUdnTkpUbEk0SEhEZ2NnPT0iLFtbIkhZRCIsIjIwMjYtMDktMTMiLCJCT00iLG51bGwsIjZFIiwiNTAzOSJdXV0=,SerpApi,Google Flights,2026,9,37,13,6,Sunday,September,True,18,10001-15000,9.549380736703105,False,15599.3125,-10.028086173669514,2,16,INR,2026-09-12 18:49:57.872649,6aa551802c2bb43fa9ab6879,1076,2026-09-12 18:49:57.915151
4daf2e6f81774886f060a0ba75fa35705863c042c0d71037328cb954048d0730,134,HYD,MAA,HYD-MAA,2026-09-13,2026-09-20,2026-09-12 18:50:06.108150,2026-09-12,1,0-3 days,Air India Express,Round trip,INR,11944.0,11944.0,,,1,220.0,,,,107.0,,,WyJDalJJY0ZOZk0wdFRiblJNYzFGQlNqUkhWMmRDUnkwdExTMHRMUzB0TFhsc2Izb3hNMEZCUVVGQlIzRnNWVmxyVDJnMFJtTkJFZzFKV0RJNU16UjhTVmd5T1RReUdnb0lxRjBRQUJvRFNVNVNPQnh3MUdFPSIsW1siSFlEIiwiMjAyNi0wOS0xMyIsIkJMUiIsbnVsbCwiSVgiLCIyOTM0Il0sWyJCTFIiLCIyMDI2LTA5LTEzIiwiTUFBIixudWxsLCJJWCIsIjI5NDIiXV1d,SerpApi,Google Flights,2026,9,37,13,6,Sunday,September,True,18,10001-15000,9.38806805975991,False,13242.3,-9.80418809421324,2,10,INR,2026-09-12 18:50:06.105466,6aa55188f7ae8d18df1af5ff,1079,2026-09-12 18:50:06.108150
dd03ee85845fecdaca7dea7d89017026efcba550fd2ace55a10fc074a4ba275f,134,HYD,MAA,HYD-MAA,2026-09-13,2026-09-20,2026-09-12 18:50:06.111743,2026-09-12,1,0-3 days,IndiGo,Round trip,INR,12630.0,12630.0,,,0,85.0,,,,55.0,,,WyJDalJJY0ZOZk0wdFRiblJNYzFGQlNqUkhWMmRDUnkwdExTMHRMUzB0TFhsc2Izb3hNMEZCUVVGQlIzRnNWVmxyVDJnMFJtTkJFZ1UyUlRNM01Sb0tDTlppRUFBYUEwbE9VamdjY0tGbiIsW1siSFlEIiwiMjAyNi0wOS0xMyIsIk1BQSIsbnVsbCwiNkUiLCIzNzEiXV1d,SerpApi,Google Flights,2026,9,37,13,6,Sunday,September,True,18,10001-15000,9.443909388773974,False,13242.3,-4.623819125076456,2,10,INR,2026-09-12 18:50:06.105466,6aa55188f7ae8d18df1af5ff,1080,2026-09-12 18:50:06.111743
bfbd57cb4271b1ac9bef55292498c1998d2a2eb54808c9b957d3f418f621281e,134,HYD,MAA,HYD-MAA,2026-09-13,2026-09-20,2026-09-12 18:50:06.114309,2026-09-12,1,0-3 days,Air India Express,Round trip,INR,12996.0,12996.0,,,0,95.0,,,,61.0,,,WyJDalJJY0ZOZk0wdFRiblJNYzFGQlNqUkhWMmRDUnkwdExTMHRMUzB0TFhsc2Izb3hNMEZCUVVGQlIzRnNWVmxyVDJnMFJtTkJFZ1pKV0RFNE16RWFDZ2pFWlJBQUdnTkpUbEk0SEhDZ2FnPT0iLFtbIkhZRCIsIjIwMjYtMDktMTMiLCJNQUEiLG51bGwsIklYIiwiMTgzMSJdXV0=,SerpApi,Google Flights,2026,9,37,13,6,Sunday,September,True,18,10001-15000,9.47247384058159,False,13242.3,-1.859948800434963,2,10,INR,2026-09-12 18:50:06.105466,6aa55188f7ae8d18df1af5ff,1081,2026-09-12 18:50:06.114309
7bba2bab03274315da3538cf55678f1221fbba4cbc48f67f12b328f19f14e54b,134,HYD,MAA,HYD-MAA,2026-09-13,2026-09-20,2026-09-12 18:50:06.116824,2026-09-12,1,0-3 days,Air India Express,Round trip,INR,11944.0,11944.0,,,1,345.0,,,,102.0,,,WyJDalJJY0ZOZk0wdFRiblJNYzFGQlNqUkhWMmRDUnkwdExTMHRMUzB0TFhsc2Izb3hNMEZCUVVGQlIzRnNWVmxyVDJnMFJtTkJFZzFKV0RJd01UbDhTVmd5T1RReUdnb0lxRjBRQUJvRFNVNVNPQnh3MUdFPSIsW1siSFlEIiwiMjAyNi0wOS0xMyIsIkJMUiIsbnVsbCwiSVgiLCIyMDE5Il0sWyJCTFIiLCIyMDI2LTA5LTEzIiwiTUFBIixudWxsLCJJWCIsIjI5NDIiXV1d,SerpApi,Google Flights,2026,9,37,13,6,Sunday,September,True,18,10001-15000,9.38806805975991,False,13242.3,-9.80418809421324,2,10,INR,2026-09-12 18:50:06.105466,6aa55188f7ae8d18df1af5ff,1082,2026-09-12 18:50:06.116824
842abc16754c4b81535f342e7d2280a9694d438a24922f2ce754ff70ff9df6d7,134,HYD,MAA,HYD-MAA,2026-09-13,2026-09-20,2026-09-12 18:50:06.119817,2026-09-12,1,0-3 days,Air India Express,Round trip,INR,11944.0,11944.0,,,1,240.0,,,,104.0,,,WyJDalJJY0ZOZk0wdFRiblJNYzFGQlNqUkhWMmRDUnkwdExTMHRMUzB0TFhsc2Izb3hNMEZCUVVGQlIzRnNWVmxyVDJnMFJtTkJFZzFKV0RJNU9ETjhTVmd5TnpnM0dnb0lxRjBRQUJvRFNVNVNPQnh3MUdFPSIsW1siSFlEIiwiMjAyNi0wOS0xMyIsIkJMUiIsbnVsbCwiSVgiLCIyOTgzIl0sWyJCTFIiLCIyMDI2LTA5LTEzIiwiTUFBIixudWxsLCJJWCIsIjI3ODciXV1d,SerpApi,Google Flights,2026,9,37,13,6,Sunday,September,True,18,10001-15000,9.38806805975991,False,13242.3,-9.80418809421324,2,10,INR,2026-09-12 18:50:06.105466,6aa55188f7ae8d18df1af5ff,1083,2026-09-12 18:50:06.119817
f4f4cdb53de3ce99d442a795991addd07ea66e82f04572727afc4e0c137b3c5e,134,HYD,MAA,HYD-MAA,2026-09-13,2026-09-20,2026-09-12 18:50:06.122635,2026-09-12,1,0-3 days,Air India Express,Round trip,INR,11944.0,11944.0,,,1,710.0,,,,101.0,,,WyJDalJJY0ZOZk0wdFRiblJNYzFGQlNqUkhWMmRDUnkwdExTMHRMUzB0TFhsc2Izb3hNMEZCUVVGQlIzRnNWVmxyVDJnMFJtTkJFZzFKV0RFek56aDhTVmd4TkRjeUdnb0lxRjBRQUJvRFNVNVNPQnh3MUdFPSIsW1siSFlEIiwiMjAyNi0wOS0xMyIsIkJMUiIsbnVsbCwiSVgiLCIxMzc4Il0sWyJCTFIiLCIyMDI2LTA5LTE0IiwiTUFBIixudWxsLCJJWCIsIjE0NzIiXV1d,SerpApi,Google Flights,2026,9,37,13,6,Sunday,September,True,18,10001-15000,9.38806805975991,False,13242.3,-9.80418809421324,2,10,INR,2026-09-12 18:50:06.105466,6aa55188f7ae8d18df1af5ff,1084,2026-09-12 18:50:06.122635
7c9f537bb609eb6cc21a2ddeb6cc0c6c360c1e0284d7e2d4ed7189dbadc24d07,134,HYD,MAA,HYD-MAA,2026-09-13,2026-09-20,2026-09-12 18:50:06.134565,2026-09-12,1,0-3 days,IndiGo,Round trip,INR,14563.0,14563.0,,,0,75.0,,,,51.0,,,WyJDalJJY0ZOZk0wdFRiblJNYzFGQlNqUkhWMmRDUnkwdExTMHRMUzB0TFhsc2Izb3hNMEZCUVVGQlIzRnNWVmxyVDJnMFJtTkJFZ1UyUlRVNU9Cb0tDT054RUFBYUEwbE9VamdjY0loMyIsW1siSFlEIiwiMjAyNi0wOS0xMyIsIk1BQSIsbnVsbCwiNkUiLCI1OTgiXV1d,SerpApi,Google Flights,2026,9,37,13,6,Sunday,September,True,18,10001-15000,9.586308009295324,False,13242.3,9.973342999327928,2,10,INR,2026-09-12 18:50:06.105466,6aa55188f7ae8d18df1af5ff,1089,2026-09-12 18:50:06.134565
1559be264513bdf856e8f74f855685476071c0d0834423e5a14b552c4086d73b,134,HYD,MAA,HYD-MAA,2026-09-13,2026-09-20,2026-09-12 18:50:06.136701,2026-09-12,1,0-3 days,IndiGo,Round trip,INR,14563.0,14563.0,,,0,80.0,,,,51.0,,,WyJDalJJY0ZOZk0wdFRiblJNYzFGQlNqUkhWMmRDUnkwdExTMHRMUzB0TFhsc2Izb3hNMEZCUVVGQlIzRnNWVmxyVDJnMFJtTkJFZ1kyUlRZME9EWWFDZ2pqY1JBQUdnTkpUbEk0SEhDSWR3PT0iLFtbIkhZRCIsIjIwMjYtMDktMTMiLCJNQUEiLG51bGwsIjZFIiwiNjQ4NiJdXV0=,SerpApi,Google Flights,2026,9,37,13,6,Sunday,September,True,18,10001-15000,9.586308009295324,False,13242.3,9.973342999327928,2,10,INR,2026-09-12 18:50:06.105466,6aa55188f7ae8d18df1af5ff,1090,2026-09-12 18:50:06.136701
efd5b6dd97ddf7b55a278fe10d2971b69a9ca6ea54ab219ea0b27dcec4d437ef,134,HYD,MAA,HYD-MAA,2026-09-13,2026-09-20,2026-09-12 18:50:06.138933,2026-09-12,1,0-3 days,IndiGo,Round trip,INR,14563.0,14563.0,,,0,85.0,,,,51.0,,,WyJDalJJY0ZOZk0wdFRiblJNYzFGQlNqUkhWMmRDUnkwdExTMHRMUzB0TFhsc2Izb3hNMEZCUVVGQlIzRnNWVmxyVDJnMFJtTkJFZ1kyUlRZeE56UWFDZ2pqY1JBQUdnTkpUbEk0SEhDSWR3PT0iLFtbIkhZRCIsIjIwMjYtMDktMTMiLCJNQUEiLG51bGwsIjZFIiwiNjE3NCJdXV0=,SerpApi,Google Flights,2026,9,37,13,6,Sunday,September,True,18,10001-15000,9.586308009295324,False,13242.3,9.973342999327928,2,10,INR,2026-09-12 18:50:06.105466,6aa55188f7ae8d18df1af5ff,1091,2026-09-12 18:50:06.138933
32d505c08609457b151af40b85cd16639096882befd2dbb7326df16e56033d49,135,HYD,CCU,HYD-CCU,2026-09-13,2026-09-20,2026-09-12 18:50:11.550590,2026-09-12,1,0-3 days,IndiGo,Round trip,INR,17631.0,17631.0,,,0,130.0,,,,93.0,,,WyJDalJJWld4TlVVZ3hVVmxGZEdkQlNERnVNVUZDUnkwdExTMHRMUzB0TFhaM1pHMHhPRUZCUVVGQlIzRnNWVnBGU2toVk9HMUJFZ1UyUlRrME5Cb0xDTitKQVJBQUdnTkpUbEk0SEhDVGtBRT0iLFtbIkhZRCIsIjIwMjYtMDktMTMiLCJDQ1UiLG51bGwsIjZFIiwiOTQ0Il1dXQ==,SerpApi,Google Flights,2026,9,37,13,6,Sunday,September,True,18,15001-25000,9.777470711952642,False,20027.125,-11.964398284826206,1,8,INR,2026-09-12 18:50:11.538588,6aa5519002706a97167cc61a,1093,2026-09-12 18:50:11.550590
eee68c2c1c17170d76103f02ce8150fd21fd94c59401fd67e2b32c7e4f4b4451,135,HYD,CCU,HYD-CCU,2026-09-13,2026-09-20,2026-09-12 18:50:11.553452,2026-09-12,1,0-3 days,IndiGo,Round trip,INR,19521.0,19521.0,,,0,140.0,,,,93.0,,,WyJDalJJWld4TlVVZ3hVVmxGZEdkQlNERnVNVUZDUnkwdExTMHRMUzB0TFhaM1pHMHhPRUZCUVVGQlIzRnNWVnBGU2toVk9HMUJFZ1kyUlRZNU1EY2FDd2pCbUFFUUFCb0RTVTVTT0J4d3paOEIiLFtbIkhZRCIsIjIwMjYtMDktMTMiLCJDQ1UiLG51bGwsIjZFIiwiNjkwNyJdXV0=,SerpApi,Google Flights,2026,9,37,13,6,Sunday,September,True,18,15001-25000,9.879297313734911,False,20027.125,-2.527197488406352,1,8,INR,2026-09-12 18:50:11.538588,6aa5519002706a97167cc61a,1094,2026-09-12 18:50:11.553452
2dba6ee0e5577c6d9c07e89cccd27dd36cfeb5040cb7a56caa5779e83d44a9d7,135,HYD,CCU,HYD-CCU,2026-09-13,2026-09-20,2026-09-12 18:50:11.556943,2026-09-12,1,0-3 days,IndiGo,Round trip,INR,19521.0,19521.0,,,0,130.0,,,,98.0,,,WyJDalJJWld4TlVVZ3hVVmxGZEdkQlNERnVNVUZDUnkwdExTMHRMUzB0TFhaM1pHMHhPRUZCUVVGQlIzRnNWVnBGU2toVk9HMUJFZ1UyUlRJNE14b0xDTUdZQVJBQUdnTkpUbEk0SEhETm53RT0iLFtbIkhZRCIsIjIwMjYtMDktMTMiLCJDQ1UiLG51bGwsIjZFIiwiMjgzIl1dXQ==,SerpApi,Google Flights,2026,9,37,13,6,Sunday,September,True,18,15001-25000,9.879297313734911,False,20027.125,-2.527197488406352,1,8,INR,2026-09-12 18:50:11.538588,6aa5519002706a97167cc61a,1095,2026-09-12 18:50:11.556943
bcebd5bd35117f5c1106d5d6a65994afe82b648151d5711b81d2fa832a0921ca,135,HYD,CCU,HYD-CCU,2026-09-13,2026-09-20,2026-09-12 18:50:11.559597,2026-09-12,1,0-3 days,IndiGo,Round trip,INR,18566.0,18566.0,,,1,245.0,,,,125.0,,,WyJDalJJWld4TlVVZ3hVVmxGZEdkQlNERnVNVUZDUnkwdExTMHRMUzB0TFhaM1pHMHhPRUZCUVVGQlIzRnNWVnBGU2toVk9HMUJFZ3MyUlRJd09IdzJSVFl4TnhvTENJYVJBUkFBR2dOSlRsSTRISERtbHdFPSIsW1siSFlEIiwiMjAyNi0wOS0xMyIsIlZUWiIsbnVsbCwiNkUiLCIyMDgiXSxbIlZUWiIsIjIwMjYtMDktMTMiLCJDQ1UiLG51bGwsIjZFIiwiNjE3Il1dXQ==,SerpApi,Google Flights,2026,9,37,13,6,Sunday,September,True,18,15001-25000,9.829141090407472,False,20027.125,-7.295730165962411,1,8,INR,2026-09-12 18:50:11.538588,6aa5519002706a97167cc61a,1096,2026-09-12 18:50:11.559597
f9a7c8c3c2111c190c74e367d1f098457f97a38fd162a9d8490adf82d765835d,135,HYD,CCU,HYD-CCU,2026-09-13,2026-09-20,2026-09-12 18:50:11.564168,2026-09-12,1,0-3 days,IndiGo,Round trip,INR,18960.0,18960.0,,,1,325.0,,,,151.0,,,WyJDalJJWld4TlVVZ3hVVmxGZEdkQlNERnVNVUZDUnkwdExTMHRMUzB0TFhaM1pHMHhPRUZCUVVGQlIzRnNWVnBGU2toVk9HMUJFZzAyUlRZM05EWjhOa1UyTURrM0dnc0lrSlFCRUFBYUEwbE9VamdjY0lLYkFRPT0iLFtbIkhZRCIsIjIwMjYtMDktMTMiLCJJWEEiLG51bGwsIjZFIiwiNjc0NiJdLFsiSVhBIiwiMjAyNi0wOS0xMyIsIkNDVSIsbnVsbCwiNkUiLCI2MDk3Il1dXQ==,SerpApi,Google Flights,2026,9,37,13,6,Sunday,September,True,18,15001-25000,9.850139517034204,False,20027.125,-5.328398359724629,1,8,INR,2026-09-12 18:50:11.538588,6aa5519002706a97167cc61a,1097,2026-09-12 18:50:11.564168
a74bee108bd1a885dfe65438a3e074f0cd1f2b68b9949ae2626b3ac48cd2191e,135,HYD,CCU,HYD-CCU,2026-09-13,2026-09-20,2026-09-12 18:50:11.567352,2026-09-12,1,0-3 days,IndiGo,Round trip,INR,21201.0,21201.0,,,0,130.0,,,,93.0,,,WyJDalJJWld4TlVVZ3hVVmxGZEdkQlNERnVNVUZDUnkwdExTMHRMUzB0TFhaM1pHMHhPRUZCUVVGQlIzRnNWVnBGU2toVk9HMUJFZ1UyUlRZMk5Cb0xDTkdsQVJBQUdnTkpUbEk0SEhDcnJRRT0iLFtbIkhZRCIsIjIwMjYtMDktMTMiLCJDQ1UiLG51bGwsIjZFIiwiNjY0Il1dXQ==,SerpApi,Google Flights,2026,9,37,13,6,Sunday,September,True,18,15001-25000,9.961850795833042,False,20027.125,5.861425441744639,1,8,INR,2026-09-12 18:50:11.538588,6aa5519002706a97167cc61a,1098,2026-09-12 18:50:11.567352
7ed1ad7d3f121e36ef42714984c6d120eaf7ab53c08862028b873c3f44faf291,135,HYD,CCU,HYD-CCU,2026-09-13,2026-09-20,2026-09-12 18:50:11.569942,2026-09-12,1,0-3 days,IndiGo,Round trip,INR,22146.0,22146.0,,,0,135.0,,,,93.0,,,WyJDalJJWld4TlVVZ3hVVmxGZEdkQlNERnVNVUZDUnkwdExTMHRMUzB0TFhaM1pHMHhPRUZCUVVGQlIzRnNWVnBGU2toVk9HMUJFZ1UyUlRNM05ob0xDSUt0QVJBQUdnTkpUbEk0SEhDSXRRRT0iLFtbIkhZRCIsIjIwMjYtMDktMTMiLCJDQ1UiLG51bGwsIjZFIiwiMzc2Il1dXQ==,SerpApi,Google Flights,2026,9,37,13,6,Sunday,September,True,18,15001-25000,10.005457326119846,False,20027.125,10.580025839954565,1,8,INR,2026-09-12 18:50:11.538588,6aa5519002706a97167cc61a,1099,2026-09-12 18:50:11.569942
291d5cb09b72e56d1c50a6bf42a873e3dc6c005360de5ec86ad187a2df68f19e,136,HYD,PNQ,HYD-PNQ,2026-09-13,2026-09-20,2026-09-12 18:50:14.424375,2026-09-12,1,0-3 days,IndiGo,Round trip,INR,9095.0,9095.0,,,0,70.0,,,,49.0,,,WyJDalJJZVRRMWRrdzVZbHBSTm1kQlMwTkdXbEZDUnkwdExTMHRMUzB0ZVdsaVkya3hOMEZCUVVGQlIzRnNWVnBaVFVrd2VrRkJFZ1UyUlRNMU1Sb0tDSWRIRUFBYUEwbE9VamdjY0s1SyIsW1siSFlEIiwiMjAyNi0wOS0xMyIsIlBOUSIsbnVsbCwiNkUiLCIzNTEiXV1d,SerpApi,Google Flights,2026,9,37,13,6,Sunday,September,True,18,7501-10000,9.115590035430372,True,11665.0,-22.031718816973857,2,9,INR,2026-09-12 18:50:14.419503,6aa551964c437f6000d27be0,1101,2026-09-12 18:50:14.424375
db9d6ac2c45f607c5219dfcb66b037b8af5409b03414a9b6e67c6e9cc8916dcc,136,HYD,PNQ,HYD-PNQ,2026-09-13,2026-09-20,2026-09-12 18:50:14.427616,2026-09-12,1,0-3 days,Star Air,Round trip,INR,9200.0,9200.0,,,0,70.0,,,,90.0,,,WyJDalJJZVRRMWRrdzVZbHBSTm1kQlMwTkdXbEZDUnkwdExTMHRMUzB0ZVdsaVkya3hOMEZCUVVGQlIzRnNWVnBaVFVrd2VrRkJFZ1ZUTlRFM014b0tDUEJIRUFBYUEwbE9VamdjY0p4TCIsW1siSFlEIiwiMjAyNi0wOS0xMyIsIlBOUSIsbnVsbCwiUzUiLCIxNzMiXV1d,SerpApi,Google Flights,2026,9,37,13,6,Sunday,September,True,18,7501-10000,9.127067452782361,True,11665.0,-21.131590227175312,2,9,INR,2026-09-12 18:50:14.419503,6aa551964c437f6000d27be0,1102,2026-09-12 18:50:14.427616
33071943340de0d233a45a835b363e98cfacbc11612725de085b0232b9097c2e,136,HYD,PNQ,HYD-PNQ,2026-09-13,2026-09-20,2026-09-12 18:50:14.430379,2026-09-12,1,0-3 days,IndiGo,Round trip,INR,10407.0,10407.0,,,0,65.0,,,,49.0,,,WyJDalJJZVRRMWRrdzVZbHBSTm1kQlMwTkdXbEZDUnkwdExTMHRMUzB0ZVdsaVkya3hOMEZCUVVGQlIzRnNWVnBaVFVrd2VrRkJFZ1kyUlRZME56RWFDZ2luVVJBQUdnTkpUbEk0SEhDTFZRPT0iLFtbIkhZRCIsIjIwMjYtMDktMTMiLCJQTlEiLG51bGwsIjZFIiwiNjQ3MSJdXV0=,SerpApi,Google Flights,2026,9,37,13,6,Sunday,September,True,18,10001-15000,9.250330020192342,False,11665.0,-10.784397771110154,2,9,INR,2026-09-12 18:50:14.419503,6aa551964c437f6000d27be0,1103,2026-09-12 18:50:14.430379
a719c6e96522b9afa7917f5fc279707bb5e59faf3b3a39510c7c6db33b078eef,136,HYD,PNQ,HYD-PNQ,2026-09-13,2026-09-20,2026-09-12 18:50:14.432446,2026-09-12,1,0-3 days,IndiGo,Round trip,INR,10565.0,10565.0,,,0,70.0,,,,49.0,,,WyJDalJJZVRRMWRrdzVZbHBSTm1kQlMwTkdXbEZDUnkwdExTMHRMUzB0ZVdsaVkya3hOMEZCUVVGQlIzRnNWVnBaVFVrd2VrRkJFZ1UyUlRNek54b0tDTVZTRUFBYUEwbE9VamdjY0xCVyIsW1siSFlEIiwiMjAyNi0wOS0xMyIsIlBOUSIsbnVsbCwiNkUiLCIzMzciXV1d,SerpApi,Google Flights,2026,9,37,13,6,Sunday,September,True,18,10001-15000,9.26539657772426,False,11665.0,-9.42991855979426,2,9,INR,2026-09-12 18:50:14.419503,6aa551964c437f6000d27be0,1104,2026-09-12 18:50:14.432446
b90e4f0cc148dfab8ed09ae1c349c838e5cc25ae8c7d671e7b587054adbced36,136,HYD,PNQ,HYD-PNQ,2026-09-13,2026-09-20,2026-09-12 18:50:14.434356,2026-09-12,1,0-3 days,IndiGo,Round trip,INR,10722.0,10722.0,,,0,80.0,,,,53.0,,,WyJDalJJZVRRMWRrdzVZbHBSTm1kQlMwTkdXbEZDUnkwdExTMHRMUzB0ZVdsaVkya3hOMEZCUVVGQlIzRnNWVnBaVFVrd2VrRkJFZ1UyUlRNeE1Sb0tDT0pURUFBYUEwbE9VamdjY05WWCIsW1siSFlEIiwiMjAyNi0wOS0xMyIsIlBOUSIsbnVsbCwiNkUiLCIzMTEiXV1d,SerpApi,Google Flights,2026,9,37,13,6,Sunday,September,True,18,10001-15000,9.280146246220145,False,11665.0,-8.084012001714536,2,9,INR,2026-09-12 18:50:14.419503,6aa551964c437f6000d27be0,1105,2026-09-12 18:50:14.434356
5fe4d12c3765631bfa744c554703e4372a724882dae81b80924af8f432314bb6,136,HYD,PNQ,HYD-PNQ,2026-09-13,2026-09-20,2026-09-12 18:50:14.436151,2026-09-12,1,0-3 days,IndiGo,Round trip,INR,10282.0,10282.0,,,1,600.0,,,,89.0,,,WyJDalJJZVRRMWRrdzVZbHBSTm1kQlMwTkdXbEZDUnkwdExTMHRMUzB0ZVdsaVkya3hOMEZCUVVGQlIzRnNWVnBaVFVrd2VrRkJFZzAyUlRjME1UZDhOa1UzTURZNEdnb0lxbEFRQUJvRFNVNVNPQnh3aUZRPSIsW1siSFlEIiwiMjAyNi0wOS0xMyIsIkhCWCIsbnVsbCwiNkUiLCI3NDE3Il0sWyJIQlgiLCIyMDI2LTA5LTEzIiwiUE5RIixudWxsLCI2RSIsIjcwNjgiXV1d,SerpApi,Google Flights,2026,9,37,13,6,Sunday,September,True,18,10001-15000,9.23824732522919,False,11665.0,-11.855979425632235,2,9,INR,2026-09-12 18:50:14.419503,6aa551964c437f6000d27be0,1106,2026-09-12 18:50:14.436151
adc3b9b7d7a4446404835b93754e60a6d74caf26ea5692f1767b1f0a2e4bce92,136,HYD,PNQ,HYD-PNQ,2026-09-13,2026-09-20,2026-09-12 18:50:14.438547,2026-09-12,1,0-3 days,IndiGo,Round trip,INR,10722.0,10722.0,,,0,100.0,,,,53.0,,,WyJDalJJZVRRMWRrdzVZbHBSTm1kQlMwTkdXbEZDUnkwdExTMHRMUzB0ZVdsaVkya3hOMEZCUVVGQlIzRnNWVnBaVFVrd2VrRkJFZ1UyUlRVM05ob0tDT0pURUFBYUEwbE9VamdjY05WWCIsW1siSFlEIiwiMjAyNi0wOS0xMyIsIlBOUSIsbnVsbCwiNkUiLCI1NzYiXV1d,SerpApi,Google Flights,2026,9,37,13,6,Sunday,September,True,18,10001-15000,9.280146246220145,False,11665.0,-8.084012001714536,2,9,INR,2026-09-12 18:50:14.419503,6aa551964c437f6000d27be0,1107,2026-09-12 18:50:14.438547
a5fd9c78493c953867b724ce6a09a706cf55e4f28d1ba7c5cb7461e000471b64,136,HYD,PNQ,HYD-PNQ,2026-09-13,2026-09-20,2026-09-12 18:50:14.440295,2026-09-12,1,0-3 days,IndiGo,Round trip,INR,11457.0,11457.0,,,0,70.0,,,,49.0,,,WyJDalJJZVRRMWRrdzVZbHBSTm1kQlMwTkdXbEZDUnkwdExTMHRMUzB0ZVdsaVkya3hOMEZCUVVGQlIzRnNWVnBaVFVrd2VrRkJFZ1UyUlRReU5ob0tDTUZaRUFBYUEwbE9VamdjY05aZCIsW1siSFlEIiwiMjAyNi0wOS0xMyIsIlBOUSIsbnVsbCwiNkUiLCI0MjYiXV1d,SerpApi,Google Flights,2026,9,37,13,6,Sunday,September,True,18,10001-15000,9.346443454968522,True,11665.0,-1.783111873124732,2,9,INR,2026-09-12 18:50:14.419503,6aa551964c437f6000d27be0,1108,2026-09-12 18:50:14.440295
a350f3f68f6abf234b84a1bb63069d04bb16901f8afeda7eb869322b6fa3a034,137,HYD,AMD,HYD-AMD,2026-09-13,2026-09-20,2026-09-12 18:50:17.938733,2026-09-12,1,0-3 days,IndiGo,Round trip,INR,12693.0,12693.0,,,0,105.0,,,,74.0,,,WyJDalJJWDJsVlduUllOWEIwWXpoQlNYZHNSRkZDUnkwdExTMHRMUzB0YjNsamJHb3hOa0ZCUVVGQlIzRnNWVnB2UkVselpUUkJFZ1UyUlRFek5Cb0tDSlZqRUFBYUEwbE9VamdjY09ObiIsW1siSFlEIiwiMjAyNi0wOS0xMyIsIkFNRCIsbnVsbCwiNkUiLCIxMzQiXV1d,SerpApi,Google Flights,2026,9,37,13,6,Sunday,September,True,18,10001-15000,9.448884719866415,False,19321.545454545456,-34.30649722166024,1,11,INR,2026-09-12 18:50:17.932925,6aa551996e22377ab357d66c,1110,2026-09-12 18:50:17.938733
423c28d309d5143b4c187d8891b6fee1a95daa889162e6341a0091543e89f272,137,HYD,AMD,HYD-AMD,2026-09-13,2026-09-20,2026-09-12 18:50:17.941731,2026-09-12,1,0-3 days,IndiGo,Round trip,INR,12693.0,12693.0,,,0,110.0,,,,79.0,,,WyJDalJJWDJsVlduUllOWEIwWXpoQlNYZHNSRkZDUnkwdExTMHRMUzB0YjNsamJHb3hOa0ZCUVVGQlIzRnNWVnB2UkVselpUUkJFZ1kyUlRZd09Ua2FDZ2lWWXhBQUdnTkpUbEk0SEhEalp3PT0iLFtbIkhZRCIsIjIwMjYtMDktMTMiLCJBTUQiLG51bGwsIjZFIiwiNjA5OSJdXV0=,SerpApi,Google Flights,2026,9,37,13,6,Sunday,September,True,18,10001-15000,9.448884719866415,False,19321.545454545456,-34.30649722166024,1,11,INR,2026-09-12 18:50:17.932925,6aa551996e22377ab357d66c,1111,2026-09-12 18:50:17.941731
e9764444591a78d5bb1f97144341edbd7048fc65ce909568022fb85133fa562f,137,HYD,AMD,HYD-AMD,2026-09-13,2026-09-20,2026-09-12 18:50:17.944586,2026-09-12,1,0-3 days,IndiGo,Round trip,INR,14491.0,14491.0,,,0,110.0,,,,74.0,,,WyJDalJJWDJsVlduUllOWEIwWXpoQlNYZHNSRkZDUnkwdExTMHRMUzB0YjNsamJHb3hOa0ZCUVVGQlIzRnNWVnB2UkVselpUUkJFZ1kyUlRZM01qY2FDZ2liY1JBQUdnTkpUbEk0SEhDOWRnPT0iLFtbIkhZRCIsIjIwMjYtMDktMTMiLCJBTUQiLG51bGwsIjZFIiwiNjcyNyJdXV0=,SerpApi,Google Flights,2026,9,37,13,6,Sunday,September,True,18,10001-15000,9.581352052014967,False,19321.545454545456,-25.000823386045735,1,11,INR,2026-09-12 18:50:17.932925,6aa551996e22377ab357d66c,1112,2026-09-12 18:50:17.944586
2a1909b38ec13f640b67dbc804419fa70d705a94729ad81ab169e4af2122a93e,137,HYD,AMD,HYD-AMD,2026-09-13,2026-09-20,2026-09-12 18:50:17.947154,2026-09-12,1,0-3 days,IndiGo,Round trip,INR,14491.0,14491.0,,,0,105.0,,,,79.0,,,WyJDalJJWDJsVlduUllOWEIwWXpoQlNYZHNSRkZDUnkwdExTMHRMUzB0YjNsamJHb3hOa0ZCUVVGQlIzRnNWVnB2UkVselpUUkJFZ1UyUlRJeE5ob0tDSnR4RUFBYUEwbE9VamdjY0wxMiIsW1siSFlEIiwiMjAyNi0wOS0xMyIsIkFNRCIsbnVsbCwiNkUiLCIyMTYiXV1d,SerpApi,Google Flights,2026,9,37,13,6,Sunday,September,True,18,10001-15000,9.581352052014967,False,19321.545454545456,-25.000823386045735,1,11,INR,2026-09-12 18:50:17.932925,6aa551996e22377ab357d66c,1113,2026-09-12 18:50:17.947154
44ba14b4d3f6967f39ebc4057de88fcbf9d6c05e609b52c26dff39ac5db21610,137,HYD,AMD,HYD-AMD,2026-09-13,2026-09-20,2026-09-12 18:50:17.949734,2026-09-12,1,0-3 days,IndiGo,Round trip,INR,15440.0,15440.0,,,1,330.0,,,,105.0,,,WyJDalJJWDJsVlduUllOWEIwWXpoQlNYZHNSRkZDUnkwdExTMHRMUzB0YjNsamJHb3hOa0ZCUVVGQlIzRnNWVnB2UkVselpUUkJFZ3cyUlRNMU1YdzJSVEl4TlRVYUNnalFlQkFBR2dOSlRsSTRISENlZmc9PSIsW1siSFlEIiwiMjAyNi0wOS0xMyIsIlBOUSIsbnVsbCwiNkUiLCIzNTEiXSxbIlBOUSIsIjIwMjYtMDktMTMiLCJBTUQiLG51bGwsIjZFIiwiMjE1NSJdXV0=,SerpApi,Google Flights,2026,9,37,13,6,Sunday,September,True,18,15001-25000,9.644781588320864,False,19321.545454545456,-20.08920799672528,1,11,INR,2026-09-12 18:50:17.932925,6aa551996e22377ab357d66c,1114,2026-09-12 18:50:17.949734
ddf8413dfe7fa1fb207d2177d51929072d707086eb48df8c9d47eb7f3349e431,137,HYD,AMD,HYD-AMD,2026-09-13,2026-09-20,2026-09-12 18:50:17.953053,2026-09-12,1,0-3 days,IndiGo,Round trip,INR,15837.0,15837.0,,,1,300.0,,,,101.0,,,WyJDalJJWDJsVlduUllOWEIwWXpoQlNYZHNSRkZDUnkwdExTMHRMUzB0YjNsamJHb3hOa0ZCUVVGQlIzRnNWVnB2UkVselpUUkJFZ3MyUlRNek4zdzJSVGd4T1JvS0NOMTdFQUFhQTBsT1VqZ2NjTDZCQVE9PSIsW1siSFlEIiwiMjAyNi0wOS0xMyIsIlBOUSIsbnVsbCwiNkUiLCIzMzciXSxbIlBOUSIsIjIwMjYtMDktMTMiLCJBTUQiLG51bGwsIjZFIiwiODE5Il1dXQ==,SerpApi,Google Flights,2026,9,37,13,6,Sunday,September,True,18,15001-25000,9.670167394770358,False,19321.545454545456,-18.03450693291051,1,11,INR,2026-09-12 18:50:17.932925,6aa551996e22377ab357d66c,1115,2026-09-12 18:50:17.953053
19c427fd1870dc5e22f22558aedb4cbf645519813f763e75d4cbfa1f57604a29,137,HYD,AMD,HYD-AMD,2026-09-13,2026-09-20,2026-09-12 18:50:17.958850,2026-09-12,1,0-3 days,IndiGo,Round trip,INR,15837.0,15837.0,,,1,265.0,,,,105.0,,,WyJDalJJWDJsVlduUllOWEIwWXpoQlNYZHNSRkZDUnkwdExTMHRMUzB0YjNsamJHb3hOa0ZCUVVGQlIzRnNWVnB2UkVselpUUkJFZ3cyUlRNeE1YdzJSVFkxTlRNYUNnamRleEFBR2dOSlRsSTRISEMrZ1FFPSIsW1siSFlEIiwiMjAyNi0wOS0xMyIsIlBOUSIsbnVsbCwiNkUiLCIzMTEiXSxbIlBOUSIsIjIwMjYtMDktMTMiLCJBTUQiLG51bGwsIjZFIiwiNjU1MyJdXV0=,SerpApi,Google Flights,2026,9,37,13,6,Sunday,September,True,18,15001-25000,9.670167394770358,False,19321.545454545456,-18.03450693291051,1,11,INR,2026-09-12 18:50:17.932925,6aa551996e22377ab357d66c,1117,2026-09-12 18:50:17.958850
768704bff348c4dfd638976cdcac8148fc1afd5e4fbe5994a812677cc57e065d,138,HYD,COK,HYD-COK,2026-09-13,2026-09-20,2026-09-12 18:50:26.752460,2026-09-12,1,0-3 days,IndiGo,Round trip,INR,23295.0,23295.0,,,1,355.0,,,,90.0,,,WyJDalJJYjFwemNXOUxkVlJzTjJkQlFXOXdNR2RDUnkwdExTMHRMUzB0TFMxdmVXWnlOVUZCUVVGQlIzRnNWVm93UzNkcWEwOUJFZ3MyUlRFMU1YdzJSVGN3TXhvTENQKzFBUkFBR2dOSlRsSTRISEM2dmdFPSIsW1siSFlEIiwiMjAyNi0wOS0xMyIsIkJMUiIsbnVsbCwiNkUiLCIxNTEiXSxbIkJMUiIsIjIwMjYtMDktMTMiLCJDT0siLG51bGwsIjZFIiwiNzAzIl1dXQ==,SerpApi,Google Flights,2026,9,37,13,6,Sunday,September,True,18,15001-25000,10.056036950996413,False,30973.933333333334,-24.791598957402893,4,15,INR,2026-09-12 18:50:26.747076,6aa5519c23df78d3b83186dd,1119,2026-09-12 18:50:26.752460
bb608ab10786e408c02a2bed8cd6f2b8f6279591dad1e4eb170a739d5c0abc6c,138,HYD,COK,HYD-COK,2026-09-13,2026-09-20,2026-09-12 18:50:26.763609,2026-09-12,1,0-3 days,IndiGo,Round trip,INR,23506.0,23506.0,,,0,100.0,,,,68.0,,,WyJDalJJYjFwemNXOUxkVlJzTjJkQlFXOXdNR2RDUnkwdExTMHRMUzB0TFMxdmVXWnlOVUZCUVVGQlIzRnNWVm93UzNkcWEwOUJFZ1kyUlRZeU16UWFDd2pTdHdFUUFCb0RTVTVTT0J4d2w4QUIiLFtbIkhZRCIsIjIwMjYtMDktMTMiLCJDT0siLG51bGwsIjZFIiwiNjIzNCJdXV0=,SerpApi,Google Flights,2026,9,37,13,6,Sunday,September,True,18,15001-25000,10.065053528117518,False,30973.933333333334,-24.110380987023493,4,15,INR,2026-09-12 18:50:26.747076,6aa5519c23df78d3b83186dd,1123,2026-09-12 18:50:26.763609
14371ffda1a2ab610ddde9198bf8c11dc1cfa2e60767f8f5a8792255f6bdceea,138,HYD,COK,HYD-COK,2026-09-13,2026-09-20,2026-09-12 18:50:26.767634,2026-09-12,1,0-3 days,IndiGo,Round trip,INR,24175.0,24175.0,,,1,300.0,,,,95.0,,,WyJDalJJYjFwemNXOUxkVlJzTjJkQlFXOXdNR2RDUnkwdExTMHRMUzB0TFMxdmVXWnlOVUZCUVVGQlIzRnNWVm93UzNkcWEwOUJFZ3MyUlRNeE5IdzJSVFF6TlJvTENPKzhBUkFBR2dOSlRsSTRISERUeFFFPSIsW1siSFlEIiwiMjAyNi0wOS0xMyIsIkJMUiIsbnVsbCwiNkUiLCIzMTQiXSxbIkJMUiIsIjIwMjYtMDktMTMiLCJDT0siLG51bGwsIjZFIiwiNDM1Il1dXQ==,SerpApi,Google Flights,2026,9,37,13,6,Sunday,September,True,18,15001-25000,10.09311568451252,False,30973.933333333334,-21.950500313166554,4,15,INR,2026-09-12 18:50:26.747076,6aa5519c23df78d3b83186dd,1124,2026-09-12 18:50:26.767634
b619512380506a33b0d620b6d93a335f779f3c08af92c89b8fac61053bffea91,138,HYD,COK,HYD-COK,2026-09-13,2026-09-20,2026-09-12 18:50:26.770891,2026-09-12,1,0-3 days,IndiGo,Round trip,INR,24437.0,24437.0,,,1,290.0,,,,102.0,,,WyJDalJJYjFwemNXOUxkVlJzTjJkQlFXOXdNR2RDUnkwdExTMHRMUzB0TFMxdmVXWnlOVUZCUVVGQlIzRnNWVm93UzNkcWEwOUJFZ3cyUlRZMk9IdzJSVFk1TURNYUN3ajF2Z0VRQUJvRFNVNVNPQnh3NXNjQiIsW1siSFlEIiwiMjAyNi0wOS0xMyIsIk1BQSIsbnVsbCwiNkUiLCI2NjgiXSxbIk1BQSIsIjIwMjYtMDktMTMiLCJDT0siLG51bGwsIjZFIiwiNjkwMyJdXV0=,SerpApi,Google Flights,2026,9,37,13,6,Sunday,September,True,18,15001-25000,10.103894576876467,False,30973.933333333334,-21.104627762268922,4,15,INR,2026-09-12 18:50:26.747076,6aa5519c23df78d3b83186dd,1125,2026-09-12 18:50:26.770891
d786d57bad9178bfdf51ace511542c0df8b69be89fcb3e51025e50ea2715ca25,138,HYD,COK,HYD-COK,2026-09-13,2026-09-20,2026-09-12 18:50:26.773764,2026-09-12,1,0-3 days,IndiGo,Round trip,INR,24437.0,24437.0,,,1,235.0,,,,106.0,,,WyJDalJJYjFwemNXOUxkVlJzTjJkQlFXOXdNR2RDUnkwdExTMHRMUzB0TFMxdmVXWnlOVUZCUVVGQlIzRnNWVm93UzNkcWEwOUJFZ3cyUlRZME9EWjhOa1V4TlRZYUN3ajF2Z0VRQUJvRFNVNVNPQnh3NXNjQiIsW1siSFlEIiwiMjAyNi0wOS0xMyIsIk1BQSIsbnVsbCwiNkUiLCI2NDg2Il0sWyJNQUEiLCIyMDI2LTA5LTEzIiwiQ09LIixudWxsLCI2RSIsIjE1NiJdXV0=,SerpApi,Google Flights,2026,9,37,13,6,Sunday,September,True,18,15001-25000,10.103894576876467,False,30973.933333333334,-21.104627762268922,4,15,INR,2026-09-12 18:50:26.747076,6aa5519c23df78d3b83186dd,1126,2026-09-12 18:50:26.773764
100d429b2a463f87d46129010dc8b637716d2599583183a72749fb6de8fa73f8,138,HYD,COK,HYD-COK,2026-09-13,2026-09-20,2026-09-12 18:50:26.776436,2026-09-12,1,0-3 days,Air India,Round trip,INR,28493.0,28493.0,,,1,785.0,,,,208.0,,,WyJDalJJYjFwemNXOUxkVlJzTjJkQlFXOXdNR2RDUnkwdExTMHRMUzB0TFMxdmVXWnlOVUZCUVVGQlIzRnNWVm93UzNkcWEwOUJFZ3hCU1RJNE56SjhRVWsyT0RFYUN3ak4zZ0VRQUJvRFNVNVNPQnh3K3VnQiIsW1siSFlEIiwiMjAyNi0wOS0xMyIsIkJPTSIsbnVsbCwiQUkiLCIyODcyIl0sWyJCT00iLCIyMDI2LTA5LTEzIiwiQ09LIixudWxsLCJBSSIsIjY4MSJdXV0=,SerpApi,Google Flights,2026,9,37,13,6,Sunday,September,True,18,25000+,10.257448817777178,False,30973.933333333334,-8.009745829288716,4,15,INR,2026-09-12 18:50:26.747076,6aa5519c23df78d3b83186dd,1127,2026-09-12 18:50:26.776436
011aac02dc2b2dc4149ef040b53cf68cb050931d7e5f27287d09663d117d3810,138,HYD,COK,HYD-COK,2026-09-13,2026-09-20,2026-09-12 18:50:26.779419,2026-09-12,1,0-3 days,Air India,Round trip,INR,29314.0,29314.0,,,1,280.0,,,,168.0,,,WyJDalJJYjFwemNXOUxkVlJzTjJkQlFXOXdNR2RDUnkwdExTMHRMUzB0TFMxdmVXWnlOVUZCUVVGQlIzRnNWVm93UzNkcWEwOUJFZzFCU1RJMk1qWjhRVWt5T0RVMUdnc0lndVVCRUFBYUEwbE9VamdjY05YdkFRPT0iLFtbIkhZRCIsIjIwMjYtMDktMTMiLCJCT00iLG51bGwsIkFJIiwiMjYyNiJdLFsiQk9NIiwiMjAyNi0wOS0xMyIsIkNPSyIsbnVsbCwiQUkiLCIyODU1Il1dXQ==,SerpApi,Google Flights,2026,9,37,13,6,Sunday,September,True,18,25000+,10.285854609398315,False,30973.933333333334,-5.359129935063677,4,15,INR,2026-09-12 18:50:26.747076,6aa5519c23df78d3b83186dd,1128,2026-09-12 18:50:26.779419
73f0dc73eded6ddd09e55103da633effcbdca3c4f8fab7d473bfc7c25f1ce85a,139,HYD,GOI,HYD-GOI,2026-09-13,2026-09-20,2026-09-12 18:50:30.951663,2026-09-12,1,0-3 days,IndiGo,Round trip,INR,11779.0,11779.0,,,0,75.0,,,,51.0,,,WyJDalJJTkV3NWVuSkxPV3hPUlRCQlFVNXljMUZDUnkwdExTMHRMUzB0TFhaM1ltb3lNa0ZCUVVGQlIzRnNWV0ZaVEdOYVN6QkJFZ1UyUlRrNE5Cb0tDSU5jRUFBYUEwbE9VamdjY0tkZyIsW1siSFlEIiwiMjAyNi0wOS0xMyIsIkdPSSIsbnVsbCwiNkUiLCI5ODQiXV1d,SerpApi,Google Flights,2026,9,37,13,6,Sunday,September,True,18,10001-15000,9.374158457205578,False,13926.333333333334,-15.41922975657627,1,6,INR,2026-09-12 18:50:30.946205,6aa551a589ec1978c6886c4a,1130,2026-09-12 18:50:30.951663
69f9363b720d07447ea70a33a8489d7acf5a8d4c3afc2a5aa7e1c23cde673b95,139,HYD,GOI,HYD-GOI,2026-09-13,2026-09-20,2026-09-12 18:50:30.954082,2026-09-12,1,0-3 days,IndiGo,Round trip,INR,12304.0,12304.0,,,0,75.0,,,,56.0,,,WyJDalJJTkV3NWVuSkxPV3hPUlRCQlFVNXljMUZDUnkwdExTMHRMUzB0TFhaM1ltb3lNa0ZCUVVGQlIzRnNWV0ZaVEdOYVN6QkJFZ1UyUlRFeU1Sb0tDSkJnRUFBYUEwbE9VamdjY014ayIsW1siSFlEIiwiMjAyNi0wOS0xMyIsIkdPSSIsbnVsbCwiNkUiLCIxMjEiXV1d,SerpApi,Google Flights,2026,9,37,13,6,Sunday,September,True,18,10001-15000,9.417760962825156,False,13926.333333333334,-11.649393235836191,1,6,INR,2026-09-12 18:50:30.946205,6aa551a589ec1978c6886c4a,1131,2026-09-12 18:50:30.954082
bdd956b99e2b068a14fe210241abb32914b842476effc9eb786fac80e3d21e58,139,HYD,GOI,HYD-GOI,2026-09-13,2026-09-20,2026-09-12 18:50:30.956515,2026-09-12,1,0-3 days,IndiGo,Round trip,INR,14321.0,14321.0,,,1,345.0,,,,96.0,,,WyJDalJJTkV3NWVuSkxPV3hPUlRCQlFVNXljMUZDUnkwdExTMHRMUzB0TFhaM1ltb3lNa0ZCUVVGQlIzRnNWV0ZaVEdOYVN6QkJFZ3cyUlRFMU1YdzJSVFkyTlRNYUNnanhieEFBR2dOSlRsSTRISENMZFE9PSIsW1siSFlEIiwiMjAyNi0wOS0xMyIsIkJMUiIsbnVsbCwiNkUiLCIxNTEiXSxbIkJMUiIsIjIwMjYtMDktMTMiLCJHT0kiLG51bGwsIjZFIiwiNjY1MyJdXV0=,SerpApi,Google Flights,2026,9,37,13,6,Sunday,September,True,18,10001-15000,9.569552095566886,False,13926.333333333334,2.8339596447976234,1,6,INR,2026-09-12 18:50:30.946205,6aa551a589ec1978c6886c4a,1132,2026-09-12 18:50:30.956515
d48f3ad9cb965e05da3088aa06303630a9ab29e8496401cfb86c2869c0d4be61,139,HYD,GOI,HYD-GOI,2026-09-13,2026-09-20,2026-09-12 18:50:30.959487,2026-09-12,1,0-3 days,IndiGo,Round trip,INR,14321.0,14321.0,,,1,595.0,,,,96.0,,,WyJDalJJTkV3NWVuSkxPV3hPUlRCQlFVNXljMUZDUnkwdExTMHRMUzB0TFhaM1ltb3lNa0ZCUVVGQlIzRnNWV0ZaVEdOYVN6QkJFZ3cyUlRZMU1EVjhOa1V4T1RRYUNnanhieEFBR2dOSlRsSTRISENMZFE9PSIsW1siSFlEIiwiMjAyNi0wOS0xMyIsIkJMUiIsbnVsbCwiNkUiLCI2NTA1Il0sWyJCTFIiLCIyMDI2LTA5LTE0IiwiR09JIixudWxsLCI2RSIsIjE5NCJdXV0=,SerpApi,Google Flights,2026,9,37,13,6,Sunday,September,True,18,10001-15000,9.569552095566886,False,13926.333333333334,2.8339596447976234,1,6,INR,2026-09-12 18:50:30.946205,6aa551a589ec1978c6886c4a,1133,2026-09-12 18:50:30.959487
b2308b64735de645871f2208dae1c7a9755b54208cd452bd2dc471bdd1b0af2f,139,HYD,GOI,HYD-GOI,2026-09-13,2026-09-20,2026-09-12 18:50:30.962047,2026-09-12,1,0-3 days,IndiGo,Round trip,INR,14509.0,14509.0,,,0,75.0,,,,56.0,,,WyJDalJJTkV3NWVuSkxPV3hPUlRCQlFVNXljMUZDUnkwdExTMHRMUzB0TFhaM1ltb3lNa0ZCUVVGQlIzRnNWV0ZaVEdOYVN6QkJFZ1UyUlRNMk1ob0tDSzF4RUFBYUEwbE9VamdjY05CMiIsW1siSFlEIiwiMjAyNi0wOS0xMyIsIkdPSSIsbnVsbCwiNkUiLCIzNjIiXV1d,SerpApi,Google Flights,2026,9,37,13,6,Sunday,September,True,18,10001-15000,9.582593345878234,False,13926.333333333334,4.183920151272158,1,6,INR,2026-09-12 18:50:30.946205,6aa551a589ec1978c6886c4a,1134,2026-09-12 18:50:30.962047
5c237a92be224255d435906829c62f4968fe8adc18a32e51ea47fd3b46876ffc,140,MAA,BLR,MAA-BLR,2026-09-13,2026-09-20,2026-09-12 18:50:34.746625,2026-09-12,1,0-3 days,Star Air,Round trip,INR,7646.0,7646.0,,,0,40.0,,,,,,,WyJDalJJYUhOd2RqaExjRm8zZW1kQlNFZDNVRUZDUnkwdExTMHRMUzF2YTNSd09DMXVNVUZCUVVGQlIzRnNWV0Z2UjBGWFRrdEJFZ1pUTlRreU9EZ2FDZ2plT3hBQUdnTkpUbEk0SEhEQ1BnPT0iLFtbIk1BQSIsIjIwMjYtMDktMTMiLCJCTFIiLG51bGwsIlM1IiwiOTI4OCJdXV0=,SerpApi,Google Flights,2026,9,37,13,6,Sunday,September,True,18,7501-10000,8.942068693044225,False,15199.076923076924,-49.69431341984332,4,13,INR,2026-09-12 18:50:34.741259,6aa551a959eb3707219d33e7,1136,2026-09-12 18:50:34.746625
4f50123fc54835a9959e21f35e9253e3a50dd2f99ae2fdd5b0723f39fc4f66db,140,MAA,BLR,MAA-BLR,2026-09-13,2026-09-20,2026-09-12 18:50:34.753573,2026-09-12,1,0-3 days,IndiGo,Round trip,INR,7932.0,7932.0,,,0,70.0,,,,37.0,,,WyJDalJJYUhOd2RqaExjRm8zZW1kQlNFZDNVRUZDUnkwdExTMHRMUzF2YTNSd09DMXVNVUZCUVVGQlIzRnNWV0Z2UjBGWFRrdEJFZ1kyUlRZNE1UVWFDZ2o4UFJBQUdnTkpUbEk0SEhEdFFBPT0iLFtbIk1BQSIsIjIwMjYtMDktMTMiLCJCTFIiLG51bGwsIjZFIiwiNjgxNSJdXV0=,SerpApi,Google Flights,2026,9,37,13,6,Sunday,September,True,18,7501-10000,8.978786553302003,False,15199.076923076924,-47.81262019960727,4,13,INR,2026-09-12 18:50:34.741259,6aa551a959eb3707219d33e7,1138,2026-09-12 18:50:34.753573
451a45aed50bd4dffcfed49dea50051981a4d6fa1a0ed1f86a7249fb948d202a,140,MAA,BLR,MAA-BLR,2026-09-13,2026-09-20,2026-09-12 18:50:34.761805,2026-09-12,1,0-3 days,IndiGo,Round trip,INR,7932.0,7932.0,,,0,65.0,,,,41.0,,,WyJDalJJYUhOd2RqaExjRm8zZW1kQlNFZDNVRUZDUnkwdExTMHRMUzF2YTNSd09DMXVNVUZCUVVGQlIzRnNWV0Z2UjBGWFRrdEJFZ1UyUlRFNE9Sb0tDUHc5RUFBYUEwbE9VamdjY08xQSIsW1siTUFBIiwiMjAyNi0wOS0xMyIsIkJMUiIsbnVsbCwiNkUiLCIxODkiXV1d,SerpApi,Google Flights,2026,9,37,13,6,Sunday,September,True,18,7501-10000,8.978786553302003,False,15199.076923076924,-47.81262019960727,4,13,INR,2026-09-12 18:50:34.741259,6aa551a959eb3707219d33e7,1141,2026-09-12 18:50:34.761805
a9a6efa99a3814508a61c45c9f023b2aa7f1a9906574c58f5025f215b7c1493b,140,MAA,BLR,MAA-BLR,2026-09-13,2026-09-20,2026-09-12 18:50:34.764397,2026-09-12,1,0-3 days,IndiGo,Round trip,INR,7932.0,7932.0,,,0,60.0,,,,37.0,,,WyJDalJJYUhOd2RqaExjRm8zZW1kQlNFZDNVRUZDUnkwdExTMHRMUzF2YTNSd09DMXVNVUZCUVVGQlIzRnNWV0Z2UjBGWFRrdEJFZ1UyUlRjNU5ob0tDUHc5RUFBYUEwbE9VamdjY08xQSIsW1siTUFBIiwiMjAyNi0wOS0xMyIsIkJMUiIsbnVsbCwiNkUiLCI3OTYiXV1d,SerpApi,Google Flights,2026,9,37,13,6,Sunday,September,True,18,7501-10000,8.978786553302003,False,15199.076923076924,-47.81262019960727,4,13,INR,2026-09-12 18:50:34.741259,6aa551a959eb3707219d33e7,1142,2026-09-12 18:50:34.764397
747cb80203bb91dae46cb47629790fb17bd704e41aca507fc6977c2e8ab2df9d,140,MAA,BLR,MAA-BLR,2026-09-13,2026-09-20,2026-09-12 18:50:34.766926,2026-09-12,1,0-3 days,IndiGo,Round trip,INR,8238.0,8238.0,,,0,65.0,,,,37.0,,,WyJDalJJYUhOd2RqaExjRm8zZW1kQlNFZDNVRUZDUnkwdExTMHRMUzF2YTNSd09DMXVNVUZCUVVGQlIzRnNWV0Z2UjBGWFRrdEJFZ1kyUlRZeU1Ea2FDZ2l1UUJBQUdnTkpUbEk0SEhDdFF3PT0iLFtbIk1BQSIsIjIwMjYtMDktMTMiLCJCTFIiLG51bGwsIjZFIiwiNjIwOSJdXV0=,SerpApi,Google Flights,2026,9,37,13,6,Sunday,September,True,18,7501-10000,9.01663425631559,False,15199.076923076924,-45.79934004089318,4,13,INR,2026-09-12 18:50:34.741259,6aa551a959eb3707219d33e7,1143,2026-09-12 18:50:34.766926
503d5a137249dd175d382a4c2f9e73ec4a3585ae28c969118bd17c2104c04bea,140,MAA,BLR,MAA-BLR,2026-09-13,2026-09-20,2026-09-12 18:50:34.769433,2026-09-12,1,0-3 days,Air India Express,Round trip,INR,8266.0,8266.0,,,0,80.0,,,,47.0,,,WyJDalJJYUhOd2RqaExjRm8zZW1kQlNFZDNVRUZDUnkwdExTMHRMUzF2YTNSd09DMXVNVUZCUVVGQlIzRnNWV0Z2UjBGWFRrdEJFZ1pKV0RJNU56VWFDZ2pLUUJBQUdnTkpUbEk0SEhES1F3PT0iLFtbIk1BQSIsIjIwMjYtMDktMTMiLCJCTFIiLG51bGwsIklYIiwiMjk3NSJdXV0=,SerpApi,Google Flights,2026,9,37,13,6,Sunday,September,True,18,7501-10000,9.020026965252676,False,15199.076923076924,-45.61511832702391,4,13,INR,2026-09-12 18:50:34.741259,6aa551a959eb3707219d33e7,1144,2026-09-12 18:50:34.769433
b4631aa7397e830f72e1ac4b19cbe894fd3b68727ed82b635799469681bf3c3b,140,MAA,BLR,MAA-BLR,2026-09-13,2026-09-20,2026-09-12 18:50:34.776661,2026-09-12,1,0-3 days,Air India Express,Round trip,INR,8266.0,8266.0,,,0,65.0,,,,45.0,,,WyJDalJJYUhOd2RqaExjRm8zZW1kQlNFZDNVRUZDUnkwdExTMHRMUzF2YTNSd09DMXVNVUZCUVVGQlIzRnNWV0Z2UjBGWFRrdEJFZ1pKV0RJMU1EY2FDZ2pLUUJBQUdnTkpUbEk0SEhES1F3PT0iLFtbIk1BQSIsIjIwMjYtMDktMTMiLCJCTFIiLG51bGwsIklYIiwiMjUwNyJdXV0=,SerpApi,Google Flights,2026,9,37,13,6,Sunday,September,True,18,7501-10000,9.020026965252676,False,15199.076923076924,-45.61511832702391,4,13,INR,2026-09-12 18:50:34.741259,6aa551a959eb3707219d33e7,1147,2026-09-12 18:50:34.776661
1de8a6faf53fd1912d73c67910d5e32b83b38c44518630f6ac14b3c91ba72dce,140,MAA,BLR,MAA-BLR,2026-09-13,2026-09-20,2026-09-12 18:50:34.779233,2026-09-12,1,0-3 days,Air India Express,Round trip,INR,8266.0,8266.0,,,0,70.0,,,,43.0,,,WyJDalJJYUhOd2RqaExjRm8zZW1kQlNFZDNVRUZDUnkwdExTMHRMUzF2YTNSd09DMXVNVUZCUVVGQlIzRnNWV0Z2UjBGWFRrdEJFZ1pKV0RJMk5qSWFDZ2pLUUJBQUdnTkpUbEk0SEhES1F3PT0iLFtbIk1BQSIsIjIwMjYtMDktMTMiLCJCTFIiLG51bGwsIklYIiwiMjY2MiJdXV0=,SerpApi,Google Flights,2026,9,37,13,6,Sunday,September,True,18,7501-10000,9.020026965252676,False,15199.076923076924,-45.61511832702391,4,13,INR,2026-09-12 18:50:34.741259,6aa551a959eb3707219d33e7,1148,2026-09-12 18:50:34.779233
57b7b7dd5f274a98e5c9208973fbd869dc5c0f46908c88e1735fe5caa1ace7fd,141,MAA,DEL,MAA-DEL,2026-09-13,2026-09-20,2026-09-12 18:50:43.348189,2026-09-12,1,0-3 days,Air India,Round trip,INR,19028.0,19028.0,,,0,175.0,,,,145.0,,,WyJDalJJWTFRek5WVktRWEJRUVRoQlIxWk1OMUZDUnkwdExTMHRMUzB0TFhCcVltOXlOMEZCUVVGQlIzRnNWV0UwUlROWFdrVkJFZ1pCU1RJNE9EWWFDd2pVbEFFUUFCb0RTVTVTT0J4d3lac0IiLFtbIk1BQSIsIjIwMjYtMDktMTMiLCJERUwiLG51bGwsIkFJIiwiMjg4NiJdXV0=,SerpApi,Google Flights,2026,9,37,13,6,Sunday,September,True,18,15001-25000,9.853719410302007,False,23989.058823529413,-20.680506309248827,2,17,INR,2026-09-12 18:50:43.342733,6aa551adf0114a892afe91cf,1149,2026-09-12 18:50:43.348189
b42c1cc123affbb0d6dd49621fbb76c7c37456ed69004fe3a50f0c307016d833,141,MAA,DEL,MAA-DEL,2026-09-13,2026-09-20,2026-09-12 18:50:43.353858,2026-09-12,1,0-3 days,Air India,Round trip,INR,19028.0,19028.0,,,0,180.0,,,,145.0,,,WyJDalJJWTFRek5WVktRWEJRUVRoQlIxWk1OMUZDUnkwdExTMHRMUzB0TFhCcVltOXlOMEZCUVVGQlIzRnNWV0UwUlROWFdrVkJFZ1pCU1RJNE16Z2FDd2pVbEFFUUFCb0RTVTVTT0J4d3lac0IiLFtbIk1BQSIsIjIwMjYtMDktMTMiLCJERUwiLG51bGwsIkFJIiwiMjgzOCJdXV0=,SerpApi,Google Flights,2026,9,37,13,6,Sunday,September,True,18,15001-25000,9.853719410302007,False,23989.058823529413,-20.680506309248827,2,17,INR,2026-09-12 18:50:43.342733,6aa551adf0114a892afe91cf,1150,2026-09-12 18:50:43.353858
83ca8d22c47f84f34a59ca5fcf5b85ad0bc1f0c0a308f31b9090adb5958b6be5,141,MAA,DEL,MAA-DEL,2026-09-13,2026-09-20,2026-09-12 18:50:43.364101,2026-09-12,1,0-3 days,IndiGo,Round trip,INR,19846.0,19846.0,,,0,165.0,,,,126.0,,,WyJDalJJWTFRek5WVktRWEJRUVRoQlIxWk1OMUZDUnkwdExTMHRMUzB0TFhCcVltOXlOMEZCUVVGQlIzRnNWV0UwUlROWFdrVkJFZ1kyUlRZd01ESWFDd2lHbXdFUUFCb0RTVTVTT0J4d29hSUIiLFtbIk1BQSIsIjIwMjYtMDktMTMiLCJERUwiLG51bGwsIjZFIiwiNjAwMiJdXV0=,SerpApi,Google Flights,2026,9,37,13,6,Sunday,September,True,18,15001-25000,9.895808141192258,False,23989.058823529413,-17.270618468223265,2,17,INR,2026-09-12 18:50:43.342733,6aa551adf0114a892afe91cf,1154,2026-09-12 18:50:43.364101
135ac89f91e2ab7d95fb55626266bebed5ad968775111355a1ea262888fd6620,141,MAA,DEL,MAA-DEL,2026-09-13,2026-09-20,2026-09-12 18:50:43.368781,2026-09-12,1,0-3 days,IndiGo,Round trip,INR,19846.0,19846.0,,,0,180.0,,,,126.0,,,WyJDalJJWTFRek5WVktRWEJRUVRoQlIxWk1OMUZDUnkwdExTMHRMUzB0TFhCcVltOXlOMEZCUVVGQlIzRnNWV0UwUlROWFdrVkJFZ1UyUlRrME9Cb0xDSWFiQVJBQUdnTkpUbEk0SEhDaG9nRT0iLFtbIk1BQSIsIjIwMjYtMDktMTMiLCJERUwiLG51bGwsIjZFIiwiOTQ4Il1dXQ==,SerpApi,Google Flights,2026,9,37,13,6,Sunday,September,True,18,15001-25000,9.895808141192258,False,23989.058823529413,-17.270618468223265,2,17,INR,2026-09-12 18:50:43.342733,6aa551adf0114a892afe91cf,1156,2026-09-12 18:50:43.368781
3f6080ad08f10f2c63ccfbafd059ceb38bea66dbbb15370746e9f629a9ca0383,141,MAA,DEL,MAA-DEL,2026-09-13,2026-09-20,2026-09-12 18:50:43.371110,2026-09-12,1,0-3 days,IndiGo,Round trip,INR,19846.0,19846.0,,,0,175.0,,,,126.0,,,WyJDalJJWTFRek5WVktRWEJRUVRoQlIxWk1OMUZDUnkwdExTMHRMUzB0TFhCcVltOXlOMEZCUVVGQlIzRnNWV0UwUlROWFdrVkJFZ1kyUlRJek5qa2FDd2lHbXdFUUFCb0RTVTVTT0J4d29hSUIiLFtbIk1BQSIsIjIwMjYtMDktMTMiLCJERUwiLG51bGwsIjZFIiwiMjM2OSJdXV0=,SerpApi,Google Flights,2026,9,37,13,6,Sunday,September,True,18,15001-25000,9.895808141192258,False,23989.058823529413,-17.270618468223265,2,17,INR,2026-09-12 18:50:43.342733,6aa551adf0114a892afe91cf,1157,2026-09-12 18:50:43.371110
1dda112cace7f72ea82694504c797ae4eda553b555fe4b569422d1f83ea4fa46,141,MAA,DEL,MAA-DEL,2026-09-13,2026-09-20,2026-09-12 18:50:43.373402,2026-09-12,1,0-3 days,IndiGo,Round trip,INR,20324.0,20324.0,,,1,330.0,,,,153.0,,,WyJDalJJWTFRek5WVktRWEJRUVRoQlIxWk1OMUZDUnkwdExTMHRMUzB0TFhCcVltOXlOMEZCUVVGQlIzRnNWV0UwUlROWFdrVkJFZzAyUlRZeE5UaDhOa1UyTURRekdnc0k1SjRCRUFBYUEwbE9VamdjY0pXbUFRPT0iLFtbIk1BQSIsIjIwMjYtMDktMTMiLCJIWUQiLG51bGwsIjZFIiwiNjE1OCJdLFsiSFlEIiwiMjAyNi0wOS0xMyIsIkRFTCIsbnVsbCwiNkUiLCI2MDQzIl1dXQ==,SerpApi,Google Flights,2026,9,37,13,6,Sunday,September,True,18,15001-25000,9.919606934416011,False,23989.058823529413,-15.278043421756005,2,17,INR,2026-09-12 18:50:43.342733,6aa551adf0114a892afe91cf,1158,2026-09-12 18:50:43.373402
6a55f76f59ae5489b6ab6118b625251377d39857611d23aed189c01594b93dbb,141,MAA,DEL,MAA-DEL,2026-09-13,2026-09-20,2026-09-12 18:50:43.376036,2026-09-12,1,0-3 days,Air India,Round trip,INR,20419.0,20419.0,,,0,170.0,,,,169.0,,,WyJDalJJWTFRek5WVktRWEJRUVRoQlIxWk1OMUZDUnkwdExTMHRMUzB0TFhCcVltOXlOMEZCUVVGQlIzRnNWV0UwUlROWFdrVkJFZ1ZCU1RVek9Cb0xDTU9mQVJBQUdnTkpUbEk0SEhENXBnRT0iLFtbIk1BQSIsIjIwMjYtMDktMTMiLCJERUwiLG51bGwsIkFJIiwiNTM4Il1dXQ==,SerpApi,Google Flights,2026,9,37,13,6,Sunday,September,True,18,15001-25000,9.924270091718656,False,23989.058823529413,-14.882029552688236,2,17,INR,2026-09-12 18:50:43.342733,6aa551adf0114a892afe91cf,1159,2026-09-12 18:50:43.376036
79065c194208aee47d014f17ea8eb663fe918096f538d3c3620b461809014acc,141,MAA,DEL,MAA-DEL,2026-09-13,2026-09-20,2026-09-12 18:50:43.378010,2026-09-12,1,0-3 days,Air India,Round trip,INR,20792.0,20792.0,,,0,180.0,,,,145.0,,,WyJDalJJWTFRek5WVktRWEJRUVRoQlIxWk1OMUZDUnkwdExTMHRMUzB0TFhCcVltOXlOMEZCUVVGQlIzRnNWV0UwUlROWFdrVkJFZ1pCU1RJNE16WWFDd2k0b2dFUUFCb0RTVTVTT0J4dy82a0IiLFtbIk1BQSIsIjIwMjYtMDktMTMiLCJERUwiLG51bGwsIkFJIiwiMjgzNiJdXV0=,SerpApi,Google Flights,2026,9,37,13,6,Sunday,September,True,18,15001-25000,9.942371670586095,False,23989.058823529413,-13.327154045716927,2,17,INR,2026-09-12 18:50:43.342733,6aa551adf0114a892afe91cf,1160,2026-09-12 18:50:43.378010
cb325daa99749f50f41f0ad55cc84bf533b62b99945e454116286db23913ea98,141,MAA,DEL,MAA-DEL,2026-09-13,2026-09-20,2026-09-12 18:50:43.380321,2026-09-12,1,0-3 days,Air India,Round trip,INR,20792.0,20792.0,,,0,175.0,,,,145.0,,,WyJDalJJWTFRek5WVktRWEJRUVRoQlIxWk1OMUZDUnkwdExTMHRMUzB0TFhCcVltOXlOMEZCUVVGQlIzRnNWV0UwUlROWFdrVkJFZ1pCU1RJME5qZ2FDd2k0b2dFUUFCb0RTVTVTT0J4dy82a0IiLFtbIk1BQSIsIjIwMjYtMDktMTMiLCJERUwiLG51bGwsIkFJIiwiMjQ2OCJdXV0=,SerpApi,Google Flights,2026,9,37,13,6,Sunday,September,True,18,15001-25000,9.942371670586095,False,23989.058823529413,-13.327154045716927,2,17,INR,2026-09-12 18:50:43.342733,6aa551adf0114a892afe91cf,1161,2026-09-12 18:50:43.380321
14d31b6faa516c276ac5791330fde6e2c5a96f153cf3a83fe9e3c20a8c6905a3,141,MAA,DEL,MAA-DEL,2026-09-13,2026-09-20,2026-09-12 18:50:43.384775,2026-09-12,1,0-3 days,IndiGo,Round trip,INR,21319.0,21319.0,,,0,175.0,,,,126.0,,,WyJDalJJWTFRek5WVktRWEJRUVRoQlIxWk1OMUZDUnkwdExTMHRMUzB0TFhCcVltOXlOMEZCUVVGQlIzRnNWV0UwUlROWFdrVkJFZ1UyUlRZeE14b0xDTWVtQVJBQUdnTkpUbEk0SEhDbnJnRT0iLFtbIk1BQSIsIjIwMjYtMDktMTMiLCJERUwiLG51bGwsIjZFIiwiNjEzIl1dXQ==,SerpApi,Google Flights,2026,9,37,13,6,Sunday,September,True,18,15001-25000,9.967400878279781,False,23989.058823529413,-11.130319214151552,2,17,INR,2026-09-12 18:50:43.342733,6aa551adf0114a892afe91cf,1163,2026-09-12 18:50:43.384775
a5d915f02d7c940dbca79e466b65ff3e571319b07923c62dd626a930c33a9e8d,141,MAA,DEL,MAA-DEL,2026-09-13,2026-09-20,2026-09-12 18:50:43.386941,2026-09-12,1,0-3 days,Air India,Round trip,INR,21564.0,21564.0,,,0,180.0,,,,145.0,,,WyJDalJJWTFRek5WVktRWEJRUVRoQlIxWk1OMUZDUnkwdExTMHRMUzB0TFhCcVltOXlOMEZCUVVGQlIzRnNWV0UwUlROWFdrVkJFZ1pCU1RJME9EUWFDd2k4cUFFUUFCb0RTVTVTT0J4d3A3QUIiLFtbIk1BQSIsIjIwMjYtMDktMTMiLCJERUwiLG51bGwsIkFJIiwiMjQ4NCJdXV0=,SerpApi,Google Flights,2026,9,37,13,6,Sunday,September,True,18,15001-25000,9.978826909081944,False,23989.058823529413,-10.109020288661007,2,17,INR,2026-09-12 18:50:43.342733,6aa551adf0114a892afe91cf,1164,2026-09-12 18:50:43.386941
2eec7bd554b317c0f709a54abe04f3e74e923b1fb6e11bae82ea1b0ccb234736,141,MAA,DEL,MAA-DEL,2026-09-13,2026-09-20,2026-09-12 18:50:43.388997,2026-09-12,1,0-3 days,IndiGo,Round trip,INR,41292.0,41292.0,,,1,280.0,,,,222.0,,,WyJDalJJWTFRek5WVktRWEJRUVRoQlIxWk1OMUZDUnkwdExTMHRMUzB0TFhCcVltOXlOMEZCUVVGQlIzRnNWV0UwUlROWFdrVkJFZzAyUlRZME9EZDhOa1UyTURJMUdnc0l6TUlDRUFBYUEwbE9VamdjY00zUkFnPT0iLFtbIk1BQSIsIjIwMjYtMDktMTMiLCJIWUQiLG51bGwsIjZFIiwiNjQ4NyJdLFsiSFlEIiwiMjAyNi0wOS0xMyIsIkRFTCIsbnVsbCwiNkUiLCI2MDI1Il1dXQ==,SerpApi,Google Flights,2026,9,37,13,6,Sunday,September,True,18,25000+,10.628448273058389,True,23989.058823529413,72.12847033206313,2,17,INR,2026-09-12 18:50:43.342733,6aa551adf0114a892afe91cf,1165,2026-09-12 18:50:43.388997
2a43e8bb11ee6681269426681dc0a5fdec44cc72dac803a0e65ff175a349638b,142,MAA,BOM,MAA-BOM,2026-09-13,2026-09-20,2026-09-12 18:50:46.776409,2026-09-12,1,0-3 days,Air India,Round trip,INR,13976.0,13976.0,,,0,140.0,,,,96.0,,,WyJDalJJVXpGelltMTZNRXBpUWtGQlIzTm9iMUZDUnkwdExTMHRMUzB0TFhaMGEzRXhPRUZCUVVGQlIzRnNWV0paUlhSaWIwVkJFZ1pCU1RJNE1qSWFDZ2lZYlJBQUdnTkpUbEk0SEhDaWNnPT0iLFtbIk1BQSIsIjIwMjYtMDktMTMiLCJCT00iLG51bGwsIkFJIiwiMjgyMiJdXV0=,SerpApi,Google Flights,2026,9,37,13,6,Sunday,September,True,18,10001-15000,9.545168400484906,False,15036.0,-7.04974727321096,3,14,INR,2026-09-12 18:50:46.771746,6aa551b5eeabd383c7d37b24,1166,2026-09-12 18:50:46.776409
6adbee974d3c9d94aef9d7052e4a997953662019c31a5efc7cd1778a12def936,142,MAA,BOM,MAA-BOM,2026-09-13,2026-09-20,2026-09-12 18:50:46.778893,2026-09-12,1,0-3 days,IndiGo,Round trip,INR,13981.0,13981.0,,,0,110.0,,,,82.0,,,WyJDalJJVXpGelltMTZNRXBpUWtGQlIzTm9iMUZDUnkwdExTMHRMUzB0TFhaMGEzRXhPRUZCUVVGQlIzRnNWV0paUlhSaWIwVkJFZ1kyUlRZek5EZ2FDZ2lkYlJBQUdnTkpUbEk0SEhDbmNnPT0iLFtbIk1BQSIsIjIwMjYtMDktMTMiLCJCT00iLG51bGwsIjZFIiwiNjM0OCJdXV0=,SerpApi,Google Flights,2026,9,37,13,6,Sunday,September,True,18,10001-15000,9.54552606707193,False,15036.0,-7.016493748337327,3,14,INR,2026-09-12 18:50:46.771746,6aa551b5eeabd383c7d37b24,1167,2026-09-12 18:50:46.778893
656cb40c9561957ee29a0bbcd1492616383d0607e974605ce92485fba33375eb,142,MAA,BOM,MAA-BOM,2026-09-13,2026-09-20,2026-09-12 18:50:46.781546,2026-09-12,1,0-3 days,Akasa Air,Round trip,INR,14332.0,14332.0,,,0,125.0,,,,82.0,,,WyJDalJJVXpGelltMTZNRXBpUWtGQlIzTm9iMUZDUnkwdExTMHRMUzB0TFhaMGEzRXhPRUZCUVVGQlIzRnNWV0paUlhSaWIwVkJFZ1pSVURFeE5EWWFDZ2o4YnhBQUdnTkpUbEk0SEhDWGRRPT0iLFtbIk1BQSIsIjIwMjYtMDktMTMiLCJCT00iLG51bGwsIlFQIiwiMTE0NiJdXV0=,SerpApi,Google Flights,2026,9,37,13,6,Sunday,September,True,18,10001-15000,9.570319849923216,False,15036.0,-4.682096302208039,3,14,INR,2026-09-12 18:50:46.771746,6aa551b5eeabd383c7d37b24,1168,2026-09-12 18:50:46.781546
4aadd6173146fbf740fd76417fb57f436773aaa34cdfcb5d08fc7bff92cb0dd2,142,MAA,BOM,MAA-BOM,2026-09-13,2026-09-20,2026-09-12 18:50:46.783360,2026-09-12,1,0-3 days,Air India,Round trip,INR,13924.0,13924.0,,,0,140.0,,,,96.0,,,WyJDalJJVXpGelltMTZNRXBpUWtGQlIzTm9iMUZDUnkwdExTMHRMUzB0TFhaMGEzRXhPRUZCUVVGQlIzRnNWV0paUlhSaWIwVkJFZ1pCU1RJNE1qZ2FDZ2prYkJBQUdnTkpUbEk0SEhEc2NRPT0iLFtbIk1BQSIsIjIwMjYtMDktMTMiLCJCT00iLG51bGwsIkFJIiwiMjgyOCJdXV0=,SerpApi,Google Flights,2026,9,37,13,6,Sunday,September,True,18,10001-15000,9.541441064795485,False,15036.0,-7.395583931896777,3,14,INR,2026-09-12 18:50:46.771746,6aa551b5eeabd383c7d37b24,1169,2026-09-12 18:50:46.783360
691d54a75fe76505b90db99f7513529ad6d0728d44f9596391a47232b55fc866,142,MAA,BOM,MAA-BOM,2026-09-13,2026-09-20,2026-09-12 18:50:46.785726,2026-09-12,1,0-3 days,Air India,Round trip,INR,13976.0,13976.0,,,0,130.0,,,,96.0,,,WyJDalJJVXpGelltMTZNRXBpUWtGQlIzTm9iMUZDUnkwdExTMHRMUzB0TFhaMGEzRXhPRUZCUVVGQlIzRnNWV0paUlhSaWIwVkJFZ1pCU1RJM056a2FDZ2lZYlJBQUdnTkpUbEk0SEhDaWNnPT0iLFtbIk1BQSIsIjIwMjYtMDktMTMiLCJCT00iLG51bGwsIkFJIiwiMjc3OSJdXV0=,SerpApi,Google Flights,2026,9,37,13,6,Sunday,September,True,18,10001-15000,9.545168400484906,False,15036.0,-7.04974727321096,3,14,INR,2026-09-12 18:50:46.771746,6aa551b5eeabd383c7d37b24,1170,2026-09-12 18:50:46.785726
71c33de09cdf066ed1808973884fb3b7c2cc04d72d582b245539e37f105da1da,142,MAA,BOM,MAA-BOM,2026-09-13,2026-09-20,2026-09-12 18:50:46.797280,2026-09-12,1,0-3 days,IndiGo,Round trip,INR,13981.0,13981.0,,,0,120.0,,,,82.0,,,WyJDalJJVXpGelltMTZNRXBpUWtGQlIzTm9iMUZDUnkwdExTMHRMUzB0TFhaMGEzRXhPRUZCUVVGQlIzRnNWV0paUlhSaWIwVkJFZ1kyUlRZeU1qVWFDZ2lkYlJBQUdnTkpUbEk0SEhDbmNnPT0iLFtbIk1BQSIsIjIwMjYtMDktMTMiLCJCT00iLG51bGwsIjZFIiwiNjIyNSJdXV0=,SerpApi,Google Flights,2026,9,37,13,6,Sunday,September,True,18,10001-15000,9.54552606707193,False,15036.0,-7.016493748337327,3,14,INR,2026-09-12 18:50:46.771746,6aa551b5eeabd383c7d37b24,1175,2026-09-12 18:50:46.797280
cc1a0852bbeaf17a82c2135b3cf9a61d8856ff42e717dd542112e2f383c52a76,142,MAA,BOM,MAA-BOM,2026-09-13,2026-09-20,2026-09-12 18:50:46.801858,2026-09-12,1,0-3 days,IndiGo,Round trip,INR,14399.0,14399.0,,,0,115.0,,,,82.0,,,WyJDalJJVXpGelltMTZNRXBpUWtGQlIzTm9iMUZDUnkwdExTMHRMUzB0TFhaMGEzRXhPRUZCUVVGQlIzRnNWV0paUlhSaWIwVkJFZ1kyUlRVek56RWFDZ2kvY0JBQUdnTkpUbEk0SEhEZGRRPT0iLFtbIk1BQSIsIjIwMjYtMDktMTMiLCJCT00iLG51bGwsIjZFIiwiNTM3MSJdXV0=,SerpApi,Google Flights,2026,9,37,13,6,Sunday,September,True,18,10001-15000,9.574983485564092,False,15036.0,-4.236499068901301,3,14,INR,2026-09-12 18:50:46.771746,6aa551b5eeabd383c7d37b24,1177,2026-09-12 18:50:46.801858
58e337b20e0de183337192bb569c7cfbc8c1aa5f9aa32b974ac2a5fcf718f3ae,142,MAA,BOM,MAA-BOM,2026-09-13,2026-09-20,2026-09-12 18:50:46.804087,2026-09-12,1,0-3 days,IndiGo,Round trip,INR,14399.0,14399.0,,,0,120.0,,,,82.0,,,WyJDalJJVXpGelltMTZNRXBpUWtGQlIzTm9iMUZDUnkwdExTMHRMUzB0TFhaMGEzRXhPRUZCUVVGQlIzRnNWV0paUlhSaWIwVkJFZ1kyUlRVeE5Ea2FDZ2kvY0JBQUdnTkpUbEk0SEhEZGRRPT0iLFtbIk1BQSIsIjIwMjYtMDktMTMiLCJCT00iLG51bGwsIjZFIiwiNTE0OSJdXV0=,SerpApi,Google Flights,2026,9,37,13,6,Sunday,September,True,18,10001-15000,9.574983485564092,False,15036.0,-4.236499068901301,3,14,INR,2026-09-12 18:50:46.771746,6aa551b5eeabd383c7d37b24,1178,2026-09-12 18:50:46.804087
e91db852f5281ffbb7a23b7ae1204e31e2da2d649044afab54afd166fa761177,142,MAA,BOM,MAA-BOM,2026-09-13,2026-09-20,2026-09-12 18:50:46.806376,2026-09-12,1,0-3 days,Air India,Round trip,INR,14522.0,14522.0,,,0,140.0,,,,96.0,,,WyJDalJJVXpGelltMTZNRXBpUWtGQlIzTm9iMUZDUnkwdExTMHRMUzB0TFhaMGEzRXhPRUZCUVVGQlIzRnNWV0paUlhSaWIwVkJFZ1ZCU1RRek5ob0tDTHB4RUFBYUEwbE9VamdjY04xMiIsW1siTUFBIiwiMjAyNi0wOS0xMyIsIkJPTSIsbnVsbCwiQUkiLCI0MzYiXV1d,SerpApi,Google Flights,2026,9,37,13,6,Sunday,September,True,18,10001-15000,9.583488878607804,False,15036.0,-3.418462357009844,3,14,INR,2026-09-12 18:50:46.771746,6aa551b5eeabd383c7d37b24,1179,2026-09-12 18:50:46.806376
d76383eb67ae9d0153d888a6827f829837fbde761721b524f62b29976b922d74,142,MAA,BOM,MAA-BOM,2026-09-13,2026-09-20,2026-09-12 18:50:46.808727,2026-09-12,1,0-3 days,Air India,Round trip,INR,14648.0,14648.0,,,0,140.0,,,,96.0,,,WyJDalJJVXpGelltMTZNRXBpUWtGQlIzTm9iMUZDUnkwdExTMHRMUzB0TFhaMGEzRXhPRUZCUVVGQlIzRnNWV0paUlhSaWIwVkJFZ1pCU1RJM05EQWFDZ2k0Y2hBQUdnTkpUbEk0SEhEaGR3PT0iLFtbIk1BQSIsIjIwMjYtMDktMTMiLCJCT00iLG51bGwsIkFJIiwiMjc0MCJdXV0=,SerpApi,Google Flights,2026,9,37,13,6,Sunday,September,True,18,10001-15000,9.59212735272977,False,15036.0,-2.580473530194205,3,14,INR,2026-09-12 18:50:46.771746,6aa551b5eeabd383c7d37b24,1180,2026-09-12 18:50:46.808727
6a2c311fcf11763df396bbcaded6cfc26cacb5a2fc6376499e8c41f7bbb92e0a,142,MAA,BOM,MAA-BOM,2026-09-13,2026-09-20,2026-09-12 18:50:46.812068,2026-09-12,1,0-3 days,Air India,Round trip,INR,14774.0,14774.0,,,0,130.0,,,,96.0,,,WyJDalJJVXpGelltMTZNRXBpUWtGQlIzTm9iMUZDUnkwdExTMHRMUzB0TFhaMGEzRXhPRUZCUVVGQlIzRnNWV0paUlhSaWIwVkJFZ1ZCU1RZME1Cb0tDTFp6RUFBYUEwbE9VamdjY09WNCIsW1siTUFBIiwiMjAyNi0wOS0xMyIsIkJPTSIsbnVsbCwiQUkiLCI2NDAiXV1d,SerpApi,Google Flights,2026,9,37,13,6,Sunday,September,True,18,10001-15000,9.6006918422743,False,15036.0,-1.742484703378555,3,14,INR,2026-09-12 18:50:46.771746,6aa551b5eeabd383c7d37b24,1181,2026-09-12 18:50:46.812068
13aceb13604d1da6695b34606cd171fe220e059b1be3ed3c4facec4eaf348b2b,142,MAA,BOM,MAA-BOM,2026-09-13,2026-09-20,2026-09-12 18:50:46.814252,2026-09-12,1,0-3 days,IndiGo,Round trip,INR,14848.0,14848.0,,,0,135.0,,,,85.0,,,WyJDalJJVXpGelltMTZNRXBpUWtGQlIzTm9iMUZDUnkwdExTMHRMUzB0TFhaMGEzRXhPRUZCUVVGQlIzRnNWV0paUlhSaWIwVkJFZ1kyUlRZeE5EQWFDZ2lBZEJBQUdnTkpUbEk0SEhDemVRPT0iLFtbIk1BQSIsIjIwMjYtMDktMTMiLCJCT00iLG51bGwsIjZFIiwiNjE0MCJdXV0=,SerpApi,Google Flights,2026,9,37,13,6,Sunday,September,True,18,10001-15000,9.605687801896062,False,15036.0,-1.2503325352487327,3,14,INR,2026-09-12 18:50:46.771746,6aa551b5eeabd383c7d37b24,1182,2026-09-12 18:50:46.814252
81ee22cefb40a96337e3d0a064e07108f289d79ef84f436eb8dd2e663450dc27,143,MAA,HYD,MAA-HYD,2026-09-13,2026-09-20,2026-09-12 18:50:55.533866,2026-09-12,1,0-3 days,Air India Express,Round trip,INR,11662.0,11662.0,,,0,85.0,,,,61.0,,,WyJDalJJVldaVVRWVmpkVmRpYjI5QlMwY3pUVUZDUnkwdExTMHRMUzB0TFMxdmVYSnBPVUZCUVVGQlIzRnNWV0p2U0V0MFlrRkJFZ1pKV0RFNE16SWFDZ2lPV3hBQUdnTkpUbEk0SEhDc1h3PT0iLFtbIk1BQSIsIjIwMjYtMDktMTMiLCJIWUQiLG51bGwsIklYIiwiMTgzMiJdXV0=,SerpApi,Google Flights,2026,9,37,13,6,Sunday,September,True,18,10001-15000,9.36417671669105,False,16767.75,-30.449821830597422,3,12,INR,2026-09-12 18:50:55.528910,6aa551b9e396eb79e7851ef5,1183,2026-09-12 18:50:55.533866
ddf8ab809c6fa33d7ec9a0246d3bf25988f31e3ca9a191d6e210e6145dbfab15,143,MAA,HYD,MAA-HYD,2026-09-13,2026-09-20,2026-09-12 18:50:55.536328,2026-09-12,1,0-3 days,IndiGo,Round trip,INR,12722.0,12722.0,,,0,75.0,,,,55.0,,,WyJDalJJVldaVVRWVmpkVmRpYjI5QlMwY3pUVUZDUnkwdExTMHRMUzB0TFMxdmVYSnBPVUZCUVVGQlIzRnNWV0p2U0V0MFlrRkJFZ1UyUlRNM01ob0tDTEpqRUFBYUEwbE9VamdjY0lKbyIsW1siTUFBIiwiMjAyNi0wOS0xMyIsIkhZRCIsbnVsbCwiNkUiLCIzNzIiXV1d,SerpApi,Google Flights,2026,9,37,13,6,Sunday,September,True,18,10001-15000,9.4511666581427,False,16767.75,-24.12816269326534,3,12,INR,2026-09-12 18:50:55.528910,6aa551b9e396eb79e7851ef5,1184,2026-09-12 18:50:55.536328
e087fa600f9ca9901efcb8693e63a007214b30c04f1d926c858be9380b1923e1,143,MAA,HYD,MAA-HYD,2026-09-13,2026-09-20,2026-09-12 18:50:55.543785,2026-09-12,1,0-3 days,IndiGo,Round trip,INR,12499.0,12499.0,,,1,205.0,,,,88.0,,,WyJDalJJVldaVVRWVmpkVmRpYjI5QlMwY3pUVUZDUnkwdExTMHRMUzB0TFMxdmVYSnBPVUZCUVVGQlIzRnNWV0p2U0V0MFlrRkJFZ3cyUlRZd09ERjhOa1V6TVRJYUNnalRZUkFBR2dOSlRsSTRISENZWmc9PSIsW1siTUFBIiwiMjAyNi0wOS0xMyIsIkJMUiIsbnVsbCwiNkUiLCI2MDgxIl0sWyJCTFIiLCIyMDI2LTA5LTEzIiwiSFlEIixudWxsLCI2RSIsIjMxMiJdXV0=,SerpApi,Google Flights,2026,9,37,13,6,Sunday,September,True,18,10001-15000,9.433483923290392,False,16767.75,-25.458096643855022,3,12,INR,2026-09-12 18:50:55.528910,6aa551b9e396eb79e7851ef5,1188,2026-09-12 18:50:55.543785
47e91305863daba00e3946e4394685c7ea5e24072915a99c329c655227d6d342,143,MAA,HYD,MAA-HYD,2026-09-13,2026-09-20,2026-09-12 18:50:55.546354,2026-09-12,1,0-3 days,IndiGo,Round trip,INR,12499.0,12499.0,,,1,235.0,,,,88.0,,,WyJDalJJVldaVVRWVmpkVmRpYjI5QlMwY3pUVUZDUnkwdExTMHRMUzB0TFMxdmVYSnBPVUZCUVVGQlIzRnNWV0p2U0V0MFlrRkJFZzAyUlRZNE1UVjhOa1UyTkRBMEdnb0kwMkVRQUJvRFNVNVNPQnh3bUdZPSIsW1siTUFBIiwiMjAyNi0wOS0xMyIsIkJMUiIsbnVsbCwiNkUiLCI2ODE1Il0sWyJCTFIiLCIyMDI2LTA5LTEzIiwiSFlEIixudWxsLCI2RSIsIjY0MDQiXV1d,SerpApi,Google Flights,2026,9,37,13,6,Sunday,September,True,18,10001-15000,9.433483923290392,False,16767.75,-25.458096643855022,3,12,INR,2026-09-12 18:50:55.528910,6aa551b9e396eb79e7851ef5,1189,2026-09-12 18:50:55.546354
559fbd742501ee2acf34e5d4a7fb9c054e4520febe19fd37a02a2b9b44c77569,143,MAA,HYD,MAA-HYD,2026-09-13,2026-09-20,2026-09-12 18:50:55.549055,2026-09-12,1,0-3 days,IndiGo,Round trip,INR,13256.0,13256.0,,,0,75.0,,,,50.0,,,WyJDalJJVldaVVRWVmpkVmRpYjI5QlMwY3pUVUZDUnkwdExTMHRMUzB0TFMxdmVYSnBPVUZCUVVGQlIzRnNWV0p2U0V0MFlrRkJFZ1kyUlRZME9EY2FDZ2pJWnhBQUdnTkpUbEk0SEhDeGJBPT0iLFtbIk1BQSIsIjIwMjYtMDktMTMiLCJIWUQiLG51bGwsIjZFIiwiNjQ4NyJdXV0=,SerpApi,Google Flights,2026,9,37,13,6,Sunday,September,True,18,10001-15000,9.49228099379885,False,16767.75,-20.943477807099942,3,12,INR,2026-09-12 18:50:55.528910,6aa551b9e396eb79e7851ef5,1190,2026-09-12 18:50:55.549055
ece565cbc2936b5173397692a970e5f75a841cf4dcc822ccb1484c1d991904f2,143,MAA,HYD,MAA-HYD,2026-09-13,2026-09-20,2026-09-12 18:50:55.553604,2026-09-12,1,0-3 days,IndiGo,Round trip,INR,13313.0,13313.0,,,0,75.0,,,,50.0,,,WyJDalJJVldaVVRWVmpkVmRpYjI5QlMwY3pUVUZDUnkwdExTMHRMUzB0TFMxdmVYSnBPVUZCUVVGQlIzRnNWV0p2U0V0MFlrRkJFZ1UyUlRVMk1ob0tDSUZvRUFBYUEwbE9VamdjY094cyIsW1siTUFBIiwiMjAyNi0wOS0xMyIsIkhZRCIsbnVsbCwiNkUiLCI1NjIiXV1d,SerpApi,Google Flights,2026,9,37,13,6,Sunday,September,True,18,10001-15000,9.496571392160648,False,16767.75,-20.603539532733972,3,12,INR,2026-09-12 18:50:55.528910,6aa551b9e396eb79e7851ef5,1192,2026-09-12 18:50:55.553604
da5468a3e69bfee698ae6a44c26019da2825464213b89f7de343525948295624,143,MAA,HYD,MAA-HYD,2026-09-13,2026-09-20,2026-09-12 18:50:55.556089,2026-09-12,1,0-3 days,IndiGo,Round trip,INR,13313.0,13313.0,,,0,85.0,,,,50.0,,,WyJDalJJVldaVVRWVmpkVmRpYjI5QlMwY3pUVUZDUnkwdExTMHRMUzB0TFMxdmVYSnBPVUZCUVVGQlIzRnNWV0p2U0V0MFlrRkJFZ1UyUlRFNU14b0tDSUZvRUFBYUEwbE9VamdjY094cyIsW1siTUFBIiwiMjAyNi0wOS0xMyIsIkhZRCIsbnVsbCwiNkUiLCIxOTMiXV1d,SerpApi,Google Flights,2026,9,37,13,6,Sunday,September,True,18,10001-15000,9.496571392160648,False,16767.75,-20.603539532733972,3,12,INR,2026-09-12 18:50:55.528910,6aa551b9e396eb79e7851ef5,1193,2026-09-12 18:50:55.556089
2b427cc43811f4f778a4c6e044eb18cac18dc7077b07f65dce1f8c59881f1b54,144,MAA,CCU,MAA-CCU,2026-09-13,2026-09-20,2026-09-12 18:51:03.888775,2026-09-12,1,0-3 days,Air India Express,Round trip,INR,15414.0,15414.0,,,0,150.0,,,,119.0,,,WyJDalJJYkdWUlIxQktNMTlDY0hkQlMzVnlja0ZDUnkwdExTMHRMUzB0TFMxMmQybHZOMEZCUVVGQlIzRnNWV05uUWt4aVpFTkJFZ1pKV0RFMU56Y2FDZ2kyZUJBQUdnTkpUbEk0SEhDRGZnPT0iLFtbIk1BQSIsIjIwMjYtMDktMTMiLCJDQ1UiLG51bGwsIklYIiwiMTU3NyJdXV0=,SerpApi,Google Flights,2026,9,37,13,6,Sunday,September,True,18,15001-25000,9.64309634032025,False,20849.833333333332,-26.07135148962022,2,12,INR,2026-09-12 18:51:03.884827,6aa551c27af8998914b89116,1194,2026-09-12 18:51:03.888775
95c04d4cfb1c0b40048e8ae55efd2671176e6d3dc96db920051f72934f412d06,144,MAA,CCU,MAA-CCU,2026-09-13,2026-09-20,2026-09-12 18:51:03.890471,2026-09-12,1,0-3 days,IndiGo,Round trip,INR,16218.0,16218.0,,,0,140.0,,,,101.0,,,WyJDalJJYkdWUlIxQktNMTlDY0hkQlMzVnlja0ZDUnkwdExTMHRMUzB0TFMxMmQybHZOMEZCUVVGQlIzRnNWV05uUWt4aVpFTkJFZ1UyUlRreU14b0tDTnArRUFBYUEwbE9VamdjY015RUFRPT0iLFtbIk1BQSIsIjIwMjYtMDktMTMiLCJDQ1UiLG51bGwsIjZFIiwiOTIzIl1dXQ==,SerpApi,Google Flights,2026,9,37,13,6,Sunday,September,True,18,15001-25000,9.69393867348769,False,20849.833333333332,-22.215205557198693,2,12,INR,2026-09-12 18:51:03.884827,6aa551c27af8998914b89116,1195,2026-09-12 18:51:03.890471
51ef3fb70bedba4319bea646d50606914263e2e4e0de26b27749b7ac8f862fae,144,MAA,CCU,MAA-CCU,2026-09-13,2026-09-20,2026-09-12 18:51:03.893178,2026-09-12,1,0-3 days,IndiGo,Round trip,INR,17058.0,17058.0,,,0,150.0,,,,101.0,,,WyJDalJJYkdWUlIxQktNMTlDY0hkQlMzVnlja0ZDUnkwdExTMHRMUzB0TFMxMmQybHZOMEZCUVVGQlIzRnNWV05uUWt4aVpFTkJFZ1UyUlRZd05ob0xDS0tGQVJBQUdnTkpUbEk0SEhDN2l3RT0iLFtbIk1BQSIsIjIwMjYtMDktMTMiLCJDQ1UiLG51bGwsIjZFIiwiNjA2Il1dXQ==,SerpApi,Google Flights,2026,9,37,13,6,Sunday,September,True,18,15001-25000,9.74443320268052,False,20849.833333333332,-18.186396374071734,2,12,INR,2026-09-12 18:51:03.884827,6aa551c27af8998914b89116,1196,2026-09-12 18:51:03.893178
e58ea981af9fd22f78554afa32f4de5b3f71dceed88d00aa246c2667c50cda91,144,MAA,CCU,MAA-CCU,2026-09-13,2026-09-20,2026-09-12 18:51:03.894907,2026-09-12,1,0-3 days,IndiGo,Round trip,INR,18907.0,18907.0,,,0,140.0,,,,101.0,,,WyJDalJJYkdWUlIxQktNMTlDY0hkQlMzVnlja0ZDUnkwdExTMHRMUzB0TFMxMmQybHZOMEZCUVVGQlIzRnNWV05uUWt4aVpFTkJFZ1UyUlRNeU1Sb0xDTnVUQVJBQUdnTkpUbEk0SEhES21nRT0iLFtbIk1BQSIsIjIwMjYtMDktMTMiLCJDQ1UiLG51bGwsIjZFIiwiMzIxIl1dXQ==,SerpApi,Google Flights,2026,9,37,13,6,Sunday,September,True,18,15001-25000,9.847340391913127,False,20849.833333333332,-9.318219969783925,2,12,INR,2026-09-12 18:51:03.884827,6aa551c27af8998914b89116,1197,2026-09-12 18:51:03.894907
74188df46984aa2d68190de2c771216003bd6d5abece8ab0632584d949605be1,144,MAA,CCU,MAA-CCU,2026-09-13,2026-09-20,2026-09-12 18:51:03.896743,2026-09-12,1,0-3 days,IndiGo,Round trip,INR,15394.0,15394.0,,,1,300.0,,,,126.0,,,WyJDalJJYkdWUlIxQktNMTlDY0hkQlMzVnlja0ZDUnkwdExTMHRMUzB0TFMxMmQybHZOMEZCUVVGQlIzRnNWV05uUWt4aVpFTkJFZ3cyUlRJMk9UaDhOa1UyTVRjYUNnaWllQkFBR2dOSlRsSTRISER1ZlE9PSIsW1siTUFBIiwiMjAyNi0wOS0xMyIsIlZUWiIsbnVsbCwiNkUiLCIyNjk4Il0sWyJWVFoiLCIyMDI2LTA5LTEzIiwiQ0NVIixudWxsLCI2RSIsIjYxNyJdXV0=,SerpApi,Google Flights,2026,9,37,13,6,Sunday,September,True,18,15001-25000,9.641798060358601,False,20849.833333333332,-26.1672755177899,2,12,INR,2026-09-12 18:51:03.884827,6aa551c27af8998914b89116,1198,2026-09-12 18:51:03.896743
59187bafb2f053a57ff6454586860e32e755ec37c1ee0c530440a8295a43b92a,144,MAA,CCU,MAA-CCU,2026-09-13,2026-09-20,2026-09-12 18:51:03.898735,2026-09-12,1,0-3 days,IndiGo,Round trip,INR,16613.0,16613.0,,,1,305.0,,,,143.0,,,WyJDalJJYkdWUlIxQktNMTlDY0hkQlMzVnlja0ZDUnkwdExTMHRMUzB0TFMxMmQybHZOMEZCUVVGQlIzRnNWV05uUWt4aVpFTkJFZ3MyUlRVMk1udzJSVGswTkJvTENPV0JBUkFBR2dOSlRsSTRISERxaHdFPSIsW1siTUFBIiwiMjAyNi0wOS0xMyIsIkhZRCIsbnVsbCwiNkUiLCI1NjIiXSxbIkhZRCIsIjIwMjYtMDktMTMiLCJDQ1UiLG51bGwsIjZFIiwiOTQ0Il1dXQ==,SerpApi,Google Flights,2026,9,37,13,6,Sunday,September,True,18,15001-25000,9.718000992399016,False,20849.833333333332,-20.320706000847323,2,12,INR,2026-09-12 18:51:03.884827,6aa551c27af8998914b89116,1199,2026-09-12 18:51:03.898735
bc5ac43b9388fbcf9bc022467aeab27de624c730fe2c855d30a4f9bef35a8563,144,MAA,CCU,MAA-CCU,2026-09-13,2026-09-20,2026-09-12 18:51:03.900953,2026-09-12,1,0-3 days,IndiGo,Round trip,INR,18843.0,18843.0,,,0,145.0,,,,101.0,,,WyJDalJJYkdWUlIxQktNMTlDY0hkQlMzVnlja0ZDUnkwdExTMHRMUzB0TFMxMmQybHZOMEZCUVVGQlIzRnNWV05uUWt4aVpFTkJFZ1kyUlRZek1qWWFDd2lia3dFUUFCb0RTVTVTT0J4d2g1b0IiLFtbIk1BQSIsIjIwMjYtMDktMTMiLCJDQ1UiLG51bGwsIjZFIiwiNjMyNiJdXV0=,SerpApi,Google Flights,2026,9,37,13,6,Sunday,September,True,18,15001-25000,9.843949839819931,False,20849.833333333332,-9.625176859926931,2,12,INR,2026-09-12 18:51:03.884827,6aa551c27af8998914b89116,1200,2026-09-12 18:51:03.900953
202c9ee894a7a4798034ce20c6ddf96e2250cc535e2ed9789a5adfb593357282,144,MAA,CCU,MAA-CCU,2026-09-13,2026-09-20,2026-09-12 18:51:03.902569,2026-09-12,1,0-3 days,Air India Express,Round trip,INR,19039.0,19039.0,,,0,150.0,,,,119.0,,,WyJDalJJYkdWUlIxQktNMTlDY0hkQlMzVnlja0ZDUnkwdExTMHRMUzB0TFMxMmQybHZOMEZCUVVGQlIzRnNWV05uUWt4aVpFTkJFZ1pKV0RFeU5UWWFDd2pmbEFFUUFCb0RTVTVTT0J4dzFac0IiLFtbIk1BQSIsIjIwMjYtMDktMTMiLCJDQ1UiLG51bGwsIklYIiwiMTI1NiJdXV0=,SerpApi,Google Flights,2026,9,37,13,6,Sunday,September,True,18,15001-25000,9.854297308345357,False,20849.833333333332,-8.685121383863969,2,12,INR,2026-09-12 18:51:03.884827,6aa551c27af8998914b89116,1201,2026-09-12 18:51:03.902569
77f1d0e20c16b037675614179f3261b144ae762e41c600375f2e4f74754e718a,144,MAA,CCU,MAA-CCU,2026-09-13,2026-09-20,2026-09-12 18:51:03.904618,2026-09-12,1,0-3 days,IndiGo,Round trip,INR,19852.0,19852.0,,,0,140.0,,,,101.0,,,WyJDalJJYkdWUlIxQktNMTlDY0hkQlMzVnlja0ZDUnkwdExTMHRMUzB0TFMxMmQybHZOMEZCUVVGQlIzRnNWV05uUWt4aVpFTkJFZ1UyUlRrNE54b0xDSXliQVJBQUdnTkpUbEk0SEhDbm9nRT0iLFtbIk1BQSIsIjIwMjYtMDktMTMiLCJDQ1UiLG51bGwsIjZFIiwiOTg3Il1dXQ==,SerpApi,Google Flights,2026,9,37,13,6,Sunday,September,True,18,15001-25000,9.896110408197078,False,20849.833333333332,-4.785809638766092,2,12,INR,2026-09-12 18:51:03.884827,6aa551c27af8998914b89116,1202,2026-09-12 18:51:03.904618
96609af7f92eed52c44d851c6bd6d7466220facd17997beb333cc30147be8c28,145,MAA,PNQ,MAA-PNQ,2026-09-13,2026-09-20,2026-09-12 18:51:07.627464,2026-09-12,1,0-3 days,IndiGo,Round trip,INR,9830.0,9830.0,,,0,110.0,,,,72.0,,,WyJDalJJYzFOcVRFNVFVVUl6VEZGQlJrdHdha0ZDUnkwdExTMHRMUzB0TFMxd2FuVm1NMEZCUVVGQlIzRnNWV056U2pWVGQzZEJFZ1UyUlRVd01ob0tDT1pNRUFBYUEwbE9VamdjY0s5USIsW1siTUFBIiwiMjAyNi0wOS0xMyIsIlBOUSIsbnVsbCwiNkUiLCI1MDIiXV1d,SerpApi,Google Flights,2026,9,37,13,6,Sunday,September,True,18,7501-10000,9.193295937366925,False,12641.583333333334,-22.240753070224596,2,12,INR,2026-09-12 18:51:07.622374,6aa551ca3ee4c2fcd27622e6,1203,2026-09-12 18:51:07.627464
e658c5d9bbf628eebbde194f061cf2c1ba3298c88b87a337faafcb3f4fa5cf20,145,MAA,PNQ,MAA-PNQ,2026-09-13,2026-09-20,2026-09-12 18:51:07.630889,2026-09-12,1,0-3 days,IndiGo,Round trip,INR,10659.0,10659.0,,,0,115.0,,,,77.0,,,WyJDalJJYzFOcVRFNVFVVUl6VEZGQlJrdHdha0ZDUnkwdExTMHRMUzB0TFMxd2FuVm1NMEZCUVVGQlIzRnNWV056U2pWVGQzZEJFZ1UyUlRZd054b0tDS05URUFBYUEwbE9VamdjY0pOWCIsW1siTUFBIiwiMjAyNi0wOS0xMyIsIlBOUSIsbnVsbCwiNkUiLCI2MDciXV1d,SerpApi,Google Flights,2026,9,37,13,6,Sunday,September,True,18,10001-15000,9.274253697719836,False,12641.583333333334,-15.683030211141801,2,12,INR,2026-09-12 18:51:07.622374,6aa551ca3ee4c2fcd27622e6,1204,2026-09-12 18:51:07.630889
53a2338888880a3e5ccfbe46a4919948bd69433009ec8b03a12d2e3381cf40b6,145,MAA,PNQ,MAA-PNQ,2026-09-13,2026-09-20,2026-09-12 18:51:07.633610,2026-09-12,1,0-3 days,IndiGo,Round trip,INR,10974.0,10974.0,,,0,105.0,,,,72.0,,,WyJDalJJYzFOcVRFNVFVVUl6VEZGQlJrdHdha0ZDUnkwdExTMHRMUzB0TFMxd2FuVm1NMEZCUVVGQlIzRnNWV056U2pWVGQzZEJFZ1UyUlRVMk1Sb0tDTjVWRUFBYUEwbE9VamdjY054WiIsW1siTUFBIiwiMjAyNi0wOS0xMyIsIlBOUSIsbnVsbCwiNkUiLCI1NjEiXV1d,SerpApi,Google Flights,2026,9,37,13,6,Sunday,September,True,18,10001-15000,9.303375237943373,False,12641.583333333334,-13.191253732720721,2,12,INR,2026-09-12 18:51:07.622374,6aa551ca3ee4c2fcd27622e6,1205,2026-09-12 18:51:07.633610
ab8b8c973c0419307e446de95b928ae95263a2673eb1fb34852ab8cf9dc2573d,145,MAA,PNQ,MAA-PNQ,2026-09-13,2026-09-20,2026-09-12 18:51:07.636313,2026-09-12,1,0-3 days,IndiGo,Round trip,INR,11289.0,11289.0,,,0,95.0,,,,77.0,,,WyJDalJJYzFOcVRFNVFVVUl6VEZGQlJrdHdha0ZDUnkwdExTMHRMUzB0TFMxd2FuVm1NMEZCUVVGQlIzRnNWV056U2pWVGQzZEJFZ1UyUlRJMU14b0tDSmxZRUFBYUEwbE9VamdjY0taYyIsW1siTUFBIiwiMjAyNi0wOS0xMyIsIlBOUSIsbnVsbCwiNkUiLCIyNTMiXV1d,SerpApi,Google Flights,2026,9,37,13,6,Sunday,September,True,18,10001-15000,9.331672657143708,False,12641.583333333334,-10.699477254299639,2,12,INR,2026-09-12 18:51:07.622374,6aa551ca3ee4c2fcd27622e6,1206,2026-09-12 18:51:07.636313
8552dff53b8ccc0d47cfcc4cb4a305fb0e80fd3f1ee2ec71e0f5142418ef5b01,145,MAA,PNQ,MAA-PNQ,2026-09-13,2026-09-20,2026-09-12 18:51:07.638734,2026-09-12,1,0-3 days,IndiGo,Round trip,INR,11710.0,11710.0,,,0,100.0,,,,72.0,,,WyJDalJJYzFOcVRFNVFVVUl6VEZGQlJrdHdha0ZDUnkwdExTMHRMUzB0TFMxd2FuVm1NMEZCUVVGQlIzRnNWV056U2pWVGQzZEJFZ1UyUlRFNE14b0tDTDViRUFBYUEwbE9VamdjY045ZiIsW1siTUFBIiwiMjAyNi0wOS0xMyIsIlBOUSIsbnVsbCwiNkUiLCIxODMiXV1d,SerpApi,Google Flights,2026,9,37,13,6,Sunday,September,True,18,10001-15000,9.368283850042138,False,12641.583333333334,-7.3691982148860635,2,12,INR,2026-09-12 18:51:07.622374,6aa551ca3ee4c2fcd27622e6,1207,2026-09-12 18:51:07.638734
4ec63a9432ed2b3b3a26c3c86f2cb9bea44fbd01a9bd67c9d4e9ee5876a25a8f,145,MAA,PNQ,MAA-PNQ,2026-09-13,2026-09-20,2026-09-12 18:51:07.643545,2026-09-12,1,0-3 days,IndiGo,Round trip,INR,11113.0,11113.0,,,1,285.0,,,,99.0,,,WyJDalJJYzFOcVRFNVFVVUl6VEZGQlJrdHdha0ZDUnkwdExTMHRMUzB0TFMxd2FuVm1NMEZCUVVGQlIzRnNWV056U2pWVGQzZEJFZ3cyUlRRNU5YdzJSVFkwTnpFYUNnanBWaEFBR2dOSlRsSTRISER1V2c9PSIsW1siTUFBIiwiMjAyNi0wOS0xMyIsIkhZRCIsbnVsbCwiNkUiLCI0OTUiXSxbIkhZRCIsIjIwMjYtMDktMTMiLCJQTlEiLG51bGwsIjZFIiwiNjQ3MSJdXV0=,SerpApi,Google Flights,2026,9,37,13,6,Sunday,September,True,18,10001-15000,9.315960853839867,False,12641.583333333334,-12.09170792160793,2,12,INR,2026-09-12 18:51:07.622374,6aa551ca3ee4c2fcd27622e6,1209,2026-09-12 18:51:07.643545
b79950c63425921199ab8636d26fbbbe67c17ec239a9780bb987c59404d5bf83,145,MAA,PNQ,MAA-PNQ,2026-09-13,2026-09-20,2026-09-12 18:51:07.648127,2026-09-12,1,0-3 days,IndiGo,Round trip,INR,11113.0,11113.0,,,1,240.0,,,,98.0,,,WyJDalJJYzFOcVRFNVFVVUl6VEZGQlJrdHdha0ZDUnkwdExTMHRMUzB0TFMxd2FuVm1NMEZCUVVGQlIzRnNWV056U2pWVGQzZEJFZ3MyUlRnME4zdzJSVEV3TlJvS0NPbFdFQUFhQTBsT1VqZ2NjTzVhIixbWyJNQUEiLCIyMDI2LTA5LTEzIiwiQkxSIixudWxsLCI2RSIsIjg0NyJdLFsiQkxSIiwiMjAyNi0wOS0xMyIsIlBOUSIsbnVsbCwiNkUiLCIxMDUiXV1d,SerpApi,Google Flights,2026,9,37,13,6,Sunday,September,True,18,10001-15000,9.315960853839867,False,12641.583333333334,-12.09170792160793,2,12,INR,2026-09-12 18:51:07.622374,6aa551ca3ee4c2fcd27622e6,1210,2026-09-12 18:51:07.648127
478f19c7a4e2163252eecd6b7f6b264bd1ab82569611dad912e4e6080e86b5f3,145,MAA,PNQ,MAA-PNQ,2026-09-13,2026-09-20,2026-09-12 18:51:07.651344,2026-09-12,1,0-3 days,IndiGo,Round trip,INR,12075.0,12075.0,,,1,245.0,,,,102.0,,,WyJDalJJYzFOcVRFNVFVVUl6VEZGQlJrdHdha0ZDUnkwdExTMHRMUzB0TFMxd2FuVm1NMEZCUVVGQlIzRnNWV056U2pWVGQzZEJFZ3MyUlRFNE9YdzJSVFV5T0JvS0NLdGVFQUFhQTBsT1VqZ2NjTjFpIixbWyJNQUEiLCIyMDI2LTA5LTEzIiwiQkxSIixudWxsLCI2RSIsIjE4OSJdLFsiQkxSIiwiMjAyNi0wOS0xMyIsIlBOUSIsbnVsbCwiNkUiLCI1MjgiXV1d,SerpApi,Google Flights,2026,9,37,13,6,Sunday,September,True,18,10001-15000,9.39897529082673,False,12641.583333333334,-4.481901660525123,2,12,INR,2026-09-12 18:51:07.622374,6aa551ca3ee4c2fcd27622e6,1211,2026-09-12 18:51:07.651344
2097107b71353ae9ff1f6b703da53b8049474f0793f66c72bf773b29e497fc40,146,MAA,AMD,MAA-AMD,2026-09-13,2026-09-20,2026-09-12 18:51:16.830651,2026-09-12,1,0-3 days,IndiGo,Round trip,INR,17898.0,17898.0,,,1,265.0,,,,129.0,,,WyJDalJJZEVaWmJXeEVOV3h1V2pSQlJXcExOR2RDUnkwdExTMHRMUzB0TFMxd1ptMXpOVUZCUVVGQlIzRnNWV000U2pRemNWbEJFZ3cyUlRZeU1EbDhOa1V5TXprYUN3anFpd0VRQUJvRFNVNVNPQnh3cXBJQiIsW1siTUFBIiwiMjAyNi0wOS0xMyIsIkJMUiIsbnVsbCwiNkUiLCI2MjA5Il0sWyJCTFIiLCIyMDI2LTA5LTEzIiwiQU1EIixudWxsLCI2RSIsIjIzOSJdXV0=,SerpApi,Google Flights,2026,9,37,13,6,Sunday,September,True,18,15001-25000,9.7925001243465,False,23634.38888888889,-24.27136540681071,2,18,INR,2026-09-12 18:51:16.818635,6aa551ce1de0641b535d72dd,1213,2026-09-12 18:51:16.830651
734085a2b33d529454a91e2a5b6c6ce2b348085369f5f1fbce98dd7a22591e5a,146,MAA,AMD,MAA-AMD,2026-09-13,2026-09-20,2026-09-12 18:51:16.832845,2026-09-12,1,0-3 days,IndiGo,Round trip,INR,18989.0,18989.0,,,0,135.0,,,,102.0,,,WyJDalJJZEVaWmJXeEVOV3h1V2pSQlJXcExOR2RDUnkwdExTMHRMUzB0TFMxd1ptMXpOVUZCUVVGQlIzRnNWV000U2pRemNWbEJFZ1UyUlRJME5Cb0xDSzJVQVJBQUdnTkpUbEk0SEhDZ213RT0iLFtbIk1BQSIsIjIwMjYtMDktMTMiLCJBTUQiLG51bGwsIjZFIiwiMjQ0Il1dXQ==,SerpApi,Google Flights,2026,9,37,13,6,Sunday,September,True,18,15001-25000,9.85166780380633,False,23634.38888888889,-19.655210510108866,2,18,INR,2026-09-12 18:51:16.818635,6aa551ce1de0641b535d72dd,1214,2026-09-12 18:51:16.832845
a8dfe46abb3ac26f3198a01670611e98efaa22459ed7c95e96250a2488304480,146,MAA,AMD,MAA-AMD,2026-09-13,2026-09-20,2026-09-12 18:51:16.834885,2026-09-12,1,0-3 days,IndiGo,Round trip,INR,17076.0,17076.0,,,1,470.0,,,,124.0,,,WyJDalJJZEVaWmJXeEVOV3h1V2pSQlJXcExOR2RDUnkwdExTMHRMUzB0TFMxd1ptMXpOVUZCUVVGQlIzRnNWV000U2pRemNWbEJFZ3MyUlRVMk1YdzJSVGd4T1JvTENMU0ZBUkFBR2dOSlRsSTRISERPaXdFPSIsW1siTUFBIiwiMjAyNi0wOS0xMyIsIlBOUSIsbnVsbCwiNkUiLCI1NjEiXSxbIlBOUSIsIjIwMjYtMDktMTQiLCJBTUQiLG51bGwsIjZFIiwiODE5Il1dXQ==,SerpApi,Google Flights,2026,9,37,13,6,Sunday,September,True,18,15001-25000,9.745487807887239,False,23634.38888888889,-27.749348289568644,2,18,INR,2026-09-12 18:51:16.818635,6aa551ce1de0641b535d72dd,1215,2026-09-12 18:51:16.834885
482e6ea59f53b48a54042263026be5eedd0711207bd92fe74c16c67360733297,146,MAA,AMD,MAA-AMD,2026-09-13,2026-09-20,2026-09-12 18:51:16.837879,2026-09-12,1,0-3 days,IndiGo,Round trip,INR,17819.0,17819.0,,,1,265.0,,,,133.0,,,WyJDalJJZEVaWmJXeEVOV3h1V2pSQlJXcExOR2RDUnkwdExTMHRMUzB0TFMxd1ptMXpOVUZCUVVGQlIzRnNWV000U2pRemNWbEJFZ3cyUlRZd04zdzJSVEl4TlRVYUN3aWJpd0VRQUJvRFNVNVNPQnh3MkpFQiIsW1siTUFBIiwiMjAyNi0wOS0xMyIsIlBOUSIsbnVsbCwiNkUiLCI2MDciXSxbIlBOUSIsIjIwMjYtMDktMTMiLCJBTUQiLG51bGwsIjZFIiwiMjE1NSJdXV0=,SerpApi,Google Flights,2026,9,37,13,6,Sunday,September,True,18,15001-25000,9.788076701024801,False,23634.38888888889,-24.605624102355563,2,18,INR,2026-09-12 18:51:16.818635,6aa551ce1de0641b535d72dd,1216,2026-09-12 18:51:16.837879
8f081e37e4ec2c0607dbcf9411485ff52b6fad4bfa69234c1fe7c85da59c968e,146,MAA,AMD,MAA-AMD,2026-09-13,2026-09-20,2026-09-12 18:51:16.839821,2026-09-12,1,0-3 days,IndiGo,Round trip,INR,17819.0,17819.0,,,1,365.0,,,,124.0,,,WyJDalJJZEVaWmJXeEVOV3h1V2pSQlJXcExOR2RDUnkwdExTMHRMUzB0TFMxd1ptMXpOVUZCUVVGQlIzRnNWV000U2pRemNWbEJFZ3cyUlRVd01udzJSVFkxTlRNYUN3aWJpd0VRQUJvRFNVNVNPQnh3MkpFQiIsW1siTUFBIiwiMjAyNi0wOS0xMyIsIlBOUSIsbnVsbCwiNkUiLCI1MDIiXSxbIlBOUSIsIjIwMjYtMDktMTMiLCJBTUQiLG51bGwsIjZFIiwiNjU1MyJdXV0=,SerpApi,Google Flights,2026,9,37,13,6,Sunday,September,True,18,15001-25000,9.788076701024801,False,23634.38888888889,-24.605624102355563,2,18,INR,2026-09-12 18:51:16.818635,6aa551ce1de0641b535d72dd,1217,2026-09-12 18:51:16.839821
69e34f840e2f3e552a1e0676dc36db602c4f14ad94bc4fc4f88762df01192ef0,146,MAA,AMD,MAA-AMD,2026-09-13,2026-09-20,2026-09-12 18:51:16.843269,2026-09-12,1,0-3 days,IndiGo,Round trip,INR,17819.0,17819.0,,,1,445.0,,,,129.0,,,WyJDalJJZEVaWmJXeEVOV3h1V2pSQlJXcExOR2RDUnkwdExTMHRMUzB0TFMxd1ptMXpOVUZCUVVGQlIzRnNWV000U2pRemNWbEJFZ3MyUlRFNE0zdzJSVFUwTnhvTENKdUxBUkFBR2dOSlRsSTRISERZa1FFPSIsW1siTUFBIiwiMjAyNi0wOS0xMyIsIlBOUSIsbnVsbCwiNkUiLCIxODMiXSxbIlBOUSIsIjIwMjYtMDktMTMiLCJBTUQiLG51bGwsIjZFIiwiNTQ3Il1dXQ==,SerpApi,Google Flights,2026,9,37,13,6,Sunday,September,True,18,15001-25000,9.788076701024801,False,23634.38888888889,-24.605624102355563,2,18,INR,2026-09-12 18:51:16.818635,6aa551ce1de0641b535d72dd,1218,2026-09-12 18:51:16.843269
2d48c6ed8d9440863713b98ce0d5c0e673b9e338c7f002961ceac59474236e0c,146,MAA,AMD,MAA-AMD,2026-09-13,2026-09-20,2026-09-12 18:51:16.845848,2026-09-12,1,0-3 days,IndiGo,Round trip,INR,17898.0,17898.0,,,1,305.0,,,,129.0,,,WyJDalJJZEVaWmJXeEVOV3h1V2pSQlJXcExOR2RDUnkwdExTMHRMUzB0TFMxd1ptMXpOVUZCUVVGQlIzRnNWV000U2pRemNWbEJFZzAyUlRZNE9USjhOa1UyTlRrMUdnc0k2b3NCRUFBYUEwbE9VamdjY0txU0FRPT0iLFtbIk1BQSIsIjIwMjYtMDktMTMiLCJCTFIiLG51bGwsIjZFIiwiNjg5MiJdLFsiQkxSIiwiMjAyNi0wOS0xMyIsIkFNRCIsbnVsbCwiNkUiLCI2NTk1Il1dXQ==,SerpApi,Google Flights,2026,9,37,13,6,Sunday,September,True,18,15001-25000,9.7925001243465,False,23634.38888888889,-24.27136540681071,2,18,INR,2026-09-12 18:51:16.818635,6aa551ce1de0641b535d72dd,1219,2026-09-12 18:51:16.845848
fdf411cfa6a95509b72e74ed30527aa54f3a544b44893a12f8b6057e8dc7e3fa,146,MAA,AMD,MAA-AMD,2026-09-13,2026-09-20,2026-09-12 18:51:16.848323,2026-09-12,1,0-3 days,IndiGo,Round trip,INR,17898.0,17898.0,,,1,355.0,,,,129.0,,,WyJDalJJZEVaWmJXeEVOV3h1V2pSQlJXcExOR2RDUnkwdExTMHRMUzB0TFMxd1ptMXpOVUZCUVVGQlIzRnNWV000U2pRemNWbEJFZ3cyUlRnME4zdzJSVFkwTWpNYUN3anFpd0VRQUJvRFNVNVNPQnh3cXBJQiIsW1siTUFBIiwiMjAyNi0wOS0xMyIsIkJMUiIsbnVsbCwiNkUiLCI4NDciXSxbIkJMUiIsIjIwMjYtMDktMTMiLCJBTUQiLG51bGwsIjZFIiwiNjQyMyJdXV0=,SerpApi,Google Flights,2026,9,37,13,6,Sunday,September,True,18,15001-25000,9.7925001243465,False,23634.38888888889,-24.27136540681071,2,18,INR,2026-09-12 18:51:16.818635,6aa551ce1de0641b535d72dd,1220,2026-09-12 18:51:16.848323
9f843e88bcc205334362cfc19d948c54486f883ad52513ca8503dac73574fa4c,146,MAA,AMD,MAA-AMD,2026-09-13,2026-09-20,2026-09-12 18:51:16.851077,2026-09-12,1,0-3 days,Air India,Round trip,INR,18055.0,18055.0,,,1,355.0,,,,154.0,,,WyJDalJJZEVaWmJXeEVOV3h1V2pSQlJXcExOR2RDUnkwdExTMHRMUzB0TFMxd1ptMXpOVUZCUVVGQlIzRnNWV000U2pRemNWbEJFZ3hCU1RZME1IeEJTVEk1TVRrYUN3aUhqUUVRQUJvRFNVNVNPQnh3ejVNQiIsW1siTUFBIiwiMjAyNi0wOS0xMyIsIkJPTSIsbnVsbCwiQUkiLCI2NDAiXSxbIkJPTSIsIjIwMjYtMDktMTMiLCJBTUQiLG51bGwsIkFJIiwiMjkxOSJdXV0=,SerpApi,Google Flights,2026,9,37,13,6,Sunday,September,True,18,15001-25000,9.801233318497372,False,23634.38888888889,-23.607079138449393,2,18,INR,2026-09-12 18:51:16.818635,6aa551ce1de0641b535d72dd,1221,2026-09-12 18:51:16.851077
29a63322bf1cbce7f327fe7e9b19f02e4a8fd0c35291a12a3b690c3d0a998ff5,146,MAA,AMD,MAA-AMD,2026-09-13,2026-09-20,2026-09-12 18:51:16.853634,2026-09-12,1,0-3 days,IndiGo,Round trip,INR,19207.0,19207.0,,,1,280.0,,,,129.0,,,WyJDalJJZEVaWmJXeEVOV3h1V2pSQlJXcExOR2RDUnkwdExTMHRMUzB0TFMxd1ptMXpOVUZCUVVGQlIzRnNWV000U2pRemNWbEJFZ3MyUlRVMk1udzJSVEl4TmhvTENJZVdBUkFBR2dOSlRsSTRISENFblFFPSIsW1siTUFBIiwiMjAyNi0wOS0xMyIsIkhZRCIsbnVsbCwiNkUiLCI1NjIiXSxbIkhZRCIsIjIwMjYtMDktMTMiLCJBTUQiLG51bGwsIjZFIiwiMjE2Il1dXQ==,SerpApi,Google Flights,2026,9,37,13,6,Sunday,September,True,18,15001-25000,9.86308213790109,False,23634.38888888889,-18.732825755314174,2,18,INR,2026-09-12 18:51:16.818635,6aa551ce1de0641b535d72dd,1222,2026-09-12 18:51:16.853634
03b85d36e9688e41e014f43fbded6e3f34751ee0e62661523d49c4dde10a9b15,146,MAA,AMD,MAA-AMD,2026-09-13,2026-09-20,2026-09-12 18:51:16.856090,2026-09-12,1,0-3 days,Air India,Round trip,INR,22546.0,22546.0,,,1,265.0,,,,154.0,,,WyJDalJJZEVaWmJXeEVOV3h1V2pSQlJXcExOR2RDUnkwdExTMHRMUzB0TFMxd1ptMXpOVUZCUVVGQlIzRnNWV000U2pRemNWbEJFZzFCU1RJM056bDhRVWt5T0RRM0dnc0lrckFCRUFBYUEwbE9VamdjY0t1NEFRPT0iLFtbIk1BQSIsIjIwMjYtMDktMTMiLCJCT00iLG51bGwsIkFJIiwiMjc3OSJdLFsiQk9NIiwiMjAyNi0wOS0xMyIsIkFNRCIsbnVsbCwiQUkiLCIyODQ3Il1dXQ==,SerpApi,Google Flights,2026,9,37,13,6,Sunday,September,True,18,15001-25000,10.023357298386513,False,23634.38888888889,-4.60510696513321,2,18,INR,2026-09-12 18:51:16.818635,6aa551ce1de0641b535d72dd,1223,2026-09-12 18:51:16.856090
a7384fe939893280d933dab9da97c9cd79728da22b1081886359c76305d1c43f,146,MAA,AMD,MAA-AMD,2026-09-13,2026-09-20,2026-09-12 18:51:16.858613,2026-09-12,1,0-3 days,IndiGo,Round trip,INR,23714.0,23714.0,,,0,135.0,,,,108.0,,,WyJDalJJZEVaWmJXeEVOV3h1V2pSQlJXcExOR2RDUnkwdExTMHRMUzB0TFMxd1ptMXpOVUZCUVVGQlIzRnNWV000U2pRemNWbEJFZ1UyUlRnME9Cb0xDS0s1QVJBQUdnTkpUbEk0SEhEeHdRRT0iLFtbIk1BQSIsIjIwMjYtMDktMTMiLCJBTUQiLG51bGwsIjZFIiwiODQ4Il1dXQ==,SerpApi,Google Flights,2026,9,37,13,6,Sunday,September,True,18,15001-25000,10.073863038311682,False,23634.38888888889,0.33684438165666464,2,18,INR,2026-09-12 18:51:16.818635,6aa551ce1de0641b535d72dd,1224,2026-09-12 18:51:16.858613
7b6930152fc63e9d794af5c1f26d88df578e17b07e981228563f237b77aed3bd,147,MAA,COK,MAA-COK,2026-09-13,2026-09-20,2026-09-12 18:51:23.524366,2026-09-12,1,0-3 days,IndiGo,Round trip,INR,15014.0,15014.0,,,1,315.0,,,,83.0,,,WyJDalJJY2tkbWNGSnBlblkxUXpCQlMxcFJlV2RDUnkwdExTMHRMUzB0TFc5clltaDBNa0ZCUVVGQlIzRnNWV1JuU21OVlRsZEJFZ3MyUlRnME4zdzJSVFF6TlJvS0NLWjFFQUFhQTBsT1VqZ2NjT0I2IixbWyJNQUEiLCIyMDI2LTA5LTEzIiwiQkxSIixudWxsLCI2RSIsIjg0NyJdLFsiQkxSIiwiMjAyNi0wOS0xMyIsIkNPSyIsbnVsbCwiNkUiLCI0MzUiXV1d,SerpApi,Google Flights,2026,9,37,13,6,Sunday,September,True,18,15001-25000,9.616804980417431,False,40356.6,-62.79666770738863,4,10,INR,2026-09-12 18:51:23.519354,6aa551d741ffc8de9f7c0f08,1225,2026-09-12 18:51:23.524366
2147435ddb3afe598cc2a6f57c6297faaec36a5b4d65328e312f7595f50ff6cd,147,MAA,COK,MAA-COK,2026-09-13,2026-09-20,2026-09-12 18:51:23.527225,2026-09-12,1,0-3 days,IndiGo,Round trip,INR,15031.0,15031.0,,,0,70.0,,,,51.0,,,WyJDalJJY2tkbWNGSnBlblkxUXpCQlMxcFJlV2RDUnkwdExTMHRMUzB0TFc5clltaDBNa0ZCUVVGQlIzRnNWV1JuU21OVlRsZEJFZ1kyUlRVek9UUWFDZ2kzZFJBQUdnTkpUbEk0SEhEeWVnPT0iLFtbIk1BQSIsIjIwMjYtMDktMTMiLCJDT0siLG51bGwsIjZFIiwiNTM5NCJdXV0=,SerpApi,Google Flights,2026,9,37,13,6,Sunday,September,True,18,15001-25000,9.617936541093302,False,40356.6,-62.75454324695341,4,10,INR,2026-09-12 18:51:23.519354,6aa551d741ffc8de9f7c0f08,1226,2026-09-12 18:51:23.527225
ae24aac204d8f85ec3e7bf86e445a874f00d38d8acec78181b73f4e861c8df30,147,MAA,COK,MAA-COK,2026-09-13,2026-09-20,2026-09-12 18:51:23.530198,2026-09-12,1,0-3 days,Air India Express,Round trip,INR,17405.0,17405.0,,,1,405.0,,,,100.0,,,WyJDalJJY2tkbWNGSnBlblkxUXpCQlMxcFJlV2RDUnkwdExTMHRMUzB0TFc5clltaDBNa0ZCUVVGQlIzRnNWV1JuU21OVlRsZEJFZzFKV0RJNU56RjhTVmd5TmpBNEdnc0kvWWNCRUFBYUEwbE9VamdjY0tlT0FRPT0iLFtbIk1BQSIsIjIwMjYtMDktMTMiLCJCTFIiLG51bGwsIklYIiwiMjk3MSJdLFsiQkxSIiwiMjAyNi0wOS0xMyIsIkNPSyIsbnVsbCwiSVgiLCIyNjA4Il1dXQ==,SerpApi,Google Flights,2026,9,37,13,6,Sunday,September,True,18,15001-25000,9.76457025334946,False,40356.6,-56.8719862426468,4,10,INR,2026-09-12 18:51:23.519354,6aa551d741ffc8de9f7c0f08,1227,2026-09-12 18:51:23.530198
2a9a2f1e680d90888214a88384fc0b2e51c758d2ada9c7d1a4bddaa4aaf5dbb3,147,MAA,COK,MAA-COK,2026-09-13,2026-09-20,2026-09-12 18:51:23.532674,2026-09-12,1,0-3 days,IndiGo,Round trip,INR,15014.0,15014.0,,,1,490.0,,,,78.0,,,WyJDalJJY2tkbWNGSnBlblkxUXpCQlMxcFJlV2RDUnkwdExTMHRMUzB0TFc5clltaDBNa0ZCUVVGQlIzRnNWV1JuU21OVlRsZEJFZ3cyUlRZNE9USjhOa1V4TkRRYUNnaW1kUkFBR2dOSlRsSTRISERnZWc9PSIsW1siTUFBIiwiMjAyNi0wOS0xMyIsIkJMUiIsbnVsbCwiNkUiLCI2ODkyIl0sWyJCTFIiLCIyMDI2LTA5LTEzIiwiQ09LIixudWxsLCI2RSIsIjE0NCJdXV0=,SerpApi,Google Flights,2026,9,37,13,6,Sunday,September,True,18,15001-25000,9.616804980417431,False,40356.6,-62.79666770738863,4,10,INR,2026-09-12 18:51:23.519354,6aa551d741ffc8de9f7c0f08,1228,2026-09-12 18:51:23.532674
add6e3af6a5aedd546630befa29d2a1db8db12e302c1bba4bf66c1b55067e488,147,MAA,COK,MAA-COK,2026-09-13,2026-09-20,2026-09-12 18:51:23.539742,2026-09-12,1,0-3 days,IndiGo,Round trip,INR,15031.0,15031.0,,,0,80.0,,,,51.0,,,WyJDalJJY2tkbWNGSnBlblkxUXpCQlMxcFJlV2RDUnkwdExTMHRMUzB0TFc5clltaDBNa0ZCUVVGQlIzRnNWV1JuU21OVlRsZEJFZ1kyUlRZNU1ETWFDZ2kzZFJBQUdnTkpUbEk0SEhEeWVnPT0iLFtbIk1BQSIsIjIwMjYtMDktMTMiLCJDT0siLG51bGwsIjZFIiwiNjkwMyJdXV0=,SerpApi,Google Flights,2026,9,37,13,6,Sunday,September,True,18,15001-25000,9.617936541093302,False,40356.6,-62.75454324695341,4,10,INR,2026-09-12 18:51:23.519354,6aa551d741ffc8de9f7c0f08,1231,2026-09-12 18:51:23.539742
27d2a0199287bcf0d27306214ecdc8865782e11394c4ef29c7f5699aab805422,147,MAA,COK,MAA-COK,2026-09-13,2026-09-20,2026-09-12 18:51:23.542147,2026-09-12,1,0-3 days,IndiGo,Round trip,INR,15031.0,15031.0,,,0,75.0,,,,55.0,,,WyJDalJJY2tkbWNGSnBlblkxUXpCQlMxcFJlV2RDUnkwdExTMHRMUzB0TFc5clltaDBNa0ZCUVVGQlIzRnNWV1JuU21OVlRsZEJFZ1UyUlRFMU5ob0tDTGQxRUFBYUEwbE9VamdjY1BKNiIsW1siTUFBIiwiMjAyNi0wOS0xMyIsIkNPSyIsbnVsbCwiNkUiLCIxNTYiXV1d,SerpApi,Google Flights,2026,9,37,13,6,Sunday,September,True,18,15001-25000,9.617936541093302,False,40356.6,-62.75454324695341,4,10,INR,2026-09-12 18:51:23.519354,6aa551d741ffc8de9f7c0f08,1232,2026-09-12 18:51:23.542147
e25b82d0dcf2a5fe8f2bb3db4d8737fef81816987c497e8af23e8d8a5f88b34d,147,MAA,COK,MAA-COK,2026-09-13,2026-09-20,2026-09-12 18:51:23.545199,2026-09-12,1,0-3 days,Air India Express,Round trip,INR,21877.0,21877.0,,,1,325.0,,,,198.0,,,WyJDalJJY2tkbWNGSnBlblkxUXpCQlMxcFJlV2RDUnkwdExTMHRMUzB0TFc5clltaDBNa0ZCUVVGQlIzRnNWV1JuU21OVlRsZEJFZzFKV0RJMk5qRjhTVmd5TnpNNUdnc0k5YW9CRUFBYUEwbE9VamdjY08reUFRPT0iLFtbIk1BQSIsIjIwMjYtMDktMTMiLCJQTlEiLG51bGwsIklYIiwiMjY2MSJdLFsiUE5RIiwiMjAyNi0wOS0xNCIsIkNPSyIsbnVsbCwiSVgiLCIyNzM5Il1dXQ==,SerpApi,Google Flights,2026,9,37,13,6,Sunday,September,True,18,15001-25000,9.993236844679735,False,40356.6,-45.790775238746576,4,10,INR,2026-09-12 18:51:23.519354,6aa551d741ffc8de9f7c0f08,1233,2026-09-12 18:51:23.545199
dc2f6dd1c12a39a2c2338ced3619836e81200c489c358bfb6f09f8fca19069db,147,MAA,COK,MAA-COK,2026-09-13,2026-09-20,2026-09-12 18:51:23.548241,2026-09-12,1,0-3 days,Air India,Round trip,INR,33181.0,33181.0,,,1,305.0,,,,192.0,,,WyJDalJJY2tkbWNGSnBlblkxUXpCQlMxcFJlV2RDUnkwdExTMHRMUzB0TFc5clltaDBNa0ZCUVVGQlIzRnNWV1JuU21OVlRsZEJFZzFCU1RJM056bDhRVWt5T0RVMUdnc0luWU1DRUFBYUEwbE9VamdjY0tTUEFnPT0iLFtbIk1BQSIsIjIwMjYtMDktMTMiLCJCT00iLG51bGwsIkFJIiwiMjc3OSJdLFsiQk9NIiwiMjAyNi0wOS0xMyIsIkNPSyIsbnVsbCwiQUkiLCIyODU1Il1dXQ==,SerpApi,Google Flights,2026,9,37,13,6,Sunday,September,True,18,25000+,10.409762839203301,True,40356.6,-17.78048695876263,4,10,INR,2026-09-12 18:51:23.519354,6aa551d741ffc8de9f7c0f08,1234,2026-09-12 18:51:23.548241
c04174e92e67dd9db73045b2e1c3bcd89f33841b7845b8bdca2a4750d5b202ad,147,MAA,COK,MAA-COK,2026-09-13,2026-09-20,2026-09-12 18:51:23.551287,2026-09-12,1,0-3 days,Malaysia Airlines,Round trip,INR,242616.0,242616.0,,,1,695.0,,,,440.0,,,WyJDalJJY2tkbWNGSnBlblkxUXpCQlMxcFJlV2RDUnkwdExTMHRMUzB0TFc5clltaDBNa0ZCUVVGQlIzRnNWV1JuU21OVlRsZEJFZ3ROU0RFNE0zeE5TREV3T0JvTENMam5EaEFBR2dOSlRsSTRISEROdnc4PSIsW1siTUFBIiwiMjAyNi0wOS0xMyIsIktVTCIsbnVsbCwiTUgiLCIxODMiXSxbIktVTCIsIjIwMjYtMDktMTMiLCJDT0siLG51bGwsIk1IIiwiMTA4Il1dXQ==,SerpApi,Google Flights,2026,9,37,13,6,Sunday,September,True,18,25000+,12.399239347233213,True,40356.6,501.18047605596115,4,10,INR,2026-09-12 18:51:23.519354,6aa551d741ffc8de9f7c0f08,1235,2026-09-12 18:51:23.551287
197c62974f14301eab9a270dfe5b94482bda0fa98e4e0f57c4cc19a8daff34a2,148,MAA,GOI,MAA-GOI,2026-09-13,2026-09-20,2026-09-12 18:51:31.928197,2026-09-12,1,0-3 days,IndiGo,Round trip,INR,12077.0,12077.0,,,0,90.0,,,,63.0,,,WyJDalJJZVRCdlVqbERjbTVXYmtGQlRFSk1RVkZDUnkwdExTMHRMUzB0TFc5NWNtRXlOa0ZCUVVGQlIzRnNWV1ZSUVdWbk1HVkJFZ1UyUlRVNE9Cb0tDSzFlRUFBYUEwbE9VamdjY045aSIsW1siTUFBIiwiMjAyNi0wOS0xMyIsIkdPSSIsbnVsbCwiNkUiLCI1ODgiXV1d,SerpApi,Google Flights,2026,9,37,13,6,Sunday,September,True,18,10001-15000,9.399140894867847,False,18397.18181818182,-34.35407597013377,2,11,INR,2026-09-12 18:51:31.922950,6aa551de5c9301b2a263ffaf,1236,2026-09-12 18:51:31.928197
a744c2f9aa5ccde10503bede9181e5ad25d43859f1a90d39f10ef198b48e9492,148,MAA,GOI,MAA-GOI,2026-09-13,2026-09-20,2026-09-12 18:51:31.931436,2026-09-12,1,0-3 days,IndiGo,Round trip,INR,14195.0,14195.0,,,1,560.0,,,,85.0,,,WyJDalJJZVRCdlVqbERjbTVXYmtGQlRFSk1RVkZDUnkwdExTMHRMUzB0TFc5NWNtRXlOa0ZCUVVGQlIzRnNWV1ZSUVdWbk1HVkJFZ3MyUlRjNU5udzJSVEU1TkJvS0NQTnVFQUFhQTBsT1VqZ2NjSWQwIixbWyJNQUEiLCIyMDI2LTA5LTEzIiwiQkxSIixudWxsLCI2RSIsIjc5NiJdLFsiQkxSIiwiMjAyNi0wOS0xNCIsIkdPSSIsbnVsbCwiNkUiLCIxOTQiXV1d,SerpApi,Google Flights,2026,9,37,13,6,Sunday,September,True,18,10001-15000,9.560715513766388,False,18397.18181818182,-22.841443106404647,2,11,INR,2026-09-12 18:51:31.922950,6aa551de5c9301b2a263ffaf,1237,2026-09-12 18:51:31.931436
3b22dbe04308a8574b901560afdab0aab2f27506dcc648da363c0ff8f2b581be,148,MAA,GOI,MAA-GOI,2026-09-13,2026-09-20,2026-09-12 18:51:31.934800,2026-09-12,1,0-3 days,IndiGo,Round trip,INR,14285.0,14285.0,,,1,480.0,,,,85.0,,,WyJDalJJZVRCdlVqbERjbTVXYmtGQlRFSk1RVkZDUnkwdExTMHRMUzB0TFc5NWNtRXlOa0ZCUVVGQlIzRnNWV1ZSUVdWbk1HVkJFZzAyUlRZNE9USjhOa1UyTVRZNEdnb0l6VzhRQUJvRFNVNVNPQnh3NVhRPSIsW1siTUFBIiwiMjAyNi0wOS0xMyIsIkJMUiIsbnVsbCwiNkUiLCI2ODkyIl0sWyJCTFIiLCIyMDI2LTA5LTEzIiwiR09JIixudWxsLCI2RSIsIjYxNjgiXV1d,SerpApi,Google Flights,2026,9,37,13,6,Sunday,September,True,18,10001-15000,9.567035315714918,False,18397.18181818182,-22.352237743923233,2,11,INR,2026-09-12 18:51:31.922950,6aa551de5c9301b2a263ffaf,1238,2026-09-12 18:51:31.934800
bd27930830756e6a841bc40695f72b33d42625a54f857cf3f5a4b9c987836ff0,148,MAA,GOI,MAA-GOI,2026-09-13,2026-09-20,2026-09-12 18:51:31.937755,2026-09-12,1,0-3 days,IndiGo,Round trip,INR,14925.0,14925.0,,,1,260.0,,,,85.0,,,WyJDalJJZVRCdlVqbERjbTVXYmtGQlRFSk1RVkZDUnkwdExTMHRMUzB0TFc5NWNtRXlOa0ZCUVVGQlIzRnNWV1ZSUVdWbk1HVkJFZzAyUlRZeU1EbDhOa1UyTVRZNEdnb0l6WFFRQUJvRFNVNVNPQnh3ZzNvPSIsW1siTUFBIiwiMjAyNi0wOS0xMyIsIkJMUiIsbnVsbCwiNkUiLCI2MjA5Il0sWyJCTFIiLCIyMDI2LTA5LTEzIiwiR09JIixudWxsLCI2RSIsIjYxNjgiXV1d,SerpApi,Google Flights,2026,9,37,13,6,Sunday,September,True,18,10001-15000,9.610859937691332,False,18397.18181818182,-18.873444055166555,2,11,INR,2026-09-12 18:51:31.922950,6aa551de5c9301b2a263ffaf,1239,2026-09-12 18:51:31.937755
ea99b7142e2381bcda0a7f456c302a112f7c58bdc9c1957af37fdf7c7f81307c,148,MAA,GOI,MAA-GOI,2026-09-13,2026-09-20,2026-09-12 18:51:31.942906,2026-09-12,1,0-3 days,IndiGo,Round trip,INR,16560.0,16560.0,,,1,340.0,,,,85.0,,,WyJDalJJZVRCdlVqbERjbTVXYmtGQlRFSk1RVkZDUnkwdExTMHRMUzB0TFc5NWNtRXlOa0ZCUVVGQlIzRnNWV1ZSUVdWbk1HVkJFZzAyUlRZNE9USjhOa1UyTnpVekdnc0lzSUVCRUFBYUEwbE9VamdjY0xLSEFRPT0iLFtbIk1BQSIsIjIwMjYtMDktMTMiLCJCTFIiLG51bGwsIjZFIiwiNjg5MiJdLFsiQkxSIiwiMjAyNi0wOS0xMyIsIkdPSSIsbnVsbCwiNkUiLCI2NzUzIl1dXQ==,SerpApi,Google Flights,2026,9,37,13,6,Sunday,September,True,18,15001-25000,9.714805812589491,False,18397.18181818182,-9.986213303420987,2,11,INR,2026-09-12 18:51:31.922950,6aa551de5c9301b2a263ffaf,1240,2026-09-12 18:51:31.942906
cfa99230cf894494cd5d3f6b147bc7fd19987e7b5382a2c6fd532f38934ec1c8,148,MAA,GOI,MAA-GOI,2026-09-13,2026-09-20,2026-09-12 18:51:31.945913,2026-09-12,1,0-3 days,IndiGo,Round trip,INR,18614.0,18614.0,,,1,295.0,,,,85.0,,,WyJDalJJZVRCdlVqbERjbTVXYmtGQlRFSk1RVkZDUnkwdExTMHRMUzB0TFc5NWNtRXlOa0ZCUVVGQlIzRnNWV1ZSUVdWbk1HVkJFZzAyUlRZNE1UVjhOa1UyTmpVekdnc0l0cEVCRUFBYUEwbE9VamdjY0ppWUFRPT0iLFtbIk1BQSIsIjIwMjYtMDktMTMiLCJCTFIiLG51bGwsIjZFIiwiNjgxNSJdLFsiQkxSIiwiMjAyNi0wOS0xMyIsIkdPSSIsbnVsbCwiNkUiLCI2NjUzIl1dXQ==,SerpApi,Google Flights,2026,9,37,13,6,Sunday,September,True,18,15001-25000,9.831722986306817,False,18397.18181818182,1.1785401914324645,2,11,INR,2026-09-12 18:51:31.922950,6aa551de5c9301b2a263ffaf,1241,2026-09-12 18:51:31.945913
63b371904487cafaa255c566c1572d877172cbbab16dda1ec013b89959cb786d,148,MAA,GOI,MAA-GOI,2026-09-13,2026-09-20,2026-09-12 18:51:31.948941,2026-09-12,1,0-3 days,IndiGo,Round trip,INR,19050.0,19050.0,,,1,395.0,,,,106.0,,,WyJDalJJZVRCdlVqbERjbTVXYmtGQlRFSk1RVkZDUnkwdExTMHRMUzB0TFc5NWNtRXlOa0ZCUVVGQlIzRnNWV1ZSUVdWbk1HVkJFZ3cyUlRZNU1qVjhOa1V4TWpFYUN3anFsQUVRQUJvRFNVNVNPQnh3NEpzQiIsW1siTUFBIiwiMjAyNi0wOS0xMyIsIkhZRCIsbnVsbCwiNkUiLCI2OTI1Il0sWyJIWUQiLCIyMDI2LTA5LTEzIiwiR09JIixudWxsLCI2RSIsIjEyMSJdXV0=,SerpApi,Google Flights,2026,9,37,13,6,Sunday,September,True,18,15001-25000,9.854874872615435,False,18397.18181818182,3.548468391897952,2,11,INR,2026-09-12 18:51:31.922950,6aa551de5c9301b2a263ffaf,1242,2026-09-12 18:51:31.948941
723659107e365c6c9f6cdde5e6c5613486ddbeacd12e46ffc7a2b32b114b7b3e,148,MAA,GOI,MAA-GOI,2026-09-13,2026-09-20,2026-09-12 18:51:31.952002,2026-09-12,1,0-3 days,IndiGo,Round trip,INR,19823.0,19823.0,,,1,210.0,,,,106.0,,,WyJDalJJZVRCdlVqbERjbTVXYmtGQlRFSk1RVkZDUnkwdExTMHRMUzB0TFc5NWNtRXlOa0ZCUVVGQlIzRnNWV1ZSUVdWbk1HVkJFZ3MyUlRnek5IdzJSVE0yTWhvTENPK2FBUkFBR2dOSlRsSTRISENKb2dFPSIsW1siTUFBIiwiMjAyNi0wOS0xMyIsIkhZRCIsbnVsbCwiNkUiLCI4MzQiXSxbIkhZRCIsIjIwMjYtMDktMTMiLCJHT0kiLG51bGwsIjZFIiwiMzYyIl1dXQ==,SerpApi,Google Flights,2026,9,37,13,6,Sunday,September,True,18,15001-25000,9.894648603868923,False,18397.18181818182,7.7501988940993805,2,11,INR,2026-09-12 18:51:31.922950,6aa551de5c9301b2a263ffaf,1243,2026-09-12 18:51:31.952002
0b0f94db0119532e25a229cdcf03e9e915cbed90eb36740264a98e014b9de6af,148,MAA,GOI,MAA-GOI,2026-09-13,2026-09-20,2026-09-12 18:51:31.954818,2026-09-12,1,0-3 days,Air India Express,Round trip,INR,22425.0,22425.0,,,1,545.0,,,,102.0,,,WyJDalJJZVRCdlVqbERjbTVXYmtGQlRFSk1RVkZDUnkwdExTMHRMUzB0TFc5NWNtRXlOa0ZCUVVGQlIzRnNWV1ZSUVdWbk1HVkJFZzFKV0RJMk5qSjhTVmd4TlRNNUdnc0ltYThCRUFBYUEwbE9VamdjY0t5M0FRPT0iLFtbIk1BQSIsIjIwMjYtMDktMTMiLCJCTFIiLG51bGwsIklYIiwiMjY2MiJdLFsiQkxSIiwiMjAyNi0wOS0xNCIsIkdPSSIsbnVsbCwiSVgiLCIxNTM5Il1dXQ==,SerpApi,Google Flights,2026,9,37,13,6,Sunday,September,True,18,15001-25000,10.017976279020827,False,18397.18181818182,21.89366948495075,2,11,INR,2026-09-12 18:51:31.922950,6aa551de5c9301b2a263ffaf,1244,2026-09-12 18:51:31.954818
f387feb48fb7e14ea6f2dfa53abf3357fbcc63b80007d43adc1c4f46ff50db44,148,MAA,GOI,MAA-GOI,2026-09-13,2026-09-20,2026-09-12 18:51:31.957532,2026-09-12,1,0-3 days,Air India Express,Round trip,INR,27688.0,27688.0,,,1,210.0,,,,105.0,,,WyJDalJJZVRCdlVqbERjbTVXYmtGQlRFSk1RVkZDUnkwdExTMHRMUzB0TFc5NWNtRXlOa0ZCUVVGQlIzRnNWV1ZSUVdWbk1HVkJFZzFKV0RJNU56RjhTVmd4TXpnMkdnc0lxTmdCRUFBYUEwbE9VamdjY0xEaUFRPT0iLFtbIk1BQSIsIjIwMjYtMDktMTMiLCJCTFIiLG51bGwsIklYIiwiMjk3MSJdLFsiQkxSIiwiMjAyNi0wOS0xMyIsIkdPSSIsbnVsbCwiSVgiLCIxMzg2Il1dXQ==,SerpApi,Google Flights,2026,9,37,13,6,Sunday,September,True,18,25000+,10.228790501392256,False,18397.18181818182,50.50131195983574,2,11,INR,2026-09-12 18:51:31.922950,6aa551de5c9301b2a263ffaf,1245,2026-09-12 18:51:31.957532
4e87bbf0a93a4dfd322255802c84d68f343e3602eb7268f6fcb1437b0d1d64e1,149,CCU,BLR,CCU-BLR,2026-09-13,2026-09-20,2026-09-12 18:51:41.299845,2026-09-12,1,0-3 days,IndiGo,Round trip,INR,16371.0,16371.0,,,1,290.0,,,,137.0,,,WyJDalJJT0VoSlYyUXRTVjlPUzFsQlMyVkxkV2RDUnkwdExTMHRMUzB0TFhsc2JIRXhPVUZCUVVGQlIzRnNWV1ZuUVRKQ2N5MUJFZ3MyUlRJek5IdzJSVGM1TmhvS0NQTi9FQUFhQTBsT1VqZ2NjT3lGQVE9PSIsW1siQ0NVIiwiMjAyNi0wOS0xMyIsIk1BQSIsbnVsbCwiNkUiLCIyMzQiXSxbIk1BQSIsIjIwMjYtMDktMTMiLCJCTFIiLG51bGwsIjZFIiwiNzk2Il1dXQ==,SerpApi,Google Flights,2026,9,37,13,6,Sunday,September,True,18,15001-25000,9.703327837612294,False,19366.18181818182,-15.46604202264492,3,22,INR,2026-09-12 18:51:41.297642,6aa551e62ddc4343121a5859,1246,2026-09-12 18:51:41.299845
58833f9e7c6daffebad16c652e520d4743a50393d552b31409f29179d7e51be3,149,CCU,BLR,CCU-BLR,2026-09-13,2026-09-20,2026-09-12 18:51:41.302479,2026-09-12,1,0-3 days,IndiGo,Round trip,INR,17895.0,17895.0,,,0,165.0,,,,111.0,,,WyJDalJJT0VoSlYyUXRTVjlPUzFsQlMyVkxkV2RDUnkwdExTMHRMUzB0TFhsc2JIRXhPVUZCUVVGQlIzRnNWV1ZuUVRKQ2N5MUJFZ1kyUlRZek1UUWFDd2puaXdFUUFCb0RTVTVTT0J4d3A1SUIiLFtbIkNDVSIsIjIwMjYtMDktMTMiLCJCTFIiLG51bGwsIjZFIiwiNjMxNCJdXV0=,SerpApi,Google Flights,2026,9,37,13,6,Sunday,September,True,18,15001-25000,9.792332503169966,False,19366.18181818182,-7.596653960981659,3,22,INR,2026-09-12 18:51:41.297642,6aa551e62ddc4343121a5859,1247,2026-09-12 18:51:41.302479
21ada4f60a4a98ee0494a93f31338174f4445d2b6e6bcc8e25c745d00bd6806a,149,CCU,BLR,CCU-BLR,2026-09-13,2026-09-20,2026-09-12 18:51:41.304391,2026-09-12,1,0-3 days,Akasa Air,Round trip,INR,19324.0,19324.0,,,0,160.0,,,,116.0,,,WyJDalJJT0VoSlYyUXRTVjlPUzFsQlMyVkxkV2RDUnkwdExTMHRMUzB0TFhsc2JIRXhPVUZCUVVGQlIzRnNWV1ZuUVRKQ2N5MUJFZ1pSVURFMU5qUWFDd2o4bGdFUUFCb0RTVTVTT0J4dy81MEIiLFtbIkNDVSIsIjIwMjYtMDktMTMiLCJCTFIiLG51bGwsIlFQIiwiMTU2NCJdXV0=,SerpApi,Google Flights,2026,9,37,13,6,Sunday,September,True,18,15001-25000,9.869154873455622,False,19366.18181818182,-0.21781174305726125,3,22,INR,2026-09-12 18:51:41.297642,6aa551e62ddc4343121a5859,1248,2026-09-12 18:51:41.304391
71decda1d1df2887a42fc44072de7deeef6590b525c3171ff2a51fac14673b14,149,CCU,BLR,CCU-BLR,2026-09-13,2026-09-20,2026-09-12 18:51:41.306185,2026-09-12,1,0-3 days,IndiGo,Round trip,INR,15976.0,15976.0,,,1,385.0,,,,171.0,,,WyJDalJJT0VoSlYyUXRTVjlPUzFsQlMyVkxkV2RDUnkwdExTMHRMUzB0TFhsc2JIRXhPVUZCUVVGQlIzRnNWV1ZuUVRKQ2N5MUJFZ3cyUlRnNU5YdzJSVFkwTlRJYUNnam9mQkFBR2dOSlRsSTRISERQZ2dFPSIsW1siQ0NVIiwiMjAyNi0wOS0xMyIsIlBBVCIsbnVsbCwiNkUiLCI4OTUiXSxbIlBBVCIsIjIwMjYtMDktMTMiLCJCTFIiLG51bGwsIjZFIiwiNjQ1MiJdXV0=,SerpApi,Google Flights,2026,9,37,13,6,Sunday,September,True,18,15001-25000,9.67890546702757,False,19366.18181818182,-17.505680004506452,3,22,INR,2026-09-12 18:51:41.297642,6aa551e62ddc4343121a5859,1249,2026-09-12 18:51:41.306185
f6e3ee26fbaae4179093ac485c9158c9e5482f7f5eae689530d367ea6974089c,149,CCU,BLR,CCU-BLR,2026-09-13,2026-09-20,2026-09-12 18:51:41.308246,2026-09-12,1,0-3 days,IndiGo,Round trip,INR,16107.0,16107.0,,,1,330.0,,,,175.0,,,WyJDalJJT0VoSlYyUXRTVjlPUzFsQlMyVkxkV2RDUnkwdExTMHRMUzB0TFhsc2JIRXhPVUZCUVVGQlIzRnNWV1ZuUVRKQ2N5MUJFZ3cyUlRRM05udzJSVFl3TlRVYUNnanJmUkFBR2dOSlRsSTRISERZZ3dFPSIsW1siQ0NVIiwiMjAyNi0wOS0xMyIsIlBOUSIsbnVsbCwiNkUiLCI0NzYiXSxbIlBOUSIsIjIwMjYtMDktMTMiLCJCTFIiLG51bGwsIjZFIiwiNjA1NSJdXV0=,SerpApi,Google Flights,2026,9,37,13,6,Sunday,September,True,18,15001-25000,9.687071321971345,False,19366.18181818182,-16.82924310419288,3,22,INR,2026-09-12 18:51:41.297642,6aa551e62ddc4343121a5859,1250,2026-09-12 18:51:41.308246
15149b9b6cbc34474e445d03e9fb593e64560e712df2145cd53a1e27e3cc130b,149,CCU,BLR,CCU-BLR,2026-09-13,2026-09-20,2026-09-12 18:51:41.312212,2026-09-12,1,0-3 days,IndiGo,Round trip,INR,16292.0,16292.0,,,1,315.0,,,,136.0,,,WyJDalJJT0VoSlYyUXRTVjlPUzFsQlMyVkxkV2RDUnkwdExTMHRMUzB0TFhsc2JIRXhPVUZCUVVGQlIzRnNWV1ZuUVRKQ2N5MUJFZ3cyUlRZeE5udzJSVEkzTnpJYUNnaWtmeEFBR2dOSlRsSTRISENhaFFFPSIsW1siQ0NVIiwiMjAyNi0wOS0xMyIsIlZUWiIsbnVsbCwiNkUiLCI2MTYiXSxbIlZUWiIsIjIwMjYtMDktMTMiLCJCTFIiLG51bGwsIjZFIiwiMjc3MiJdXV0=,SerpApi,Google Flights,2026,9,37,13,6,Sunday,September,True,18,15001-25000,9.698490846702954,False,19366.18181818182,-15.873969619017226,3,22,INR,2026-09-12 18:51:41.297642,6aa551e62ddc4343121a5859,1251,2026-09-12 18:51:41.312212
0283cc0b1f4b4fbc17193ed5a2220cf9663d94697b31cc6ff63ab28b274ac136,149,CCU,BLR,CCU-BLR,2026-09-13,2026-09-20,2026-09-12 18:51:41.315567,2026-09-12,1,0-3 days,IndiGo,Round trip,INR,16371.0,16371.0,,,1,300.0,,,,137.0,,,WyJDalJJT0VoSlYyUXRTVjlPUzFsQlMyVkxkV2RDUnkwdExTMHRMUzB0TFhsc2JIRXhPVUZCUVVGQlIzRnNWV1ZuUVRKQ2N5MUJFZ3cyUlRNME5IdzJSVFk0TVRVYUNnanpmeEFBR2dOSlRsSTRISERzaFFFPSIsW1siQ0NVIiwiMjAyNi0wOS0xMyIsIk1BQSIsbnVsbCwiNkUiLCIzNDQiXSxbIk1BQSIsIjIwMjYtMDktMTMiLCJCTFIiLG51bGwsIjZFIiwiNjgxNSJdXV0=,SerpApi,Google Flights,2026,9,37,13,6,Sunday,September,True,18,15001-25000,9.703327837612294,False,19366.18181818182,-15.46604202264492,3,22,INR,2026-09-12 18:51:41.297642,6aa551e62ddc4343121a5859,1252,2026-09-12 18:51:41.315567
47fd4039c242c4d9cc952c7c919e82b67040fe37a13f8435664c9f77a23f7f74,149,CCU,BLR,CCU-BLR,2026-09-13,2026-09-20,2026-09-12 18:51:41.318162,2026-09-12,1,0-3 days,IndiGo,Round trip,INR,16712.0,16712.0,,,1,360.0,,,,180.0,,,WyJDalJJT0VoSlYyUXRTVjlPUzFsQlMyVkxkV2RDUnkwdExTMHRMUzB0TFhsc2JIRXhPVUZCUVVGQlIzRnNWV1ZuUVRKQ2N5MUJFZ3MyUlRFek5YdzJSVE13TWhvTENNaUNBUkFBR2dOSlRsSTRISERSaUFFPSIsW1siQ0NVIiwiMjAyNi0wOS0xMyIsIlBOUSIsbnVsbCwiNkUiLCIxMzUiXSxbIlBOUSIsIjIwMjYtMDktMTMiLCJCTFIiLG51bGwsIjZFIiwiMzAyIl1dXQ==,SerpApi,Google Flights,2026,9,37,13,6,Sunday,September,True,18,15001-25000,9.723942138688924,False,19366.18181818182,-13.705240625645466,3,22,INR,2026-09-12 18:51:41.297642,6aa551e62ddc4343121a5859,1253,2026-09-12 18:51:41.318162
ea87e8125788545fc070038da56b24491c3f921c8851989b279e30d6c43243fe,149,CCU,BLR,CCU-BLR,2026-09-13,2026-09-20,2026-09-12 18:51:41.320838,2026-09-12,1,0-3 days,IndiGo,Round trip,INR,17167.0,17167.0,,,1,290.0,,,,150.0,,,WyJDalJJT0VoSlYyUXRTVjlPUzFsQlMyVkxkV2RDUnkwdExTMHRMUzB0TFhsc2JIRXhPVUZCUVVGQlIzRnNWV1ZuUVRKQ2N5MUJFZ3MyUlRReE4zdzJSVGszT1JvTENJK0dBUkFBR2dOSlRsSTRISEN0akFFPSIsW1siQ0NVIiwiMjAyNi0wOS0xMyIsIlJQUiIsbnVsbCwiNkUiLCI0MTciXSxbIlJQUiIsIjIwMjYtMDktMTMiLCJCTFIiLG51bGwsIjZFIiwiOTc5Il1dXQ==,SerpApi,Google Flights,2026,9,37,13,6,Sunday,September,True,18,15001-25000,9.75080246487048,False,19366.18181818182,-11.355784216159382,3,22,INR,2026-09-12 18:51:41.297642,6aa551e62ddc4343121a5859,1254,2026-09-12 18:51:41.320838
f21636c9a701f1fbd013829f7a33316b8af476064c95a19a65df935b66b878da,149,CCU,BLR,CCU-BLR,2026-09-13,2026-09-20,2026-09-12 18:51:41.325740,2026-09-12,1,0-3 days,IndiGo,Round trip,INR,18105.0,18105.0,,,0,160.0,,,,138.0,,,WyJDalJJT0VoSlYyUXRTVjlPUzFsQlMyVkxkV2RDUnkwdExTMHRMUzB0TFhsc2JIRXhPVUZCUVVGQlIzRnNWV1ZuUVRKQ2N5MUJFZ1UyUlRVM014b0xDTG1OQVJBQUdnTkpUbEk0SEhDRGxBRT0iLFtbIkNDVSIsIjIwMjYtMDktMTMiLCJCTFIiLG51bGwsIjZFIiwiNTczIl1dXQ==,SerpApi,Google Flights,2026,9,37,13,6,Sunday,September,True,18,15001-25000,9.803998654035386,False,19366.18181818182,-6.512289464295784,3,22,INR,2026-09-12 18:51:41.297642,6aa551e62ddc4343121a5859,1256,2026-09-12 18:51:41.325740
2580254b44f7b6826db8b78b45701cff2ac3509f6cb7e0d0bf180a9baf221302,149,CCU,BLR,CCU-BLR,2026-09-13,2026-09-20,2026-09-12 18:51:41.327990,2026-09-12,1,0-3 days,IndiGo,Round trip,INR,18630.0,18630.0,,,0,160.0,,,,111.0,,,WyJDalJJT0VoSlYyUXRTVjlPUzFsQlMyVkxkV2RDUnkwdExTMHRMUzB0TFhsc2JIRXhPVUZCUVVGQlIzRnNWV1ZuUVRKQ2N5MUJFZ1UyUlRRNU5ob0xDTWFSQVJBQUdnTkpUbEk0SEhDcG1BRT0iLFtbIkNDVSIsIjIwMjYtMDktMTMiLCJCTFIiLG51bGwsIjZFIiwiNDk2Il1dXQ==,SerpApi,Google Flights,2026,9,37,13,6,Sunday,September,True,18,15001-25000,9.832582139020353,False,19366.18181818182,-3.8013782225810755,3,22,INR,2026-09-12 18:51:41.297642,6aa551e62ddc4343121a5859,1257,2026-09-12 18:51:41.327990
65885cfafa6c4b528bdc258ea265b54e53333d344888e09c42c4fc6dfb04f339,149,CCU,BLR,CCU-BLR,2026-09-13,2026-09-20,2026-09-12 18:51:41.330234,2026-09-12,1,0-3 days,IndiGo,Round trip,INR,18630.0,18630.0,,,0,165.0,,,,111.0,,,WyJDalJJT0VoSlYyUXRTVjlPUzFsQlMyVkxkV2RDUnkwdExTMHRMUzB0TFhsc2JIRXhPVUZCUVVGQlIzRnNWV1ZuUVRKQ2N5MUJFZ1UyUlRNNE5ob0xDTWFSQVJBQUdnTkpUbEk0SEhDcG1BRT0iLFtbIkNDVSIsIjIwMjYtMDktMTMiLCJCTFIiLG51bGwsIjZFIiwiMzg2Il1dXQ==,SerpApi,Google Flights,2026,9,37,13,6,Sunday,September,True,18,15001-25000,9.832582139020353,False,19366.18181818182,-3.8013782225810755,3,22,INR,2026-09-12 18:51:41.297642,6aa551e62ddc4343121a5859,1258,2026-09-12 18:51:41.330234
44328df02a1af6ebeb59307273d72d7dcc363fdb9ff15b9463d480b81ee65832,149,CCU,BLR,CCU-BLR,2026-09-13,2026-09-20,2026-09-12 18:51:41.334387,2026-09-12,1,0-3 days,IndiGo,Round trip,INR,19365.0,19365.0,,,0,160.0,,,,111.0,,,WyJDalJJT0VoSlYyUXRTVjlPUzFsQlMyVkxkV2RDUnkwdExTMHRMUzB0TFhsc2JIRXhPVUZCUVVGQlIzRnNWV1ZuUVRKQ2N5MUJFZ1kyUlRZeU5URWFDd2lsbHdFUUFCb0RTVTVTT0J4d3FwNEIiLFtbIkNDVSIsIjIwMjYtMDktMTMiLCJCTFIiLG51bGwsIjZFIiwiNjI1MSJdXV0=,SerpApi,Google Flights,2026,9,37,13,6,Sunday,September,True,18,15001-25000,9.871274230171476,False,19366.18181818182,-0.006102484180492418,3,22,INR,2026-09-12 18:51:41.297642,6aa551e62ddc4343121a5859,1260,2026-09-12 18:51:41.334387
bb11f65978f317469352b150232f2c2bd0a96831b387b77118927c8a05fda4aa,149,CCU,BLR,CCU-BLR,2026-09-13,2026-09-20,2026-09-12 18:51:41.336624,2026-09-12,1,0-3 days,IndiGo,Round trip,INR,20100.0,20100.0,,,0,165.0,,,,111.0,,,WyJDalJJT0VoSlYyUXRTVjlPUzFsQlMyVkxkV2RDUnkwdExTMHRMUzB0TFhsc2JIRXhPVUZCUVVGQlIzRnNWV1ZuUVRKQ2N5MUJFZ1UyUlRRMU5Sb0xDSVNkQVJBQUdnTkpUbEk0SEhDcnBBRT0iLFtbIkNDVSIsIjIwMjYtMDktMTMiLCJCTFIiLG51bGwsIjZFIiwiNDU1Il1dXQ==,SerpApi,Google Flights,2026,9,37,13,6,Sunday,September,True,18,15001-25000,9.908524844053396,False,19366.18181818182,3.7891732542201018,3,22,INR,2026-09-12 18:51:41.297642,6aa551e62ddc4343121a5859,1261,2026-09-12 18:51:41.336624
0af2b6aea1cfd9ec21e505c92fcb34983a0c3c2f2b01ff5d45a84a02b26bc816,149,CCU,BLR,CCU-BLR,2026-09-13,2026-09-20,2026-09-12 18:51:41.338756,2026-09-12,1,0-3 days,Air India Express,Round trip,INR,20246.0,20246.0,,,0,160.0,,,,130.0,,,WyJDalJJT0VoSlYyUXRTVjlPUzFsQlMyVkxkV2RDUnkwdExTMHRMUzB0TFhsc2JIRXhPVUZCUVVGQlIzRnNWV1ZuUVRKQ2N5MUJFZ1pKV0RFek56RWFDd2lXbmdFUUFCb0RTVTVTT0J4d3hLVUIiLFtbIkNDVSIsIjIwMjYtMDktMTMiLCJCTFIiLG51bGwsIklYIiwiMTM3MSJdXV0=,SerpApi,Google Flights,2026,9,37,13,6,Sunday,September,True,18,15001-25000,9.915761913411517,False,19366.18181818182,4.543064761439797,3,22,INR,2026-09-12 18:51:41.297642,6aa551e62ddc4343121a5859,1262,2026-09-12 18:51:41.338756
fa2f9be7ff1c63dc77771ec28aeb6590e10ccd20d21e15092e212a1711d5bc71,149,CCU,BLR,CCU-BLR,2026-09-13,2026-09-20,2026-09-12 18:51:41.341050,2026-09-12,1,0-3 days,Air India Express,Round trip,INR,20444.0,20444.0,,,1,485.0,,,,225.0,,,WyJDalJJT0VoSlYyUXRTVjlPUzFsQlMyVkxkV2RDUnkwdExTMHRMUzB0TFhsc2JIRXhPVUZCUVVGQlIzRnNWV1ZuUVRKQ2N5MUJFZzFKV0RFMU1UZDhTVmd5T1RNeUdnc0kzSjhCRUFBYUEwbE9VamdjY0pPbkFRPT0iLFtbIkNDVSIsIjIwMjYtMDktMTMiLCJHQVUiLG51bGwsIklYIiwiMTUxNyJdLFsiR0FVIiwiMjAyNi0wOS0xMyIsIkJMUiIsbnVsbCwiSVgiLCIyOTMyIl1dXQ==,SerpApi,Google Flights,2026,9,37,13,6,Sunday,September,True,18,15001-25000,9.925493632798743,False,19366.18181818182,5.565465572600781,3,22,INR,2026-09-12 18:51:41.297642,6aa551e62ddc4343121a5859,1263,2026-09-12 18:51:41.341050
b64e411a94c0d1409be5ef1920be2b80762605210b227d7f8029df64c310e44f,149,CCU,BLR,CCU-BLR,2026-09-13,2026-09-20,2026-09-12 18:51:41.343501,2026-09-12,1,0-3 days,IndiGo,Round trip,INR,20940.0,20940.0,,,0,160.0,,,,111.0,,,WyJDalJJT0VoSlYyUXRTVjlPUzFsQlMyVkxkV2RDUnkwdExTMHRMUzB0TFhsc2JIRXhPVUZCUVVGQlIzRnNWV1ZuUVRKQ2N5MUJFZ1UyUlRjMU54b0xDTXlqQVJBQUdnTkpUbEk0SEhDYXF3RT0iLFtbIkNDVSIsIjIwMjYtMDktMTMiLCJCTFIiLG51bGwsIjZFIiwiNzU3Il1dXQ==,SerpApi,Google Flights,2026,9,37,13,6,Sunday,September,True,18,15001-25000,9.949464238776152,False,19366.18181818182,8.126631240963622,3,22,INR,2026-09-12 18:51:41.297642,6aa551e62ddc4343121a5859,1264,2026-09-12 18:51:41.343501
2a5f09146d48b6b86cbdd247d1202f68c3eb7ced4ed7cd689aa1a2082db0b26b,149,CCU,BLR,CCU-BLR,2026-09-13,2026-09-20,2026-09-12 18:51:41.347482,2026-09-12,1,0-3 days,Air India Express,Round trip,INR,32370.0,32370.0,,,0,160.0,,,,134.0,,,WyJDalJJT0VoSlYyUXRTVjlPUzFsQlMyVkxkV2RDUnkwdExTMHRMUzB0TFhsc2JIRXhPVUZCUVVGQlIzRnNWV1ZuUVRKQ2N5MUJFZ1pKV0RFME9UWWFDd2p5L0FFUUFCb0RTVTVTT0J4dzFJZ0MiLFtbIkNDVSIsIjIwMjYtMDktMTMiLCJCTFIiLG51bGwsIklYIiwiMTQ5NiJdXV0=,SerpApi,Google Flights,2026,9,37,13,6,Sunday,September,True,18,25000+,10.385018239245094,True,19366.18181818182,67.14704170343803,3,22,INR,2026-09-12 18:51:41.297642,6aa551e62ddc4343121a5859,1265,2026-09-12 18:51:41.347482
ed7dc88c5936078a87655e1f91194e7b5ced4bae7c30cba80008cc7cd175de65,150,CCU,DEL,CCU-DEL,2026-09-13,2026-09-20,2026-09-12 18:51:44.991494,2026-09-12,1,0-3 days,Air India,Round trip,INR,15983.0,15983.0,,,0,155.0,,,,115.0,,,WyJDalJJTUU5T2MzcFhTVmxLTlhOQlMydGFWVUZDUnkwdExTMHRMUzB0TFhsc2JHc3lNRUZCUVVGQlIzRnNWV1pCU2w5SVVXMUJFZ1pCU1RJM01UQWFDZ2p2ZkJBQUdnTkpUbEk0SEhEV2dnRT0iLFtbIkNDVSIsIjIwMjYtMDktMTMiLCJERUwiLG51bGwsIkFJIiwiMjcxMCJdXV0=,SerpApi,Google Flights,2026,9,37,13,6,Sunday,September,True,18,15001-25000,9.679343500888335,False,16970.2,-5.817256131336112,4,20,INR,2026-09-12 18:51:44.985640,6aa551f0a973c48065d6a847,1268,2026-09-12 18:51:44.991494
4542adc13feb0ea4fe81142599d80f7851f4c3e278798cf0b09a363d05e0fb1a,150,CCU,DEL,CCU-DEL,2026-09-13,2026-09-20,2026-09-12 18:51:44.996727,2026-09-12,1,0-3 days,IndiGo,Round trip,INR,15376.0,15376.0,,,1,290.0,,,,120.0,,,WyJDalJJTUU5T2MzcFhTVmxLTlhOQlMydGFWVUZDUnkwdExTMHRMUzB0TFhsc2JHc3lNRUZCUVVGQlIzRnNWV1pCU2w5SVVXMUJFZzAyUlRZeE16bDhOa1V5TVRFeEdnb0lrSGdRQUJvRFNVNVNPQnh3MjMwPSIsW1siQ0NVIiwiMjAyNi0wOS0xMyIsIkxLTyIsbnVsbCwiNkUiLCI2MTM5Il0sWyJMS08iLCIyMDI2LTA5LTEzIiwiREVMIixudWxsLCI2RSIsIjIxMTEiXV1d,SerpApi,Google Flights,2026,9,37,13,6,Sunday,September,True,18,15001-25000,9.640628165515693,False,16970.2,-9.394114388752051,4,20,INR,2026-09-12 18:51:44.985640,6aa551f0a973c48065d6a847,1270,2026-09-12 18:51:44.996727
06f6b2eb108a3bd4ce6ff8761b54d49d1af3c72a948fbad4211c1c398a28a6d3,150,CCU,DEL,CCU-DEL,2026-09-13,2026-09-20,2026-09-12 18:51:44.999724,2026-09-12,1,0-3 days,IndiGo,Round trip,INR,15376.0,15376.0,,,1,270.0,,,,139.0,,,WyJDalJJTUU5T2MzcFhTVmxLTlhOQlMydGFWVUZDUnkwdExTMHRMUzB0TFhsc2JHc3lNRUZCUVVGQlIzRnNWV1pCU2w5SVVXMUJFZ3cyUlRnNU5YdzJSVFkwT1RnYUNnaVFlQkFBR2dOSlRsSTRISERiZlE9PSIsW1siQ0NVIiwiMjAyNi0wOS0xMyIsIlBBVCIsbnVsbCwiNkUiLCI4OTUiXSxbIlBBVCIsIjIwMjYtMDktMTMiLCJERUwiLG51bGwsIjZFIiwiNjQ5OCJdXV0=,SerpApi,Google Flights,2026,9,37,13,6,Sunday,September,True,18,15001-25000,9.640628165515693,False,16970.2,-9.394114388752051,4,20,INR,2026-09-12 18:51:44.985640,6aa551f0a973c48065d6a847,1271,2026-09-12 18:51:44.999724
dd64b04e2dd034509d4082fa6e57104b871635df18e78d49d555ad24bdf455c5,150,CCU,DEL,CCU-DEL,2026-09-13,2026-09-20,2026-09-12 18:51:45.002503,2026-09-12,1,0-3 days,IndiGo,Round trip,INR,15963.0,15963.0,,,0,145.0,,,,99.0,,,WyJDalJJTUU5T2MzcFhTVmxLTlhOQlMydGFWVUZDUnkwdExTMHRMUzB0TFhsc2JHc3lNRUZCUVVGQlIzRnNWV1pCU2w5SVVXMUJFZ1UyUlRreE54b0tDTnQ4RUFBYUEwbE9VamdjY01HQ0FRPT0iLFtbIkNDVSIsIjIwMjYtMDktMTMiLCJERUwiLG51bGwsIjZFIiwiOTE3Il1dXQ==,SerpApi,Google Flights,2026,9,37,13,6,Sunday,September,True,18,15001-25000,9.678091466168624,False,16970.2,-5.935109780674363,4,20,INR,2026-09-12 18:51:44.985640,6aa551f0a973c48065d6a847,1272,2026-09-12 18:51:45.002503
1c58ce3ee4915d01870de5603317833b36bedcdb13f836ec7a1dba6732e654e3,150,CCU,DEL,CCU-DEL,2026-09-13,2026-09-20,2026-09-12 18:51:45.004422,2026-09-12,1,0-3 days,IndiGo,Round trip,INR,16540.0,16540.0,,,0,150.0,,,,99.0,,,WyJDalJJTUU5T2MzcFhTVmxLTlhOQlMydGFWVUZDUnkwdExTMHRMUzB0TFhsc2JHc3lNRUZCUVVGQlIzRnNWV1pCU2w5SVVXMUJFZ1UyUlRnNU1Sb0xDSnlCQVJBQUdnTkpUbEk0SEhDZGh3RT0iLFtbIkNDVSIsIjIwMjYtMDktMTMiLCJERUwiLG51bGwsIjZFIiwiODkxIl1dXQ==,SerpApi,Google Flights,2026,9,37,13,6,Sunday,September,True,18,15001-25000,9.713597426242222,False,16970.2,-2.535031997265802,4,20,INR,2026-09-12 18:51:44.985640,6aa551f0a973c48065d6a847,1273,2026-09-12 18:51:45.004422
9086088de5c331b85dc229fc1012264eea7db26809bb155fcdcca3cecb18de91,150,CCU,DEL,CCU-DEL,2026-09-13,2026-09-20,2026-09-12 18:51:45.006976,2026-09-12,1,0-3 days,IndiGo,Round trip,INR,16540.0,16540.0,,,0,145.0,,,,99.0,,,WyJDalJJTUU5T2MzcFhTVmxLTlhOQlMydGFWVUZDUnkwdExTMHRMUzB0TFhsc2JHc3lNRUZCUVVGQlIzRnNWV1pCU2w5SVVXMUJFZ1UyUlRRNU14b0xDSnlCQVJBQUdnTkpUbEk0SEhDZGh3RT0iLFtbIkNDVSIsIjIwMjYtMDktMTMiLCJERUwiLG51bGwsIjZFIiwiNDkzIl1dXQ==,SerpApi,Google Flights,2026,9,37,13,6,Sunday,September,True,18,15001-25000,9.713597426242222,False,16970.2,-2.535031997265802,4,20,INR,2026-09-12 18:51:44.985640,6aa551f0a973c48065d6a847,1274,2026-09-12 18:51:45.006976
7748478f96a61331672ca8daa438e232a4d70855c1421353632b68f72ffab379,150,CCU,DEL,CCU-DEL,2026-09-13,2026-09-20,2026-09-12 18:51:45.009582,2026-09-12,1,0-3 days,IndiGo,Round trip,INR,16960.0,16960.0,,,0,140.0,,,,99.0,,,WyJDalJJTUU5T2MzcFhTVmxLTlhOQlMydGFWVUZDUnkwdExTMHRMUzB0TFhsc2JHc3lNRUZCUVVGQlIzRnNWV1pCU2w5SVVXMUJFZ1UyUlRnNU5ob0xDTUNFQVJBQUdnTkpUbEk0SEhEVmlnRT0iLFtbIkNDVSIsIjIwMjYtMDktMTMiLCJERUwiLG51bGwsIjZFIiwiODk2Il1dXQ==,SerpApi,Google Flights,2026,9,37,13,6,Sunday,September,True,18,15001-25000,9.738671869871839,False,16970.2,-0.060105361162510196,4,20,INR,2026-09-12 18:51:44.985640,6aa551f0a973c48065d6a847,1275,2026-09-12 18:51:45.009582
4b99a3cbf1286e886cd18ea7622b6a9df36560fad7c4b2db9a9195e5ae24c432,150,CCU,DEL,CCU-DEL,2026-09-13,2026-09-20,2026-09-12 18:51:45.012106,2026-09-12,1,0-3 days,IndiGo,Round trip,INR,16960.0,16960.0,,,0,145.0,,,,99.0,,,WyJDalJJTUU5T2MzcFhTVmxLTlhOQlMydGFWVUZDUnkwdExTMHRMUzB0TFhsc2JHc3lNRUZCUVVGQlIzRnNWV1pCU2w5SVVXMUJFZ1UyUlRnNU9Sb0xDTUNFQVJBQUdnTkpUbEk0SEhEVmlnRT0iLFtbIkNDVSIsIjIwMjYtMDktMTMiLCJERUwiLG51bGwsIjZFIiwiODk5Il1dXQ==,SerpApi,Google Flights,2026,9,37,13,6,Sunday,September,True,18,15001-25000,9.738671869871839,False,16970.2,-0.060105361162510196,4,20,INR,2026-09-12 18:51:44.985640,6aa551f0a973c48065d6a847,1276,2026-09-12 18:51:45.012106
89ec5ed97c200633bf006077b35cc3b35e7d69e3596ec3dea56e57601b1d7d0f,150,CCU,DEL,CCU-DEL,2026-09-13,2026-09-20,2026-09-12 18:51:45.017213,2026-09-12,1,0-3 days,Air India,Round trip,INR,17291.0,17291.0,,,0,145.0,,,,115.0,,,WyJDalJJTUU5T2MzcFhTVmxLTlhOQlMydGFWVUZDUnkwdExTMHRMUzB0TFhsc2JHc3lNRUZCUVVGQlIzRnNWV1pCU2w5SVVXMUJFZ1pCU1RFNE5qTWFDd2lMaHdFUUFCb0RTVTVTT0J4d3I0MEIiLFtbIkNDVSIsIjIwMjYtMDktMTMiLCJERUwiLG51bGwsIkFJIiwiMTg2MyJdXV0=,SerpApi,Google Flights,2026,9,37,13,6,Sunday,September,True,18,15001-25000,9.757999245787522,False,16970.2,1.8903725353855538,4,20,INR,2026-09-12 18:51:44.985640,6aa551f0a973c48065d6a847,1278,2026-09-12 18:51:45.017213
06f3e0d4e72757027e2a95f5e48bbbc2f9933078c945926c8b30972a7bbd2bcf,150,CCU,DEL,CCU-DEL,2026-09-13,2026-09-20,2026-09-12 18:51:45.020830,2026-09-12,1,0-3 days,Air India,Round trip,INR,17291.0,17291.0,,,0,155.0,,,,115.0,,,WyJDalJJTUU5T2MzcFhTVmxLTlhOQlMydGFWVUZDUnkwdExTMHRMUzB0TFhsc2JHc3lNRUZCUVVGQlIzRnNWV1pCU2w5SVVXMUJFZ1pCU1RJM01EZ2FDd2lMaHdFUUFCb0RTVTVTT0J4d3I0MEIiLFtbIkNDVSIsIjIwMjYtMDktMTMiLCJERUwiLG51bGwsIkFJIiwiMjcwOCJdXV0=,SerpApi,Google Flights,2026,9,37,13,6,Sunday,September,True,18,15001-25000,9.757999245787522,False,16970.2,1.8903725353855538,4,20,INR,2026-09-12 18:51:44.985640,6aa551f0a973c48065d6a847,1279,2026-09-12 18:51:45.020830
4ec9c9cf77a74388e0427c7c4dc71495bd098154b0b5bcb112bd1b0761e362c5,150,CCU,DEL,CCU-DEL,2026-09-13,2026-09-20,2026-09-12 18:51:45.028766,2026-09-12,1,0-3 days,IndiGo,Round trip,INR,17433.0,17433.0,,,0,145.0,,,,99.0,,,WyJDalJJTUU5T2MzcFhTVmxLTlhOQlMydGFWVUZDUnkwdExTMHRMUzB0TFhsc2JHc3lNRUZCUVVGQlIzRnNWV1pCU2w5SVVXMUJFZ1kyUlRZMU1UWWFDd2laaUFFUUFCb0RTVTVTT0J4d3hJNEIiLFtbIkNDVSIsIjIwMjYtMDktMTMiLCJERUwiLG51bGwsIjZFIiwiNjUxNiJdXV0=,SerpApi,Google Flights,2026,9,37,13,6,Sunday,September,True,18,15001-25000,9.76617760157152,False,16970.2,2.7271334456871354,4,20,INR,2026-09-12 18:51:44.985640,6aa551f0a973c48065d6a847,1282,2026-09-12 18:51:45.028766
e59227eedad80ba4590db5b1daf7964d05efac8f621fe63df8d9fb06f3d5fcfd,150,CCU,DEL,CCU-DEL,2026-09-13,2026-09-20,2026-09-12 18:51:45.031167,2026-09-12,1,0-3 days,IndiGo,Round trip,INR,17433.0,17433.0,,,0,150.0,,,,99.0,,,WyJDalJJTUU5T2MzcFhTVmxLTlhOQlMydGFWVUZDUnkwdExTMHRMUzB0TFhsc2JHc3lNRUZCUVVGQlIzRnNWV1pCU2w5SVVXMUJFZ1kyUlRZeE9ETWFDd2laaUFFUUFCb0RTVTVTT0J4d3hJNEIiLFtbIkNDVSIsIjIwMjYtMDktMTMiLCJERUwiLG51bGwsIjZFIiwiNjE4MyJdXV0=,SerpApi,Google Flights,2026,9,37,13,6,Sunday,September,True,18,15001-25000,9.76617760157152,False,16970.2,2.7271334456871354,4,20,INR,2026-09-12 18:51:44.985640,6aa551f0a973c48065d6a847,1283,2026-09-12 18:51:45.031167
3e04ed1a53ac14cb9386121dd034ed694a4aef56739ec1577de3592834782e08,150,CCU,DEL,CCU-DEL,2026-09-13,2026-09-20,2026-09-12 18:51:45.033663,2026-09-12,1,0-3 days,Akasa Air,Round trip,INR,17522.0,17522.0,,,0,140.0,,,,98.0,,,WyJDalJJTUU5T2MzcFhTVmxLTlhOQlMydGFWVUZDUnkwdExTMHRMUzB0TFhsc2JHc3lNRUZCUVVGQlIzRnNWV1pCU2w5SVVXMUJFZ1pSVURFNE1EUWFDd2p5aUFFUUFCb0RTVTVTT0J4d29ZOEIiLFtbIkNDVSIsIjIwMjYtMDktMTMiLCJERUwiLG51bGwsIlFQIiwiMTgwNCJdXV0=,SerpApi,Google Flights,2026,9,37,13,6,Sunday,September,True,18,15001-25000,9.771269582708419,False,16970.2,3.251582185242352,4,20,INR,2026-09-12 18:51:44.985640,6aa551f0a973c48065d6a847,1284,2026-09-12 18:51:45.033663
14106cb2fc72af9929d2bb9f9d030921747bb01860fed0939f253fc5fc8ca157,150,CCU,DEL,CCU-DEL,2026-09-13,2026-09-20,2026-09-12 18:51:45.035910,2026-09-12,1,0-3 days,Air India,Round trip,INR,17638.0,17638.0,,,0,155.0,,,,115.0,,,WyJDalJJTUU5T2MzcFhTVmxLTlhOQlMydGFWVUZDUnkwdExTMHRMUzB0TFhsc2JHc3lNRUZCUVVGQlIzRnNWV1pCU2w5SVVXMUJFZ1pCU1RFNE16SWFDd2ptaVFFUUFCb0RTVTVTT0J4d21wQUIiLFtbIkNDVSIsIjIwMjYtMDktMTMiLCJERUwiLG51bGwsIkFJIiwiMTgzMiJdXV0=,SerpApi,Google Flights,2026,9,37,13,6,Sunday,September,True,18,15001-25000,9.777867638611477,False,16970.2,3.9351333514042297,4,20,INR,2026-09-12 18:51:44.985640,6aa551f0a973c48065d6a847,1285,2026-09-12 18:51:45.035910
10675aa27002b5c21e00b6c54b664760a9a6c2f1c5381e7b5a29979f6eda5d33,150,CCU,DEL,CCU-DEL,2026-09-13,2026-09-20,2026-09-12 18:51:45.038150,2026-09-12,1,0-3 days,Air India,Round trip,INR,17969.0,17969.0,,,0,150.0,,,,115.0,,,WyJDalJJTUU5T2MzcFhTVmxLTlhOQlMydGFWVUZDUnkwdExTMHRMUzB0TFhsc2JHc3lNRUZCUVVGQlIzRnNWV1pCU2w5SVVXMUJFZ1pCU1RJM05qZ2FDd2l4akFFUUFCb0RTVTVTT0J4dzlaSUIiLFtbIkNDVSIsIjIwMjYtMDktMTMiLCJERUwiLG51bGwsIkFJIiwiMjc2OCJdXV0=,SerpApi,Google Flights,2026,9,37,13,6,Sunday,September,True,18,15001-25000,9.796458979777604,False,16970.2,5.885611247952283,4,20,INR,2026-09-12 18:51:44.985640,6aa551f0a973c48065d6a847,1286,2026-09-12 18:51:45.038150
2d8883c7e644d9d50ed0e7277136b0399d2339f6a2fc22f4fd6f6c46ae9874b7,150,CCU,DEL,CCU-DEL,2026-09-13,2026-09-20,2026-09-12 18:51:45.040810,2026-09-12,1,0-3 days,SpiceJet,Round trip,INR,18151.0,18151.0,,,0,135.0,,,,121.0,,,WyJDalJJTUU5T2MzcFhTVmxLTlhOQlMydGFWVUZDUnkwdExTMHRMUzB0TFhsc2JHc3lNRUZCUVVGQlIzRnNWV1pCU2w5SVVXMUJFZ1ZUUnprd05ob0xDT2VOQVJBQUdnTkpUbEk0SEhDemxBRT0iLFtbIkNDVSIsIjIwMjYtMDktMTMiLCJERUwiLG51bGwsIlNHIiwiOTA2Il1dXQ==,SerpApi,Google Flights,2026,9,37,13,6,Sunday,September,True,18,15001-25000,9.806536026459678,False,16970.2,6.958079456930388,4,20,INR,2026-09-12 18:51:44.985640,6aa551f0a973c48065d6a847,1287,2026-09-12 18:51:45.040810
e3acc8e49985d590d47da6808f436436414a5ebe2a1dda55818fd9de67770fc4,151,CCU,BOM,CCU-BOM,2026-09-13,2026-09-20,2026-09-12 18:51:50.725473,2026-09-12,1,0-3 days,Air India,Round trip,INR,17168.0,17168.0,,,0,180.0,,,,138.0,,,WyJDalJJWkVadlgyRktWV0pRV2sxQlMzcFpSRkZDUnkwdExTMHRMUzB0TFMxNWJHbHpORUZCUVVGQlIzRnNWV1pSUm1aaGVVdEJFZ1pCU1RJMk5EUWFDd2lRaGdFUUFCb0RTVTVTT0J4d3I0d0IiLFtbIkNDVSIsIjIwMjYtMDktMTMiLCJCT00iLG51bGwsIkFJIiwiMjY0NCJdXV0=,SerpApi,Google Flights,2026,9,37,13,6,Sunday,September,True,18,15001-25000,9.750860711077213,False,18580.235294117647,-7.6007395587974536,3,17,INR,2026-09-12 18:51:50.720594,6aa551f31f758a45bf111119,1288,2026-09-12 18:51:50.725473
ada8b16ab75acbb165f8db1aaab6642fca7edf4f32ccc64904e3b0793d5dc84e,151,CCU,BOM,CCU-BOM,2026-09-13,2026-09-20,2026-09-12 18:51:50.728242,2026-09-12,1,0-3 days,IndiGo,Round trip,INR,17173.0,17173.0,,,0,165.0,,,,119.0,,,WyJDalJJWkVadlgyRktWV0pRV2sxQlMzcFpSRkZDUnkwdExTMHRMUzB0TFMxNWJHbHpORUZCUVVGQlIzRnNWV1pSUm1aaGVVdEJFZ1UyUlRFeE5Sb0xDSldHQVJBQUdnTkpUbEk0SEhDMGpBRT0iLFtbIkNDVSIsIjIwMjYtMDktMTMiLCJCT00iLG51bGwsIjZFIiwiMTE1Il1dXQ==,SerpApi,Google Flights,2026,9,37,13,6,Sunday,September,True,18,15001-25000,9.75115189123243,False,18580.235294117647,-7.573829242965324,3,17,INR,2026-09-12 18:51:50.720594,6aa551f31f758a45bf111119,1289,2026-09-12 18:51:50.728242
1b929161a77e7f2e41f5facd20530e6deb797214bbb83cff0ad28e849b04b307,151,CCU,BOM,CCU-BOM,2026-09-13,2026-09-20,2026-09-12 18:51:50.730289,2026-09-12,1,0-3 days,Akasa Air,Round trip,INR,17364.0,17364.0,,,0,160.0,,,,116.0,,,WyJDalJJWkVadlgyRktWV0pRV2sxQlMzcFpSRkZDUnkwdExTMHRMUzB0TFMxNWJHbHpORUZCUVVGQlIzRnNWV1pSUm1aaGVVdEJFZ1pSVURFeE1qWWFDd2pVaHdFUUFCb0RTVTVTT0J4dy9JMEIiLFtbIkNDVSIsIjIwMjYtMDktMTMiLCJCT00iLG51bGwsIlFQIiwiMTEyNiJdXV0=,SerpApi,Google Flights,2026,9,37,13,6,Sunday,September,True,18,15001-25000,9.762211965178174,False,18580.235294117647,-6.54585517817795,3,17,INR,2026-09-12 18:51:50.720594,6aa551f31f758a45bf111119,1290,2026-09-12 18:51:50.730289
019acbc45886db623f74021a4ac80555b7d65c7ed4528d739c790c085a1e9cdc,151,CCU,BOM,CCU-BOM,2026-09-13,2026-09-20,2026-09-12 18:51:50.732186,2026-09-12,1,0-3 days,IndiGo,Round trip,INR,17173.0,17173.0,,,0,170.0,,,,119.0,,,WyJDalJJWkVadlgyRktWV0pRV2sxQlMzcFpSRkZDUnkwdExTMHRMUzB0TFMxNWJHbHpORUZCUVVGQlIzRnNWV1pSUm1aaGVVdEJFZ1kyUlRVeE9UUWFDd2lWaGdFUUFCb0RTVTVTT0J4d3RJd0IiLFtbIkNDVSIsIjIwMjYtMDktMTMiLCJCT00iLG51bGwsIjZFIiwiNTE5NCJdXV0=,SerpApi,Google Flights,2026,9,37,13,6,Sunday,September,True,18,15001-25000,9.75115189123243,False,18580.235294117647,-7.573829242965324,3,17,INR,2026-09-12 18:51:50.720594,6aa551f31f758a45bf111119,1291,2026-09-12 18:51:50.732186
a4fdbc91c02cd0f155d7f429efe1c4a71e56edefd2f28d50a7c6adaca73836af,151,CCU,BOM,CCU-BOM,2026-09-13,2026-09-20,2026-09-12 18:51:50.734139,2026-09-12,1,0-3 days,Air India,Round trip,INR,17446.0,17446.0,,,0,190.0,,,,138.0,,,WyJDalJJWkVadlgyRktWV0pRV2sxQlMzcFpSRkZDUnkwdExTMHRMUzB0TFMxNWJHbHpORUZCUVVGQlIzRnNWV1pSUm1aaGVVdEJFZ1pCU1RJME9ESWFDd2ltaUFFUUFCb0RTVTVTT0J4dzBZNEIiLFtbIkNDVSIsIjIwMjYtMDktMTMiLCJCT00iLG51bGwsIkFJIiwiMjQ4MiJdXV0=,SerpApi,Google Flights,2026,9,37,13,6,Sunday,September,True,18,15001-25000,9.766922993079902,False,18580.235294117647,-6.104525998531008,3,17,INR,2026-09-12 18:51:50.720594,6aa551f31f758a45bf111119,1292,2026-09-12 18:51:50.734139
12913c01bb76ce3004daa5f129ff353ea48b998abe537a7d11705a455347b681,151,CCU,BOM,CCU-BOM,2026-09-13,2026-09-20,2026-09-12 18:51:50.735777,2026-09-12,1,0-3 days,Akasa Air,Round trip,INR,17514.0,17514.0,,,0,155.0,,,,121.0,,,WyJDalJJWkVadlgyRktWV0pRV2sxQlMzcFpSRkZDUnkwdExTMHRMUzB0TFMxNWJHbHpORUZCUVVGQlIzRnNWV1pSUm1aaGVVdEJFZ1pSVURFeE16WWFDd2pxaUFFUUFCb0RTVTVTT0J4d21ZOEIiLFtbIkNDVSIsIjIwMjYtMDktMTMiLCJCT00iLG51bGwsIlFQIiwiMTEzNiJdXV0=,SerpApi,Google Flights,2026,9,37,13,6,Sunday,September,True,18,15001-25000,9.770812935631588,False,18580.235294117647,-5.7385457032140375,3,17,INR,2026-09-12 18:51:50.720594,6aa551f31f758a45bf111119,1293,2026-09-12 18:51:50.735777
d0b12f96c2e80318b8040efbadc35d590851624dbc55d04364f1a722ba93b714,151,CCU,BOM,CCU-BOM,2026-09-13,2026-09-20,2026-09-12 18:51:50.738520,2026-09-12,1,0-3 days,Air India,Round trip,INR,17514.0,17514.0,,,0,185.0,,,,138.0,,,WyJDalJJWkVadlgyRktWV0pRV2sxQlMzcFpSRkZDUnkwdExTMHRMUzB0TFMxNWJHbHpORUZCUVVGQlIzRnNWV1pSUm1aaGVVdEJFZ1pCU1RJME56SWFDd2pxaUFFUUFCb0RTVTVTT0J4d21ZOEIiLFtbIkNDVSIsIjIwMjYtMDktMTMiLCJCT00iLG51bGwsIkFJIiwiMjQ3MiJdXV0=,SerpApi,Google Flights,2026,9,37,13,6,Sunday,September,True,18,15001-25000,9.770812935631588,False,18580.235294117647,-5.7385457032140375,3,17,INR,2026-09-12 18:51:50.720594,6aa551f31f758a45bf111119,1294,2026-09-12 18:51:50.738520
00d1c0fbc251710a73e4f122933f19e591b9ce9ee2f10cfef62e81ff405b3adf,151,CCU,BOM,CCU-BOM,2026-09-13,2026-09-20,2026-09-12 18:51:50.740072,2026-09-12,1,0-3 days,IndiGo,Round trip,INR,17903.0,17903.0,,,0,165.0,,,,119.0,,,WyJDalJJWkVadlgyRktWV0pRV2sxQlMzcFpSRkZDUnkwdExTMHRMUzB0TFMxNWJHbHpORUZCUVVGQlIzRnNWV1pSUm1aaGVVdEJFZ1kyUlRVeE1qZ2FDd2p2aXdFUUFCb0RTVTVTT0J4d3NKSUIiLFtbIkNDVSIsIjIwMjYtMDktMTMiLCJCT00iLG51bGwsIjZFIiwiNTEyOCJdXV0=,SerpApi,Google Flights,2026,9,37,13,6,Sunday,September,True,18,15001-25000,9.792779430551706,False,18580.235294117647,-3.644923131474309,3,17,INR,2026-09-12 18:51:50.720594,6aa551f31f758a45bf111119,1295,2026-09-12 18:51:50.740072
e2616aea836f59c6c6ed49a2c0c13503a92d42c83fbf6f814724e9a924eb6747,151,CCU,BOM,CCU-BOM,2026-09-13,2026-09-20,2026-09-12 18:51:50.741571,2026-09-12,1,0-3 days,Akasa Air,Round trip,INR,18155.0,18155.0,,,0,165.0,,,,116.0,,,WyJDalJJWkVadlgyRktWV0pRV2sxQlMzcFpSRkZDUnkwdExTMHRMUzB0TFMxNWJHbHpORUZCUVVGQlIzRnNWV1pSUm1aaGVVdEJFZ1pSVURFeE1EZ2FDd2pyalFFUUFCb0RTVTVTT0J4d3Q1UUIiLFtbIkNDVSIsIjIwMjYtMDktMTMiLCJCT00iLG51bGwsIlFQIiwiMTEwOCJdXV0=,SerpApi,Google Flights,2026,9,37,13,6,Sunday,September,True,18,15001-25000,9.806756363576357,False,18580.235294117647,-2.2886432135349355,3,17,INR,2026-09-12 18:51:50.720594,6aa551f31f758a45bf111119,1296,2026-09-12 18:51:50.741571
16f13f0068952481f1061e32edaa095636bf04d19221302fb14a2540af92c79b,151,CCU,BOM,CCU-BOM,2026-09-13,2026-09-20,2026-09-12 18:51:50.743059,2026-09-12,1,0-3 days,IndiGo,Round trip,INR,18166.0,18166.0,,,0,150.0,,,,119.0,,,WyJDalJJWkVadlgyRktWV0pRV2sxQlMzcFpSRkZDUnkwdExTMHRMUzB0TFMxNWJHbHpORUZCUVVGQlIzRnNWV1pSUm1aaGVVdEJFZ1kyUlRVeE9ETWFDd2oyalFFUUFCb0RTVTVTT0J4d3c1UUIiLFtbIkNDVSIsIjIwMjYtMDktMTMiLCJCT00iLG51bGwsIjZFIiwiNTE4MyJdXV0=,SerpApi,Google Flights,2026,9,37,13,6,Sunday,September,True,18,15001-25000,9.807362040438745,False,18580.235294117647,-2.229440518704251,3,17,INR,2026-09-12 18:51:50.720594,6aa551f31f758a45bf111119,1297,2026-09-12 18:51:50.743059
6b3ad68493f2572989ea711d4b4a226d35db881b55a3b115b9f41a3031ce7a00,151,CCU,BOM,CCU-BOM,2026-09-13,2026-09-20,2026-09-12 18:51:50.744535,2026-09-12,1,0-3 days,IndiGo,Round trip,INR,18166.0,18166.0,,,0,180.0,,,,119.0,,,WyJDalJJWkVadlgyRktWV0pRV2sxQlMzcFpSRkZDUnkwdExTMHRMUzB0TFMxNWJHbHpORUZCUVVGQlIzRnNWV1pSUm1aaGVVdEJFZ1kyUlRVeU9EZ2FDd2oyalFFUUFCb0RTVTVTT0J4d3c1UUIiLFtbIkNDVSIsIjIwMjYtMDktMTMiLCJCT00iLG51bGwsIjZFIiwiNTI4OCJdXV0=,SerpApi,Google Flights,2026,9,37,13,6,Sunday,September,True,18,15001-25000,9.807362040438745,False,18580.235294117647,-2.229440518704251,3,17,INR,2026-09-12 18:51:50.720594,6aa551f31f758a45bf111119,1298,2026-09-12 18:51:50.744535
6a90e341d47b456b7b4c37b03c164b8bd664733ecd6a2709a48d25c9bb89fb85,151,CCU,BOM,CCU-BOM,2026-09-13,2026-09-20,2026-09-12 18:51:50.745968,2026-09-12,1,0-3 days,IndiGo,Round trip,INR,18166.0,18166.0,,,0,165.0,,,,119.0,,,WyJDalJJWkVadlgyRktWV0pRV2sxQlMzcFpSRkZDUnkwdExTMHRMUzB0TFMxNWJHbHpORUZCUVVGQlIzRnNWV1pSUm1aaGVVdEJFZ1kyUlRVeU1qY2FDd2oyalFFUUFCb0RTVTVTT0J4d3c1UUIiLFtbIkNDVSIsIjIwMjYtMDktMTMiLCJCT00iLG51bGwsIjZFIiwiNTIyNyJdXV0=,SerpApi,Google Flights,2026,9,37,13,6,Sunday,September,True,18,15001-25000,9.807362040438745,False,18580.235294117647,-2.229440518704251,3,17,INR,2026-09-12 18:51:50.720594,6aa551f31f758a45bf111119,1299,2026-09-12 18:51:50.745968
27dbcac035c7dfe091f297a1d1644865e88c88002617abd0ca837ffa9db9e42b,151,CCU,BOM,CCU-BOM,2026-09-13,2026-09-20,2026-09-12 18:51:50.747383,2026-09-12,1,0-3 days,IndiGo,Round trip,INR,18166.0,18166.0,,,0,170.0,,,,119.0,,,WyJDalJJWkVadlgyRktWV0pRV2sxQlMzcFpSRkZDUnkwdExTMHRMUzB0TFMxNWJHbHpORUZCUVVGQlIzRnNWV1pSUm1aaGVVdEJFZ1kyUlRZeU1EWWFDd2oyalFFUUFCb0RTVTVTT0J4d3c1UUIiLFtbIkNDVSIsIjIwMjYtMDktMTMiLCJCT00iLG51bGwsIjZFIiwiNjIwNiJdXV0=,SerpApi,Google Flights,2026,9,37,13,6,Sunday,September,True,18,15001-25000,9.807362040438745,False,18580.235294117647,-2.229440518704251,3,17,INR,2026-09-12 18:51:50.720594,6aa551f31f758a45bf111119,1300,2026-09-12 18:51:50.747383
ba45d2618341cd946f0a95e22e6a467a0954b64ca760099ae9a36dce13c8136b,151,CCU,BOM,CCU-BOM,2026-09-13,2026-09-20,2026-09-12 18:51:50.748792,2026-09-12,1,0-3 days,Air India,Round trip,INR,23547.0,23547.0,,,0,185.0,,,,138.0,,,WyJDalJJWkVadlgyRktWV0pRV2sxQlMzcFpSRkZDUnkwdExTMHRMUzB0TFMxNWJHbHpORUZCUVVGQlIzRnNWV1pSUm1aaGVVdEJFZ1pCU1RJM056SWFDd2o3dHdFUUFCb0RTVTVTT0J4d3dzQUIiLFtbIkNDVSIsIjIwMjYtMDktMTMiLCJCT00iLG51bGwsIkFJIiwiMjc3MiJdXV0=,SerpApi,Google Flights,2026,9,37,13,6,Sunday,September,True,18,15001-25000,10.066796170148152,True,18580.235294117647,26.731441379834365,3,17,INR,2026-09-12 18:51:50.720594,6aa551f31f758a45bf111119,1301,2026-09-12 18:51:50.748792
96ffccd6d3fcd8912ec9f0306461737ff7c0144ea1f700966b06ab9f0fa9564a,152,CCU,HYD,CCU-HYD,2026-09-13,2026-09-20,2026-09-12 18:51:59.116385,2026-09-12,1,0-3 days,IndiGo,Round trip,INR,18841.0,18841.0,,,1,330.0,,,,168.0,,,WyJDalJJYzNjMmVuSlhZVVZDTFdOQlMwd3pNbmRDUnkwdExTMHRMUzF2YTNSdE5DMXVNVUZCUVVGQlIzRnNWV1p2UkU1MFEyZEJFZ3cyUlRZd016ZDhOa1V6TlRJYUN3aVprd0VRQUJvRFNVNVNPQnh3aFpvQiIsW1siQ0NVIiwiMjAyNi0wOS0xMyIsIlBOUSIsbnVsbCwiNkUiLCI2MDM3Il0sWyJQTlEiLCIyMDI2LTA5LTEzIiwiSFlEIixudWxsLCI2RSIsIjM1MiJdXV0=,SerpApi,Google Flights,2026,9,37,13,6,Sunday,September,True,18,15001-25000,9.843843699608612,False,22158.69230769231,-14.972419227738376,3,13,INR,2026-09-12 18:51:59.110825,6aa551f9018c482a36361fd2,1302,2026-09-12 18:51:59.116385
479d709d978a27114acc03dafb70b8245513624668c2143f790b5fe6252ef0b8,152,CCU,HYD,CCU-HYD,2026-09-13,2026-09-20,2026-09-12 18:51:59.120173,2026-09-12,1,0-3 days,IndiGo,Round trip,INR,18891.0,18891.0,,,0,130.0,,,,92.0,,,WyJDalJJYzNjMmVuSlhZVVZDTFdOQlMwd3pNbmRDUnkwdExTMHRMUzF2YTNSdE5DMXVNVUZCUVVGQlIzRnNWV1p2UkU1MFEyZEJFZ1kyUlRZMk1qTWFDd2pMa3dFUUFCb0RTVTVTT0J4d3Vwb0IiLFtbIkNDVSIsIjIwMjYtMDktMTMiLCJIWUQiLG51bGwsIjZFIiwiNjYyMyJdXV0=,SerpApi,Google Flights,2026,9,37,13,6,Sunday,September,True,18,15001-25000,9.846493831016009,False,22158.69230769231,-14.746774143156182,3,13,INR,2026-09-12 18:51:59.110825,6aa551f9018c482a36361fd2,1303,2026-09-12 18:51:59.120173
881f5208e1ab66399703f4d0f6e918cc8c185f638aba63bfadd6b3b64a3014ca,152,CCU,HYD,CCU-HYD,2026-09-13,2026-09-20,2026-09-12 18:51:59.122899,2026-09-12,1,0-3 days,IndiGo,Round trip,INR,20361.0,20361.0,,,0,140.0,,,,92.0,,,WyJDalJJYzNjMmVuSlhZVVZDTFdOQlMwd3pNbmRDUnkwdExTMHRMUzF2YTNSdE5DMXVNVUZCUVVGQlIzRnNWV1p2UkU1MFEyZEJFZ1kyUlRZMU1UTWFDd2lKbndFUUFCb0RTVTVTT0J4d3ZLWUIiLFtbIkNDVSIsIjIwMjYtMDktMTMiLCJIWUQiLG51bGwsIjZFIiwiNjUxMyJdXV0=,SerpApi,Google Flights,2026,9,37,13,6,Sunday,September,True,18,15001-25000,9.921425697667141,False,22158.69230769231,-8.112808656439741,3,13,INR,2026-09-12 18:51:59.110825,6aa551f9018c482a36361fd2,1304,2026-09-12 18:51:59.122899
6108bb0e1f2085eab30c77589040a5d1c6603f941b6206d85e6d5f488ebc5cda,152,CCU,HYD,CCU-HYD,2026-09-13,2026-09-20,2026-09-12 18:51:59.125447,2026-09-12,1,0-3 days,IndiGo,Round trip,INR,20361.0,20361.0,,,0,135.0,,,,92.0,,,WyJDalJJYzNjMmVuSlhZVVZDTFdOQlMwd3pNbmRDUnkwdExTMHRMUzF2YTNSdE5DMXVNVUZCUVVGQlIzRnNWV1p2UkU1MFEyZEJFZ1kyUlRZMU1qZ2FDd2lKbndFUUFCb0RTVTVTT0J4d3ZLWUIiLFtbIkNDVSIsIjIwMjYtMDktMTMiLCJIWUQiLG51bGwsIjZFIiwiNjUyOCJdXV0=,SerpApi,Google Flights,2026,9,37,13,6,Sunday,September,True,18,15001-25000,9.921425697667141,False,22158.69230769231,-8.112808656439741,3,13,INR,2026-09-12 18:51:59.110825,6aa551f9018c482a36361fd2,1305,2026-09-12 18:51:59.125447
707fadf3ace73a7c13ab2dd29c4680637def84392e27da509649675f38762a5c,152,CCU,HYD,CCU-HYD,2026-09-13,2026-09-20,2026-09-12 18:51:59.127951,2026-09-12,1,0-3 days,IndiGo,Round trip,INR,18131.0,18131.0,,,1,430.0,,,,162.0,,,WyJDalJJYzNjMmVuSlhZVVZDTFdOQlMwd3pNbmRDUnkwdExTMHRMUzF2YTNSdE5DMXVNVUZCUVVGQlIzRnNWV1p2UkU1MFEyZEJFZ3MyUlRRM05udzJSVE16TmhvTENOT05BUkFBR2dOSlRsSTRISENlbEFFPSIsW1siQ0NVIiwiMjAyNi0wOS0xMyIsIlBOUSIsbnVsbCwiNkUiLCI0NzYiXSxbIlBOUSIsIjIwMjYtMDktMTQiLCJIWUQiLG51bGwsIjZFIiwiMzM2Il1dXQ==,SerpApi,Google Flights,2026,9,37,13,6,Sunday,September,True,18,15001-25000,9.80543361206074,False,22158.69230769231,-18.176579428805507,3,13,INR,2026-09-12 18:51:59.110825,6aa551f9018c482a36361fd2,1306,2026-09-12 18:51:59.127951
9b56df8862c328471259fbd50a3b09ac358cecabb044e606ee9bd8e3ca91cf42,152,CCU,HYD,CCU-HYD,2026-09-13,2026-09-20,2026-09-12 18:51:59.130889,2026-09-12,1,0-3 days,IndiGo,Round trip,INR,19328.0,19328.0,,,1,245.0,,,,120.0,,,WyJDalJJYzNjMmVuSlhZVVZDTFdOQlMwd3pNbmRDUnkwdExTMHRMUzF2YTNSdE5DMXVNVUZCUVVGQlIzRnNWV1p2UkU1MFEyZEJFZ3MyUlRZeE5udzJSVGc0TXhvTENJQ1hBUkFBR2dOSlRsSTRISENEbmdFPSIsW1siQ0NVIiwiMjAyNi0wOS0xMyIsIlZUWiIsbnVsbCwiNkUiLCI2MTYiXSxbIlZUWiIsIjIwMjYtMDktMTMiLCJIWUQiLG51bGwsIjZFIiwiODgzIl1dXQ==,SerpApi,Google Flights,2026,9,37,13,6,Sunday,September,True,18,15001-25000,9.869361837806752,False,22158.69230769231,-12.774636103907833,3,13,INR,2026-09-12 18:51:59.110825,6aa551f9018c482a36361fd2,1307,2026-09-12 18:51:59.130889
92f5d116d94d48596675e7d9a65dfdbc5aecb3372c993746efb43cbc031ced73,152,CCU,HYD,CCU-HYD,2026-09-13,2026-09-20,2026-09-12 18:51:59.133512,2026-09-12,1,0-3 days,Air India,Round trip,INR,20349.0,20349.0,,,1,330.0,,,,208.0,,,WyJDalJJYzNjMmVuSlhZVVZDTFdOQlMwd3pNbmRDUnkwdExTMHRMUzF2YTNSdE5DMXVNVUZCUVVGQlIzRnNWV1p2UkU1MFEyZEJFZzFCU1RJMk5EUjhRVWt5TkRRMEdnc0kvWjRCRUFBYUEwbE9VamdjY0srbUFRPT0iLFtbIkNDVSIsIjIwMjYtMDktMTMiLCJCT00iLG51bGwsIkFJIiwiMjY0NCJdLFsiQk9NIiwiMjAyNi0wOS0xMyIsIkhZRCIsbnVsbCwiQUkiLCIyNDQ0Il1dXQ==,SerpApi,Google Flights,2026,9,37,13,6,Sunday,September,True,18,15001-25000,9.920836190870741,False,22158.69230769231,-8.166963476739465,3,13,INR,2026-09-12 18:51:59.110825,6aa551f9018c482a36361fd2,1308,2026-09-12 18:51:59.133512
9a2d92fdc4a46703663be84af57dedeac5fabbcb73c2cf104918468b52ee39ac,152,CCU,HYD,CCU-HYD,2026-09-13,2026-09-20,2026-09-12 18:51:59.135663,2026-09-12,1,0-3 days,IndiGo,Round trip,INR,22146.0,22146.0,,,0,140.0,,,,92.0,,,WyJDalJJYzNjMmVuSlhZVVZDTFdOQlMwd3pNbmRDUnkwdExTMHRMUzF2YTNSdE5DMXVNVUZCUVVGQlIzRnNWV1p2UkU1MFEyZEJFZ1UyUlRNek5Cb0xDSUt0QVJBQUdnTkpUbEk0SEhDSXRRRT0iLFtbIkNDVSIsIjIwMjYtMDktMTMiLCJIWUQiLG51bGwsIjZFIiwiMzM0Il1dXQ==,SerpApi,Google Flights,2026,9,37,13,6,Sunday,September,True,18,15001-25000,10.005457326119846,False,22158.69230769231,-0.05727913685548147,3,13,INR,2026-09-12 18:51:59.110825,6aa551f9018c482a36361fd2,1309,2026-09-12 18:51:59.135663
d8dd9fcb06b2a2aa701e46a0de99d06fdd7e853761d915f48d592ea4a3cddf89,152,CCU,HYD,CCU-HYD,2026-09-13,2026-09-20,2026-09-12 18:51:59.137306,2026-09-12,1,0-3 days,IndiGo,Round trip,INR,22146.0,22146.0,,,0,130.0,,,,92.0,,,WyJDalJJYzNjMmVuSlhZVVZDTFdOQlMwd3pNbmRDUnkwdExTMHRMUzF2YTNSdE5DMXVNVUZCUVVGQlIzRnNWV1p2UkU1MFEyZEJFZ1kyUlRZNU1EZ2FDd2lDclFFUUFCb0RTVTVTT0J4d2lMVUIiLFtbIkNDVSIsIjIwMjYtMDktMTMiLCJIWUQiLG51bGwsIjZFIiwiNjkwOCJdXV0=,SerpApi,Google Flights,2026,9,37,13,6,Sunday,September,True,18,15001-25000,10.005457326119846,False,22158.69230769231,-0.05727913685548147,3,13,INR,2026-09-12 18:51:59.110825,6aa551f9018c482a36361fd2,1310,2026-09-12 18:51:59.137306
946a44f42ca3cc5255fe5acc3e8bffdfc3cacdc6524920a50a582b5a52d7bc6c,152,CCU,HYD,CCU-HYD,2026-09-13,2026-09-20,2026-09-12 18:51:59.139002,2026-09-12,1,0-3 days,IndiGo,Round trip,INR,28026.0,28026.0,,,0,130.0,,,,98.0,,,WyJDalJJYzNjMmVuSlhZVVZDTFdOQlMwd3pNbmRDUnkwdExTMHRMUzF2YTNSdE5DMXVNVUZCUVVGQlIzRnNWV1p2UkU1MFEyZEJFZ1kyUlRZeE5UUWFDd2o2MmdFUUFCb0RTVTVTT0J4d2t1VUIiLFtbIkNDVSIsIjIwMjYtMDktMTMiLCJIWUQiLG51bGwsIjZFIiwiNjE1NCJdXV0=,SerpApi,Google Flights,2026,9,37,13,6,Sunday,September,True,18,25000+,10.24092361024682,True,22158.69230769231,26.4785828100103,3,13,INR,2026-09-12 18:51:59.110825,6aa551f9018c482a36361fd2,1311,2026-09-12 18:51:59.139002
78712b3247a33d079ce946ac7d731f6774e0f5d2c06cbad73914b3c959272529,152,CCU,HYD,CCU-HYD,2026-09-13,2026-09-20,2026-09-12 18:51:59.141074,2026-09-12,1,0-3 days,Air India Express,Round trip,INR,34457.0,34457.0,,,1,300.0,,,,188.0,,,WyJDalJJYzNjMmVuSlhZVVZDTFdOQlMwd3pNbmRDUnkwdExTMHRMUzF2YTNSdE5DMXVNVUZCUVVGQlIzRnNWV1p2UkU1MFEyZEJFZzFKV0RFek56RjhTVmd4TnpJekdnc0ltWTBDRUFBYUEwbE9VamdjY055WkFnPT0iLFtbIkNDVSIsIjIwMjYtMDktMTMiLCJCTFIiLG51bGwsIklYIiwiMTM3MSJdLFsiQkxSIiwiMjAyNi0wOS0xMyIsIkhZRCIsbnVsbCwiSVgiLCIxNzIzIl1dXQ==,SerpApi,Google Flights,2026,9,37,13,6,Sunday,September,True,18,25000+,10.447496470092352,True,22158.69230769231,55.50105358897186,3,13,INR,2026-09-12 18:51:59.110825,6aa551f9018c482a36361fd2,1312,2026-09-12 18:51:59.141074
04d9fd3947cb751d02c53b2e6f9e680960e1063be3def00219e2405ad0ae0690,153,CCU,MAA,CCU-MAA,2026-09-13,2026-09-20,2026-09-12 18:52:04.445614,2026-09-12,1,0-3 days,IndiGo,Round trip,INR,15693.0,15693.0,,,0,140.0,,,,100.0,,,WyJDalJJZVhVdFJrZHVWa2xPYm05QlJtSnJlVUZDUnkwdExTMHRMUzF3Wm1WcE1pMXVNa0ZCUVVGQlIzRnNWV2RKVDIxc01UaEJFZ1UyUlRVMk14b0tDTTE2RUFBYUEwbE9VamdjY0tlQUFRPT0iLFtbIkNDVSIsIjIwMjYtMDktMTMiLCJNQUEiLG51bGwsIjZFIiwiNTYzIl1dXQ==,SerpApi,Google Flights,2026,9,37,13,6,Sunday,September,True,18,15001-25000,9.661033752687418,False,16802.35714285714,-6.602389970794908,3,14,INR,2026-09-12 18:52:04.438489,6aa55201b463f39bd690faeb,1314,2026-09-12 18:52:04.445614
c80037bd8de97e40096f60adbf1ce514460e0c731569cef09a3aed5044cc3f72,153,CCU,MAA,CCU-MAA,2026-09-13,2026-09-20,2026-09-12 18:52:04.447968,2026-09-12,1,0-3 days,Air India Express,Round trip,INR,15889.0,15889.0,,,0,155.0,,,,118.0,,,WyJDalJJZVhVdFJrZHVWa2xPYm05QlJtSnJlVUZDUnkwdExTMHRMUzF3Wm1WcE1pMXVNa0ZCUVVGQlIzRnNWV2RKVDIxc01UaEJFZ1pKV0RFeU5UUWFDZ2lSZkJBQUdnTkpUbEk0SEhEMGdRRT0iLFtbIkNDVSIsIjIwMjYtMDktMTMiLCJNQUEiLG51bGwsIklYIiwiMTI1NCJdXV0=,SerpApi,Google Flights,2026,9,37,13,6,Sunday,September,True,18,15001-25000,9.673445259530762,False,16802.35714285714,-5.43588697164088,3,14,INR,2026-09-12 18:52:04.438489,6aa55201b463f39bd690faeb,1315,2026-09-12 18:52:04.447968
9cad5a6e887aeacedfa22f9e3e8dc548bcf19cee00e77428be65e2cd54b5823d,153,CCU,MAA,CCU-MAA,2026-09-13,2026-09-20,2026-09-12 18:52:04.455549,2026-09-12,1,0-3 days,IndiGo,Round trip,INR,13906.0,13906.0,,,1,360.0,,,,143.0,,,WyJDalJJZVhVdFJrZHVWa2xPYm05QlJtSnJlVUZDUnkwdExTMHRMUzF3Wm1WcE1pMXVNa0ZCUVVGQlIzRnNWV2RKVDIxc01UaEJFZzAyUlRZMk1qTjhOa1UyTVRVeEdnb0kwbXdRQUJvRFNVNVNPQnh3MlhFPSIsW1siQ0NVIiwiMjAyNi0wOS0xMyIsIkhZRCIsbnVsbCwiNkUiLCI2NjIzIl0sWyJIWUQiLCIyMDI2LTA5LTEzIiwiTUFBIixudWxsLCI2RSIsIjYxNTEiXV1d,SerpApi,Google Flights,2026,9,37,13,6,Sunday,September,True,18,10001-15000,9.540147589478611,False,16802.35714285714,-17.237802519204358,3,14,INR,2026-09-12 18:52:04.438489,6aa55201b463f39bd690faeb,1316,2026-09-12 18:52:04.455549
51725bc881dc3c8a3aa31b188d20855b6e8d10a64cbfb23c5cc66556647c64ed,153,CCU,MAA,CCU-MAA,2026-09-13,2026-09-20,2026-09-12 18:52:04.458096,2026-09-12,1,0-3 days,IndiGo,Round trip,INR,14363.0,14363.0,,,1,325.0,,,,147.0,,,WyJDalJJZVhVdFJrZHVWa2xPYm05QlJtSnJlVUZDUnkwdExTMHRMUzF3Wm1WcE1pMXVNa0ZCUVVGQlIzRnNWV2RKVDIxc01UaEJFZ3MyUlRjM01YdzJSVGt3TkJvS0NKdHdFQUFhQTBsT1VqZ2NjTGQxIixbWyJDQ1UiLCIyMDI2LTA5LTEzIiwiQkxSIixudWxsLCI2RSIsIjc3MSJdLFsiQkxSIiwiMjAyNi0wOS0xMyIsIk1BQSIsbnVsbCwiNkUiLCI5MDQiXV1d,SerpApi,Google Flights,2026,9,37,13,6,Sunday,September,True,18,10001-15000,9.572480355345974,False,16802.35714285714,-14.517946036482964,3,14,INR,2026-09-12 18:52:04.438489,6aa55201b463f39bd690faeb,1317,2026-09-12 18:52:04.458096
cd4b313b8a2c7a9403c44e3d85b254aede7896e4bdcf2040d1722bb9cf77d494,153,CCU,MAA,CCU-MAA,2026-09-13,2026-09-20,2026-09-12 18:52:04.460665,2026-09-12,1,0-3 days,IndiGo,Round trip,INR,14363.0,14363.0,,,1,335.0,,,,147.0,,,WyJDalJJZVhVdFJrZHVWa2xPYm05QlJtSnJlVUZDUnkwdExTMHRMUzF3Wm1WcE1pMXVNa0ZCUVVGQlIzRnNWV2RKVDIxc01UaEJFZ3cyUlRRNU5udzJSVFl5TURnYUNnaWJjQkFBR2dOSlRsSTRISEMzZFE9PSIsW1siQ0NVIiwiMjAyNi0wOS0xMyIsIkJMUiIsbnVsbCwiNkUiLCI0OTYiXSxbIkJMUiIsIjIwMjYtMDktMTMiLCJNQUEiLG51bGwsIjZFIiwiNjIwOCJdXV0=,SerpApi,Google Flights,2026,9,37,13,6,Sunday,September,True,18,10001-15000,9.572480355345974,False,16802.35714285714,-14.517946036482964,3,14,INR,2026-09-12 18:52:04.438489,6aa55201b463f39bd690faeb,1318,2026-09-12 18:52:04.460665
37ba99cfb4ec927bd5793a6efbc6d194958d5e302ff40b6f8768cc5873be0d78,153,CCU,MAA,CCU-MAA,2026-09-13,2026-09-20,2026-09-12 18:52:04.463316,2026-09-12,1,0-3 days,IndiGo,Round trip,INR,14363.0,14363.0,,,1,350.0,,,,147.0,,,WyJDalJJZVhVdFJrZHVWa2xPYm05QlJtSnJlVUZDUnkwdExTMHRMUzF3Wm1WcE1pMXVNa0ZCUVVGQlIzRnNWV2RKVDIxc01UaEJFZ3cyUlRRMU5YdzJSVFl3TVRjYUNnaWJjQkFBR2dOSlRsSTRISEMzZFE9PSIsW1siQ0NVIiwiMjAyNi0wOS0xMyIsIkJMUiIsbnVsbCwiNkUiLCI0NTUiXSxbIkJMUiIsIjIwMjYtMDktMTMiLCJNQUEiLG51bGwsIjZFIiwiNjAxNyJdXV0=,SerpApi,Google Flights,2026,9,37,13,6,Sunday,September,True,18,10001-15000,9.572480355345974,False,16802.35714285714,-14.517946036482964,3,14,INR,2026-09-12 18:52:04.438489,6aa55201b463f39bd690faeb,1319,2026-09-12 18:52:04.463316
181c60d4a13da2f2b8ce298890370fa15b1ebb523a22706177b6a4fc34c94146,153,CCU,MAA,CCU-MAA,2026-09-13,2026-09-20,2026-09-12 18:52:04.465921,2026-09-12,1,0-3 days,IndiGo,Round trip,INR,14945.0,14945.0,,,1,285.0,,,,147.0,,,WyJDalJJZVhVdFJrZHVWa2xPYm05QlJtSnJlVUZDUnkwdExTMHRMUzF3Wm1WcE1pMXVNa0ZCUVVGQlIzRnNWV2RKVDIxc01UaEJFZ3MyUlRRMU5YdzJSVE0xTmhvS0NPRjBFQUFhQTBsT1VqZ2NjSmg2IixbWyJDQ1UiLCIyMDI2LTA5LTEzIiwiQkxSIixudWxsLCI2RSIsIjQ1NSJdLFsiQkxSIiwiMjAyNi0wOS0xMyIsIk1BQSIsbnVsbCwiNkUiLCIzNTYiXV1d,SerpApi,Google Flights,2026,9,37,13,6,Sunday,September,True,18,10001-15000,9.612198984490236,False,16802.35714285714,-11.054146314505186,3,14,INR,2026-09-12 18:52:04.438489,6aa55201b463f39bd690faeb,1320,2026-09-12 18:52:04.465921
7eff286c4a038fe5b8690d1704b80ed917d90e6bbca98e4ba9fb0d9adc5fdf52,153,CCU,MAA,CCU-MAA,2026-09-13,2026-09-20,2026-09-12 18:52:04.468601,2026-09-12,1,0-3 days,IndiGo,Round trip,INR,15693.0,15693.0,,,0,135.0,,,,100.0,,,WyJDalJJZVhVdFJrZHVWa2xPYm05QlJtSnJlVUZDUnkwdExTMHRMUzF3Wm1WcE1pMXVNa0ZCUVVGQlIzRnNWV2RKVDIxc01UaEJFZ1UyUlRjeU14b0tDTTE2RUFBYUEwbE9VamdjY0tlQUFRPT0iLFtbIkNDVSIsIjIwMjYtMDktMTMiLCJNQUEiLG51bGwsIjZFIiwiNzIzIl1dXQ==,SerpApi,Google Flights,2026,9,37,13,6,Sunday,September,True,18,15001-25000,9.661033752687418,False,16802.35714285714,-6.602389970794908,3,14,INR,2026-09-12 18:52:04.438489,6aa55201b463f39bd690faeb,1321,2026-09-12 18:52:04.468601
01b8912c78fbc9ad11a61b066370f6ece95d25239ff2bfd96dcf928d492d58d7,153,CCU,MAA,CCU-MAA,2026-09-13,2026-09-20,2026-09-12 18:52:04.470715,2026-09-12,1,0-3 days,IndiGo,Round trip,INR,16323.0,16323.0,,,0,140.0,,,,100.0,,,WyJDalJJZVhVdFJrZHVWa2xPYm05QlJtSnJlVUZDUnkwdExTMHRMUzF3Wm1WcE1pMXVNa0ZCUVVGQlIzRnNWV2RKVDIxc01UaEJFZ1UyUlRJek5Cb0tDTU4vRUFBYUEwbE9VamdjY0xxRkFRPT0iLFtbIkNDVSIsIjIwMjYtMDktMTMiLCJNQUEiLG51bGwsIjZFIiwiMjM0Il1dXQ==,SerpApi,Google Flights,2026,9,37,13,6,Sunday,September,True,18,15001-25000,9.700391696525696,False,16802.35714285714,-2.852916044942666,3,14,INR,2026-09-12 18:52:04.438489,6aa55201b463f39bd690faeb,1322,2026-09-12 18:52:04.470715
0dd8b88fa0dc05bd2c6b72911aeae4e7651e889739ad88349da47fda893df163,153,CCU,MAA,CCU-MAA,2026-09-13,2026-09-20,2026-09-12 18:52:04.472805,2026-09-12,1,0-3 days,Air India Express,Round trip,INR,16689.0,16689.0,,,0,145.0,,,,118.0,,,WyJDalJJZVhVdFJrZHVWa2xPYm05QlJtSnJlVUZDUnkwdExTMHRMUzF3Wm1WcE1pMXVNa0ZCUVVGQlIzRnNWV2RKVDIxc01UaEJFZ1pKV0RFeU5Ua2FDd2l4Z2dFUUFCb0RTVTVTT0J4d3VZZ0IiLFtbIkNDVSIsIjIwMjYtMDktMTMiLCJNQUEiLG51bGwsIklYIiwiMTI1OSJdXV0=,SerpApi,Google Flights,2026,9,37,13,6,Sunday,September,True,18,15001-25000,9.722565016655881,False,16802.35714285714,-0.6746502403999322,3,14,INR,2026-09-12 18:52:04.438489,6aa55201b463f39bd690faeb,1323,2026-09-12 18:52:04.472805
7de238043f3de735b7811a59be35b0b86240204d38c4e7d94b68426ff6302923,153,CCU,MAA,CCU-MAA,2026-09-13,2026-09-20,2026-09-12 18:52:04.474931,2026-09-12,1,0-3 days,IndiGo,Round trip,INR,17163.0,17163.0,,,0,140.0,,,,100.0,,,WyJDalJJZVhVdFJrZHVWa2xPYm05QlJtSnJlVUZDUnkwdExTMHRMUzF3Wm1WcE1pMXVNa0ZCUVVGQlIzRnNWV2RKVDIxc01UaEJFZ1UyUlRnNU1ob0xDSXVHQVJBQUdnTkpUbEk0SEhDcGpBRT0iLFtbIkNDVSIsIjIwMjYtMDktMTMiLCJNQUEiLG51bGwsIjZFIiwiODkyIl1dXQ==,SerpApi,Google Flights,2026,9,37,13,6,Sunday,September,True,18,15001-25000,9.750569446111415,False,16802.35714285714,2.146382522860324,3,14,INR,2026-09-12 18:52:04.438489,6aa55201b463f39bd690faeb,1324,2026-09-12 18:52:04.474931
e7804c332425427d72147b45317f3d85210385362e2485a747ba15dacd127064,154,CCU,PNQ,CCU-PNQ,2026-09-13,2026-09-20,2026-09-12 18:52:12.811062,2026-09-12,1,0-3 days,IndiGo,Round trip,INR,14723.0,14723.0,,,1,495.0,,,,140.0,,,WyJDalJJZVZCM05tUXhORnB6YkRoQlNGVmFXbmRDUnkwdExTMHRMUzEyZDNreE9DMXVNVUZCUVVGQlIzRnNWV2RqVHpKQ2EzbEJFZ3cyUlRnMk1udzJSVFkyTlRrYUNnaURjeEFBR2dOSlRsSTRISEN3ZUE9PSIsW1siQ0NVIiwiMjAyNi0wOS0xMyIsIk5BRyIsbnVsbCwiNkUiLCI4NjIiXSxbIk5BRyIsIjIwMjYtMDktMTQiLCJQTlEiLG51bGwsIjZFIiwiNjY1OSJdXV0=,SerpApi,Google Flights,2026,9,37,13,6,Sunday,September,True,18,10001-15000,9.597234094498912,False,18959.5,-22.344998549539806,3,14,INR,2026-09-12 18:52:12.809811,6aa55207703f1768db5041ce,1325,2026-09-12 18:52:12.811062
f47d5b48c28e2931db06e76bfb26c5d643b43bfc587f84f36c0e9278b62548bc,154,CCU,PNQ,CCU-PNQ,2026-09-13,2026-09-20,2026-09-12 18:52:12.813635,2026-09-12,1,0-3 days,IndiGo,Round trip,INR,15224.0,15224.0,,,0,150.0,,,,112.0,,,WyJDalJJZVZCM05tUXhORnB6YkRoQlNGVmFXbmRDUnkwdExTMHRMUzEyZDNreE9DMXVNVUZCUVVGQlIzRnNWV2RqVHpKQ2EzbEJFZ1UyUlRRM05ob0tDUGgyRUFBYUEwbE9VamdjY0x4OCIsW1siQ0NVIiwiMjAyNi0wOS0xMyIsIlBOUSIsbnVsbCwiNkUiLCI0NzYiXV1d,SerpApi,Google Flights,2026,9,37,13,6,Sunday,September,True,18,15001-25000,9.630694092578098,False,18959.5,-19.70252380073314,3,14,INR,2026-09-12 18:52:12.809811,6aa55207703f1768db5041ce,1326,2026-09-12 18:52:12.813635
04a26c23a88ac0e967c4e1457dd5f5836783c9b4837dd9bf6d026a3243b359f0,154,CCU,PNQ,CCU-PNQ,2026-09-13,2026-09-20,2026-09-12 18:52:12.815668,2026-09-12,1,0-3 days,IndiGo,Round trip,INR,15854.0,15854.0,,,0,155.0,,,,112.0,,,WyJDalJJZVZCM05tUXhORnB6YkRoQlNGVmFXbmRDUnkwdExTMHRMUzEyZDNreE9DMXVNVUZCUVVGQlIzRnNWV2RqVHpKQ2EzbEJFZ1UyUlRFek5Sb0tDTzU3RUFBYUEwbE9VamdjY00rQkFRPT0iLFtbIkNDVSIsIjIwMjYtMDktMTMiLCJQTlEiLG51bGwsIjZFIiwiMTM1Il1dXQ==,SerpApi,Google Flights,2026,9,37,13,6,Sunday,September,True,18,15001-25000,9.671240186972447,False,18959.5,-16.37965136211398,3,14,INR,2026-09-12 18:52:12.809811,6aa55207703f1768db5041ce,1327,2026-09-12 18:52:12.815668
a8b6bf8df1c1c2423d639299a929d59e8563457931a052e308126353bc396e73,154,CCU,PNQ,CCU-PNQ,2026-09-13,2026-09-20,2026-09-12 18:52:12.818134,2026-09-12,1,0-3 days,Akasa Air,Round trip,INR,16000.0,16000.0,,,0,165.0,,,,112.0,,,WyJDalJJZVZCM05tUXhORnB6YkRoQlNGVmFXbmRDUnkwdExTMHRMUzEyZDNreE9DMXVNVUZCUVVGQlIzRnNWV2RqVHpKQ2EzbEJFZ1pSVURFMU5qSWFDZ2lBZlJBQUdnTkpUbEk0SEhEb2dnRT0iLFtbIkNDVSIsIjIwMjYtMDktMTMiLCJQTlEiLG51bGwsIlFQIiwiMTU2MiJdXV0=,SerpApi,Google Flights,2026,9,37,13,6,Sunday,September,True,18,15001-25000,9.680406499268875,False,18959.5,-15.609588860465728,3,14,INR,2026-09-12 18:52:12.809811,6aa55207703f1768db5041ce,1328,2026-09-12 18:52:12.818134
a6140c55957ef1304e6e22945f5c7a0da198dfd490cd738ebaa315b41825e537,154,CCU,PNQ,CCU-PNQ,2026-09-13,2026-09-20,2026-09-12 18:52:12.819964,2026-09-12,1,0-3 days,IndiGo,Round trip,INR,16700.0,16700.0,,,1,395.0,,,,141.0,,,WyJDalJJZVZCM05tUXhORnB6YkRoQlNGVmFXbmRDUnkwdExTMHRMUzEyZDNreE9DMXVNVUZCUVVGQlIzRnNWV2RqVHpKQ2EzbEJFZzAyUlRZMk1qTjhOa1UyTkRjeEdnc0l2SUlCRUFBYUEwbE9VamdjY01XSUFRPT0iLFtbIkNDVSIsIjIwMjYtMDktMTMiLCJIWUQiLG51bGwsIjZFIiwiNjYyMyJdLFsiSFlEIiwiMjAyNi0wOS0xMyIsIlBOUSIsbnVsbCwiNkUiLCI2NDcxIl1dXQ==,SerpApi,Google Flights,2026,9,37,13,6,Sunday,September,True,18,15001-25000,9.723223876851618,False,18959.5,-11.917508373111108,3,14,INR,2026-09-12 18:52:12.809811,6aa55207703f1768db5041ce,1329,2026-09-12 18:52:12.819964
ef6de54d1859b4934599aa0d6362f01b7fbe1ebed5052b69eab9426c33d4e7ef,154,CCU,PNQ,CCU-PNQ,2026-09-13,2026-09-20,2026-09-12 18:52:12.822716,2026-09-12,1,0-3 days,IndiGo,Round trip,INR,16700.0,16700.0,,,1,270.0,,,,141.0,,,WyJDalJJZVZCM05tUXhORnB6YkRoQlNGVmFXbmRDUnkwdExTMHRMUzEyZDNreE9DMXVNVUZCUVVGQlIzRnNWV2RqVHpKQ2EzbEJFZ3cyUlRZMU1qaDhOa1UwTWpZYUN3aThnZ0VRQUJvRFNVNVNPQnh3eFlnQiIsW1siQ0NVIiwiMjAyNi0wOS0xMyIsIkhZRCIsbnVsbCwiNkUiLCI2NTI4Il0sWyJIWUQiLCIyMDI2LTA5LTEzIiwiUE5RIixudWxsLCI2RSIsIjQyNiJdXV0=,SerpApi,Google Flights,2026,9,37,13,6,Sunday,September,True,18,15001-25000,9.723223876851618,False,18959.5,-11.917508373111108,3,14,INR,2026-09-12 18:52:12.809811,6aa55207703f1768db5041ce,1330,2026-09-12 18:52:12.822716
6d0e1b70c09714bfd914437ddf1db46061a8c3308f6fc9bbfb8cc3b7cf1eb20e,154,CCU,PNQ,CCU-PNQ,2026-09-13,2026-09-20,2026-09-12 18:52:12.824995,2026-09-12,1,0-3 days,IndiGo,Round trip,INR,17462.0,17462.0,,,1,420.0,,,,145.0,,,WyJDalJJZVZCM05tUXhORnB6YkRoQlNGVmFXbmRDUnkwdExTMHRMUzEyZDNreE9DMXVNVUZCUVVGQlIzRnNWV2RqVHpKQ2EzbEJFZ3MyUlRNek5IdzJSVFUzTmhvTENMYUlBUkFBR2dOSlRsSTRISERpamdFPSIsW1siQ0NVIiwiMjAyNi0wOS0xMyIsIkhZRCIsbnVsbCwiNkUiLCIzMzQiXSxbIkhZRCIsIjIwMjYtMDktMTMiLCJQTlEiLG51bGwsIjZFIiwiNTc2Il1dXQ==,SerpApi,Google Flights,2026,9,37,13,6,Sunday,September,True,18,15001-25000,9.767839635939845,False,18959.5,-7.8984150425907895,3,14,INR,2026-09-12 18:52:12.809811,6aa55207703f1768db5041ce,1331,2026-09-12 18:52:12.824995
ee059e2b028950b03f3f4483a839d95be4ce59ac36bcac3d88aa5626b1459a91,154,CCU,PNQ,CCU-PNQ,2026-09-13,2026-09-20,2026-09-12 18:52:12.827072,2026-09-12,1,0-3 days,IndiGo,Round trip,INR,20049.0,20049.0,,,0,140.0,,,,118.0,,,WyJDalJJZVZCM05tUXhORnB6YkRoQlNGVmFXbmRDUnkwdExTMHRMUzEyZDNreE9DMXVNVUZCUVVGQlIzRnNWV2RqVHpKQ2EzbEJFZ1kyUlRZd016Y2FDd2pSbkFFUUFCb0RTVTVTT0J4dzlxTUIiLFtbIkNDVSIsIjIwMjYtMDktMTMiLCJQTlEiLG51bGwsIjZFIiwiNjAzNyJdXV0=,SerpApi,Google Flights,2026,9,37,13,6,Sunday,September,True,18,15001-25000,9.905984432734716,False,18959.5,5.746459558532657,3,14,INR,2026-09-12 18:52:12.809811,6aa55207703f1768db5041ce,1332,2026-09-12 18:52:12.827072
03e7abaf58088f96121e52c054e1894536d530b085d07ec6c1bca3ba64957020,154,CCU,PNQ,CCU-PNQ,2026-09-13,2026-09-20,2026-09-12 18:52:12.828962,2026-09-12,1,0-3 days,Air India,Round trip,INR,20444.0,20444.0,,,1,345.0,,,,220.0,,,WyJDalJJZVZCM05tUXhORnB6YkRoQlNGVmFXbmRDUnkwdExTMHRMUzEyZDNreE9DMXVNVUZCUVVGQlIzRnNWV2RqVHpKQ2EzbEJFZzFCU1RJM01UQjhRVWt5TnpFeEdnc0kzSjhCRUFBYUEwbE9VamdjY0pPbkFRPT0iLFtbIkNDVSIsIjIwMjYtMDktMTMiLCJERUwiLG51bGwsIkFJIiwiMjcxMCJdLFsiREVMIiwiMjAyNi0wOS0xNCIsIlBOUSIsbnVsbCwiQUkiLCIyNzExIl1dXQ==,SerpApi,Google Flights,2026,9,37,13,6,Sunday,September,True,18,15001-25000,9.925493632798743,False,18959.5,7.829847833539905,3,14,INR,2026-09-12 18:52:12.809811,6aa55207703f1768db5041ce,1333,2026-09-12 18:52:12.828962
cf011c00da70dbc294202823a7583c9425514227796b24b0bf56afda2d798b31,155,CCU,AMD,CCU-AMD,2026-09-13,2026-09-20,2026-09-12 18:52:22.028475,2026-09-12,1,0-3 days,IndiGo,Round trip,INR,13711.0,13711.0,,,0,160.0,,,,113.0,,,WyJDalJJVldaVVRWVmpkVmRpYjI5QlMwaFBNR2RDUnkwdExTMHRMUzB0TFMxdmVYSnBPVUZCUVVGQlIzRnNWV2hCVFU1SFlYVkJFZ1UyUlRJME5Sb0tDSTlyRUFBYUEwbE9VamdjY0kxdyIsW1siQ0NVIiwiMjAyNi0wOS0xMyIsIkFNRCIsbnVsbCwiNkUiLCIyNDUiXV1d,SerpApi,Google Flights,2026,9,37,13,6,Sunday,September,True,18,10001-15000,9.52602664083756,True,20085.076923076922,-31.735387160769957,2,13,INR,2026-09-12 18:52:22.023434,6aa5520f7223f48ffee00f89,1334,2026-09-12 18:52:22.028475
7cb250b16ab5dae58e3f1f57f29d3ff314e54d489b2eadd00037b48517ccc6f4,155,CCU,AMD,CCU-AMD,2026-09-13,2026-09-20,2026-09-12 18:52:22.032059,2026-09-12,1,0-3 days,IndiGo,Round trip,INR,17911.0,17911.0,,,0,155.0,,,,119.0,,,WyJDalJJVldaVVRWVmpkVmRpYjI5QlMwaFBNR2RDUnkwdExTMHRMUzB0TFMxdmVYSnBPVUZCUVVGQlIzRnNWV2hCVFU1SFlYVkJFZ1UyUlRNeE9Cb0xDUGVMQVJBQUdnTkpUbEk0SEhDNGtnRT0iLFtbIkNDVSIsIjIwMjYtMDktMTMiLCJBTUQiLG51bGwsIjZFIiwiMzE4Il1dXQ==,SerpApi,Google Flights,2026,9,37,13,6,Sunday,September,True,18,15001-25000,9.79322615827859,False,20085.076923076922,-10.824339540263338,2,13,INR,2026-09-12 18:52:22.023434,6aa5520f7223f48ffee00f89,1335,2026-09-12 18:52:22.032059
f654d1966be42c80e67e55fd2e61090f100e6d63b75b542898bc8d0cb3ee58ef,155,CCU,AMD,CCU-AMD,2026-09-13,2026-09-20,2026-09-12 18:52:22.035105,2026-09-12,1,0-3 days,IndiGo,Round trip,INR,18948.0,18948.0,,,1,345.0,,,,159.0,,,WyJDalJJVldaVVRWVmpkVmRpYjI5QlMwaFBNR2RDUnkwdExTMHRMUzB0TFMxdmVYSnBPVUZCUVVGQlIzRnNWV2hCVFU1SFlYVkJFZzAyUlRjek1qVjhOa1UyTmpVMEdnc0loSlFCRUFBYUEwbE9VamdjY1BXYUFRPT0iLFtbIkNDVSIsIjIwMjYtMDktMTMiLCJJWFIiLG51bGwsIjZFIiwiNzMyNSJdLFsiSVhSIiwiMjAyNi0wOS0xMyIsIkFNRCIsbnVsbCwiNkUiLCI2NjU0Il1dXQ==,SerpApi,Google Flights,2026,9,37,13,6,Sunday,September,True,18,15001-25000,9.849506438669614,False,20085.076923076922,-5.661302306343008,2,13,INR,2026-09-12 18:52:22.023434,6aa5520f7223f48ffee00f89,1336,2026-09-12 18:52:22.035105
af05bfe11853f77d2e1f428404ff170b3864ad10fc8e82ff7fce444ef82f1d7f,155,CCU,AMD,CCU-AMD,2026-09-13,2026-09-20,2026-09-12 18:52:22.038505,2026-09-12,1,0-3 days,IndiGo,Round trip,INR,19801.0,19801.0,,,0,155.0,,,,113.0,,,WyJDalJJVldaVVRWVmpkVmRpYjI5QlMwaFBNR2RDUnkwdExTMHRMUzB0TFMxdmVYSnBPVUZCUVVGQlIzRnNWV2hCVFU1SFlYVkJFZ1UyUlRJNU1ob0xDTm1hQVJBQUdnTkpUbEk0SEhEeW9RRT0iLFtbIkNDVSIsIjIwMjYtMDktMTMiLCJBTUQiLG51bGwsIjZFIiwiMjkyIl1dXQ==,SerpApi,Google Flights,2026,9,37,13,6,Sunday,September,True,18,15001-25000,9.89353822168246,False,20085.076923076922,-1.4143681110353579,2,13,INR,2026-09-12 18:52:22.023434,6aa5520f7223f48ffee00f89,1337,2026-09-12 18:52:22.038505
fd24c8ba68615525879c8fef459e0cee1059a03ff36fec8c27497c6901fb1ee1,155,CCU,AMD,CCU-AMD,2026-09-13,2026-09-20,2026-09-12 18:52:22.041342,2026-09-12,1,0-3 days,IndiGo,Round trip,INR,18013.0,18013.0,,,1,510.0,,,,151.0,,,WyJDalJJVldaVVRWVmpkVmRpYjI5QlMwaFBNR2RDUnkwdExTMHRMUzB0TFMxdmVYSnBPVUZCUVVGQlIzRnNWV2hCVFU1SFlYVkJFZzAyUlRZeU1UUjhOa1UyTWpNNEdnc0kzWXdCRUFBYUEwbE9VamdjY0tPVEFRPT0iLFtbIkNDVSIsIjIwMjYtMDktMTMiLCJCQkkiLG51bGwsIjZFIiwiNjIxNCJdLFsiQkJJIiwiMjAyNi0wOS0xMyIsIkFNRCIsbnVsbCwiNkUiLCI2MjM4Il1dXQ==,SerpApi,Google Flights,2026,9,37,13,6,Sunday,September,True,18,15001-25000,9.798904512343688,False,20085.076923076922,-10.316499812336744,2,13,INR,2026-09-12 18:52:22.023434,6aa5520f7223f48ffee00f89,1338,2026-09-12 18:52:22.041342
8b7da53f319b0e6d821ec3b6dbade9b4a9a6b902fa29f8d4e51009665ada23b4,155,CCU,AMD,CCU-AMD,2026-09-13,2026-09-20,2026-09-12 18:52:22.044707,2026-09-12,1,0-3 days,Air India,Round trip,INR,19680.0,19680.0,,,1,500.0,,,,192.0,,,WyJDalJJVldaVVRWVmpkVmRpYjI5QlMwaFBNR2RDUnkwdExTMHRMUzB0TFMxdmVYSnBPVUZCUVVGQlIzRnNWV2hCVFU1SFlYVkJFZzFCU1RFNE16SjhRVWt5T1RVNUdnc0k0SmtCRUFBYUEwbE9VamdjY1BPZ0FRPT0iLFtbIkNDVSIsIjIwMjYtMDktMTMiLCJERUwiLG51bGwsIkFJIiwiMTgzMiJdLFsiREVMIiwiMjAyNi0wOS0xMyIsIkFNRCIsbnVsbCwiQUkiLCIyOTU5Il1dXQ==,SerpApi,Google Flights,2026,9,37,13,6,Sunday,September,True,18,15001-25000,9.887408982323437,False,20085.076923076922,-2.0168054353404297,2,13,INR,2026-09-12 18:52:22.023434,6aa5520f7223f48ffee00f89,1339,2026-09-12 18:52:22.044707
e20afedb36b71301480e57bfc9b92ebfcf8c1097ca506ddc7f020323727a11b8,155,CCU,AMD,CCU-AMD,2026-09-13,2026-09-20,2026-09-12 18:52:22.048459,2026-09-12,1,0-3 days,Air India,Round trip,INR,20444.0,20444.0,,,1,710.0,,,,192.0,,,WyJDalJJVldaVVRWVmpkVmRpYjI5QlMwaFBNR2RDUnkwdExTMHRMUzB0TFMxdmVYSnBPVUZCUVVGQlIzRnNWV2hCVFU1SFlYVkJFZzFCU1RJM01EaDhRVWt5T1RVNUdnc0kzSjhCRUFBYUEwbE9VamdjY0pPbkFRPT0iLFtbIkNDVSIsIjIwMjYtMDktMTMiLCJERUwiLG51bGwsIkFJIiwiMjcwOCJdLFsiREVMIiwiMjAyNi0wOS0xNCIsIkFNRCIsbnVsbCwiQUkiLCIyOTU5Il1dXQ==,SerpApi,Google Flights,2026,9,37,13,6,Sunday,September,True,18,15001-25000,9.925493632798743,False,20085.076923076922,1.7870137032469646,2,13,INR,2026-09-12 18:52:22.023434,6aa5520f7223f48ffee00f89,1340,2026-09-12 18:52:22.048459
2d4ebab3c06931c9a26ef9081a2ba7193700fbee76a20b24f5f99929c0d94115,155,CCU,AMD,CCU-AMD,2026-09-13,2026-09-20,2026-09-12 18:52:22.052634,2026-09-12,1,0-3 days,Air India,Round trip,INR,20444.0,20444.0,,,1,770.0,,,,213.0,,,WyJDalJJVldaVVRWVmpkVmRpYjI5QlMwaFBNR2RDUnkwdExTMHRMUzB0TFMxdmVYSnBPVUZCUVVGQlIzRnNWV2hCVFU1SFlYVkJFZ3hCU1RJM01UQjhRVWswTWpNYUN3amNud0VRQUJvRFNVNVNPQnh3azZjQiIsW1siQ0NVIiwiMjAyNi0wOS0xMyIsIkRFTCIsbnVsbCwiQUkiLCIyNzEwIl0sWyJERUwiLCIyMDI2LTA5LTE0IiwiQU1EIixudWxsLCJBSSIsIjQyMyJdXV0=,SerpApi,Google Flights,2026,9,37,13,6,Sunday,September,True,18,15001-25000,9.925493632798743,False,20085.076923076922,1.7870137032469646,2,13,INR,2026-09-12 18:52:22.023434,6aa5520f7223f48ffee00f89,1341,2026-09-12 18:52:22.052634
0ef7e0b2f6f96b9347a4a63711c4280b303e601c5409a837243be5b8698acee3,155,CCU,AMD,CCU-AMD,2026-09-13,2026-09-20,2026-09-12 18:52:22.055745,2026-09-12,1,0-3 days,Air India,Round trip,INR,22833.0,22833.0,,,1,425.0,,,,216.0,,,WyJDalJJVldaVVRWVmpkVmRpYjI5QlMwaFBNR2RDUnkwdExTMHRMUzB0TFMxdmVYSnBPVUZCUVVGQlIzRnNWV2hCVFU1SFlYVkJFZ3hCU1RFNE16SjhRVWs0TVRjYUN3aXhzZ0VRQUJvRFNVNVNPQnh3MTdvQiIsW1siQ0NVIiwiMjAyNi0wOS0xMyIsIkRFTCIsbnVsbCwiQUkiLCIxODMyIl0sWyJERUwiLCIyMDI2LTA5LTEzIiwiQU1EIixudWxsLCJBSSIsIjgxNyJdXV0=,SerpApi,Google Flights,2026,9,37,13,6,Sunday,September,True,18,15001-25000,10.036005932236273,False,20085.076923076922,13.681416742625597,2,13,INR,2026-09-12 18:52:22.023434,6aa5520f7223f48ffee00f89,1342,2026-09-12 18:52:22.055745
967be4e87c21161c57c6c8ff90d8c9b10ae12e4e80838c31e933880bb1f9d5c3,155,CCU,AMD,CCU-AMD,2026-09-13,2026-09-20,2026-09-12 18:52:22.058870,2026-09-12,1,0-3 days,Air India,Round trip,INR,24797.0,24797.0,,,1,360.0,,,,192.0,,,WyJDalJJVldaVVRWVmpkVmRpYjI5QlMwaFBNR2RDUnkwdExTMHRMUzB0TFMxdmVYSnBPVUZCUVVGQlIzRnNWV2hCVFU1SFlYVkJFZzFCU1RJM05qaDhRVWt5TlRRMUdnc0kzY0VCRUFBYUEwbE9VamdjY043S0FRPT0iLFtbIkNDVSIsIjIwMjYtMDktMTMiLCJERUwiLG51bGwsIkFJIiwiMjc2OCJdLFsiREVMIiwiMjAyNi0wOS0xMyIsIkFNRCIsbnVsbCwiQUkiLCIyNTQ1Il1dXQ==,SerpApi,Google Flights,2026,9,37,13,6,Sunday,September,True,18,15001-25000,10.118518283739787,False,20085.076923076922,23.45982091564347,2,13,INR,2026-09-12 18:52:22.023434,6aa5520f7223f48ffee00f89,1343,2026-09-12 18:52:22.058870
8210d60bc537d2bb914a97c10c1ee987a443706306439645a1cd17a7f22e4ea7,156,CCU,COK,CCU-COK,2026-09-13,2026-09-20,2026-09-12 18:52:25.831887,2026-09-12,1,0-3 days,IndiGo,Round trip,INR,29180.0,29180.0,,,1,340.0,,,,153.0,,,WyJDalJJV1hScVNVd3RWSFl3ZG10QlIzQk1jM2RDUnkwdExTMHRMUzB0TFMxMmRHUnlNa0ZCUVVGQlIzRnNWV2hyU0hneE9FVkJFZ3MyUlRRNU5udzJSVGN3TXhvTENQempBUkFBR2dOSlRsSTRISERKN2dFPSIsW1siQ0NVIiwiMjAyNi0wOS0xMyIsIkJMUiIsbnVsbCwiNkUiLCI0OTYiXSxbIkJMUiIsIjIwMjYtMDktMTMiLCJDT0siLG51bGwsIjZFIiwiNzAzIl1dXQ==,SerpApi,Google Flights,2026,9,37,13,6,Sunday,September,True,18,25000+,10.28127309153755,False,30519.0,-4.387430780825063,1,13,INR,2026-09-12 18:52:25.797057,6aa552185c2622fee9e7a563,1344,2026-09-12 18:52:25.831887
9e40c1c9238db11f2df0bbca01ba700bb0b75fb42ede281aa988cc06efd4bcd4,156,CCU,COK,CCU-COK,2026-09-13,2026-09-20,2026-09-12 18:52:25.836854,2026-09-12,1,0-3 days,IndiGo,Round trip,INR,30491.0,30491.0,,,1,320.0,,,,153.0,,,WyJDalJJV1hScVNVd3RWSFl3ZG10QlIzQk1jM2RDUnkwdExTMHRMUzB0TFMxMmRHUnlNa0ZCUVVGQlIzRnNWV2hyU0hneE9FVkJFZ3MyUlRNNE5udzJSVFl3TWhvTENKdnVBUkFBR2dOSlRsSTRISENsK1FFPSIsW1siQ0NVIiwiMjAyNi0wOS0xMyIsIkJMUiIsbnVsbCwiNkUiLCIzODYiXSxbIkJMUiIsIjIwMjYtMDktMTMiLCJDT0siLG51bGwsIjZFIiwiNjAyIl1dXQ==,SerpApi,Google Flights,2026,9,37,13,6,Sunday,September,True,18,25000+,10.325219633108164,False,30519.0,-0.09174612536452242,1,13,INR,2026-09-12 18:52:25.797057,6aa552185c2622fee9e7a563,1345,2026-09-12 18:52:25.836854
0da917b756ac292dbf8db55dfbef8752d9dbf517f4fadc39e584bdc54e51ff60,156,CCU,COK,CCU-COK,2026-09-13,2026-09-20,2026-09-12 18:52:25.842129,2026-09-12,1,0-3 days,IndiGo,Round trip,INR,31867.0,31867.0,,,1,290.0,,,,156.0,,,WyJDalJJV1hScVNVd3RWSFl3ZG10QlIzQk1jM2RDUnkwdExTMHRMUzB0TFMxMmRHUnlNa0ZCUVVGQlIzRnNWV2hyU0hneE9FVkJFZ3MyUlRVMk0zdzJSVGt5TnhvTENQdjRBUkFBR2dOSlRsSTRISERGaEFJPSIsW1siQ0NVIiwiMjAyNi0wOS0xMyIsIk1BQSIsbnVsbCwiNkUiLCI1NjMiXSxbIk1BQSIsIjIwMjYtMDktMTMiLCJDT0siLG51bGwsIjZFIiwiOTI3Il1dXQ==,SerpApi,Google Flights,2026,9,37,13,6,Sunday,September,True,18,25000+,10.369357650500257,False,30519.0,4.416920606835095,1,13,INR,2026-09-12 18:52:25.797057,6aa552185c2622fee9e7a563,1346,2026-09-12 18:52:25.842129
5ffeeda738050e236c6900fc8315b5dd2d6a1b625e4bb7d17db3b78d8a62719c,156,CCU,COK,CCU-COK,2026-09-13,2026-09-20,2026-09-12 18:52:25.845774,2026-09-12,1,0-3 days,IndiGo,Round trip,INR,26994.0,26994.0,,,1,690.0,,,,158.0,,,WyJDalJJV1hScVNVd3RWSFl3ZG10QlIzQk1jM2RDUnkwdExTMHRMUzB0TFMxMmRHUnlNa0ZCUVVGQlIzRnNWV2hyU0hneE9FVkJFZ3cyUlRZek1UUjhOa1UzTmpNYUN3ankwZ0VRQUJvRFNVNVNPQnh3MnR3QiIsW1siQ0NVIiwiMjAyNi0wOS0xMyIsIkJMUiIsbnVsbCwiNkUiLCI2MzE0Il0sWyJCTFIiLCIyMDI2LTA5LTE0IiwiQ09LIixudWxsLCI2RSIsIjc2MyJdXV0=,SerpApi,Google Flights,2026,9,37,13,6,Sunday,September,True,18,25000+,10.203406942652387,False,30519.0,-11.550181853927066,1,13,INR,2026-09-12 18:52:25.797057,6aa552185c2622fee9e7a563,1347,2026-09-12 18:52:25.845774
24426d3e36dfe228420d642cfde5308ede82c3d0c0db2476a52d5023d4217024,156,CCU,COK,CCU-COK,2026-09-13,2026-09-20,2026-09-12 18:52:25.850727,2026-09-12,1,0-3 days,IndiGo,Round trip,INR,27729.0,27729.0,,,1,605.0,,,,184.0,,,WyJDalJJV1hScVNVd3RWSFl3ZG10QlIzQk1jM2RDUnkwdExTMHRMUzB0TFMxMmRHUnlNa0ZCUVVGQlIzRnNWV2hyU0hneE9FVkJFZ3MyUlRVM00zdzJSVGMyTXhvTENOSFlBUkFBR2dOSlRsSTRISERiNGdFPSIsW1siQ0NVIiwiMjAyNi0wOS0xMyIsIkJMUiIsbnVsbCwiNkUiLCI1NzMiXSxbIkJMUiIsIjIwMjYtMDktMTQiLCJDT0siLG51bGwsIjZFIiwiNzYzIl1dXQ==,SerpApi,Google Flights,2026,9,37,13,6,Sunday,September,True,18,25000+,10.230270138609823,False,30519.0,-9.141846063108227,1,13,INR,2026-09-12 18:52:25.797057,6aa552185c2622fee9e7a563,1348,2026-09-12 18:52:25.850727
93a6bd4ffe317ad7851054b7457d6cff9f48ea041921313bcdaeb25adb5ab097,156,CCU,COK,CCU-COK,2026-09-13,2026-09-20,2026-09-12 18:52:25.855321,2026-09-12,1,0-3 days,IndiGo,Round trip,INR,28757.0,28757.0,,,1,645.0,,,,153.0,,,WyJDalJJV1hScVNVd3RWSFl3ZG10QlIzQk1jM2RDUnkwdExTMHRMUzB0TFMxMmRHUnlNa0ZCUVVGQlIzRnNWV2hyU0hneE9FVkJFZ3MyUlRRNU5udzJSVEUwTkJvTENOWGdBUkFBR2dOSlRsSTRISENQNndFPSIsW1siQ0NVIiwiMjAyNi0wOS0xMyIsIkJMUiIsbnVsbCwiNkUiLCI0OTYiXSxbIkJMUiIsIjIwMjYtMDktMTMiLCJDT0siLG51bGwsIjZFIiwiMTQ0Il1dXQ==,SerpApi,Google Flights,2026,9,37,13,6,Sunday,September,True,18,25000+,10.266671268387686,False,30519.0,-5.7734526032963025,1,13,INR,2026-09-12 18:52:25.797057,6aa552185c2622fee9e7a563,1349,2026-09-12 18:52:25.855321
33a3dcf97e0e7075a17b8031cbe08bcde797e37ab93d8b4b0b99c82a0a133f3c,156,CCU,COK,CCU-COK,2026-09-13,2026-09-20,2026-09-12 18:52:25.859306,2026-09-12,1,0-3 days,IndiGo,Round trip,INR,29597.0,29597.0,,,1,440.0,,,,153.0,,,WyJDalJJV1hScVNVd3RWSFl3ZG10QlIzQk1jM2RDUnkwdExTMHRMUzB0TFMxMmRHUnlNa0ZCUVVGQlIzRnNWV2hyU0hneE9FVkJFZ3MyUlRJek5YdzJSVEUwTkJvTENKM25BUkFBR2dOSlRsSTRISEQrOFFFPSIsW1siQ0NVIiwiMjAyNi0wOS0xMyIsIkJMUiIsbnVsbCwiNkUiLCIyMzUiXSxbIkJMUiIsIjIwMjYtMDktMTMiLCJDT0siLG51bGwsIjZFIiwiMTQ0Il1dXQ==,SerpApi,Google Flights,2026,9,37,13,6,Sunday,September,True,18,25000+,10.295462070461793,False,30519.0,-3.021068842360497,1,13,INR,2026-09-12 18:52:25.797057,6aa552185c2622fee9e7a563,1350,2026-09-12 18:52:25.859306
80c2a802e845872b0bfba768ce487b36acb2fdf5d11c42648939d0d763ba3499,156,CCU,COK,CCU-COK,2026-09-13,2026-09-20,2026-09-12 18:52:25.862749,2026-09-12,1,0-3 days,IndiGo,Round trip,INR,30365.0,30365.0,,,1,285.0,,,,156.0,,,WyJDalJJV1hScVNVd3RWSFl3ZG10QlIzQk1jM2RDUnkwdExTMHRMUzB0TFMxMmRHUnlNa0ZCUVVGQlIzRnNWV2hyU0hneE9FVkJFZ3MyUlRJek5IdzJSVEUxTmhvTENKM3RBUkFBR2dOSlRsSTRISENoK0FFPSIsW1siQ0NVIiwiMjAyNi0wOS0xMyIsIk1BQSIsbnVsbCwiNkUiLCIyMzQiXSxbIk1BQSIsIjIwMjYtMDktMTMiLCJDT0siLG51bGwsIjZFIiwiMTU2Il1dXQ==,SerpApi,Google Flights,2026,9,37,13,6,Sunday,September,True,18,25000+,10.321078840442134,False,30519.0,-0.5046036895049011,1,13,INR,2026-09-12 18:52:25.797057,6aa552185c2622fee9e7a563,1351,2026-09-12 18:52:25.862749
f7be9c960fabf660e429a345c81b4472ec5c9dd61b5ffa1a5abe4c4e910d825d,156,CCU,COK,CCU-COK,2026-09-13,2026-09-20,2026-09-12 18:52:25.866366,2026-09-12,1,0-3 days,IndiGo,Round trip,INR,30437.0,30437.0,,,1,340.0,,,,153.0,,,WyJDalJJV1hScVNVd3RWSFl3ZG10QlIzQk1jM2RDUnkwdExTMHRMUzB0TFMxMmRHUnlNa0ZCUVVGQlIzRnNWV2hyU0hneE9FVkJFZ3MyUlRRMU5YdzJSVEUwTkJvTENPWHRBUkFBR2dOSlRsSTRISER0K0FFPSIsW1siQ0NVIiwiMjAyNi0wOS0xMyIsIkJMUiIsbnVsbCwiNkUiLCI0NTUiXSxbIkJMUiIsIjIwMjYtMDktMTMiLCJDT0siLG51bGwsIjZFIiwiMTQ0Il1dXQ==,SerpApi,Google Flights,2026,9,37,13,6,Sunday,September,True,18,25000+,10.323447106794745,False,30519.0,-0.26868508142469105,1,13,INR,2026-09-12 18:52:25.797057,6aa552185c2622fee9e7a563,1352,2026-09-12 18:52:25.866366
17f57a5229e67c608b8484f8bdff1e6abaf6d753a86fa10de1ca59a90be2b297,156,CCU,COK,CCU-COK,2026-09-13,2026-09-20,2026-09-12 18:52:25.869678,2026-09-12,1,0-3 days,IndiGo,Round trip,INR,31205.0,31205.0,,,1,370.0,,,,151.0,,,WyJDalJJV1hScVNVd3RWSFl3ZG10QlIzQk1jM2RDUnkwdExTMHRMUzB0TFMxMmRHUnlNa0ZCUVVGQlIzRnNWV2hyU0hneE9FVkJFZ3cyUlRnNU1udzJSVFk1TURNYUN3amw4d0VRQUJvRFNVNVNPQnh3a1A4QiIsW1siQ0NVIiwiMjAyNi0wOS0xMyIsIk1BQSIsbnVsbCwiNkUiLCI4OTIiXSxbIk1BQSIsIjIwMjYtMDktMTMiLCJDT0siLG51bGwsIjZFIiwiNjkwMyJdXV0=,SerpApi,Google Flights,2026,9,37,13,6,Sunday,September,True,18,25000+,10.348365663001127,False,30519.0,2.247780071430916,1,13,INR,2026-09-12 18:52:25.797057,6aa552185c2622fee9e7a563,1353,2026-09-12 18:52:25.869678
2fd2c55d512afad5bb6f1f7c01c6a93a04fff7192d6cb80f84043c3123742938,156,CCU,COK,CCU-COK,2026-09-13,2026-09-20,2026-09-12 18:52:25.872590,2026-09-12,1,0-3 days,IndiGo,Round trip,INR,33616.0,33616.0,,,1,375.0,,,,160.0,,,WyJDalJJV1hScVNVd3RWSFl3ZG10QlIzQk1jM2RDUnkwdExTMHRMUzB0TFMxMmRHUnlNa0ZCUVVGQlIzRnNWV2hyU0hneE9FVkJFZzAyUlRZMk1qTjhOa1UyTnpBM0dnc0kwSVlDRUFBYUEwbE9VamdjY095U0FnPT0iLFtbIkNDVSIsIjIwMjYtMDktMTMiLCJIWUQiLG51bGwsIjZFIiwiNjYyMyJdLFsiSFlEIiwiMjAyNi0wOS0xMyIsIkNPSyIsbnVsbCwiNkUiLCI2NzA3Il1dXQ==,SerpApi,Google Flights,2026,9,37,13,6,Sunday,September,True,18,25000+,10.422787170381499,False,30519.0,10.147776794783582,1,13,INR,2026-09-12 18:52:25.797057,6aa552185c2622fee9e7a563,1354,2026-09-12 18:52:25.872590
60e7c4cc3278278b6cf6d2accddfa9e0e53cf9766583a344365ba5ec1638ff6e,156,CCU,COK,CCU-COK,2026-09-13,2026-09-20,2026-09-12 18:52:25.875577,2026-09-12,1,0-3 days,IndiGo,Round trip,INR,34843.0,34843.0,,,1,310.0,,,,153.0,,,WyJDalJJV1hScVNVd3RWSFl3ZG10QlIzQk1jM2RDUnkwdExTMHRMUzB0TFMxMmRHUnlNa0ZCUVVGQlIzRnNWV2hyU0hneE9FVkJFZ3cyUlRjM01YdzJSVFkwTkRVYUN3aWJrQUlRQUJvRFNVNVNPQnh3OEp3QyIsW1siQ0NVIiwiMjAyNi0wOS0xMyIsIkJMUiIsbnVsbCwiNkUiLCI3NzEiXSxbIkJMUiIsIjIwMjYtMDktMTMiLCJDT0siLG51bGwsIjZFIiwiNjQ0NSJdXV0=,SerpApi,Google Flights,2026,9,37,13,6,Sunday,September,True,18,25000+,10.458636234938783,False,30519.0,14.168223074150532,1,13,INR,2026-09-12 18:52:25.797057,6aa552185c2622fee9e7a563,1355,2026-09-12 18:52:25.875577
d379498fef05897e89511eba7634c857b2106bafdc9096ea51dbaebd90e0a5d2,157,CCU,GOI,CCU-GOI,2026-09-13,2026-09-20,2026-09-12 18:52:35.837153,2026-09-12,1,0-3 days,IndiGo,Round trip,INR,28110.0,28110.0,,,1,520.0,,,,143.0,,,WyJDalJJZVRCdlVqbERjbTVXYmtGQlRFSmljR2RDUnkwdExTMHRMUzB0TFc5NWNtRXlOa0ZCUVVGQlIzRnNWV2cwUVhSSWMyZEJFZ3cyUlRNek5IdzJSVFl6TWprYUN3ak8yd0VRQUJvRFNVNVNPQnh3NmVVQiIsW1siQ0NVIiwiMjAyNi0wOS0xMyIsIkhZRCIsbnVsbCwiNkUiLCIzMzQiXSxbIkhZRCIsIjIwMjYtMDktMTMiLCJHT0kiLG51bGwsIjZFIiwiNjMyOSJdXV0=,SerpApi,Google Flights,2026,9,37,13,6,Sunday,September,True,18,25000+,10.243916237796457,False,32328.5,-13.04885781895232,3,12,INR,2026-09-12 18:52:35.831799,6aa5521c2771436b8f664aee,1357,2026-09-12 18:52:35.837153
2c4796180c68d6bb032a40c81f0419f47373dd671572bd21179da6dfb01d9613,157,CCU,GOI,CCU-GOI,2026-09-13,2026-09-20,2026-09-12 18:52:35.840795,2026-09-12,1,0-3 days,IndiGo,Round trip,INR,28189.0,28189.0,,,1,280.0,,,,157.0,,,WyJDalJJZVRCdlVqbERjbTVXYmtGQlRFSmljR2RDUnkwdExTMHRMUzB0TFc5NWNtRXlOa0ZCUVVGQlIzRnNWV2cwUVhSSWMyZEJFZ3MyUlRFek5YdzJSVE0yTnhvTENKM2NBUkFBR2dOSlRsSTRISEM4NWdFPSIsW1siQ0NVIiwiMjAyNi0wOS0xMyIsIlBOUSIsbnVsbCwiNkUiLCIxMzUiXSxbIlBOUSIsIjIwMjYtMDktMTMiLCJHT0kiLG51bGwsIjZFIiwiMzY3Il1dXQ==,SerpApi,Google Flights,2026,9,37,13,6,Sunday,September,True,18,25000+,10.246722584108158,False,32328.5,-12.804491393043293,3,12,INR,2026-09-12 18:52:35.831799,6aa5521c2771436b8f664aee,1358,2026-09-12 18:52:35.840795
d297c6fdf235469f52a77ef8d5c823045e7d6ef099a66dc0c308e9b946256b4c,157,CCU,GOI,CCU-GOI,2026-09-13,2026-09-20,2026-09-12 18:52:35.844260,2026-09-12,1,0-3 days,IndiGo,Round trip,INR,29136.0,29136.0,,,1,435.0,,,,148.0,,,WyJDalJJZVRCdlVqbERjbTVXYmtGQlRFSmljR2RDUnkwdExTMHRMUzB0TFc5NWNtRXlOa0ZCUVVGQlIzRnNWV2cwUVhSSWMyZEJFZ3cyUlRZMk1qTjhOa1V6TmpJYUN3alE0d0VRQUJvRFNVNVNPQnh3bSs0QiIsW1siQ0NVIiwiMjAyNi0wOS0xMyIsIkhZRCIsbnVsbCwiNkUiLCI2NjIzIl0sWyJIWUQiLCIyMDI2LTA5LTEzIiwiR09JIixudWxsLCI2RSIsIjM2MiJdXV0=,SerpApi,Google Flights,2026,9,37,13,6,Sunday,September,True,18,25000+,10.279764123179618,False,32328.5,-9.875187528032537,3,12,INR,2026-09-12 18:52:35.831799,6aa5521c2771436b8f664aee,1359,2026-09-12 18:52:35.844260
6fe44759dec98b439d052fdaad702c936c431a21951fe4e67e130b52aaf32037,157,CCU,GOI,CCU-GOI,2026-09-13,2026-09-20,2026-09-12 18:52:35.847156,2026-09-12,1,0-3 days,IndiGo,Round trip,INR,30246.0,30246.0,,,1,275.0,,,,143.0,,,WyJDalJJZVRCdlVqbERjbTVXYmtGQlRFSmljR2RDUnkwdExTMHRMUzB0TFc5NWNtRXlOa0ZCUVVGQlIzRnNWV2cwUVhSSWMyZEJFZzAyUlRZNU1EaDhOa1UyTXpJNUdnc0lwdXdCRUFBYUEwbE9VamdjY0tYM0FRPT0iLFtbIkNDVSIsIjIwMjYtMDktMTMiLCJIWUQiLG51bGwsIjZFIiwiNjkwOCJdLFsiSFlEIiwiMjAyNi0wOS0xMyIsIkdPSSIsbnVsbCwiNkUiLCI2MzI5Il1dXQ==,SerpApi,Google Flights,2026,9,37,13,6,Sunday,September,True,18,25000+,10.317152284987246,False,32328.5,-6.441684581715823,3,12,INR,2026-09-12 18:52:35.831799,6aa5521c2771436b8f664aee,1360,2026-09-12 18:52:35.847156
cdfd2f379c5cc3c198829833bc469f6ea59beb5fa0748bb6b2d70cbd1e6e7692,157,CCU,GOI,CCU-GOI,2026-09-13,2026-09-20,2026-09-12 18:52:35.849724,2026-09-12,1,0-3 days,IndiGo,Round trip,INR,34433.0,34433.0,,,0,165.0,,,,124.0,,,WyJDalJJZVRCdlVqbERjbTVXYmtGQlRFSmljR2RDUnkwdExTMHRMUzB0TFc5NWNtRXlOa0ZCUVVGQlIzRnNWV2cwUVhSSWMyZEJFZ1UyUlRZek5Cb0xDSUdOQWhBQUdnTkpUbEk0SEhERG1RST0iLFtbIkNDVSIsIjIwMjYtMDktMTMiLCJHT0kiLG51bGwsIjZFIiwiNjM0Il1dXQ==,SerpApi,Google Flights,2026,9,37,13,6,Sunday,September,True,18,25000+,10.446799727336417,False,32328.5,6.509735991462651,3,12,INR,2026-09-12 18:52:35.831799,6aa5521c2771436b8f664aee,1361,2026-09-12 18:52:35.849724
45b07793416981ebc2a58312838ce1086828362a90e97538ac699d0211bdf008,157,CCU,GOI,CCU-GOI,2026-09-13,2026-09-20,2026-09-12 18:52:35.851975,2026-09-12,1,0-3 days,IndiGo,Round trip,INR,28110.0,28110.0,,,1,595.0,,,,148.0,,,WyJDalJJZVRCdlVqbERjbTVXYmtGQlRFSmljR2RDUnkwdExTMHRMUzB0TFc5NWNtRXlOa0ZCUVVGQlIzRnNWV2cwUVhSSWMyZEJFZ3cyUlRZMU1UTjhOa1V4TWpFYUN3ak8yd0VRQUJvRFNVNVNPQnh3NmVVQiIsW1siQ0NVIiwiMjAyNi0wOS0xMyIsIkhZRCIsbnVsbCwiNkUiLCI2NTEzIl0sWyJIWUQiLCIyMDI2LTA5LTEzIiwiR09JIixudWxsLCI2RSIsIjEyMSJdXV0=,SerpApi,Google Flights,2026,9,37,13,6,Sunday,September,True,18,25000+,10.243916237796457,False,32328.5,-13.04885781895232,3,12,INR,2026-09-12 18:52:35.831799,6aa5521c2771436b8f664aee,1362,2026-09-12 18:52:35.851975
7a1ce8c7e8461eca7e669268c6730fe513cb28fcc343822d62831e87cf21d9fa,157,CCU,GOI,CCU-GOI,2026-09-13,2026-09-20,2026-09-12 18:52:35.854644,2026-09-12,1,0-3 days,Air India,Round trip,INR,30764.0,30764.0,,,1,445.0,,,,217.0,,,WyJDalJJZVRCdlVqbERjbTVXYmtGQlRFSmljR2RDUnkwdExTMHRMUzB0TFc5NWNtRXlOa0ZCUVVGQlIzRnNWV2cwUVhSSWMyZEJFZzFCU1RJMk5EUjhRVWt5TkRjM0dnc0lyUEFCRUFBYUEwbE9VamdjY01QN0FRPT0iLFtbIkNDVSIsIjIwMjYtMDktMTMiLCJCT00iLG51bGwsIkFJIiwiMjY0NCJdLFsiQk9NIiwiMjAyNi0wOS0xMyIsIkdPSSIsbnVsbCwiQUkiLCIyNDc3Il1dXQ==,SerpApi,Google Flights,2026,9,37,13,6,Sunday,September,True,18,25000+,10.33413295917459,False,32328.5,-4.839383206768022,3,12,INR,2026-09-12 18:52:35.831799,6aa5521c2771436b8f664aee,1363,2026-09-12 18:52:35.854644
6ca2512b1cade2a14ddb4db716ee164b10198d6f16354866f164871e649d5af0,157,CCU,GOI,CCU-GOI,2026-09-13,2026-09-20,2026-09-12 18:52:35.857282,2026-09-12,1,0-3 days,IndiGo,Round trip,INR,31388.0,31388.0,,,1,460.0,,,,148.0,,,WyJDalJJZVRCdlVqbERjbTVXYmtGQlRFSmljR2RDUnkwdExTMHRMUzB0TFc5NWNtRXlOa0ZCUVVGQlIzRnNWV2cwUVhSSWMyZEJFZ3MyUlRNek5IdzJSVEV5TVJvTENKejFBUkFBR2dOSlRsSTRISERRZ0FJPSIsW1siQ0NVIiwiMjAyNi0wOS0xMyIsIkhZRCIsbnVsbCwiNkUiLCIzMzQiXSxbIkhZRCIsIjIwMjYtMDktMTMiLCJHT0kiLG51bGwsIjZFIiwiMTIxIl1dXQ==,SerpApi,Google Flights,2026,9,37,13,6,Sunday,September,True,18,25000+,10.354212792049157,False,32328.5,-2.9091977666764635,3,12,INR,2026-09-12 18:52:35.831799,6aa5521c2771436b8f664aee,1364,2026-09-12 18:52:35.857282
82935731870a59c98a391eb6923782eb662fe04559ef2383c03aa386f4d232a6,158,PNQ,BLR,PNQ-BLR,2026-09-13,2026-09-20,2026-09-12 18:52:47.309790,2026-09-12,1,0-3 days,IndiGo,Round trip,INR,8977.0,8977.0,,,0,95.0,,,,63.0,,,WyJDalJJWm1SS1N6UTFOR0V4TUhkQlNVeFpjVkZDUnkwdExTMHRMUzB0TFhaMGJtTXlOVUZCUVVGQlIzRnNWV2t3VGtORFRFbEJFZ1kyUlRZNE56Y2FDZ2lSUmhBQUdnTkpUbEk0SEhDelNRPT0iLFtbIlBOUSIsIjIwMjYtMDktMTMiLCJCTFIiLG51bGwsIjZFIiwiNjg3NyJdXV0=,SerpApi,Google Flights,2026,9,37,13,6,Sunday,September,True,18,7501-10000,9.102532419341877,False,10349.235294117647,-13.2592916782712,3,17,INR,2026-09-12 18:52:47.305130,6aa55226d6eb72ac89d6a62c,1366,2026-09-12 18:52:47.309790
62abdaec09d58af605588b9256c2cd866430f2b2bb96c7f69b2d52cb9cf2b553,158,PNQ,BLR,PNQ-BLR,2026-09-13,2026-09-20,2026-09-12 18:52:47.312322,2026-09-12,1,0-3 days,Air India Express,Round trip,INR,9199.0,9199.0,,,0,95.0,,,,78.0,,,WyJDalJJWm1SS1N6UTFOR0V4TUhkQlNVeFpjVkZDUnkwdExTMHRMUzB0TFhaMGJtTXlOVUZCUVVGQlIzRnNWV2t3VGtORFRFbEJFZ1pKV0RJMk9ERWFDZ2p2UnhBQUdnTkpUbEk0SEhDYlN3PT0iLFtbIlBOUSIsIjIwMjYtMDktMTMiLCJCTFIiLG51bGwsIklYIiwiMjY4MSJdXV0=,SerpApi,Google Flights,2026,9,37,13,6,Sunday,September,True,18,7501-10000,9.126958763037132,False,10349.235294117647,-11.114205653159937,3,17,INR,2026-09-12 18:52:47.305130,6aa55226d6eb72ac89d6a62c,1367,2026-09-12 18:52:47.312322
2f34d04ae70a1db656ad183cc3e5cfdcf800ff9e128930cf2e0ba825bcc01069,158,PNQ,BLR,PNQ-BLR,2026-09-13,2026-09-20,2026-09-12 18:52:47.316552,2026-09-12,1,0-3 days,Akasa Air,Round trip,INR,9278.0,9278.0,,,0,105.0,,,,65.0,,,WyJDalJJWm1SS1N6UTFOR0V4TUhkQlNVeFpjVkZDUnkwdExTMHRMUzB0TFhaMGJtTXlOVUZCUVVGQlIzRnNWV2t3VGtORFRFbEJFZ1pSVURFek1USWFDZ2krU0JBQUdnTkpUbEk0SEhEdVN3PT0iLFtbIlBOUSIsIjIwMjYtMDktMTMiLCJCTFIiLG51bGwsIlFQIiwiMTMxMiJdXV0=,SerpApi,Google Flights,2026,9,37,13,6,Sunday,September,True,18,7501-10000,9.13550906135318,False,10349.235294117647,-10.350864229809531,3,17,INR,2026-09-12 18:52:47.305130,6aa55226d6eb72ac89d6a62c,1368,2026-09-12 18:52:47.316552
42e435123bc55818262f92fab3f0137e06b1a1857409cb47eccdcecf27968659,158,PNQ,BLR,PNQ-BLR,2026-09-13,2026-09-20,2026-09-12 18:52:47.326536,2026-09-12,1,0-3 days,IndiGo,Round trip,INR,8977.0,8977.0,,,0,110.0,,,,68.0,,,WyJDalJJWm1SS1N6UTFOR0V4TUhkQlNVeFpjVkZDUnkwdExTMHRMUzB0TFhaMGJtTXlOVUZCUVVGQlIzRnNWV2t3VGtORFRFbEJFZ1UyUlRFM05Cb0tDSkZHRUFBYUEwbE9VamdjY0xOSiIsW1siUE5RIiwiMjAyNi0wOS0xMyIsIkJMUiIsbnVsbCwiNkUiLCIxNzQiXV1d,SerpApi,Google Flights,2026,9,37,13,6,Sunday,September,True,18,7501-10000,9.102532419341877,False,10349.235294117647,-13.2592916782712,3,17,INR,2026-09-12 18:52:47.305130,6aa55226d6eb72ac89d6a62c,1372,2026-09-12 18:52:47.326536
e81c6bcad9320d5df53e42f88093ad4045fdadde8c7c1b9cbb85a4425779d292,158,PNQ,BLR,PNQ-BLR,2026-09-13,2026-09-20,2026-09-12 18:52:47.331336,2026-09-12,1,0-3 days,IndiGo,Round trip,INR,8977.0,8977.0,,,0,100.0,,,,63.0,,,WyJDalJJWm1SS1N6UTFOR0V4TUhkQlNVeFpjVkZDUnkwdExTMHRMUzB0TFhaMGJtTXlOVUZCUVVGQlIzRnNWV2t3VGtORFRFbEJFZ1kyUlRZd05UVWFDZ2lSUmhBQUdnTkpUbEk0SEhDelNRPT0iLFtbIlBOUSIsIjIwMjYtMDktMTMiLCJCTFIiLG51bGwsIjZFIiwiNjA1NSJdXV0=,SerpApi,Google Flights,2026,9,37,13,6,Sunday,September,True,18,7501-10000,9.102532419341877,False,10349.235294117647,-13.2592916782712,3,17,INR,2026-09-12 18:52:47.305130,6aa55226d6eb72ac89d6a62c,1374,2026-09-12 18:52:47.331336
46f1e8ec407ed699b38d06e71211a3439c58275e7060564448b0406bf39c4dff,158,PNQ,BLR,PNQ-BLR,2026-09-13,2026-09-20,2026-09-12 18:52:47.336010,2026-09-12,1,0-3 days,Air India Express,Round trip,INR,9199.0,9199.0,,,0,100.0,,,,78.0,,,WyJDalJJWm1SS1N6UTFOR0V4TUhkQlNVeFpjVkZDUnkwdExTMHRMUzB0TFhaMGJtTXlOVUZCUVVGQlIzRnNWV2t3VGtORFRFbEJFZ1pKV0RJM01UZ2FDZ2p2UnhBQUdnTkpUbEk0SEhDYlN3PT0iLFtbIlBOUSIsIjIwMjYtMDktMTMiLCJCTFIiLG51bGwsIklYIiwiMjcxOCJdXV0=,SerpApi,Google Flights,2026,9,37,13,6,Sunday,September,True,18,7501-10000,9.126958763037132,False,10349.235294117647,-11.114205653159937,3,17,INR,2026-09-12 18:52:47.305130,6aa55226d6eb72ac89d6a62c,1376,2026-09-12 18:52:47.336010
044b511ce9eb0f17af5da579434f6f40ffcfbba7708b18ed182f12b8443f2560,158,PNQ,BLR,PNQ-BLR,2026-09-13,2026-09-20,2026-09-12 18:52:47.338241,2026-09-12,1,0-3 days,Air India Express,Round trip,INR,9199.0,9199.0,,,0,105.0,,,,78.0,,,WyJDalJJWm1SS1N6UTFOR0V4TUhkQlNVeFpjVkZDUnkwdExTMHRMUzB0TFhaMGJtTXlOVUZCUVVGQlIzRnNWV2t3VGtORFRFbEJFZ1pKV0RJNE56UWFDZ2p2UnhBQUdnTkpUbEk0SEhDYlN3PT0iLFtbIlBOUSIsIjIwMjYtMDktMTMiLCJCTFIiLG51bGwsIklYIiwiMjg3NCJdXV0=,SerpApi,Google Flights,2026,9,37,13,6,Sunday,September,True,18,7501-10000,9.126958763037132,False,10349.235294117647,-11.114205653159937,3,17,INR,2026-09-12 18:52:47.305130,6aa55226d6eb72ac89d6a62c,1377,2026-09-12 18:52:47.338241
887891f5b98c8c9398dc36b06751d6aae065594eebd2966fda2e9c0a207a6acb,158,PNQ,BLR,PNQ-BLR,2026-09-13,2026-09-20,2026-09-12 18:52:47.340603,2026-09-12,1,0-3 days,Air India Express,Round trip,INR,9199.0,9199.0,,,0,110.0,,,,78.0,,,WyJDalJJWm1SS1N6UTFOR0V4TUhkQlNVeFpjVkZDUnkwdExTMHRMUzB0TFhaMGJtTXlOVUZCUVVGQlIzRnNWV2t3VGtORFRFbEJFZ1pKV0RJNE16a2FDZ2p2UnhBQUdnTkpUbEk0SEhDYlN3PT0iLFtbIlBOUSIsIjIwMjYtMDktMTMiLCJCTFIiLG51bGwsIklYIiwiMjgzOSJdXV0=,SerpApi,Google Flights,2026,9,37,13,6,Sunday,September,True,18,7501-10000,9.126958763037132,False,10349.235294117647,-11.114205653159937,3,17,INR,2026-09-12 18:52:47.305130,6aa55226d6eb72ac89d6a62c,1378,2026-09-12 18:52:47.340603
5ae66b3e87ef02950633771951a1533069632866338cb7015f507dee60ab1d62,158,PNQ,BLR,PNQ-BLR,2026-09-13,2026-09-20,2026-09-12 18:52:47.345379,2026-09-12,1,0-3 days,Akasa Air,Round trip,INR,9432.0,9432.0,,,0,105.0,,,,65.0,,,WyJDalJJWm1SS1N6UTFOR0V4TUhkQlNVeFpjVkZDUnkwdExTMHRMUzB0TFhaMGJtTXlOVUZCUVVGQlIzRnNWV2t3VGtORFRFbEJFZ1pSVURFek1qWWFDZ2pZU1JBQUdnTkpUbEk0SEhDUFRRPT0iLFtbIlBOUSIsIjIwMjYtMDktMTMiLCJCTFIiLG51bGwsIlFQIiwiMTMyNiJdXV0=,SerpApi,Google Flights,2026,9,37,13,6,Sunday,September,True,18,7501-10000,9.151969458649853,False,10349.235294117647,-8.862831581759378,3,17,INR,2026-09-12 18:52:47.305130,6aa55226d6eb72ac89d6a62c,1380,2026-09-12 18:52:47.345379
9127870018b1a890f002818f9107063e44405ee5bf2fba096222748f6e5d92ff,158,PNQ,BLR,PNQ-BLR,2026-09-13,2026-09-20,2026-09-12 18:52:47.347431,2026-09-12,1,0-3 days,Akasa Air,Round trip,INR,9432.0,9432.0,,,0,110.0,,,,65.0,,,WyJDalJJWm1SS1N6UTFOR0V4TUhkQlNVeFpjVkZDUnkwdExTMHRMUzB0TFhaMGJtTXlOVUZCUVVGQlIzRnNWV2t3VGtORFRFbEJFZ1pSVURFek1UWWFDZ2pZU1JBQUdnTkpUbEk0SEhDUFRRPT0iLFtbIlBOUSIsIjIwMjYtMDktMTMiLCJCTFIiLG51bGwsIlFQIiwiMTMxNiJdXV0=,SerpApi,Google Flights,2026,9,37,13,6,Sunday,September,True,18,7501-10000,9.151969458649853,False,10349.235294117647,-8.862831581759378,3,17,INR,2026-09-12 18:52:47.305130,6aa55226d6eb72ac89d6a62c,1381,2026-09-12 18:52:47.347431
3022dad23ba6930f679e93d25bd530efe5e95c7f60a074b07f5d9f82f29e96b0,158,PNQ,BLR,PNQ-BLR,2026-09-13,2026-09-20,2026-09-12 18:52:47.349478,2026-09-12,1,0-3 days,IndiGo,Round trip,INR,9484.0,9484.0,,,0,100.0,,,,68.0,,,WyJDalJJWm1SS1N6UTFOR0V4TUhkQlNVeFpjVkZDUnkwdExTMHRMUzB0TFhaMGJtTXlOVUZCUVVGQlIzRnNWV2t3VGtORFRFbEJFZ1UyUlRFek54b0tDSXhLRUFBYUEwbE9VamdjY01WTiIsW1siUE5RIiwiMjAyNi0wOS0xMyIsIkJMUiIsbnVsbCwiNkUiLCIxMzciXV1d,SerpApi,Google Flights,2026,9,37,13,6,Sunday,September,True,18,7501-10000,9.157466882369114,False,10349.235294117647,-8.360378999300888,3,17,INR,2026-09-12 18:52:47.305130,6aa55226d6eb72ac89d6a62c,1382,2026-09-12 18:52:47.349478
e8ef8b3af7c5b42164b280ee384e74d47428727378390596595eb5a2c021834a,158,PNQ,BLR,PNQ-BLR,2026-09-13,2026-09-20,2026-09-12 18:52:47.351602,2026-09-12,1,0-3 days,IndiGo,Round trip,INR,9860.0,9860.0,,,0,100.0,,,,68.0,,,WyJDalJJWm1SS1N6UTFOR0V4TUhkQlNVeFpjVkZDUnkwdExTMHRMUzB0TFhaMGJtTXlOVUZCUVVGQlIzRnNWV2t3VGtORFRFbEJFZ1UyUlRNd01ob0tDSVJORUFBYUEwbE9VamdjY005USIsW1siUE5RIiwiMjAyNi0wOS0xMyIsIkJMUiIsbnVsbCwiNkUiLCIzMDIiXV1d,SerpApi,Google Flights,2026,9,37,13,6,Sunday,September,True,18,7501-10000,9.19634286233233,False,10349.235294117647,-4.72726032613947,3,17,INR,2026-09-12 18:52:47.305130,6aa55226d6eb72ac89d6a62c,1383,2026-09-12 18:52:47.351602
fd5484347c6d00994532a3ec86b6dd6196545f3ed69fde0291d3e2bb9f9dfa0a,158,PNQ,BLR,PNQ-BLR,2026-09-13,2026-09-20,2026-09-12 18:52:47.354910,2026-09-12,1,0-3 days,Air India Express,Round trip,INR,12004.0,12004.0,,,1,455.0,,,,138.0,,,WyJDalJJWm1SS1N6UTFOR0V4TUhkQlNVeFpjVkZDUnkwdExTMHRMUzB0TFhaMGJtTXlOVUZCUVVGQlIzRnNWV2t3VGtORFRFbEJFZzFKV0RJMk5qQjhTVmd5T1RjMUdnb0k1RjBRQUJvRFNVNVNPQnh3a21JPSIsW1siUE5RIiwiMjAyNi0wOS0xMyIsIk1BQSIsbnVsbCwiSVgiLCIyNjYwIl0sWyJNQUEiLCIyMDI2LTA5LTEzIiwiQkxSIixudWxsLCJJWCIsIjI5NzUiXV1d,SerpApi,Google Flights,2026,9,37,13,6,Sunday,September,True,18,10001-15000,9.393078508655353,True,10349.235294117647,15.989246150610725,3,17,INR,2026-09-12 18:52:47.305130,6aa55226d6eb72ac89d6a62c,1384,2026-09-12 18:52:47.354910
8ae1c3211cc001ddb486a939ec758b6a1103b0f541e3a19736416d524c707479,159,PNQ,DEL,PNQ-DEL,2026-09-13,2026-09-20,2026-09-12 18:52:52.782026,2026-09-12,1,0-3 days,Air India,Round trip,INR,13861.0,13861.0,,,0,140.0,,,,111.0,,,WyJDalJJZEVaWmJXeEVOV3h1V2pSQlJXcFhlbEZDUnkwdExTMHRMUzB0TFMxd1ptMXpOVUZCUVVGQlIzRnNWV3BOUnpSUVpXVkJFZ1pCU1RJM01USWFDZ2lsYkJBQUdnTkpUbEk0SEhDcWNRPT0iLFtbIlBOUSIsIjIwMjYtMDktMTMiLCJERUwiLG51bGwsIkFJIiwiMjcxMiJdXV0=,SerpApi,Google Flights,2026,9,37,13,6,Sunday,September,True,18,10001-15000,9.53690656247793,False,17427.782608695652,-20.46607241311349,5,23,INR,2026-09-12 18:52:52.778251,6aa55231ae678c2e1c4514fc,1385,2026-09-12 18:52:52.782026
ddd4ee98ccc32e66c26c1b5417a8a6ec764d4fd8cf8437e4eacd7d363553270d,159,PNQ,DEL,PNQ-DEL,2026-09-13,2026-09-20,2026-09-12 18:52:52.786999,2026-09-12,1,0-3 days,IndiGo,Round trip,INR,13894.0,13894.0,,,0,135.0,,,,96.0,,,WyJDalJJZEVaWmJXeEVOV3h1V2pSQlJXcFhlbEZDUnkwdExTMHRMUzB0TFMxd1ptMXpOVUZCUVVGQlIzRnNWV3BOUnpSUVpXVkJFZ1kyUlRJME1UZ2FDZ2pHYkJBQUdnTkpUbEk0SEhETWNRPT0iLFtbIlBOUSIsIjIwMjYtMDktMTMiLCJERUwiLG51bGwsIjZFIiwiMjQxOCJdXV0=,SerpApi,Google Flights,2026,9,37,13,6,Sunday,September,True,18,10001-15000,9.539284342176604,False,17427.782608695652,-20.276719580679526,5,23,INR,2026-09-12 18:52:52.778251,6aa55231ae678c2e1c4514fc,1387,2026-09-12 18:52:52.786999
1d330f2022209ac54a0397d03acb7d2601d78568e148ff8d611e24617b29cb9c,159,PNQ,DEL,PNQ-DEL,2026-09-13,2026-09-20,2026-09-12 18:52:52.795350,2026-09-12,1,0-3 days,Air India,Round trip,INR,13861.0,13861.0,,,0,145.0,,,,111.0,,,WyJDalJJZEVaWmJXeEVOV3h1V2pSQlJXcFhlbEZDUnkwdExTMHRMUzB0TFMxd1ptMXpOVUZCUVVGQlIzRnNWV3BOUnpSUVpXVkJFZ1pCU1RFNE1EUWFDZ2lsYkJBQUdnTkpUbEk0SEhDcWNRPT0iLFtbIlBOUSIsIjIwMjYtMDktMTMiLCJERUwiLG51bGwsIkFJIiwiMTgwNCJdXV0=,SerpApi,Google Flights,2026,9,37,13,6,Sunday,September,True,18,10001-15000,9.53690656247793,False,17427.782608695652,-20.46607241311349,5,23,INR,2026-09-12 18:52:52.778251,6aa55231ae678c2e1c4514fc,1390,2026-09-12 18:52:52.795350
3f69f7fe40a5894e6dbf07d3d24c4d70da78e18d20f45985a34265fb121a4530,159,PNQ,DEL,PNQ-DEL,2026-09-13,2026-09-20,2026-09-12 18:52:52.802954,2026-09-12,1,0-3 days,Air India,Round trip,INR,13892.0,13892.0,,,0,145.0,,,,111.0,,,WyJDalJJZEVaWmJXeEVOV3h1V2pSQlJXcFhlbEZDUnkwdExTMHRMUzB0TFMxd1ptMXpOVUZCUVVGQlIzRnNWV3BOUnpSUVpXVkJFZ1pCU1RJNU56SWFDZ2pFYkJBQUdnTkpUbEk0SEhES2NRPT0iLFtbIlBOUSIsIjIwMjYtMDktMTMiLCJERUwiLG51bGwsIkFJIiwiMjk3MiJdXV0=,SerpApi,Google Flights,2026,9,37,13,6,Sunday,September,True,18,10001-15000,9.539140395148861,False,17427.782608695652,-20.28819550991795,5,23,INR,2026-09-12 18:52:52.778251,6aa55231ae678c2e1c4514fc,1393,2026-09-12 18:52:52.802954
46fddddbe2297838d4f9f1bfe333c96a136a55ba59eae0c97c6c38c28b709cf7,159,PNQ,DEL,PNQ-DEL,2026-09-13,2026-09-20,2026-09-12 18:52:52.805745,2026-09-12,1,0-3 days,Air India,Round trip,INR,13892.0,13892.0,,,0,150.0,,,,111.0,,,WyJDalJJZEVaWmJXeEVOV3h1V2pSQlJXcFhlbEZDUnkwdExTMHRMUzB0TFMxd1ptMXpOVUZCUVVGQlIzRnNWV3BOUnpSUVpXVkJFZ1pCU1RJMU5EZ2FDZ2pFYkJBQUdnTkpUbEk0SEhES2NRPT0iLFtbIlBOUSIsIjIwMjYtMDktMTMiLCJERUwiLG51bGwsIkFJIiwiMjU0OCJdXV0=,SerpApi,Google Flights,2026,9,37,13,6,Sunday,September,True,18,10001-15000,9.539140395148861,False,17427.782608695652,-20.28819550991795,5,23,INR,2026-09-12 18:52:52.778251,6aa55231ae678c2e1c4514fc,1394,2026-09-12 18:52:52.805745
d426a9cf75cda6f93472cd5092e48528e9a4049636d64e0238bd2cde2fc3ba5d,159,PNQ,DEL,PNQ-DEL,2026-09-13,2026-09-20,2026-09-12 18:52:52.810909,2026-09-12,1,0-3 days,IndiGo,Round trip,INR,14188.0,14188.0,,,0,130.0,,,,96.0,,,WyJDalJJZEVaWmJXeEVOV3h1V2pSQlJXcFhlbEZDUnkwdExTMHRMUzB0TFMxd1ptMXpOVUZCUVVGQlIzRnNWV3BOUnpSUVpXVkJFZ1kyUlRJME1Ua2FDZ2pzYmhBQUdnTkpUbEk0SEhDQWRBPT0iLFtbIlBOUSIsIjIwMjYtMDktMTMiLCJERUwiLG51bGwsIjZFIiwiMjQxOSJdXV0=,SerpApi,Google Flights,2026,9,37,13,6,Sunday,September,True,18,10001-15000,9.560222295507314,False,17427.782608695652,-18.589757982631426,5,23,INR,2026-09-12 18:52:52.778251,6aa55231ae678c2e1c4514fc,1396,2026-09-12 18:52:52.810909
019f2c6f788a05dde8b24a0976b335139a0993f4e548910aee34533e6956b676,159,PNQ,DEL,PNQ-DEL,2026-09-13,2026-09-20,2026-09-12 18:52:52.816022,2026-09-12,1,0-3 days,IndiGo,Round trip,INR,14188.0,14188.0,,,0,135.0,,,,96.0,,,WyJDalJJZEVaWmJXeEVOV3h1V2pSQlJXcFhlbEZDUnkwdExTMHRMUzB0TFMxd1ptMXpOVUZCUVVGQlIzRnNWV3BOUnpSUVpXVkJFZ1kyUlRJMk1qUWFDZ2pzYmhBQUdnTkpUbEk0SEhDQWRBPT0iLFtbIlBOUSIsIjIwMjYtMDktMTMiLCJERUwiLG51bGwsIjZFIiwiMjYyNCJdXV0=,SerpApi,Google Flights,2026,9,37,13,6,Sunday,September,True,18,10001-15000,9.560222295507314,False,17427.782608695652,-18.589757982631426,5,23,INR,2026-09-12 18:52:52.778251,6aa55231ae678c2e1c4514fc,1398,2026-09-12 18:52:52.816022
b5cf39d4ab8e6e6e800748d7905034a52b47f29a3ec7b58955b8947921a421f9,159,PNQ,DEL,PNQ-DEL,2026-09-13,2026-09-20,2026-09-12 18:52:52.822427,2026-09-12,1,0-3 days,IndiGo,Round trip,INR,14408.0,14408.0,,,0,135.0,,,,96.0,,,WyJDalJJZEVaWmJXeEVOV3h1V2pSQlJXcFhlbEZDUnkwdExTMHRMUzB0TFMxd1ptMXpOVUZCUVVGQlIzRnNWV3BOUnpSUVpXVkJFZ1kyUlRJeE1qWWFDZ2pJY0JBQUdnTkpUbEk0SEhEbWRRPT0iLFtbIlBOUSIsIjIwMjYtMDktMTMiLCJERUwiLG51bGwsIjZFIiwiMjEyNiJdXV0=,SerpApi,Google Flights,2026,9,37,13,6,Sunday,September,True,18,10001-15000,9.575608290332934,False,17427.782608695652,-17.32740576640497,5,23,INR,2026-09-12 18:52:52.778251,6aa55231ae678c2e1c4514fc,1400,2026-09-12 18:52:52.822427
487af35dc478729b2fd1eb22006dbd9b5934a73d3b89aabb3e762bcf0584535f,159,PNQ,DEL,PNQ-DEL,2026-09-13,2026-09-20,2026-09-12 18:52:52.826682,2026-09-12,1,0-3 days,Air India Express,Round trip,INR,14471.0,14471.0,,,0,150.0,,,,113.0,,,WyJDalJJZEVaWmJXeEVOV3h1V2pSQlJXcFhlbEZDUnkwdExTMHRMUzB0TFMxd1ptMXpOVUZCUVVGQlIzRnNWV3BOUnpSUVpXVkJFZ1pKV0RFeU16RWFDZ2lIY1JBQUdnTkpUbEk0SEhDb2RnPT0iLFtbIlBOUSIsIjIwMjYtMDktMTMiLCJERUwiLG51bGwsIklYIiwiMTIzMSJdXV0=,SerpApi,Google Flights,2026,9,37,13,6,Sunday,September,True,18,10001-15000,9.579971027075132,False,17427.782608695652,-16.965913995394654,5,23,INR,2026-09-12 18:52:52.778251,6aa55231ae678c2e1c4514fc,1402,2026-09-12 18:52:52.826682
73f918bfa05783d809ec820c9fcc9c7e16c3e3c1202408c00eb12cfa4d2b3c4a,159,PNQ,DEL,PNQ-DEL,2026-09-13,2026-09-20,2026-09-12 18:52:52.829003,2026-09-12,1,0-3 days,SpiceJet,Round trip,INR,14588.0,14588.0,,,0,155.0,,,,112.0,,,WyJDalJJZEVaWmJXeEVOV3h1V2pSQlJXcFhlbEZDUnkwdExTMHRMUzB0TFMxd1ptMXpOVUZCUVVGQlIzRnNWV3BOUnpSUVpXVkJFZ1ZUUnprek54b0tDUHh4RUFBYUEwbE9VamdjY0tOMyIsW1siUE5RIiwiMjAyNi0wOS0xMyIsIkRFTCIsbnVsbCwiU0ciLCI5MzciXV1d,SerpApi,Google Flights,2026,9,37,13,6,Sunday,September,True,18,10001-15000,9.588023099071895,False,17427.782608695652,-16.29457213494695,5,23,INR,2026-09-12 18:52:52.778251,6aa55231ae678c2e1c4514fc,1403,2026-09-12 18:52:52.829003
bdeef7d86f5f97ff99a813a223b57d1759219c5f49da563317e47b84349e85fe,159,PNQ,DEL,PNQ-DEL,2026-09-13,2026-09-20,2026-09-12 18:52:52.831264,2026-09-12,1,0-3 days,Akasa Air,Round trip,INR,14599.0,14599.0,,,0,140.0,,,,95.0,,,WyJDalJJZEVaWmJXeEVOV3h1V2pSQlJXcFhlbEZDUnkwdExTMHRMUzB0TFMxd1ptMXpOVUZCUVVGQlIzRnNWV3BOUnpSUVpXVkJFZ1pSVURFMk1EY2FDZ2lIY2hBQUdnTkpUbEk0SEhDdWR3PT0iLFtbIlBOUSIsIjIwMjYtMDktMTMiLCJERUwiLG51bGwsIlFQIiwiMTYwNyJdXV0=,SerpApi,Google Flights,2026,9,37,13,6,Sunday,September,True,18,10001-15000,9.588776807696428,False,17427.782608695652,-16.231454524135625,5,23,INR,2026-09-12 18:52:52.778251,6aa55231ae678c2e1c4514fc,1404,2026-09-12 18:52:52.831264
3a00c797bcc183af04bf7dab84f96ead71e5ae1c5a225fd71c5164762b076286,159,PNQ,DEL,PNQ-DEL,2026-09-13,2026-09-20,2026-09-12 18:52:52.833586,2026-09-12,1,0-3 days,Akasa Air,Round trip,INR,14599.0,14599.0,,,0,145.0,,,,99.0,,,WyJDalJJZEVaWmJXeEVOV3h1V2pSQlJXcFhlbEZDUnkwdExTMHRMUzB0TFMxd1ptMXpOVUZCUVVGQlIzRnNWV3BOUnpSUVpXVkJFZ1pSVURFNE1UQWFDZ2lIY2hBQUdnTkpUbEk0SEhDdWR3PT0iLFtbIlBOUSIsIjIwMjYtMDktMTMiLCJERUwiLG51bGwsIlFQIiwiMTgxMCJdXV0=,SerpApi,Google Flights,2026,9,37,13,6,Sunday,September,True,18,10001-15000,9.588776807696428,False,17427.782608695652,-16.231454524135625,5,23,INR,2026-09-12 18:52:52.778251,6aa55231ae678c2e1c4514fc,1405,2026-09-12 18:52:52.833586
38b0a9b2976bc43876628ac58db10a4aabe38488ca0a1437435607d55238d925,159,PNQ,DEL,PNQ-DEL,2026-09-13,2026-09-20,2026-09-12 18:52:52.835725,2026-09-12,1,0-3 days,IndiGo,Round trip,INR,14723.0,14723.0,,,0,135.0,,,,96.0,,,WyJDalJJZEVaWmJXeEVOV3h1V2pSQlJXcFhlbEZDUnkwdExTMHRMUzB0TFMxd1ptMXpOVUZCUVVGQlIzRnNWV3BOUnpSUVpXVkJFZ1kyUlRJeU9EVWFDZ2lEY3hBQUdnTkpUbEk0SEhDd2VBPT0iLFtbIlBOUSIsIjIwMjYtMDktMTMiLCJERUwiLG51bGwsIjZFIiwiMjI4NSJdXV0=,SerpApi,Google Flights,2026,9,37,13,6,Sunday,September,True,18,10001-15000,9.597234094498912,False,17427.782608695652,-15.519946911353433,5,23,INR,2026-09-12 18:52:52.778251,6aa55231ae678c2e1c4514fc,1406,2026-09-12 18:52:52.835725
14aeddb2a763d0d6d5445ee69e44105e210641edff072ecf192980062f2a43ea,159,PNQ,DEL,PNQ-DEL,2026-09-13,2026-09-20,2026-09-12 18:52:52.838001,2026-09-12,1,0-3 days,IndiGo,Round trip,INR,15248.0,15248.0,,,0,135.0,,,,96.0,,,WyJDalJJZEVaWmJXeEVOV3h1V2pSQlJXcFhlbEZDUnkwdExTMHRMUzB0TFMxd1ptMXpOVUZCUVVGQlIzRnNWV3BOUnpSUVpXVkJFZ1kyUlRZME16RWFDZ2lRZHhBQUdnTkpUbEk0SEhEVmZBPT0iLFtbIlBOUSIsIjIwMjYtMDktMTMiLCJERUwiLG51bGwsIjZFIiwiNjQzMSJdXV0=,SerpApi,Google Flights,2026,9,37,13,6,Sunday,September,True,18,15001-25000,9.632269206115012,False,17427.782608695652,-12.50751548626755,5,23,INR,2026-09-12 18:52:52.778251,6aa55231ae678c2e1c4514fc,1407,2026-09-12 18:52:52.838001
8a510a0e3adc166c9112114778a2cb2f211ec8b28065b5d3e75893adbe5ed9e4,159,PNQ,DEL,PNQ-DEL,2026-09-13,2026-09-20,2026-09-12 18:52:52.840127,2026-09-12,1,0-3 days,Akasa Air,Round trip,INR,15269.0,15269.0,,,0,140.0,,,,95.0,,,WyJDalJJZEVaWmJXeEVOV3h1V2pSQlJXcFhlbEZDUnkwdExTMHRMUzB0TFMxd1ptMXpOVUZCUVVGQlIzRnNWV3BOUnpSUVpXVkJFZ1pSVURFNE56SWFDZ2lsZHhBQUdnTkpUbEk0SEhEcmZBPT0iLFtbIlBOUSIsIjIwMjYtMDktMTMiLCJERUwiLG51bGwsIlFQIiwiMTg3MiJdXV0=,SerpApi,Google Flights,2026,9,37,13,6,Sunday,September,True,18,15001-25000,9.633645398212678,False,17427.782608695652,-12.387018229264113,5,23,INR,2026-09-12 18:52:52.778251,6aa55231ae678c2e1c4514fc,1408,2026-09-12 18:52:52.840127
1b6823941422208dd6efe9d0c7b841a9de569705725552b70c453f8e51be6343,161,PNQ,HYD,PNQ-HYD,2026-09-13,2026-09-20,2026-09-12 18:53:11.553338,2026-09-12,1,0-3 days,Star Air,Round trip,INR,8940.0,8940.0,,,0,70.0,,,,93.0,,,WyJDalJJYjFwemNXOUxkVlJzTjJkQlFYQmpjV2RDUnkwdExTMHRMUzB0TFMxdmVXWnlOVUZCUVVGQlIzRnNWV3RqU1MxVE5HZEJFZ1ZUTlRFM05Cb0tDT3hGRUFBYUEwbE9VamdjY0l4SiIsW1siUE5RIiwiMjAyNi0wOS0xMyIsIkhZRCIsbnVsbCwiUzUiLCIxNzQiXV1d,SerpApi,Google Flights,2026,9,37,13,6,Sunday,September,True,18,7501-10000,9.098402718735318,False,10099.25,-11.478575141718439,2,8,INR,2026-09-12 18:53:11.548634,6aa552461a29fe9d1b581988,1419,2026-09-12 18:53:11.553338
ea766ea445bb38fe0aaa5e6ebcd0b2e2e4ad9ef45ba6895275e35f55a7409fa6,161,PNQ,HYD,PNQ-HYD,2026-09-13,2026-09-20,2026-09-12 18:53:11.562917,2026-09-12,1,0-3 days,IndiGo,Round trip,INR,9095.0,9095.0,,,0,80.0,,,,50.0,,,WyJDalJJYjFwemNXOUxkVlJzTjJkQlFYQmpjV2RDUnkwdExTMHRMUzB0TFMxdmVXWnlOVUZCUVVGQlIzRnNWV3RqU1MxVE5HZEJFZ1UyUlRNek5ob0tDSWRIRUFBYUEwbE9VamdjY0s1SyIsW1siUE5RIiwiMjAyNi0wOS0xMyIsIkhZRCIsbnVsbCwiNkUiLCIzMzYiXV1d,SerpApi,Google Flights,2026,9,37,13,6,Sunday,September,True,18,7501-10000,9.115590035430372,False,10099.25,-9.943807708493202,2,8,INR,2026-09-12 18:53:11.548634,6aa552461a29fe9d1b581988,1420,2026-09-12 18:53:11.562917
36faa19d0a10a7c846f44061a18184f77a4dec92d4cf0ce27f0cef87db4bd896,161,PNQ,HYD,PNQ-HYD,2026-09-13,2026-09-20,2026-09-12 18:53:11.568445,2026-09-12,1,0-3 days,IndiGo,Round trip,INR,9777.0,9777.0,,,0,90.0,,,,50.0,,,WyJDalJJYjFwemNXOUxkVlJzTjJkQlFYQmpjV2RDUnkwdExTMHRMUzB0TFMxdmVXWnlOVUZCUVVGQlIzRnNWV3RqU1MxVE5HZEJFZ1kyUlRZME56TWFDZ2l4VEJBQUdnTkpUbEk0SEhENFR3PT0iLFtbIlBOUSIsIjIwMjYtMDktMTMiLCJIWUQiLG51bGwsIjZFIiwiNjQ3MyJdXV0=,SerpApi,Google Flights,2026,9,37,13,6,Sunday,September,True,18,7501-10000,9.187890243138591,False,10099.25,-3.1908310023021524,2,8,INR,2026-09-12 18:53:11.548634,6aa552461a29fe9d1b581988,1422,2026-09-12 18:53:11.568445
3d97e1b3d52569c33541ceed4525654fef616d863eb2b5c23bb799cfba0c5a3f,161,PNQ,HYD,PNQ-HYD,2026-09-13,2026-09-20,2026-09-12 18:53:11.571120,2026-09-12,1,0-3 days,IndiGo,Round trip,INR,10092.0,10092.0,,,0,80.0,,,,54.0,,,WyJDalJJYjFwemNXOUxkVlJzTjJkQlFYQmpjV2RDUnkwdExTMHRMUzB0TFMxdmVXWnlOVUZCUVVGQlIzRnNWV3RqU1MxVE5HZEJFZ1UyUlRVM054b0tDT3hPRUFBYUEwbE9VamdjY01GUyIsW1siUE5RIiwiMjAyNi0wOS0xMyIsIkhZRCIsbnVsbCwiNkUiLCI1NzciXV1d,SerpApi,Google Flights,2026,9,37,13,6,Sunday,September,True,18,10001-15000,9.219597393238859,False,10099.25,-0.0717875089734421,2,8,INR,2026-09-12 18:53:11.548634,6aa552461a29fe9d1b581988,1423,2026-09-12 18:53:11.571120
2f0f21961f058af2692d4f9b4c2666e9ca62b7214f25edc6d72578925c2e0543,161,PNQ,HYD,PNQ-HYD,2026-09-13,2026-09-20,2026-09-12 18:53:11.573860,2026-09-12,1,0-3 days,IndiGo,Round trip,INR,10722.0,10722.0,,,0,75.0,,,,54.0,,,WyJDalJJYjFwemNXOUxkVlJzTjJkQlFYQmpjV2RDUnkwdExTMHRMUzB0TFMxdmVXWnlOVUZCUVVGQlIzRnNWV3RqU1MxVE5HZEJFZ1UyUlRRd054b0tDT0pURUFBYUEwbE9VamdjY05WWCIsW1siUE5RIiwiMjAyNi0wOS0xMyIsIkhZRCIsbnVsbCwiNkUiLCI0MDciXV1d,SerpApi,Google Flights,2026,9,37,13,6,Sunday,September,True,18,10001-15000,9.280146246220145,False,10099.25,6.16629947768399,2,8,INR,2026-09-12 18:53:11.548634,6aa552461a29fe9d1b581988,1424,2026-09-12 18:53:11.573860
6820861ae905c6bf9d49072d24f263b08d279864d04cf6ca6e7ac0474178905c,161,PNQ,HYD,PNQ-HYD,2026-09-13,2026-09-20,2026-09-12 18:53:11.576214,2026-09-12,1,0-3 days,IndiGo,Round trip,INR,11457.0,11457.0,,,0,85.0,,,,50.0,,,WyJDalJJYjFwemNXOUxkVlJzTjJkQlFYQmpjV2RDUnkwdExTMHRMUzB0TFMxdmVXWnlOVUZCUVVGQlIzRnNWV3RqU1MxVE5HZEJFZ1UyUlRNMU1ob0tDTUZaRUFBYUEwbE9VamdjY05aZCIsW1siUE5RIiwiMjAyNi0wOS0xMyIsIkhZRCIsbnVsbCwiNkUiLCIzNTIiXV1d,SerpApi,Google Flights,2026,9,37,13,6,Sunday,September,True,18,10001-15000,9.346443454968522,False,10099.25,13.444067628784317,2,8,INR,2026-09-12 18:53:11.548634,6aa552461a29fe9d1b581988,1425,2026-09-12 18:53:11.576214
89244620bf636cda33a0804324a37a7139dc0cb346c067b2561b1f7f35cf3ef4,162,PNQ,MAA,PNQ-MAA,2026-09-13,2026-09-20,2026-09-12 18:53:19.467814,2026-09-12,1,0-3 days,Air India Express,Round trip,INR,11951.0,11951.0,,,0,115.0,,,,92.0,,,WyJDalJJU0VaYWJGWkZlWFU1ZFdOQlNFcDBWSGRDUnkwdExTMHRMUzB0TFMxMmRISnJNVUZCUVVGQlIzRnNWV3R6UlV4dWNqUkJFZ1pKV0RJMk5qQWFDZ2l2WFJBQUdnTkpUbEk0SEhEYllRPT0iLFtbIlBOUSIsIjIwMjYtMDktMTMiLCJNQUEiLG51bGwsIklYIiwiMjY2MCJdXV0=,SerpApi,Google Flights,2026,9,37,13,6,Sunday,September,True,18,10001-15000,9.388653907372598,False,11841.666666666666,0.9232934553131678,2,9,INR,2026-09-12 18:53:19.457387,6aa5524a12eb145bbd2199b7,1429,2026-09-12 18:53:19.467814
e330ac116f60502db25f88e1cecc5537be83551bf3475fe99008cbe9079b9eda,162,PNQ,MAA,PNQ-MAA,2026-09-13,2026-09-20,2026-09-12 18:53:19.469602,2026-09-12,1,0-3 days,IndiGo,Round trip,INR,9830.0,9830.0,,,0,110.0,,,,79.0,,,WyJDalJJU0VaYWJGWkZlWFU1ZFdOQlNFcDBWSGRDUnkwdExTMHRMUzB0TFMxMmRISnJNVUZCUVVGQlIzRnNWV3R6UlV4dWNqUkJFZ1UyUlRJek9Cb0tDT1pNRUFBYUEwbE9VamdjY0s5USIsW1siUE5RIiwiMjAyNi0wOS0xMyIsIk1BQSIsbnVsbCwiNkUiLCIyMzgiXV1d,SerpApi,Google Flights,2026,9,37,13,6,Sunday,September,True,18,7501-10000,9.193295937366925,False,11841.666666666666,-16.988036593947918,2,9,INR,2026-09-12 18:53:19.457387,6aa5524a12eb145bbd2199b7,1430,2026-09-12 18:53:19.469602
ec241290e9df86fabf3f77b8ef5c5ccc6d922a9e255ab062c106cfe1c5076125,162,PNQ,MAA,PNQ-MAA,2026-09-13,2026-09-20,2026-09-12 18:53:19.471295,2026-09-12,1,0-3 days,IndiGo,Round trip,INR,10268.0,10268.0,,,0,105.0,,,,75.0,,,WyJDalJJU0VaYWJGWkZlWFU1ZFdOQlNFcDBWSGRDUnkwdExTMHRMUzB0TFMxMmRISnJNVUZCUVVGQlIzRnNWV3R6UlV4dWNqUkJFZ1kyUlRZM01UUWFDZ2ljVUJBQUdnTkpUbEk0SEhENlV3PT0iLFtbIlBOUSIsIjIwMjYtMDktMTMiLCJNQUEiLG51bGwsIjZFIiwiNjcxNCJdXV0=,SerpApi,Google Flights,2026,9,37,13,6,Sunday,September,True,18,10001-15000,9.236884927198295,False,11841.666666666666,-13.28923293455313,2,9,INR,2026-09-12 18:53:19.457387,6aa5524a12eb145bbd2199b7,1431,2026-09-12 18:53:19.471295
2078582ab2bb5ecf61f3a2fbbcfeff9eaa522c4d3290a9a2c11efd29f9dc3ce3,162,PNQ,MAA,PNQ-MAA,2026-09-13,2026-09-20,2026-09-12 18:53:19.472883,2026-09-12,1,0-3 days,IndiGo,Round trip,INR,10551.0,10551.0,,,0,115.0,,,,75.0,,,WyJDalJJU0VaYWJGWkZlWFU1ZFdOQlNFcDBWSGRDUnkwdExTMHRMUzB0TFMxMmRISnJNVUZCUVVGQlIzRnNWV3R6UlV4dWNqUkJFZ1UyUlRZeU5Sb0tDTGRTRUFBYUEwbE9VamdjY0tKVyIsW1siUE5RIiwiMjAyNi0wOS0xMyIsIk1BQSIsbnVsbCwiNkUiLCI2MjUiXV1d,SerpApi,Google Flights,2026,9,37,13,6,Sunday,September,True,18,10001-15000,9.26407069439715,False,11841.666666666666,-10.899366643209007,2,9,INR,2026-09-12 18:53:19.457387,6aa5524a12eb145bbd2199b7,1432,2026-09-12 18:53:19.472883
0eaecbe274f329b9d406c665d37de0afe1909f7d12acd4f18fa2104b494cd596,162,PNQ,MAA,PNQ-MAA,2026-09-13,2026-09-20,2026-09-12 18:53:19.474452,2026-09-12,1,0-3 days,IndiGo,Round trip,INR,10801.0,10801.0,,,1,295.0,,,,101.0,,,WyJDalJJU0VaYWJGWkZlWFU1ZFdOQlNFcDBWSGRDUnkwdExTMHRMUzB0TFMxMmRISnJNVUZCUVVGQlIzRnNWV3R6UlV4dWNqUkJFZ3cyUlRNMU1udzJSVFl4TlRFYUNnaXhWQkFBR2dOSlRsSTRISENuV0E9PSIsW1siUE5RIiwiMjAyNi0wOS0xMyIsIkhZRCIsbnVsbCwiNkUiLCIzNTIiXSxbIkhZRCIsIjIwMjYtMDktMTMiLCJNQUEiLG51bGwsIjZFIiwiNjE1MSJdXV0=,SerpApi,Google Flights,2026,9,37,13,6,Sunday,September,True,18,10001-15000,9.287486581152837,False,11841.666666666666,-8.78817733990147,2,9,INR,2026-09-12 18:53:19.457387,6aa5524a12eb145bbd2199b7,1433,2026-09-12 18:53:19.474452
c7ca1e59a5920ce37f1c192c95ca70c3d135feb3972f3075dd312f47188cb507,162,PNQ,MAA,PNQ-MAA,2026-09-13,2026-09-20,2026-09-12 18:53:19.476464,2026-09-12,1,0-3 days,IndiGo,Round trip,INR,10801.0,10801.0,,,1,305.0,,,,99.0,,,WyJDalJJU0VaYWJGWkZlWFU1ZFdOQlNFcDBWSGRDUnkwdExTMHRMUzB0TFMxMmRISnJNVUZCUVVGQlIzRnNWV3R6UlV4dWNqUkJFZ3MyUlRNNU1YdzJSVGt3TkJvS0NMRlVFQUFhQTBsT1VqZ2NjS2RZIixbWyJQTlEiLCIyMDI2LTA5LTEzIiwiQkxSIixudWxsLCI2RSIsIjM5MSJdLFsiQkxSIiwiMjAyNi0wOS0xMyIsIk1BQSIsbnVsbCwiNkUiLCI5MDQiXV1d,SerpApi,Google Flights,2026,9,37,13,6,Sunday,September,True,18,10001-15000,9.287486581152837,False,11841.666666666666,-8.78817733990147,2,9,INR,2026-09-12 18:53:19.457387,6aa5524a12eb145bbd2199b7,1434,2026-09-12 18:53:19.476464
c75a65fde6c3af9cfc1de8aaa67af60965401a461f514336ef9012e7b0b486aa,162,PNQ,MAA,PNQ-MAA,2026-09-13,2026-09-20,2026-09-12 18:53:19.478528,2026-09-12,1,0-3 days,Air India Express,Round trip,INR,16581.0,16581.0,,,1,1260.0,,,,124.0,,,WyJDalJJU0VaYWJGWkZlWFU1ZFdOQlNFcDBWSGRDUnkwdExTMHRMUzB0TFMxMmRISnJNVUZCUVVGQlIzRnNWV3R6UlV4dWNqUkJFZzFKV0RJNE56UjhTVmd5TlRBMUdnc0l4WUVCRUFBYUEwbE9VamdjY01pSEFRPT0iLFtbIlBOUSIsIjIwMjYtMDktMTMiLCJCTFIiLG51bGwsIklYIiwiMjg3NCJdLFsiQkxSIiwiMjAyNi0wOS0xNCIsIk1BQSIsbnVsbCwiSVgiLCIyNTA1Il1dXQ==,SerpApi,Google Flights,2026,9,37,13,6,Sunday,September,True,18,15001-25000,9.716073048676163,True,11841.666666666666,40.02251935256862,2,9,INR,2026-09-12 18:53:19.457387,6aa5524a12eb145bbd2199b7,1435,2026-09-12 18:53:19.478528
68802c7b84a5a7b23069203584682c71dfe61f49c8be18a46632a16755528bd8,163,PNQ,CCU,PNQ-CCU,2026-09-13,2026-09-20,2026-09-12 18:53:27.823548,2026-09-12,1,0-3 days,IndiGo,Round trip,INR,13854.0,13854.0,,,0,155.0,,,,114.0,,,WyJDalJJTUU5T2MzcFhTVmxLTlhOQlMydHRiMEZDUnkwdExTMHRMUzB0TFhsc2JHc3lNRUZCUVVGQlIzRnNWV3hqVDFSc01YVkJFZ1kyUlRZNU1qRWFDZ2llYkJBQUdnTkpUbEk0SEhDaWNRPT0iLFtbIlBOUSIsIjIwMjYtMDktMTMiLCJDQ1UiLG51bGwsIjZFIiwiNjkyMSJdXV0=,SerpApi,Google Flights,2026,9,37,13,6,Sunday,September,True,18,10001-15000,9.536401457297078,False,16288.333333333334,-14.945257341655582,4,12,INR,2026-09-12 18:53:27.818459,6aa55252bde979d60b2ebe0e,1436,2026-09-12 18:53:27.823548
0c1813116fd05e5079d23060fdcbac7eb30f71bb439548e6f80a768d982933c2,163,PNQ,CCU,PNQ-CCU,2026-09-13,2026-09-20,2026-09-12 18:53:27.827091,2026-09-12,1,0-3 days,IndiGo,Round trip,INR,14397.0,14397.0,,,0,155.0,,,,120.0,,,WyJDalJJTUU5T2MzcFhTVmxLTlhOQlMydHRiMEZDUnkwdExTMHRMUzB0TFhsc2JHc3lNRUZCUVVGQlIzRnNWV3hqVDFSc01YVkJFZ1kyUlRZek5Ua2FDZ2k5Y0JBQUdnTkpUbEk0SEhEYmRRPT0iLFtbIlBOUSIsIjIwMjYtMDktMTMiLCJDQ1UiLG51bGwsIjZFIiwiNjM1OSJdXV0=,SerpApi,Google Flights,2026,9,37,13,6,Sunday,September,True,18,10001-15000,9.574844587029249,False,16288.333333333334,-11.61158293256933,4,12,INR,2026-09-12 18:53:27.818459,6aa55252bde979d60b2ebe0e,1437,2026-09-12 18:53:27.827091
229bf9dd26fdb41ce52f5fa50c09460a94c4e24befda8803c4335959390d630b,163,PNQ,CCU,PNQ-CCU,2026-09-13,2026-09-20,2026-09-12 18:53:27.830037,2026-09-12,1,0-3 days,IndiGo,Round trip,INR,14397.0,14397.0,,,0,150.0,,,,114.0,,,WyJDalJJTUU5T2MzcFhTVmxLTlhOQlMydHRiMEZDUnkwdExTMHRMUzB0TFhsc2JHc3lNRUZCUVVGQlIzRnNWV3hqVDFSc01YVkJFZ1kyUlRZMU5qRWFDZ2k5Y0JBQUdnTkpUbEk0SEhEYmRRPT0iLFtbIlBOUSIsIjIwMjYtMDktMTMiLCJDQ1UiLG51bGwsIjZFIiwiNjU2MSJdXV0=,SerpApi,Google Flights,2026,9,37,13,6,Sunday,September,True,18,10001-15000,9.574844587029249,False,16288.333333333334,-11.61158293256933,4,12,INR,2026-09-12 18:53:27.818459,6aa55252bde979d60b2ebe0e,1438,2026-09-12 18:53:27.830037
c80da8d4b068b86fc0f769548d324a2ae3c72ae3cabf643cb0f32e25e8f703dc,163,PNQ,CCU,PNQ-CCU,2026-09-13,2026-09-20,2026-09-12 18:53:27.833313,2026-09-12,1,0-3 days,Akasa Air,Round trip,INR,14799.0,14799.0,,,0,170.0,,,,119.0,,,WyJDalJJTUU5T2MzcFhTVmxLTlhOQlMydHRiMEZDUnkwdExTMHRMUzB0TFhsc2JHc3lNRUZCUVVGQlIzRnNWV3hqVDFSc01YVkJFZ1pSVURFMU5qTWFDZ2pQY3hBQUdnTkpUbEk0SEhEL2VBPT0iLFtbIlBOUSIsIjIwMjYtMDktMTMiLCJDQ1UiLG51bGwsIlFQIiwiMTU2MyJdXV0=,SerpApi,Google Flights,2026,9,37,13,6,Sunday,September,True,18,10001-15000,9.602382459752207,False,16288.333333333334,-9.143558784406025,4,12,INR,2026-09-12 18:53:27.818459,6aa55252bde979d60b2ebe0e,1439,2026-09-12 18:53:27.833313
521f4b916f5d213a2a939b42a2896b4790124e3786383a8f0167762b57df2cfd,163,PNQ,CCU,PNQ-CCU,2026-09-13,2026-09-20,2026-09-12 18:53:27.836583,2026-09-12,1,0-3 days,IndiGo,Round trip,INR,14913.0,14913.0,,,1,295.0,,,,147.0,,,WyJDalJJTUU5T2MzcFhTVmxLTlhOQlMydHRiMEZDUnkwdExTMHRMUzB0TFhsc2JHc3lNRUZCUVVGQlIzRnNWV3hqVDFSc01YVkJFZ3MyUlRVM04zdzJSVGswTkJvS0NNRjBFQUFhQTBsT1VqZ2NjUGQ1IixbWyJQTlEiLCIyMDI2LTA5LTEzIiwiSFlEIixudWxsLCI2RSIsIjU3NyJdLFsiSFlEIiwiMjAyNi0wOS0xMyIsIkNDVSIsbnVsbCwiNkUiLCI5NDQiXV1d,SerpApi,Google Flights,2026,9,37,13,6,Sunday,September,True,18,10001-15000,9.61005564810374,False,16288.333333333334,-8.44367133940449,4,12,INR,2026-09-12 18:53:27.818459,6aa55252bde979d60b2ebe0e,1440,2026-09-12 18:53:27.836583
edf454071abde7910acc9d0769bc7f5d746de5669816693717234d10a6b31ab4,163,PNQ,CCU,PNQ-CCU,2026-09-13,2026-09-20,2026-09-12 18:53:27.839606,2026-09-12,1,0-3 days,IndiGo,Round trip,INR,14834.0,14834.0,,,1,535.0,,,,142.0,,,WyJDalJJTUU5T2MzcFhTVmxLTlhOQlMydHRiMEZDUnkwdExTMHRMUzB0TFhsc2JHc3lNRUZCUVVGQlIzRnNWV3hqVDFSc01YVkJFZ3cyUlRZM09UaDhOa1U0TVRJYUNnanljeEFBR2dOSlRsSTRISENrZVE9PSIsW1siUE5RIiwiMjAyNi0wOS0xMyIsIk5BRyIsbnVsbCwiNkUiLCI2Nzk4Il0sWyJOQUciLCIyMDI2LTA5LTE0IiwiQ0NVIixudWxsLCI2RSIsIjgxMiJdXV0=,SerpApi,Google Flights,2026,9,37,13,6,Sunday,September,True,18,10001-15000,9.604744532724922,False,16288.333333333334,-8.928681060063449,4,12,INR,2026-09-12 18:53:27.818459,6aa55252bde979d60b2ebe0e,1441,2026-09-12 18:53:27.839606
aefdd59f89a83ed358a07b8c1506f39881a6b4c26a32a8ea40fc6fdbf215aad7,163,PNQ,CCU,PNQ-CCU,2026-09-13,2026-09-20,2026-09-12 18:53:27.843961,2026-09-12,1,0-3 days,IndiGo,Round trip,INR,14913.0,14913.0,,,1,375.0,,,,143.0,,,WyJDalJJTUU5T2MzcFhTVmxLTlhOQlMydHRiMEZDUnkwdExTMHRMUzB0TFhsc2JHc3lNRUZCUVVGQlIzRnNWV3hqVDFSc01YVkJFZ3cyUlRNek5udzJSVFkwT1RRYUNnakJkQkFBR2dOSlRsSTRISEQzZVE9PSIsW1siUE5RIiwiMjAyNi0wOS0xMyIsIkhZRCIsbnVsbCwiNkUiLCIzMzYiXSxbIkhZRCIsIjIwMjYtMDktMTMiLCJDQ1UiLG51bGwsIjZFIiwiNjQ5NCJdXV0=,SerpApi,Google Flights,2026,9,37,13,6,Sunday,September,True,18,10001-15000,9.61005564810374,False,16288.333333333334,-8.44367133940449,4,12,INR,2026-09-12 18:53:27.818459,6aa55252bde979d60b2ebe0e,1442,2026-09-12 18:53:27.843961
428c6dfce546fdfa17b22f4b9f7c7470c6710355fa63c36e819726029f715e42,163,PNQ,CCU,PNQ-CCU,2026-09-13,2026-09-20,2026-09-12 18:53:27.846562,2026-09-12,1,0-3 days,IndiGo,Round trip,INR,14913.0,14913.0,,,1,595.0,,,,143.0,,,WyJDalJJTUU5T2MzcFhTVmxLTlhOQlMydHRiMEZDUnkwdExTMHRMUzB0TFhsc2JHc3lNRUZCUVVGQlIzRnNWV3hqVDFSc01YVkJFZ3cyUlRNMU1udzJSVFk1TURjYUNnakJkQkFBR2dOSlRsSTRISEQzZVE9PSIsW1siUE5RIiwiMjAyNi0wOS0xMyIsIkhZRCIsbnVsbCwiNkUiLCIzNTIiXSxbIkhZRCIsIjIwMjYtMDktMTMiLCJDQ1UiLG51bGwsIjZFIiwiNjkwNyJdXV0=,SerpApi,Google Flights,2026,9,37,13,6,Sunday,September,True,18,10001-15000,9.61005564810374,False,16288.333333333334,-8.44367133940449,4,12,INR,2026-09-12 18:53:27.818459,6aa55252bde979d60b2ebe0e,1443,2026-09-12 18:53:27.846562
902ea3fb3bf325162b92ace5b6f5bbaa3081471a3324b82e0764abd63e7d98c5,163,PNQ,CCU,PNQ-CCU,2026-09-13,2026-09-20,2026-09-12 18:53:27.850062,2026-09-12,1,0-3 days,Air India,Round trip,INR,19815.0,19815.0,,,1,410.0,,,,226.0,,,WyJDalJJTUU5T2MzcFhTVmxLTlhOQlMydHRiMEZDUnkwdExTMHRMUzB0TFhsc2JHc3lNRUZCUVVGQlIzRnNWV3hqVDFSc01YVkJFZzFCU1RFNE1EUjhRVWt5TnpBeUdnc0k1NW9CRUFBYUEwbE9VamdjY0lHaUFRPT0iLFtbIlBOUSIsIjIwMjYtMDktMTMiLCJERUwiLG51bGwsIkFJIiwiMTgwNCJdLFsiREVMIiwiMjAyNi0wOS0xNCIsIkNDVSIsbnVsbCwiQUkiLCIyNzAyIl1dXQ==,SerpApi,Google Flights,2026,9,37,13,6,Sunday,September,True,18,15001-25000,9.894244971169195,True,16288.333333333334,21.65148879566152,4,12,INR,2026-09-12 18:53:27.818459,6aa55252bde979d60b2ebe0e,1444,2026-09-12 18:53:27.850062
02d1eb649c87a1ce1efa1b34a5a8b3b5d3c75f65854eb203516627a0a9b3aa7f,163,PNQ,CCU,PNQ-CCU,2026-09-13,2026-09-20,2026-09-12 18:53:27.852601,2026-09-12,1,0-3 days,Air India Express,Round trip,INR,29169.0,29169.0,,,1,300.0,,,,202.0,,,WyJDalJJTUU5T2MzcFhTVmxLTlhOQlMydHRiMEZDUnkwdExTMHRMUzB0TFhsc2JHc3lNRUZCUVVGQlIzRnNWV3hqVDFSc01YVkJFZzFKV0RFeU5EbDhTVmd4TWpRNUdnc0k4ZU1CRUFBYUEwbE9VamdjY0w3dUFRPT0iLFtbIlBOUSIsIjIwMjYtMDktMTMiLCJJWEIiLG51bGwsIklYIiwiMTI0OSJdLFsiSVhCIiwiMjAyNi0wOS0xMyIsIkNDVSIsbnVsbCwiSVgiLCIxMjQ5Il1dXQ==,SerpApi,Google Flights,2026,9,37,13,6,Sunday,September,True,18,25000+,10.280896062861768,True,16288.333333333334,79.07909546710323,4,12,INR,2026-09-12 18:53:27.818459,6aa55252bde979d60b2ebe0e,1445,2026-09-12 18:53:27.852601
6af50554373d3a035501585934dd22632ab90d2d869f33a454c6a74e7c362f99,164,PNQ,AMD,PNQ-AMD,2026-09-13,2026-09-20,2026-09-12 18:53:31.148081,2026-09-12,1,0-3 days,IndiGo,Round trip,INR,7066.0,7066.0,,,0,80.0,,,,57.0,,,WyJDalJJYW1WNVEweDNhVmhTWWpSQlMwSnpUVUZDUnkwdExTMHRMUzB0TFMxdmEyUnFORUZCUVVGQlIzRnNWV3h6U0ZBdGN6aEJFZ1UyUlRVME54b0tDSm8zRUFBYUEwbE9VamdjY09NNSIsW1siUE5RIiwiMjAyNi0wOS0xMyIsIkFNRCIsbnVsbCwiNkUiLCI1NDciXV1d,SerpApi,Google Flights,2026,9,37,13,6,Sunday,September,True,18,5001-7500,8.863191340690854,False,8694.111111111111,-18.726596546832464,2,9,INR,2026-09-12 18:53:31.143003,6aa5525a14537b92661a80de,1446,2026-09-12 18:53:31.148081
c010266e18d72b4275f840fb07c9df87e7e509902a4069e01d46ee9e9a69f225,164,PNQ,AMD,PNQ-AMD,2026-09-13,2026-09-20,2026-09-12 18:53:31.151005,2026-09-12,1,0-3 days,Akasa Air,Round trip,INR,7533.0,7533.0,,,0,85.0,,,,54.0,,,WyJDalJJYW1WNVEweDNhVmhTWWpSQlMwSnpUVUZDUnkwdExTMHRMUzB0TFMxdmEyUnFORUZCUVVGQlIzRnNWV3h6U0ZBdGN6aEJFZ1pSVURFNU1UZ2FDZ2p0T2hBQUdnTkpUbEk0SEhETFBRPT0iLFtbIlBOUSIsIjIwMjYtMDktMTMiLCJBTUQiLG51bGwsIlFQIiwiMTkxOCJdXV0=,SerpApi,Google Flights,2026,9,37,13,6,Sunday,September,True,18,7501-10000,8.927181388251986,False,8694.111111111111,-13.35514460618299,2,9,INR,2026-09-12 18:53:31.143003,6aa5525a14537b92661a80de,1447,2026-09-12 18:53:31.151005
63e03b61db44188d0cfea6dc146890ecbdee062272e730ec781da4899d86f422,164,PNQ,AMD,PNQ-AMD,2026-09-13,2026-09-20,2026-09-12 18:53:31.154020,2026-09-12,1,0-3 days,IndiGo,Round trip,INR,8074.0,8074.0,,,0,70.0,,,,57.0,,,WyJDalJJYW1WNVEweDNhVmhTWWpSQlMwSnpUVUZDUnkwdExTMHRMUzB0TFMxdmEyUnFORUZCUVVGQlIzRnNWV3h6U0ZBdGN6aEJFZ1kyUlRJeE5UVWFDZ2lLUHhBQUdnTkpUbEk0SEhDQ1FnPT0iLFtbIlBOUSIsIjIwMjYtMDktMTMiLCJBTUQiLG51bGwsIjZFIiwiMjE1NSJdXV0=,SerpApi,Google Flights,2026,9,37,13,6,Sunday,September,True,18,7501-10000,8.996528148090857,False,8694.111111111111,-7.132541822689687,2,9,INR,2026-09-12 18:53:31.143003,6aa5525a14537b92661a80de,1448,2026-09-12 18:53:31.154020
3c7323de5c525fa6201fb7101ab4833b30a64dbd530402f3a72ada4d7e5545ba,164,PNQ,AMD,PNQ-AMD,2026-09-13,2026-09-20,2026-09-12 18:53:31.156693,2026-09-12,1,0-3 days,IndiGo,Round trip,INR,8630.0,8630.0,,,0,90.0,,,,52.0,,,WyJDalJJYW1WNVEweDNhVmhTWWpSQlMwSnpUVUZDUnkwdExTMHRMUzB0TFMxdmEyUnFORUZCUVVGQlIzRnNWV3h6U0ZBdGN6aEJFZ1UyUlRneE9Sb0tDTFpERUFBYUEwbE9VamdjY01kRyIsW1siUE5RIiwiMjAyNi0wOS0xMyIsIkFNRCIsbnVsbCwiNkUiLCI4MTkiXV1d,SerpApi,Google Flights,2026,9,37,13,6,Sunday,September,True,18,7501-10000,9.063115652219658,False,8694.111111111111,-0.7374084629442668,2,9,INR,2026-09-12 18:53:31.143003,6aa5525a14537b92661a80de,1449,2026-09-12 18:53:31.156693
6d6824c605583b52a0943ce3b415b7832ef7544373b030eb8fcb54ff8ac61ba1,164,PNQ,AMD,PNQ-AMD,2026-09-13,2026-09-20,2026-09-12 18:53:31.159811,2026-09-12,1,0-3 days,IndiGo,Round trip,INR,8830.0,8830.0,,,0,85.0,,,,52.0,,,WyJDalJJYW1WNVEweDNhVmhTWWpSQlMwSnpUVUZDUnkwdExTMHRMUzB0TFMxdmEyUnFORUZCUVVGQlIzRnNWV3h6U0ZBdGN6aEJFZ1kyUlRZMU5UTWFDZ2orUkJBQUdnTkpUbEk0SEhDWlNBPT0iLFtbIlBOUSIsIjIwMjYtMDktMTMiLCJBTUQiLG51bGwsIjZFIiwiNjU1MyJdXV0=,SerpApi,Google Flights,2026,9,37,13,6,Sunday,September,True,18,7501-10000,9.086023537468803,False,8694.111111111111,1.5629992204174048,2,9,INR,2026-09-12 18:53:31.143003,6aa5525a14537b92661a80de,1450,2026-09-12 18:53:31.159811
944844db571b6304577042b89578cd52909e0b05c419f702e7584d4db96e4651,164,PNQ,AMD,PNQ-AMD,2026-09-13,2026-09-20,2026-09-12 18:53:31.163008,2026-09-12,1,0-3 days,IndiGo,Round trip,INR,9072.0,9072.0,,,1,275.0,,,,93.0,,,WyJDalJJYW1WNVEweDNhVmhTWWpSQlMwSnpUVUZDUnkwdExTMHRMUzB0TFMxdmEyUnFORUZCUVVGQlIzRnNWV3h6U0ZBdGN6aEJFZ3cyUlRJNE5IdzJSVGN4TnpRYUNnandSaEFBR2dOSlRsSTRISENXU2c9PSIsW1siUE5RIiwiMjAyNi0wOS0xMyIsIklEUiIsbnVsbCwiNkUiLCIyODQiXSxbIklEUiIsIjIwMjYtMDktMTMiLCJBTUQiLG51bGwsIjZFIiwiNzE3NCJdXV0=,SerpApi,Google Flights,2026,9,37,13,6,Sunday,September,True,18,7501-10000,9.11305824916963,False,8694.111111111111,4.3464925172850055,2,9,INR,2026-09-12 18:53:31.143003,6aa5525a14537b92661a80de,1451,2026-09-12 18:53:31.163008
bef67215b84a152f65e0705fafdd0e6154736ddc1debe591fdaa92185f6ad2bf,164,PNQ,AMD,PNQ-AMD,2026-09-13,2026-09-20,2026-09-12 18:53:31.166317,2026-09-12,1,0-3 days,Akasa Air,Round trip,INR,9280.0,9280.0,,,0,85.0,,,,54.0,,,WyJDalJJYW1WNVEweDNhVmhTWWpSQlMwSnpUVUZDUnkwdExTMHRMUzB0TFMxdmEyUnFORUZCUVVGQlIzRnNWV3h6U0ZBdGN6aEJFZ1pSVURFNU1UWWFDZ2pBU0JBQUdnTkpUbEk0SEhEd1N3PT0iLFtbIlBOUSIsIjIwMjYtMDktMTMiLCJBTUQiLG51bGwsIlFQIiwiMTkxNiJdXV0=,SerpApi,Google Flights,2026,9,37,13,6,Sunday,September,True,18,7501-10000,9.135724578595394,False,8694.111111111111,6.73891650798113,2,9,INR,2026-09-12 18:53:31.143003,6aa5525a14537b92661a80de,1452,2026-09-12 18:53:31.166317
bb0a32d4ade71e6c27f56be39530b3da0535e8c6e0668e0f7c7299514b9d31ad,165,PNQ,COK,PNQ-COK,2026-09-13,2026-09-20,2026-09-12 18:53:38.769285,2026-09-12,1,0-3 days,IndiGo,Round trip,INR,15553.0,15553.0,,,1,265.0,,,,110.0,,,WyJDalJJZVZCM05tUXhORnB6YkRoQlNGVnhNMEZDUnkwdExTMHRMUzEyZDNreE9DMXVNVUZCUVVGQlIzRnNWVzFCUkVKWVlsZEJFZ3MyUlRNd01udzJSVEUwTkJvS0NNRjVFQUFhQTBsT1VqZ2NjSlIvIixbWyJQTlEiLCIyMDI2LTA5LTEzIiwiQkxSIixudWxsLCI2RSIsIjMwMiJdLFsiQkxSIiwiMjAyNi0wOS0xMyIsIkNPSyIsbnVsbCwiNkUiLCIxNDQiXV1d,SerpApi,Google Flights,2026,9,37,13,6,Sunday,September,True,18,15001-25000,9.652073119254888,False,25499.8,-39.0073647636452,4,15,INR,2026-09-12 18:53:38.766448,6aa5525d2f5ea0dc1b46ccda,1454,2026-09-12 18:53:38.769285
99084a2b5d4ad672947836440964614ebdb07da49b6571307a0c7fafd9eb8c57,165,PNQ,COK,PNQ-COK,2026-09-13,2026-09-20,2026-09-12 18:53:38.772164,2026-09-12,1,0-3 days,IndiGo,Round trip,INR,17430.0,17430.0,,,0,105.0,,,,81.0,,,WyJDalJJZVZCM05tUXhORnB6YkRoQlNGVnhNMEZDUnkwdExTMHRMUzEyZDNreE9DMXVNVUZCUVVGQlIzRnNWVzFCUkVKWVlsZEJFZ1kyUlRZeE1qa2FDd2lXaUFFUUFCb0RTVTVTT0J4d3dZNEIiLFtbIlBOUSIsIjIwMjYtMDktMTMiLCJDT0siLG51bGwsIjZFIiwiNjEyOSJdXV0=,SerpApi,Google Flights,2026,9,37,13,6,Sunday,September,True,18,15001-25000,9.766005509214866,False,25499.8,-31.64652271782523,4,15,INR,2026-09-12 18:53:38.766448,6aa5525d2f5ea0dc1b46ccda,1455,2026-09-12 18:53:38.772164
c1b19eaae682be73222e49505816768f27f9a52a9d6db86a8a34e9e316cd9ffa,165,PNQ,COK,PNQ-COK,2026-09-13,2026-09-20,2026-09-12 18:53:38.774418,2026-09-12,1,0-3 days,Air India Express,Round trip,INR,18815.0,18815.0,,,0,115.0,,,,109.0,,,WyJDalJJZVZCM05tUXhORnB6YkRoQlNGVnhNMEZDUnkwdExTMHRMUzEyZDNreE9DMXVNVUZCUVVGQlIzRnNWVzFCUkVKWVlsZEJFZ1pKV0RJM016a2FDd2ova2dFUUFCb0RTVTVTT0J4dzZwa0IiLFtbIlBOUSIsIjIwMjYtMDktMTMiLCJDT0siLG51bGwsIklYIiwiMjczOSJdXV0=,SerpApi,Google Flights,2026,9,37,13,6,Sunday,September,True,18,15001-25000,9.842462850698354,False,25499.8,-26.21510756947113,4,15,INR,2026-09-12 18:53:38.766448,6aa5525d2f5ea0dc1b46ccda,1456,2026-09-12 18:53:38.774418
a7e6b536b92b83602c7efd0fc976afa54269afc7d390416fc4e706bcfc9a7365,165,PNQ,COK,PNQ-COK,2026-09-13,2026-09-20,2026-09-12 18:53:38.777652,2026-09-12,1,0-3 days,IndiGo,Round trip,INR,15553.0,15553.0,,,1,430.0,,,,118.0,,,WyJDalJJZVZCM05tUXhORnB6YkRoQlNGVnhNMEZDUnkwdExTMHRMUzEyZDNreE9DMXVNVUZCUVVGQlIzRnNWVzFCUkVKWVlsZEJFZ3MyUlRNek5udzJSVGMxTWhvS0NNRjVFQUFhQTBsT1VqZ2NjSlIvIixbWyJQTlEiLCIyMDI2LTA5LTEzIiwiSFlEIixudWxsLCI2RSIsIjMzNiJdLFsiSFlEIiwiMjAyNi0wOS0xMyIsIkNPSyIsbnVsbCwiNkUiLCI3NTIiXV1d,SerpApi,Google Flights,2026,9,37,13,6,Sunday,September,True,18,15001-25000,9.652073119254888,False,25499.8,-39.0073647636452,4,15,INR,2026-09-12 18:53:38.766448,6aa5525d2f5ea0dc1b46ccda,1457,2026-09-12 18:53:38.777652
b7d763345168037dc62b3806c0637b9b301a9c08bdbd2ea33ce4660d8ef35a68,165,PNQ,COK,PNQ-COK,2026-09-13,2026-09-20,2026-09-12 18:53:38.780713,2026-09-12,1,0-3 days,IndiGo,Round trip,INR,15553.0,15553.0,,,1,290.0,,,,105.0,,,WyJDalJJZVZCM05tUXhORnB6YkRoQlNGVnhNMEZDUnkwdExTMHRMUzEyZDNreE9DMXVNVUZCUVVGQlIzRnNWVzFCUkVKWVlsZEJFZ3cyUlRNNU1YdzJSVFkwTkRVYUNnakJlUkFBR2dOSlRsSTRISENVZnc9PSIsW1siUE5RIiwiMjAyNi0wOS0xMyIsIkJMUiIsbnVsbCwiNkUiLCIzOTEiXSxbIkJMUiIsIjIwMjYtMDktMTMiLCJDT0siLG51bGwsIjZFIiwiNjQ0NSJdXV0=,SerpApi,Google Flights,2026,9,37,13,6,Sunday,September,True,18,15001-25000,9.652073119254888,False,25499.8,-39.0073647636452,4,15,INR,2026-09-12 18:53:38.766448,6aa5525d2f5ea0dc1b46ccda,1458,2026-09-12 18:53:38.780713
9a83f420fceac60348c31dc1d7a24983a110ab689843416bf33a1bd9512af414,165,PNQ,COK,PNQ-COK,2026-09-13,2026-09-20,2026-09-12 18:53:38.784060,2026-09-12,1,0-3 days,IndiGo,Round trip,INR,15553.0,15553.0,,,1,275.0,,,,114.0,,,WyJDalJJZVZCM05tUXhORnB6YkRoQlNGVnhNMEZDUnkwdExTMHRMUzEyZDNreE9DMXVNVUZCUVVGQlIzRnNWVzFCUkVKWVlsZEJFZ3MyUlRFek4zdzJSVFF6TlJvS0NNRjVFQUFhQTBsT1VqZ2NjSlIvIixbWyJQTlEiLCIyMDI2LTA5LTEzIiwiQkxSIixudWxsLCI2RSIsIjEzNyJdLFsiQkxSIiwiMjAyNi0wOS0xMyIsIkNPSyIsbnVsbCwiNkUiLCI0MzUiXV1d,SerpApi,Google Flights,2026,9,37,13,6,Sunday,September,True,18,15001-25000,9.652073119254888,False,25499.8,-39.0073647636452,4,15,INR,2026-09-12 18:53:38.766448,6aa5525d2f5ea0dc1b46ccda,1459,2026-09-12 18:53:38.784060
0859e5ab7aced5e0428009d23ec73683b3ce975b4857cf5cf45b8013fb4dbaee,165,PNQ,COK,PNQ-COK,2026-09-13,2026-09-20,2026-09-12 18:53:38.787718,2026-09-12,1,0-3 days,IndiGo,Round trip,INR,15553.0,15553.0,,,1,495.0,,,,110.0,,,WyJDalJJZVZCM05tUXhORnB6YkRoQlNGVnhNMEZDUnkwdExTMHRMUzEyZDNreE9DMXVNVUZCUVVGQlIzRnNWVzFCUkVKWVlsZEJFZ3cyUlRZd05UVjhOa1UzTmpNYUNnakJlUkFBR2dOSlRsSTRISENVZnc9PSIsW1siUE5RIiwiMjAyNi0wOS0xMyIsIkJMUiIsbnVsbCwiNkUiLCI2MDU1Il0sWyJCTFIiLCIyMDI2LTA5LTE0IiwiQ09LIixudWxsLCI2RSIsIjc2MyJdXV0=,SerpApi,Google Flights,2026,9,37,13,6,Sunday,September,True,18,15001-25000,9.652073119254888,False,25499.8,-39.0073647636452,4,15,INR,2026-09-12 18:53:38.766448,6aa5525d2f5ea0dc1b46ccda,1460,2026-09-12 18:53:38.787718
b042eabf4255189c21738a6f49c5b6b47163872bcd606f3c90b2a53928182148,165,PNQ,COK,PNQ-COK,2026-09-13,2026-09-20,2026-09-12 18:53:38.791283,2026-09-12,1,0-3 days,IndiGo,Round trip,INR,16088.0,16088.0,,,1,265.0,,,,107.0,,,WyJDalJJZVZCM05tUXhORnB6YkRoQlNGVnhNMEZDUnkwdExTMHRMUzEyZDNreE9DMXVNVUZCUVVGQlIzRnNWVzFCUkVKWVlsZEJFZzAyUlRZNE56ZDhOa1UzTURBMUdnb0kySDBRQUJvRFNVNVNPQnh3eElNQiIsW1siUE5RIiwiMjAyNi0wOS0xMyIsIkJMUiIsbnVsbCwiNkUiLCI2ODc3Il0sWyJCTFIiLCIyMDI2LTA5LTEzIiwiQ09LIixudWxsLCI2RSIsIjcwMDUiXV1d,SerpApi,Google Flights,2026,9,37,13,6,Sunday,September,True,18,15001-25000,9.685891087651035,False,25499.8,-36.90930909262033,4,15,INR,2026-09-12 18:53:38.766448,6aa5525d2f5ea0dc1b46ccda,1461,2026-09-12 18:53:38.791283
24c84b3f22b1b43d3f5f98abcc097bedd46d697db7b77c3a85862c426ed66b48,165,PNQ,COK,PNQ-COK,2026-09-13,2026-09-20,2026-09-12 18:53:38.794730,2026-09-12,1,0-3 days,Air India Express,Round trip,INR,16428.0,16428.0,,,1,605.0,,,,132.0,,,WyJDalJJZVZCM05tUXhORnB6YkRoQlNGVnhNMEZDUnkwdExTMHRMUzEyZDNreE9DMXVNVUZCUVVGQlIzRnNWVzFCUkVKWVlsZEJFZzFKV0RJNE16bDhTVmd5TmpjNEdnc0lySUFCRUFBYUEwbE9VamdjY0tpR0FRPT0iLFtbIlBOUSIsIjIwMjYtMDktMTMiLCJCTFIiLG51bGwsIklYIiwiMjgzOSJdLFsiQkxSIiwiMjAyNi0wOS0xNCIsIkNPSyIsbnVsbCwiSVgiLCIyNjc4Il1dXQ==,SerpApi,Google Flights,2026,9,37,13,6,Sunday,September,True,18,15001-25000,9.706803344906337,False,25499.8,-35.57596530168864,4,15,INR,2026-09-12 18:53:38.766448,6aa5525d2f5ea0dc1b46ccda,1462,2026-09-12 18:53:38.794730
214d7b1b5f4ac0439e8a7af08430cccd09a11487cc4e297dd8d4a5518ab38a2f,165,PNQ,COK,PNQ-COK,2026-09-13,2026-09-20,2026-09-12 18:53:38.797996,2026-09-12,1,0-3 days,Air India Express,Round trip,INR,17496.0,17496.0,,,1,395.0,,,,132.0,,,WyJDalJJZVZCM05tUXhORnB6YkRoQlNGVnhNMEZDUnkwdExTMHRMUzEyZDNreE9DMXVNVUZCUVVGQlIzRnNWVzFCUkVKWVlsZEJFZzFKV0RJMk9ERjhTVmd5TmpjNEdnc0kySWdCRUFBYUEwbE9VamdjY0lhUEFRPT0iLFtbIlBOUSIsIjIwMjYtMDktMTMiLCJCTFIiLG51bGwsIklYIiwiMjY4MSJdLFsiQkxSIiwiMjAyNi0wOS0xMyIsIkNPSyIsbnVsbCwiSVgiLCIyNjc4Il1dXQ==,SerpApi,Google Flights,2026,9,37,13,6,Sunday,September,True,18,15001-25000,9.76978471664462,False,25499.8,-31.38769715840909,4,15,INR,2026-09-12 18:53:38.766448,6aa5525d2f5ea0dc1b46ccda,1463,2026-09-12 18:53:38.797996
d78f62df627787bd5f22b0aea938ce0e875818133d7b30ffa3aafc598db87ba1,166,PNQ,GOI,PNQ-GOI,2026-09-13,2026-09-20,2026-09-12 18:53:48.374596,2026-09-12,1,0-3 days,IndiGo,Round trip,INR,19323.0,19323.0,,,1,370.0,,,,106.0,,,WyJDalJJT0VoSlYyUXRTVjlPUzFsQlMyVjFNR2RDUnkwdExTMHRMUzB0TFhsc2JIRXhPVUZCUVVGQlIzRnNWVzFqVHpGcFJrdEJFZ3MyUlRNMU1udzJSVE0yTWhvTENQdVdBUkFBR2dOSlRsSTRISEQrblFFPSIsW1siUE5RIiwiMjAyNi0wOS0xMyIsIkhZRCIsbnVsbCwiNkUiLCIzNTIiXSxbIkhZRCIsIjIwMjYtMDktMTMiLCJHT0kiLG51bGwsIjZFIiwiMzYyIl1dXQ==,SerpApi,Google Flights,2026,9,37,13,6,Sunday,September,True,18,15001-25000,9.869103125674297,False,29013.81818181818,-33.4006993532862,4,11,INR,2026-09-12 18:53:48.369282,6aa5526513f4b6fe0cd8a3e6,1464,2026-09-12 18:53:48.374596
093a5db3f0c652ad895924fbdfb8fa06e02bf84003c199f106cd3aa29c82b7ac,166,PNQ,GOI,PNQ-GOI,2026-09-13,2026-09-20,2026-09-12 18:53:48.379312,2026-09-12,1,0-3 days,IndiGo,Round trip,INR,19323.0,19323.0,,,1,355.0,,,,106.0,,,WyJDalJJT0VoSlYyUXRTVjlPUzFsQlMyVjFNR2RDUnkwdExTMHRMUzB0TFhsc2JIRXhPVUZCUVVGQlIzRnNWVzFqVHpGcFJrdEJFZ3cyUlRZME56TjhOa1V4TWpFYUN3ajdsZ0VRQUJvRFNVNVNPQnh3L3AwQiIsW1siUE5RIiwiMjAyNi0wOS0xMyIsIkhZRCIsbnVsbCwiNkUiLCI2NDczIl0sWyJIWUQiLCIyMDI2LTA5LTEzIiwiR09JIixudWxsLCI2RSIsIjEyMSJdXV0=,SerpApi,Google Flights,2026,9,37,13,6,Sunday,September,True,18,15001-25000,9.869103125674297,False,29013.81818181818,-33.4006993532862,4,11,INR,2026-09-12 18:53:48.369282,6aa5526513f4b6fe0cd8a3e6,1465,2026-09-12 18:53:48.379312
a271622279c72012a2596fccaa26cefe6457d5c32ad6448b6f0e755ced8cb158,166,PNQ,GOI,PNQ-GOI,2026-09-13,2026-09-20,2026-09-12 18:53:48.382254,2026-09-12,1,0-3 days,IndiGo,Round trip,INR,19323.0,19323.0,,,1,365.0,,,,106.0,,,WyJDalJJT0VoSlYyUXRTVjlPUzFsQlMyVjFNR2RDUnkwdExTMHRMUzB0TFhsc2JIRXhPVUZCUVVGQlIzRnNWVzFqVHpGcFJrdEJFZ3MyUlRRd04zdzJSVGs0TkJvTENQdVdBUkFBR2dOSlRsSTRISEQrblFFPSIsW1siUE5RIiwiMjAyNi0wOS0xMyIsIkhZRCIsbnVsbCwiNkUiLCI0MDciXSxbIkhZRCIsIjIwMjYtMDktMTMiLCJHT0kiLG51bGwsIjZFIiwiOTg0Il1dXQ==,SerpApi,Google Flights,2026,9,37,13,6,Sunday,September,True,18,15001-25000,9.869103125674297,False,29013.81818181818,-33.4006993532862,4,11,INR,2026-09-12 18:53:48.369282,6aa5526513f4b6fe0cd8a3e6,1466,2026-09-12 18:53:48.382254
6c4eb20701eab0aac7fe7a484928665739578041129c1095507bbe44df296f2e,166,PNQ,GOI,PNQ-GOI,2026-09-13,2026-09-20,2026-09-12 18:53:48.384739,2026-09-12,1,0-3 days,IndiGo,Round trip,INR,20017.0,20017.0,,,1,225.0,,,,110.0,,,WyJDalJJT0VoSlYyUXRTVjlPUzFsQlMyVjFNR2RDUnkwdExTMHRMUzB0TFhsc2JIRXhPVUZCUVVGQlIzRnNWVzFqVHpGcFJrdEJFZ3MyUlRRd04zdzJSVEV5TVJvTENMR2NBUkFBR2dOSlRsSTRISERVb3dFPSIsW1siUE5RIiwiMjAyNi0wOS0xMyIsIkhZRCIsbnVsbCwiNkUiLCI0MDciXSxbIkhZRCIsIjIwMjYtMDktMTMiLCJHT0kiLG51bGwsIjZFIiwiMTIxIl1dXQ==,SerpApi,Google Flights,2026,9,37,13,6,Sunday,September,True,18,15001-25000,9.904387147778964,False,29013.81818181818,-31.0087356494711,4,11,INR,2026-09-12 18:53:48.369282,6aa5526513f4b6fe0cd8a3e6,1467,2026-09-12 18:53:48.384739
6d882a5cb402172200c118d06a063170ca9120270e2e812c91cbed7f02689ce2,166,PNQ,GOI,PNQ-GOI,2026-09-13,2026-09-20,2026-09-12 18:53:48.387008,2026-09-12,1,0-3 days,IndiGo,Round trip,INR,24460.0,24460.0,,,0,65.0,,,,45.0,,,WyJDalJJT0VoSlYyUXRTVjlPUzFsQlMyVjFNR2RDUnkwdExTMHRMUzB0TFhsc2JIRXhPVUZCUVVGQlIzRnNWVzFqVHpGcFJrdEJFZ1UyUlRNMk54b0xDSXkvQVJBQUdnTkpUbEk0SEhEK3h3RT0iLFtbIlBOUSIsIjIwMjYtMDktMTMiLCJHT0kiLG51bGwsIjZFIiwiMzY3Il1dXQ==,SerpApi,Google Flights,2026,9,37,13,6,Sunday,September,True,18,15001-25000,10.10483529147988,False,29013.81818181818,-15.69534265804381,4,11,INR,2026-09-12 18:53:48.369282,6aa5526513f4b6fe0cd8a3e6,1468,2026-09-12 18:53:48.387008
ebd737046afde7ec5adaec84843e60e6868fb09f51be82bf2a2772cddce8c732,166,PNQ,GOI,PNQ-GOI,2026-09-13,2026-09-20,2026-09-12 18:53:48.389031,2026-09-12,1,0-3 days,Air India Express,Round trip,INR,24778.0,24778.0,,,1,595.0,,,,137.0,,,WyJDalJJT0VoSlYyUXRTVjlPUzFsQlMyVjFNR2RDUnkwdExTMHRMUzB0TFhsc2JIRXhPVUZCUVVGQlIzRnNWVzFqVHpGcFJrdEJFZzFKV0RJNE16bDhTVmd4TlRNNUdnc0l5c0VCRUFBYUEwbE9VamdjY01yS0FRPT0iLFtbIlBOUSIsIjIwMjYtMDktMTMiLCJCTFIiLG51bGwsIklYIiwiMjgzOSJdLFsiQkxSIiwiMjAyNi0wOS0xNCIsIkdPSSIsbnVsbCwiSVgiLCIxNTM5Il1dXQ==,SerpApi,Google Flights,2026,9,37,13,6,Sunday,September,True,18,15001-25000,10.117751799243743,False,29013.81818181818,-14.5993131799268,4,11,INR,2026-09-12 18:53:48.369282,6aa5526513f4b6fe0cd8a3e6,1469,2026-09-12 18:53:48.389031
62b04a649f32385bb715b3042a20697197b26324e709c842fa8e24251a3d0615,166,PNQ,GOI,PNQ-GOI,2026-09-13,2026-09-20,2026-09-12 18:53:48.391267,2026-09-12,1,0-3 days,Air India Express,Round trip,INR,26784.0,26784.0,,,1,515.0,,,,131.0,,,WyJDalJJT0VoSlYyUXRTVjlPUzFsQlMyVjFNR2RDUnkwdExTMHRMUzB0TFhsc2JIRXhPVUZCUVVGQlIzRnNWVzFqVHpGcFJrdEJFZzFKV0RJM01EWjhTVmd4TXpnMkdnc0lvTkVCRUFBYUEwbE9VamdjY1A3YUFRPT0iLFtbIlBOUSIsIjIwMjYtMDktMTMiLCJCTFIiLG51bGwsIklYIiwiMjcwNiJdLFsiQkxSIiwiMjAyNi0wOS0xMyIsIkdPSSIsbnVsbCwiSVgiLCIxMzg2Il1dXQ==,SerpApi,Google Flights,2026,9,37,13,6,Sunday,September,True,18,25000+,10.19559730831506,False,29013.81818181818,-7.68536622048428,4,11,INR,2026-09-12 18:53:48.369282,6aa5526513f4b6fe0cd8a3e6,1470,2026-09-12 18:53:48.391267
281e6107f0fd160861637018a3d040460b6722c4fd892807c889a5d2efe29e8f,166,PNQ,GOI,PNQ-GOI,2026-09-13,2026-09-20,2026-09-12 18:53:48.393632,2026-09-12,1,0-3 days,Air India Express,Round trip,INR,31231.0,31231.0,,,1,410.0,,,,246.0,,,WyJDalJJT0VoSlYyUXRTVjlPUzFsQlMyVjFNR2RDUnkwdExTMHRMUzB0TFhsc2JIRXhPVUZCUVVGQlIzRnNWVzFqVHpGcFJrdEJFZzFKV0RFMk56SjhTVmd4TURZNEdnc0kvL01CRUFBYUEwbE9VamdjY0t6L0FRPT0iLFtbIlBOUSIsIjIwMjYtMDktMTMiLCJERUwiLG51bGwsIklYIiwiMTY3MiJdLFsiREVMIiwiMjAyNi0wOS0xMyIsIkdPSSIsbnVsbCwiSVgiLCIxMDY4Il1dXQ==,SerpApi,Google Flights,2026,9,37,13,6,Sunday,September,True,18,25000+,10.349198489212819,False,29013.81818181818,7.641813305258949,4,11,INR,2026-09-12 18:53:48.369282,6aa5526513f4b6fe0cd8a3e6,1471,2026-09-12 18:53:48.393632
c9971f3f987155d19413657d64164ec950bbb18ba6cdd7fa7fbbb1989104282e,167,AMD,BLR,AMD-BLR,2026-09-13,2026-09-20,2026-09-12 18:53:56.568948,2026-09-12,1,0-3 days,IndiGo,Round trip,INR,15915.0,15915.0,,,0,140.0,,,,94.0,,,WyJDalJJWlV3d1dVSmhRV2swVWxGQlIwdHZNbEZDUnkwdExTMHRMUzB0TFhscFkzTTJOMEZCUVVGQlIzRnNWVzVSUzAxV1ozZEJFZ1UyUlRRNE1Sb0tDS3Q4RUFBYUEwbE9VamdjY0krQ0FRPT0iLFtbIkFNRCIsIjIwMjYtMDktMTMiLCJCTFIiLG51bGwsIjZFIiwiNDgxIl1dXQ==,SerpApi,Google Flights,2026,9,37,13,6,Sunday,September,True,18,15001-25000,9.675080171546819,False,18526.3125,-14.095155201554544,3,16,INR,2026-09-12 18:53:56.564196,6aa5526fe827071f0881f5e7,1472,2026-09-12 18:53:56.568948
5cc898d8eed9d38688f4d16c495c369d054c64a6ab80d8c891ff4567beecac30,167,AMD,BLR,AMD-BLR,2026-09-13,2026-09-20,2026-09-12 18:53:56.572221,2026-09-12,1,0-3 days,IndiGo,Round trip,INR,15915.0,15915.0,,,0,130.0,,,,94.0,,,WyJDalJJWlV3d1dVSmhRV2swVWxGQlIwdHZNbEZDUnkwdExTMHRMUzB0TFhscFkzTTJOMEZCUVVGQlIzRnNWVzVSUzAxV1ozZEJFZ1UyUlRrNU5ob0tDS3Q4RUFBYUEwbE9VamdjY0krQ0FRPT0iLFtbIkFNRCIsIjIwMjYtMDktMTMiLCJCTFIiLG51bGwsIjZFIiwiOTk2Il1dXQ==,SerpApi,Google Flights,2026,9,37,13,6,Sunday,September,True,18,15001-25000,9.675080171546819,False,18526.3125,-14.095155201554544,3,16,INR,2026-09-12 18:53:56.564196,6aa5526fe827071f0881f5e7,1473,2026-09-12 18:53:56.572221
18747cab5a124a697d2aa090c371123a3169fe1e92b296d4cb1637c1c829ceae,167,AMD,BLR,AMD-BLR,2026-09-13,2026-09-20,2026-09-12 18:53:56.575162,2026-09-12,1,0-3 days,IndiGo,Round trip,INR,16440.0,16440.0,,,0,140.0,,,,94.0,,,WyJDalJJWlV3d1dVSmhRV2swVWxGQlIwdHZNbEZDUnkwdExTMHRMUzB0TFhscFkzTTJOMEZCUVVGQlIzRnNWVzVSUzAxV1ozZEJFZ1UyUlRnMk14b0xDTGlBQVJBQUdnTkpUbEk0SEhDMWhnRT0iLFtbIkFNRCIsIjIwMjYtMDktMTMiLCJCTFIiLG51bGwsIjZFIiwiODYzIl1dXQ==,SerpApi,Google Flights,2026,9,37,13,6,Sunday,September,True,18,15001-25000,9.707533494010876,False,18526.3125,-11.261347880210915,3,16,INR,2026-09-12 18:53:56.564196,6aa5526fe827071f0881f5e7,1474,2026-09-12 18:53:56.575162
89579dd6d0821b9fb89a93897169720f051dd8e941bebe7e9b85fe6b22ddad5a,167,AMD,BLR,AMD-BLR,2026-09-13,2026-09-20,2026-09-12 18:53:56.577872,2026-09-12,1,0-3 days,IndiGo,Round trip,INR,17490.0,17490.0,,,0,145.0,,,,94.0,,,WyJDalJJWlV3d1dVSmhRV2swVWxGQlIwdHZNbEZDUnkwdExTMHRMUzB0TFhscFkzTTJOMEZCUVVGQlIzRnNWVzVSUzAxV1ozZEJFZ1UyUlRneU14b0xDTktJQVJBQUdnTkpUbEk0SEhEL2pnRT0iLFtbIkFNRCIsIjIwMjYtMDktMTMiLCJCTFIiLG51bGwsIjZFIiwiODIzIl1dXQ==,SerpApi,Google Flights,2026,9,37,13,6,Sunday,September,True,18,15001-25000,9.769441741907062,False,18526.3125,-5.593733237523657,3,16,INR,2026-09-12 18:53:56.564196,6aa5526fe827071f0881f5e7,1475,2026-09-12 18:53:56.577872
4242f51ef53c30f475c5b970a7573faae36927eabf7fb0e33f2cf92c2e1fbd10,167,AMD,BLR,AMD-BLR,2026-09-13,2026-09-20,2026-09-12 18:53:56.580898,2026-09-12,1,0-3 days,Akasa Air,Round trip,INR,17861.0,17861.0,,,0,140.0,,,,98.0,,,WyJDalJJWlV3d1dVSmhRV2swVWxGQlIwdHZNbEZDUnkwdExTMHRMUzB0TFhscFkzTTJOMEZCUVVGQlIzRnNWVzVSUzAxV1ozZEJFZ1pSVURFNU1ERWFDd2pGaXdFUUFCb0RTVTVTT0J4d2hKSUIiLFtbIkFNRCIsIjIwMjYtMDktMTMiLCJCTFIiLG51bGwsIlFQIiwiMTkwMSJdXV0=,SerpApi,Google Flights,2026,9,37,13,6,Sunday,September,True,18,15001-25000,9.790430830243832,False,18526.3125,-3.5911760637741597,3,16,INR,2026-09-12 18:53:56.564196,6aa5526fe827071f0881f5e7,1476,2026-09-12 18:53:56.580898
8d7a8e8ffc76719dc6b35d53d7552442990788ea86ab8a7c07de6348694232a3,167,AMD,BLR,AMD-BLR,2026-09-13,2026-09-20,2026-09-12 18:53:56.586082,2026-09-12,1,0-3 days,IndiGo,Round trip,INR,15903.0,15903.0,,,1,445.0,,,,125.0,,,WyJDalJJWlV3d1dVSmhRV2swVWxGQlIwdHZNbEZDUnkwdExTMHRMUzB0TFhscFkzTTJOMEZCUVVGQlIzRnNWVzVSUzAxV1ozZEJFZzAyUlRZME5qaDhOa1UxTXpneUdnb0luM3dRQUJvRFNVNVNPQnh3ZzRJQiIsW1siQU1EIiwiMjAyNi0wOS0xMyIsIkJPTSIsbnVsbCwiNkUiLCI2NDY4Il0sWyJCT00iLCIyMDI2LTA5LTEzIiwiQkxSIixudWxsLCI2RSIsIjUzODIiXV1d,SerpApi,Google Flights,2026,9,37,13,6,Sunday,September,True,18,15001-25000,9.674325928896355,False,18526.3125,-14.15992794032811,3,16,INR,2026-09-12 18:53:56.564196,6aa5526fe827071f0881f5e7,1478,2026-09-12 18:53:56.586082
63b776907da4a216f7e2890e3e52a5014fb85fb9dfae59e1ca4df25fc2d1d8ea,167,AMD,BLR,AMD-BLR,2026-09-13,2026-09-20,2026-09-12 18:53:56.589212,2026-09-12,1,0-3 days,IndiGo,Round trip,INR,15903.0,15903.0,,,1,480.0,,,,120.0,,,WyJDalJJWlV3d1dVSmhRV2swVWxGQlIwdHZNbEZDUnkwdExTMHRMUzB0TFhscFkzTTJOMEZCUVVGQlIzRnNWVzVSUzAxV1ozZEJFZzAyUlRVd056aDhOa1UxTWpJeEdnb0luM3dRQUJvRFNVNVNPQnh3ZzRJQiIsW1siQU1EIiwiMjAyNi0wOS0xMyIsIkJPTSIsbnVsbCwiNkUiLCI1MDc4Il0sWyJCT00iLCIyMDI2LTA5LTEzIiwiQkxSIixudWxsLCI2RSIsIjUyMjEiXV1d,SerpApi,Google Flights,2026,9,37,13,6,Sunday,September,True,18,15001-25000,9.674325928896355,False,18526.3125,-14.15992794032811,3,16,INR,2026-09-12 18:53:56.564196,6aa5526fe827071f0881f5e7,1479,2026-09-12 18:53:56.589212
688dcdd95a292e65116a42cdd9883b2f8f241de65a44b894fe63fc7423554634,167,AMD,BLR,AMD-BLR,2026-09-13,2026-09-20,2026-09-12 18:53:56.592118,2026-09-12,1,0-3 days,IndiGo,Round trip,INR,15903.0,15903.0,,,1,465.0,,,,129.0,,,WyJDalJJWlV3d1dVSmhRV2swVWxGQlIwdHZNbEZDUnkwdExTMHRMUzB0TFhscFkzTTJOMEZCUVVGQlIzRnNWVzVSUzAxV1ozZEJFZzAyUlRZd09UaDhOa1UyTlRBMUdnb0luM3dRQUJvRFNVNVNPQnh3ZzRJQiIsW1siQU1EIiwiMjAyNi0wOS0xMyIsIkhZRCIsbnVsbCwiNkUiLCI2MDk4Il0sWyJIWUQiLCIyMDI2LTA5LTEzIiwiQkxSIixudWxsLCI2RSIsIjY1MDUiXV1d,SerpApi,Google Flights,2026,9,37,13,6,Sunday,September,True,18,15001-25000,9.674325928896355,False,18526.3125,-14.15992794032811,3,16,INR,2026-09-12 18:53:56.564196,6aa5526fe827071f0881f5e7,1480,2026-09-12 18:53:56.592118
192a4a0abeecafdcdc6d2ee681dec35ced1ec88e36fbf41e21d25837ddb7b220,167,AMD,BLR,AMD-BLR,2026-09-13,2026-09-20,2026-09-12 18:53:56.595167,2026-09-12,1,0-3 days,IndiGo,Round trip,INR,15903.0,15903.0,,,1,435.0,,,,125.0,,,WyJDalJJWlV3d1dVSmhRV2swVWxGQlIwdHZNbEZDUnkwdExTMHRMUzB0TFhscFkzTTJOMEZCUVVGQlIzRnNWVzVSUzAxV1ozZEJFZzAyUlRVeE16bDhOa1UxTXpnNEdnb0luM3dRQUJvRFNVNVNPQnh3ZzRJQiIsW1siQU1EIiwiMjAyNi0wOS0xMyIsIkJPTSIsbnVsbCwiNkUiLCI1MTM5Il0sWyJCT00iLCIyMDI2LTA5LTEzIiwiQkxSIixudWxsLCI2RSIsIjUzODgiXV1d,SerpApi,Google Flights,2026,9,37,13,6,Sunday,September,True,18,15001-25000,9.674325928896355,False,18526.3125,-14.15992794032811,3,16,INR,2026-09-12 18:53:56.564196,6aa5526fe827071f0881f5e7,1481,2026-09-12 18:53:56.595167
4c288454a720945440a1d87c0519ccda92b6b0c13dd9f67233767a7a01471f72,167,AMD,BLR,AMD-BLR,2026-09-13,2026-09-20,2026-09-12 18:53:56.597940,2026-09-12,1,0-3 days,IndiGo,Round trip,INR,15903.0,15903.0,,,1,450.0,,,,125.0,,,WyJDalJJWlV3d1dVSmhRV2swVWxGQlIwdHZNbEZDUnkwdExTMHRMUzB0TFhscFkzTTJOMEZCUVVGQlIzRnNWVzVSUzAxV1ozZEJFZzAyUlRVeE5qQjhOa1UxTXpJekdnb0luM3dRQUJvRFNVNVNPQnh3ZzRJQiIsW1siQU1EIiwiMjAyNi0wOS0xMyIsIkJPTSIsbnVsbCwiNkUiLCI1MTYwIl0sWyJCT00iLCIyMDI2LTA5LTE0IiwiQkxSIixudWxsLCI2RSIsIjUzMjMiXV1d,SerpApi,Google Flights,2026,9,37,13,6,Sunday,September,True,18,15001-25000,9.674325928896355,False,18526.3125,-14.15992794032811,3,16,INR,2026-09-12 18:53:56.564196,6aa5526fe827071f0881f5e7,1482,2026-09-12 18:53:56.597940
29c21a9cd91058718f40039c86cb291b755c52735feafb0dab42893996803057,167,AMD,BLR,AMD-BLR,2026-09-13,2026-09-20,2026-09-12 18:53:56.600904,2026-09-12,1,0-3 days,IndiGo,Round trip,INR,16533.0,16533.0,,,1,280.0,,,,125.0,,,WyJDalJJWlV3d1dVSmhRV2swVWxGQlIwdHZNbEZDUnkwdExTMHRMUzB0TFhscFkzTTJOMEZCUVVGQlIzRnNWVzVSUzAxV1ozZEJFZzAyUlRVeE16bDhOa1UxTURNeUdnc0lsWUVCRUFBYUEwbE9VamdjY0phSEFRPT0iLFtbIkFNRCIsIjIwMjYtMDktMTMiLCJCT00iLG51bGwsIjZFIiwiNTEzOSJdLFsiQk9NIiwiMjAyNi0wOS0xMyIsIkJMUiIsbnVsbCwiNkUiLCI1MDMyIl1dXQ==,SerpApi,Google Flights,2026,9,37,13,6,Sunday,September,True,18,15001-25000,9.713174145812621,False,18526.3125,-10.759359154715764,3,16,INR,2026-09-12 18:53:56.564196,6aa5526fe827071f0881f5e7,1483,2026-09-12 18:53:56.600904
94c492b83f9a20c791539778d4179b2f081f6c3355023a4eead839b95e0ec552,167,AMD,BLR,AMD-BLR,2026-09-13,2026-09-20,2026-09-12 18:53:56.603764,2026-09-12,1,0-3 days,IndiGo,Round trip,INR,16664.0,16664.0,,,1,280.0,,,,118.0,,,WyJDalJJWlV3d1dVSmhRV2swVWxGQlIwdHZNbEZDUnkwdExTMHRMUzB0TFhscFkzTTJOMEZCUVVGQlIzRnNWVzVSUzAxV1ozZEJFZ3MyUlRVeU1udzJSVEV6TnhvTENKaUNBUkFBR2dOSlRsSTRISENmaUFFPSIsW1siQU1EIiwiMjAyNi0wOS0xMyIsIlBOUSIsbnVsbCwiNkUiLCI1MjIiXSxbIlBOUSIsIjIwMjYtMDktMTMiLCJCTFIiLG51bGwsIjZFIiwiMTM3Il1dXQ==,SerpApi,Google Flights,2026,9,37,13,6,Sunday,September,True,18,15001-25000,9.72106599074184,False,18526.3125,-10.05225675643764,3,16,INR,2026-09-12 18:53:56.564196,6aa5526fe827071f0881f5e7,1484,2026-09-12 18:53:56.603764
6e8208bbf46253ca346f59e5c7e970e7c147daaab109a24e6598f727cd90e9ea,167,AMD,BLR,AMD-BLR,2026-09-13,2026-09-20,2026-09-12 18:53:56.606741,2026-09-12,1,0-3 days,IndiGo,Round trip,INR,17356.0,17356.0,,,1,235.0,,,,114.0,,,WyJDalJJWlV3d1dVSmhRV2swVWxGQlIwdHZNbEZDUnkwdExTMHRMUzB0TFhscFkzTTJOMEZCUVVGQlIzRnNWVzVSUzAxV1ozZEJFZ3cyUlRZNU9YdzJSVFk0TnpjYUN3ak1od0VRQUJvRFNVNVNPQnh3ODQwQiIsW1siQU1EIiwiMjAyNi0wOS0xMyIsIlBOUSIsbnVsbCwiNkUiLCI2OTkiXSxbIlBOUSIsIjIwMjYtMDktMTMiLCJCTFIiLG51bGwsIjZFIiwiNjg3NyJdXV0=,SerpApi,Google Flights,2026,9,37,13,6,Sunday,September,True,18,15001-25000,9.761751162220882,False,18526.3125,-6.317028820495175,3,16,INR,2026-09-12 18:53:56.564196,6aa5526fe827071f0881f5e7,1485,2026-09-12 18:53:56.606741
706ad6fb81819c8d61b6d5b45ee442bbbc05ada010f2a087b4ef59f4623f3355,168,AMD,DEL,AMD-DEL,2026-09-13,2026-09-20,2026-09-12 18:54:00.771675,2026-09-12,1,0-3 days,IndiGo,Round trip,INR,11154.0,11154.0,,,0,115.0,,,,66.0,,,WyJDalJJWWw4emRVUlVWbTVmU2tGQlIzTlFhV2RDUnkwdExTMHRMUzB0TFhaMGRHOHhORUZCUVVGQlIzRnNWVzVuUlRGd00zZEJFZ1kyUlRVek9EVWFDZ2lTVnhBQUdnTkpUbEk0SEhDWld3PT0iLFtbIkFNRCIsIjIwMjYtMDktMTMiLCJERUwiLG51bGwsIjZFIiwiNTM4NSJdXV0=,SerpApi,Google Flights,2026,9,37,13,6,Sunday,September,True,18,10001-15000,9.319643106866632,False,14267.0,-21.819583654587504,2,18,INR,2026-09-12 18:54:00.765840,6aa55277550cc4e70daaaf4d,1486,2026-09-12 18:54:00.771675
4ee9a44ecf5226b0462c00c2060a3095356077b2f2c10706e926d3952f283cca,168,AMD,DEL,AMD-DEL,2026-09-13,2026-09-20,2026-09-12 18:54:00.774849,2026-09-12,1,0-3 days,IndiGo,Round trip,INR,11535.0,11535.0,,,0,105.0,,,,66.0,,,WyJDalJJWWw4emRVUlVWbTVmU2tGQlIzTlFhV2RDUnkwdExTMHRMUzB0TFhaMGRHOHhORUZCUVVGQlIzRnNWVzVuUlRGd00zZEJFZ1kyUlRJeU1Ea2FDZ2lQV2hBQUdnTkpUbEk0SEhDb1hnPT0iLFtbIkFNRCIsIjIwMjYtMDktMTMiLCJERUwiLG51bGwsIjZFIiwiMjIwOSJdXV0=,SerpApi,Google Flights,2026,9,37,13,6,Sunday,September,True,18,10001-15000,9.353227859524731,False,14267.0,-19.149085301745284,2,18,INR,2026-09-12 18:54:00.765840,6aa55277550cc4e70daaaf4d,1487,2026-09-12 18:54:00.774849
22fd8d6f54b3d192a2260753ef2484564c04b6a2da0e74df908e79eef883cfca,168,AMD,DEL,AMD-DEL,2026-09-13,2026-09-20,2026-09-12 18:54:00.777359,2026-09-12,1,0-3 days,IndiGo,Round trip,INR,11535.0,11535.0,,,0,115.0,,,,66.0,,,WyJDalJJWWw4emRVUlVWbTVmU2tGQlIzTlFhV2RDUnkwdExTMHRMUzB0TFhaMGRHOHhORUZCUVVGQlIzRnNWVzVuUlRGd00zZEJFZ1kyUlRJek5EQWFDZ2lQV2hBQUdnTkpUbEk0SEhDb1hnPT0iLFtbIkFNRCIsIjIwMjYtMDktMTMiLCJERUwiLG51bGwsIjZFIiwiMjM0MCJdXV0=,SerpApi,Google Flights,2026,9,37,13,6,Sunday,September,True,18,10001-15000,9.353227859524731,False,14267.0,-19.149085301745284,2,18,INR,2026-09-12 18:54:00.765840,6aa55277550cc4e70daaaf4d,1488,2026-09-12 18:54:00.777359
adeab55649f09c8a03c813649f09da4340fd833f305a7ba58df31d4595bdf45e,168,AMD,DEL,AMD-DEL,2026-09-13,2026-09-20,2026-09-12 18:54:00.779768,2026-09-12,1,0-3 days,Air India,Round trip,INR,11724.0,11724.0,,,0,110.0,,,,79.0,,,WyJDalJJWWw4emRVUlVWbTVmU2tGQlIzTlFhV2RDUnkwdExTMHRMUzB0TFhaMGRHOHhORUZCUVVGQlIzRnNWVzVuUlRGd00zZEJFZ1pCU1RJNU5EWWFDZ2pNV3hBQUdnTkpUbEk0SEhEdFh3PT0iLFtbIkFNRCIsIjIwMjYtMDktMTMiLCJERUwiLG51bGwsIkFJIiwiMjk0NiJdXV0=,SerpApi,Google Flights,2026,9,37,13,6,Sunday,September,True,18,10001-15000,9.36947859331448,False,14267.0,-17.824349898366865,2,18,INR,2026-09-12 18:54:00.765840,6aa55277550cc4e70daaaf4d,1489,2026-09-12 18:54:00.779768
bacb8d90857d63b8cdd4c667c9e8db3efd13b91e5ed26b6708e5c27458f28715,168,AMD,DEL,AMD-DEL,2026-09-13,2026-09-20,2026-09-12 18:54:00.784840,2026-09-12,1,0-3 days,Air India,Round trip,INR,11524.0,11524.0,,,0,110.0,,,,103.0,,,WyJDalJJWWw4emRVUlVWbTVmU2tGQlIzTlFhV2RDUnkwdExTMHRMUzB0TFhaMGRHOHhORUZCUVVGQlIzRnNWVzVuUlRGd00zZEJFZ1ZCU1RnNE1ob0tDSVJhRUFBYUEwbE9VamdjY0p4ZSIsW1siQU1EIiwiMjAyNi0wOS0xMyIsIkRFTCIsbnVsbCwiQUkiLCI4ODIiXV1d,SerpApi,Google Flights,2026,9,37,13,6,Sunday,September,True,18,10001-15000,9.352273867864849,False,14267.0,-19.226186304058313,2,18,INR,2026-09-12 18:54:00.765840,6aa55277550cc4e70daaaf4d,1491,2026-09-12 18:54:00.784840
110dab23c85af007f7971546f259e7398141597e2d43f16c3a759215b6e103ff,168,AMD,DEL,AMD-DEL,2026-09-13,2026-09-20,2026-09-12 18:54:00.787204,2026-09-12,1,0-3 days,Air India,Round trip,INR,11724.0,11724.0,,,0,100.0,,,,100.0,,,WyJDalJJWWw4emRVUlVWbTVmU2tGQlIzTlFhV2RDUnkwdExTMHRMUzB0TFhaMGRHOHhORUZCUVVGQlIzRnNWVzVuUlRGd00zZEJFZ1ZCU1RReU5Cb0tDTXhiRUFBYUEwbE9VamdjY08xZiIsW1siQU1EIiwiMjAyNi0wOS0xMyIsIkRFTCIsbnVsbCwiQUkiLCI0MjQiXV1d,SerpApi,Google Flights,2026,9,37,13,6,Sunday,September,True,18,10001-15000,9.36947859331448,False,14267.0,-17.824349898366865,2,18,INR,2026-09-12 18:54:00.765840,6aa55277550cc4e70daaaf4d,1492,2026-09-12 18:54:00.787204
2023d1b540b21adc2eef72e51a9c9c3bac7ab0fdb726b45dd98c945603ff6329,168,AMD,DEL,AMD-DEL,2026-09-13,2026-09-20,2026-09-12 18:54:00.792034,2026-09-12,1,0-3 days,IndiGo,Round trip,INR,11745.0,11745.0,,,0,105.0,,,,66.0,,,WyJDalJJWWw4emRVUlVWbTVmU2tGQlIzTlFhV2RDUnkwdExTMHRMUzB0TFhaMGRHOHhORUZCUVVGQlIzRnNWVzVuUlRGd00zZEJFZ1UyUlRrNE1Cb0tDT0ZiRUFBYUEwbE9VamdjY0lOZyIsW1siQU1EIiwiMjAyNi0wOS0xMyIsIkRFTCIsbnVsbCwiNkUiLCI5ODAiXV1d,SerpApi,Google Flights,2026,9,37,13,6,Sunday,September,True,18,10001-15000,9.371268036082466,False,14267.0,-17.677157075769255,2,18,INR,2026-09-12 18:54:00.765840,6aa55277550cc4e70daaaf4d,1494,2026-09-12 18:54:00.792034
1cb35ece4afb30057637964d52fca70cce47058ccbfe65feb6b05d7bffa80ad5,168,AMD,DEL,AMD-DEL,2026-09-13,2026-09-20,2026-09-12 18:54:00.797135,2026-09-12,1,0-3 days,Air India,Round trip,INR,12002.0,12002.0,,,0,105.0,,,,79.0,,,WyJDalJJWWw4emRVUlVWbTVmU2tGQlIzTlFhV2RDUnkwdExTMHRMUzB0TFhaMGRHOHhORUZCUVVGQlIzRnNWVzVuUlRGd00zZEJFZ1pCU1RJMU5EWWFDZ2ppWFJBQUdnTkpUbEk0SEhDUVlnPT0iLFtbIkFNRCIsIjIwMjYtMDktMTMiLCJERUwiLG51bGwsIkFJIiwiMjU0NiJdXV0=,SerpApi,Google Flights,2026,9,37,13,6,Sunday,September,True,18,10001-15000,9.392911897525345,False,14267.0,-15.87579729445574,2,18,INR,2026-09-12 18:54:00.765840,6aa55277550cc4e70daaaf4d,1496,2026-09-12 18:54:00.797135
0585496a97429d6b04fd4c863c23b11f6971ec2c6fb58cfad1bc612c7592fc26,168,AMD,DEL,AMD-DEL,2026-09-13,2026-09-20,2026-09-12 18:54:00.799687,2026-09-12,1,0-3 days,Air India,Round trip,INR,12112.0,12112.0,,,0,110.0,,,,79.0,,,WyJDalJJWWw4emRVUlVWbTVmU2tGQlIzTlFhV2RDUnkwdExTMHRMUzB0TFhaMGRHOHhORUZCUVVGQlIzRnNWVzVuUlRGd00zZEJFZ1pCU1RJNU1EWWFDZ2pRWGhBQUdnTkpUbEk0SEhDRFl3PT0iLFtbIkFNRCIsIjIwMjYtMDktMTMiLCJERUwiLG51bGwsIkFJIiwiMjkwNiJdXV0=,SerpApi,Google Flights,2026,9,37,13,6,Sunday,September,True,18,10001-15000,9.402034535016803,False,14267.0,-15.104787271325437,2,18,INR,2026-09-12 18:54:00.765840,6aa55277550cc4e70daaaf4d,1497,2026-09-12 18:54:00.799687
39c8f7ede9983cf9872e4d6f688393d68bd6accd5ae02e41f57d6b4de7983f36,168,AMD,DEL,AMD-DEL,2026-09-13,2026-09-20,2026-09-12 18:54:00.802205,2026-09-12,1,0-3 days,Air India,Round trip,INR,12144.0,12144.0,,,0,95.0,,,,79.0,,,WyJDalJJWWw4emRVUlVWbTVmU2tGQlIzTlFhV2RDUnkwdExTMHRMUzB0TFhaMGRHOHhORUZCUVVGQlIzRnNWVzVuUlRGd00zZEJFZ1pCU1RJM01UWWFDZ2p3WGhBQUdnTkpUbEk0SEhDbFl3PT0iLFtbIkFNRCIsIjIwMjYtMDktMTMiLCJERUwiLG51bGwsIkFJIiwiMjcxNiJdXV0=,SerpApi,Google Flights,2026,9,37,13,6,Sunday,September,True,18,10001-15000,9.404672841436273,False,14267.0,-14.8804934464148,2,18,INR,2026-09-12 18:54:00.765840,6aa55277550cc4e70daaaf4d,1498,2026-09-12 18:54:00.802205
f0bde715f828d18e8d38cf6af422935451fcfd520942c0907e9142b228cabb99,168,AMD,DEL,AMD-DEL,2026-09-13,2026-09-20,2026-09-12 18:54:00.804350,2026-09-12,1,0-3 days,IndiGo,Round trip,INR,12375.0,12375.0,,,0,100.0,,,,66.0,,,WyJDalJJWWw4emRVUlVWbTVmU2tGQlIzTlFhV2RDUnkwdExTMHRMUzB0TFhaMGRHOHhORUZCUVVGQlIzRnNWVzVuUlRGd00zZEJFZ1kyUlRJeU5qTWFDZ2pYWUJBQUdnTkpUbEk0SEhDWFpRPT0iLFtbIkFNRCIsIjIwMjYtMDktMTMiLCJERUwiLG51bGwsIjZFIiwiMjI2MyJdXV0=,SerpApi,Google Flights,2026,9,37,13,6,Sunday,September,True,18,10001-15000,9.423514392252901,False,14267.0,-13.261372397841175,2,18,INR,2026-09-12 18:54:00.765840,6aa55277550cc4e70daaaf4d,1499,2026-09-12 18:54:00.804350
696092565832504db180021982591a9f906fcdca445f1e5d7520636a91e42c81,168,AMD,DEL,AMD-DEL,2026-09-13,2026-09-20,2026-09-12 18:54:00.806539,2026-09-12,1,0-3 days,Air India,Round trip,INR,12784.0,12784.0,,,0,130.0,,,,103.0,,,WyJDalJJWWw4emRVUlVWbTVmU2tGQlIzTlFhV2RDUnkwdExTMHRMUzB0TFhaMGRHOHhORUZCUVVGQlIzRnNWVzVuUlRGd00zZEJFZ1ZCU1RVek1ob0tDUEJqRUFBYUEwbE9VamdjY01ObyIsW1siQU1EIiwiMjAyNi0wOS0xMyIsIkRFTCIsbnVsbCwiQUkiLCI1MzIiXV1d,SerpApi,Google Flights,2026,9,37,13,6,Sunday,September,True,18,10001-15000,9.456027887725288,False,14267.0,-10.39461694820214,2,18,INR,2026-09-12 18:54:00.765840,6aa55277550cc4e70daaaf4d,1500,2026-09-12 18:54:00.806539
7fef57ec7460158af6b48b3711d507e9c8b6dc8e0b672bca7d10a2e4203d0e87,168,AMD,DEL,AMD-DEL,2026-09-13,2026-09-20,2026-09-12 18:54:00.809275,2026-09-12,1,0-3 days,IndiGo,Round trip,INR,13215.0,13215.0,,,0,100.0,,,,66.0,,,WyJDalJJWWw4emRVUlVWbTVmU2tGQlIzTlFhV2RDUnkwdExTMHRMUzB0TFhaMGRHOHhORUZCUVVGQlIzRnNWVzVuUlRGd00zZEJFZ1UyUlRrek1ob0tDSjluRUFBYUEwbE9VamdjY0lacyIsW1siQU1EIiwiMjAyNi0wOS0xMyIsIkRFTCIsbnVsbCwiNkUiLCI5MzIiXV1d,SerpApi,Google Flights,2026,9,37,13,6,Sunday,September,True,18,10001-15000,9.48918349576076,False,14267.0,-7.3736594939370566,2,18,INR,2026-09-12 18:54:00.765840,6aa55277550cc4e70daaaf4d,1501,2026-09-12 18:54:00.809275
2df7a8101dbd4fba491af5fffff85efd0124d311be23daecf943cf1dc0a67a01,168,AMD,DEL,AMD-DEL,2026-09-13,2026-09-20,2026-09-12 18:54:00.812176,2026-09-12,1,0-3 days,Air India,Round trip,INR,16995.0,16995.0,,,0,105.0,,,,103.0,,,WyJDalJJWWw4emRVUlVWbTVmU2tGQlIzTlFhV2RDUnkwdExTMHRMUzB0TFhaMGRHOHhORUZCUVVGQlIzRnNWVzVuUlRGd00zZEJFZ1pCU1RFeE1qRWFDd2pqaEFFUUFCb0RTVTVTT0J4dytZb0IiLFtbIkFNRCIsIjIwMjYtMDktMTMiLCJERUwiLG51bGwsIkFJIiwiMTEyMSJdXV0=,SerpApi,Google Flights,2026,9,37,13,6,Sunday,September,True,18,15001-25000,9.740733301234702,False,14267.0,19.121048573631462,2,18,INR,2026-09-12 18:54:00.765840,6aa55277550cc4e70daaaf4d,1502,2026-09-12 18:54:00.812176
c42a4060335577d265a18dfa07f2a73589553230315beb7d3ca094357c79a205,168,AMD,DEL,AMD-DEL,2026-09-13,2026-09-20,2026-09-12 18:54:00.815185,2026-09-12,1,0-3 days,Air India,Round trip,INR,37611.0,37611.0,,,0,110.0,,,,155.0,,,WyJDalJJWWw4emRVUlVWbTVmU2tGQlIzTlFhV2RDUnkwdExTMHRMUzB0TFhaMGRHOHhORUZCUVVGQlIzRnNWVzVuUlRGd00zZEJFZ1pCU1RFeE1UY2FDd2pycFFJUUFCb0RTVTVTT0J4d3dMTUMiLFtbIkFNRCIsIjIwMjYtMDktMTMiLCJERUwiLG51bGwsIkFJIiwiMTExNyJdXV0=,SerpApi,Google Flights,2026,9,37,13,6,Sunday,September,True,18,25000+,10.535078427396968,True,14267.0,163.62234527230672,2,18,INR,2026-09-12 18:54:00.765840,6aa55277550cc4e70daaaf4d,1503,2026-09-12 18:54:00.815185
0be003de911cc3c898ceedee05df8b3c9843d4fd148eb6a5e487b5fa296daedb,169,AMD,BOM,AMD-BOM,2026-09-13,2026-09-20,2026-09-12 18:54:04.455882,2026-09-12,1,0-3 days,IndiGo,Round trip,INR,8382.0,8382.0,,,0,90.0,,,,53.0,,,WyJDalJJTFc0ek1tdGljR3RXWW5kQlMyNVlWVUZDUnkwdExTMHRMUzB0TFMxNWJHOW9PRUZCUVVGQlIzRnNWVzUzUjA1RGRFdEJFZ1kyUlRZeU9EVWFDZ2krUVJBQUdnTkpUbEk0SEhERVJBPT0iLFtbIkFNRCIsIjIwMjYtMDktMTMiLCJCT00iLG51bGwsIjZFIiwiNjI4NSJdXV0=,SerpApi,Google Flights,2026,9,37,13,6,Sunday,September,True,18,7501-10000,9.033961124637857,False,9792.941176470587,-14.407736665064864,3,17,INR,2026-09-12 18:54:04.450907,6aa5527b1290d96a320d974b,1505,2026-09-12 18:54:04.455882
b5d1e263145426569783fe52f0b40cb08fb83cf0067fbae62a4a1267c5c34f3a,169,AMD,BOM,AMD-BOM,2026-09-13,2026-09-20,2026-09-12 18:54:04.460695,2026-09-12,1,0-3 days,Air India,Round trip,INR,8588.0,8588.0,,,0,105.0,,,,60.0,,,WyJDalJJTFc0ek1tdGljR3RXWW5kQlMyNVlWVUZDUnkwdExTMHRMUzB0TFMxNWJHOW9PRUZCUVVGQlIzRnNWVzUzUjA1RGRFdEJFZ1pCU1RJNU1UZ2FDZ2lNUXhBQUdnTkpUbEk0SEhDYlJnPT0iLFtbIkFNRCIsIjIwMjYtMDktMTMiLCJCT00iLG51bGwsIkFJIiwiMjkxOCJdXV0=,SerpApi,Google Flights,2026,9,37,13,6,Sunday,September,True,18,7501-10000,9.058237593766226,False,9792.941176470587,-12.30418068236424,3,17,INR,2026-09-12 18:54:04.450907,6aa5527b1290d96a320d974b,1506,2026-09-12 18:54:04.460695
0d518156e1ae28885b695c8e82014d71ff9dff54f637d8110edab8423c1f4e45,169,AMD,BOM,AMD-BOM,2026-09-13,2026-09-20,2026-09-12 18:54:04.464150,2026-09-12,1,0-3 days,Akasa Air,Round trip,INR,8926.0,8926.0,,,0,85.0,,,,52.0,,,WyJDalJJTFc0ek1tdGljR3RXWW5kQlMyNVlWVUZDUnkwdExTMHRMUzB0TFMxNWJHOW9PRUZCUVVGQlIzRnNWVzUzUjA1RGRFdEJFZ1pSVURFeE9UUWFDZ2plUlJBQUdnTkpUbEk0SEhEOVNBPT0iLFtbIkFNRCIsIjIwMjYtMDktMTMiLCJCT00iLG51bGwsIlFQIiwiMTE5NCJdXV0=,SerpApi,Google Flights,2026,9,37,13,6,Sunday,September,True,18,7501-10000,9.096835671179361,False,9792.941176470587,-8.852715040845737,3,17,INR,2026-09-12 18:54:04.450907,6aa5527b1290d96a320d974b,1507,2026-09-12 18:54:04.464150
bc3aeb3ee0effa47c658a7b43573633116043163638d067adf8b313ee3ecd8e5,169,AMD,BOM,AMD-BOM,2026-09-13,2026-09-20,2026-09-12 18:54:04.466872,2026-09-12,1,0-3 days,IndiGo,Round trip,INR,8643.0,8643.0,,,0,75.0,,,,49.0,,,WyJDalJJTFc0ek1tdGljR3RXWW5kQlMyNVlWVUZDUnkwdExTMHRMUzB0TFMxNWJHOW9PRUZCUVVGQlIzRnNWVzUzUjA1RGRFdEJFZ1kyUlRZek5URWFDZ2pEUXhBQUdnTkpUbEk0SEhEVlJnPT0iLFtbIkFNRCIsIjIwMjYtMDktMTMiLCJCT00iLG51bGwsIjZFIiwiNjM1MSJdXV0=,SerpApi,Google Flights,2026,9,37,13,6,Sunday,September,True,18,7501-10000,9.064620717626777,False,9792.941176470587,-11.742551657856792,3,17,INR,2026-09-12 18:54:04.450907,6aa5527b1290d96a320d974b,1508,2026-09-12 18:54:04.466872
7a08ecb39a607c0167ea5d48df3e78d9aa4fe61c4eda3f978d17cfb27b07eb7d,169,AMD,BOM,AMD-BOM,2026-09-13,2026-09-20,2026-09-12 18:54:04.469482,2026-09-12,1,0-3 days,IndiGo,Round trip,INR,9008.0,9008.0,,,0,95.0,,,,49.0,,,WyJDalJJTFc0ek1tdGljR3RXWW5kQlMyNVlWVUZDUnkwdExTMHRMUzB0TFMxNWJHOW9PRUZCUVVGQlIzRnNWVzUzUjA1RGRFdEJFZ1UyUlRnMk9Cb0tDTEJHRUFBYUEwbE9VamdjY05OSiIsW1siQU1EIiwiMjAyNi0wOS0xMyIsIkJPTSIsbnVsbCwiNkUiLCI4NjgiXV1d,SerpApi,Google Flights,2026,9,37,13,6,Sunday,September,True,18,7501-10000,9.10597935665144,False,9792.941176470587,-8.015377222489183,3,17,INR,2026-09-12 18:54:04.450907,6aa5527b1290d96a320d974b,1509,2026-09-12 18:54:04.469482
65b64978fe4ad765e2bda676e814bd3b4c08eb01b15f2d3b0d80e29d7f07ed99,169,AMD,BOM,AMD-BOM,2026-09-13,2026-09-20,2026-09-12 18:54:04.472107,2026-09-12,1,0-3 days,IndiGo,Round trip,INR,9012.0,9012.0,,,0,100.0,,,,49.0,,,WyJDalJJTFc0ek1tdGljR3RXWW5kQlMyNVlWVUZDUnkwdExTMHRMUzB0TFMxNWJHOW9PRUZCUVVGQlIzRnNWVzUzUjA1RGRFdEJFZ1kyUlRZeU1EVWFDZ2kwUmhBQUdnTkpUbEk0SEhEWFNRPT0iLFtbIkFNRCIsIjIwMjYtMDktMTMiLCJCT00iLG51bGwsIjZFIiwiNjIwNSJdXV0=,SerpApi,Google Flights,2026,9,37,13,6,Sunday,September,True,18,7501-10000,9.10642325855641,False,9792.941176470587,-7.974531475252277,3,17,INR,2026-09-12 18:54:04.450907,6aa5527b1290d96a320d974b,1510,2026-09-12 18:54:04.472107
fcf9cdaec20ddc2eef3a2478938fb50723631ccf61502b71b869a7578cb7a7b6,169,AMD,BOM,AMD-BOM,2026-09-13,2026-09-20,2026-09-12 18:54:04.474570,2026-09-12,1,0-3 days,Air India,Round trip,INR,9192.0,9192.0,,,0,105.0,,,,79.0,,,WyJDalJJTFc0ek1tdGljR3RXWW5kQlMyNVlWVUZDUnkwdExTMHRMUzB0TFMxNWJHOW9PRUZCUVVGQlIzRnNWVzUzUjA1RGRFdEJFZ1ZCU1RRNU5Cb0tDT2hIRUFBYUEwbE9VamdjY0pSTCIsW1siQU1EIiwiMjAyNi0wOS0xMyIsIkJPTSIsbnVsbCwiQUkiLCI0OTQiXV1d,SerpApi,Google Flights,2026,9,37,13,6,Sunday,September,True,18,7501-10000,9.126197603863755,False,9792.941176470587,-6.136472849591534,3,17,INR,2026-09-12 18:54:04.450907,6aa5527b1290d96a320d974b,1511,2026-09-12 18:54:04.474570
209cf3f30cf7d42729e1a49185ed5a8eab47afe63168f30ecde66f3d4c7321c6,169,AMD,BOM,AMD-BOM,2026-09-13,2026-09-20,2026-09-12 18:54:04.477286,2026-09-12,1,0-3 days,IndiGo,Round trip,INR,9483.0,9483.0,,,0,90.0,,,,62.0,,,WyJDalJJTFc0ek1tdGljR3RXWW5kQlMyNVlWVUZDUnkwdExTMHRMUzB0TFMxNWJHOW9PRUZCUVVGQlIzRnNWVzUzUjA1RGRFdEJFZ1kyUlRVeE5EWWFDZ2lMU2hBQUdnTkpUbEk0SEhERVRRPT0iLFtbIkFNRCIsIjIwMjYtMDktMTMiLCJCT00iLG51bGwsIjZFIiwiNTE0NiJdXV0=,SerpApi,Google Flights,2026,9,37,13,6,Sunday,September,True,18,7501-10000,9.157361447185297,False,9792.941176470587,-3.1649447381066675,3,17,INR,2026-09-12 18:54:04.450907,6aa5527b1290d96a320d974b,1512,2026-09-12 18:54:04.477286
d2eef3a2fe602acf2b528c76394a53a902462a7179baf0e397258568004f610d,169,AMD,BOM,AMD-BOM,2026-09-13,2026-09-20,2026-09-12 18:54:04.482236,2026-09-12,1,0-3 days,Air India,Round trip,INR,9560.0,9560.0,,,0,100.0,,,,79.0,,,WyJDalJJTFc0ek1tdGljR3RXWW5kQlMyNVlWVUZDUnkwdExTMHRMUzB0TFMxNWJHOW9PRUZCUVVGQlIzRnNWVzUzUjA1RGRFdEJFZ1pCU1RJMU1EUWFDZ2pZU2hBQUdnTkpUbEk0SEhDVlRnPT0iLFtbIkFNRCIsIjIwMjYtMDktMTMiLCJCT00iLG51bGwsIkFJIiwiMjUwNCJdXV0=,SerpApi,Google Flights,2026,9,37,13,6,Sunday,September,True,18,7501-10000,9.165447603085447,False,9792.941176470587,-2.3786641037962464,3,17,INR,2026-09-12 18:54:04.450907,6aa5527b1290d96a320d974b,1514,2026-09-12 18:54:04.482236
297ed291d4a08f10b2dd0b2d597c8f1f0870b46b9037f5b141e0b85f78c99c83,169,AMD,BOM,AMD-BOM,2026-09-13,2026-09-20,2026-09-12 18:54:04.486951,2026-09-12,1,0-3 days,IndiGo,Round trip,INR,9638.0,9638.0,,,0,85.0,,,,49.0,,,WyJDalJJTFc0ek1tdGljR3RXWW5kQlMyNVlWVUZDUnkwdExTMHRMUzB0TFMxNWJHOW9PRUZCUVVGQlIzRnNWVzUzUjA1RGRFdEJFZ1kyUlRVd056Z2FDZ2ltU3hBQUdnTkpUbEk0SEhEbVRnPT0iLFtbIkFNRCIsIjIwMjYtMDktMTMiLCJCT00iLG51bGwsIjZFIiwiNTA3OCJdXV0=,SerpApi,Google Flights,2026,9,37,13,6,Sunday,September,True,18,7501-10000,9.173572647783969,False,9792.941176470587,-1.5821720326765876,3,17,INR,2026-09-12 18:54:04.450907,6aa5527b1290d96a320d974b,1516,2026-09-12 18:54:04.486951
cc78248a072f968a9181f8f1a36cf1f4bc894e408533c1b15af19e3c1b5ba756,169,AMD,BOM,AMD-BOM,2026-09-13,2026-09-20,2026-09-12 18:54:04.489390,2026-09-12,1,0-3 days,Air India,Round trip,INR,9638.0,9638.0,,,0,105.0,,,,60.0,,,WyJDalJJTFc0ek1tdGljR3RXWW5kQlMyNVlWVUZDUnkwdExTMHRMUzB0TFMxNWJHOW9PRUZCUVVGQlIzRnNWVzUzUjA1RGRFdEJFZ1pCU1RJNU1UWWFDZ2ltU3hBQUdnTkpUbEk0SEhEbVRnPT0iLFtbIkFNRCIsIjIwMjYtMDktMTMiLCJCT00iLG51bGwsIkFJIiwiMjkxNiJdXV0=,SerpApi,Google Flights,2026,9,37,13,6,Sunday,September,True,18,7501-10000,9.173572647783969,False,9792.941176470587,-1.5821720326765876,3,17,INR,2026-09-12 18:54:04.450907,6aa5527b1290d96a320d974b,1517,2026-09-12 18:54:04.489390
c346973a51bec8ec791fa1ac63ea44ee48cd429acda523d38c4a6bd4420a0f87,169,AMD,BOM,AMD-BOM,2026-09-13,2026-09-20,2026-09-12 18:54:04.491814,2026-09-12,1,0-3 days,IndiGo,Round trip,INR,9638.0,9638.0,,,0,90.0,,,,53.0,,,WyJDalJJTFc0ek1tdGljR3RXWW5kQlMyNVlWVUZDUnkwdExTMHRMUzB0TFMxNWJHOW9PRUZCUVVGQlIzRnNWVzUzUjA1RGRFdEJFZ1kyUlRVeE5qQWFDZ2ltU3hBQUdnTkpUbEk0SEhEbVRnPT0iLFtbIkFNRCIsIjIwMjYtMDktMTMiLCJCT00iLG51bGwsIjZFIiwiNTE2MCJdXV0=,SerpApi,Google Flights,2026,9,37,13,6,Sunday,September,True,18,7501-10000,9.173572647783969,False,9792.941176470587,-1.5821720326765876,3,17,INR,2026-09-12 18:54:04.450907,6aa5527b1290d96a320d974b,1518,2026-09-12 18:54:04.491814
c96e6f5262ca536902302f588a57f70a4fc961225429af825ffdcff6d5688417,169,AMD,BOM,AMD-BOM,2026-09-13,2026-09-20,2026-09-12 18:54:04.494433,2026-09-12,1,0-3 days,IndiGo,Round trip,INR,10478.0,10478.0,,,0,80.0,,,,53.0,,,WyJDalJJTFc0ek1tdGljR3RXWW5kQlMyNVlWVUZDUnkwdExTMHRMUzB0TFMxNWJHOW9PRUZCUVVGQlIzRnNWVzUzUjA1RGRFdEJFZ1kyUlRVeE16a2FDZ2p1VVJBQUdnTkpUbEk0SEhEVlZRPT0iLFtbIkFNRCIsIjIwMjYtMDktMTMiLCJCT00iLG51bGwsIjZFIiwiNTEzOSJdXV0=,SerpApi,Google Flights,2026,9,37,13,6,Sunday,September,True,18,10001-15000,9.257128533474942,False,9792.941176470587,6.995434887073526,3,17,INR,2026-09-12 18:54:04.450907,6aa5527b1290d96a320d974b,1519,2026-09-12 18:54:04.494433
f0a1d2a6224ea570bb77a4b0a34081f9a7b7f85fd2770a464063af9150908482,169,AMD,BOM,AMD-BOM,2026-09-13,2026-09-20,2026-09-12 18:54:04.496687,2026-09-12,1,0-3 days,Air India,Round trip,INR,10909.0,10909.0,,,0,100.0,,,,79.0,,,WyJDalJJTFc0ek1tdGljR3RXWW5kQlMyNVlWVUZDUnkwdExTMHRMUzB0TFMxNWJHOW9PRUZCUVVGQlIzRnNWVzUzUjA1RGRFdEJFZ1pCU1RJME9UUWFDZ2lkVlJBQUdnTkpUbEk0SEhDWVdRPT0iLFtbIkFNRCIsIjIwMjYtMDktMTMiLCJCT00iLG51bGwsIkFJIiwiMjQ5NCJdXV0=,SerpApi,Google Flights,2026,9,37,13,6,Sunday,September,True,18,10001-15000,9.297435078827116,False,9792.941176470587,11.396564151850086,3,17,INR,2026-09-12 18:54:04.450907,6aa5527b1290d96a320d974b,1520,2026-09-12 18:54:04.496687
dfe8aafc139f3de49984b8723d54fb0d103f7483556e4aaab526d941ef59247d,170,AMD,HYD,AMD-HYD,2026-09-13,2026-09-20,2026-09-12 18:54:13.781825,2026-09-12,1,0-3 days,Star Air,Round trip,INR,13777.0,13777.0,,,1,170.0,,,,184.0,,,WyJDalJJWlV3d1dVSmhRV2swVWxGQlIwdHhkbWRDUnkwdExTMHRMUzB0TFhscFkzTTJOMEZCUVVGQlIzRnNWVzlCUm5kM2JHZEJFZ3RUTlRJeE9YeFROVEU1TnhvS0NORnJFQUFhQTBsT1VqZ2NjTkp3IixbWyJBTUQiLCIyMDI2LTA5LTEzIiwiTkRDIixudWxsLCJTNSIsIjIxOSJdLFsiTkRDIiwiMjAyNi0wOS0xMyIsIkhZRCIsbnVsbCwiUzUiLCIxOTciXV1d,SerpApi,Google Flights,2026,9,37,13,6,Sunday,September,True,18,10001-15000,9.530828396153142,False,18596.933333333334,-25.917893272725976,3,15,INR,2026-09-12 18:54:13.777051,6aa5527fbf04d5e4f9a6602f,1523,2026-09-12 18:54:13.781825
b6ccce47fe64ffca179584992c280299394b90799083e73e321ff0d8a6d20825,170,AMD,HYD,AMD-HYD,2026-09-13,2026-09-20,2026-09-12 18:54:13.784615,2026-09-12,1,0-3 days,IndiGo,Round trip,INR,14019.0,14019.0,,,0,95.0,,,,76.0,,,WyJDalJJWlV3d1dVSmhRV2swVWxGQlIwdHhkbWRDUnkwdExTMHRMUzB0TFhscFkzTTJOMEZCUVVGQlIzRnNWVzlCUm5kM2JHZEJFZ1kyUlRZM01qZ2FDZ2pEYlJBQUdnTkpUbEk0SEhEUGNnPT0iLFtbIkFNRCIsIjIwMjYtMDktMTMiLCJIWUQiLG51bGwsIjZFIiwiNjcyOCJdXV0=,SerpApi,Google Flights,2026,9,37,13,6,Sunday,September,True,18,10001-15000,9.54824016058858,False,18596.933333333334,-24.616603454332974,3,15,INR,2026-09-12 18:54:13.777051,6aa5527fbf04d5e4f9a6602f,1524,2026-09-12 18:54:13.784615
a109655a2ddf68abd60f1099c5da27e54e602a6a83d7ec941535c60871e36f9a,170,AMD,HYD,AMD-HYD,2026-09-13,2026-09-20,2026-09-12 18:54:13.786593,2026-09-12,1,0-3 days,IndiGo,Round trip,INR,14439.0,14439.0,,,0,110.0,,,,76.0,,,WyJDalJJWlV3d1dVSmhRV2swVWxGQlIwdHhkbWRDUnkwdExTMHRMUzB0TFhscFkzTTJOMEZCUVVGQlIzRnNWVzlCUm5kM2JHZEJFZ1kyUlRVeU1EZ2FDZ2puY0JBQUdnTkpUbEk0SEhDSGRnPT0iLFtbIkFNRCIsIjIwMjYtMDktMTMiLCJIWUQiLG51bGwsIjZFIiwiNTIwOCJdXV0=,SerpApi,Google Flights,2026,9,37,13,6,Sunday,September,True,18,10001-15000,9.577757412446818,False,18596.933333333334,-22.358166579436045,3,15,INR,2026-09-12 18:54:13.777051,6aa5527fbf04d5e4f9a6602f,1525,2026-09-12 18:54:13.786593
7e2fad51812a12dfc23e2ce68fe6bdae98345b90384caa26d39ebe4f0f2b087b,170,AMD,HYD,AMD-HYD,2026-09-13,2026-09-20,2026-09-12 18:54:13.789762,2026-09-12,1,0-3 days,IndiGo,Round trip,INR,14439.0,14439.0,,,0,105.0,,,,81.0,,,WyJDalJJWlV3d1dVSmhRV2swVWxGQlIwdHhkbWRDUnkwdExTMHRMUzB0TFhscFkzTTJOMEZCUVVGQlIzRnNWVzlCUm5kM2JHZEJFZ1kyUlRZd09UZ2FDZ2puY0JBQUdnTkpUbEk0SEhDSGRnPT0iLFtbIkFNRCIsIjIwMjYtMDktMTMiLCJIWUQiLG51bGwsIjZFIiwiNjA5OCJdXV0=,SerpApi,Google Flights,2026,9,37,13,6,Sunday,September,True,18,10001-15000,9.577757412446818,False,18596.933333333334,-22.358166579436045,3,15,INR,2026-09-12 18:54:13.777051,6aa5527fbf04d5e4f9a6602f,1526,2026-09-12 18:54:13.789762
00c5ed878ad9a0b268461edf32692593c1bbbb014c58763574f652b67b288110,170,AMD,HYD,AMD-HYD,2026-09-13,2026-09-20,2026-09-12 18:54:13.791835,2026-09-12,1,0-3 days,IndiGo,Round trip,INR,14964.0,14964.0,,,0,105.0,,,,81.0,,,WyJDalJJWlV3d1dVSmhRV2swVWxGQlIwdHhkbWRDUnkwdExTMHRMUzB0TFhscFkzTTJOMEZCUVVGQlIzRnNWVzlCUm5kM2JHZEJFZ1UyUlRnM09Sb0tDUFIwRUFBYUEwbE9VamdjY0t4NiIsW1siQU1EIiwiMjAyNi0wOS0xMyIsIkhZRCIsbnVsbCwiNkUiLCI4NzkiXV1d,SerpApi,Google Flights,2026,9,37,13,6,Sunday,September,True,18,10001-15000,9.6134694202868,False,18596.933333333334,-19.535120485814872,3,15,INR,2026-09-12 18:54:13.777051,6aa5527fbf04d5e4f9a6602f,1527,2026-09-12 18:54:13.791835
fa63fcba20a4abce38ce07489ac856427837d645b3762864144201ee6d48244c,170,AMD,HYD,AMD-HYD,2026-09-13,2026-09-20,2026-09-12 18:54:13.793876,2026-09-12,1,0-3 days,IndiGo,Round trip,INR,14570.0,14570.0,,,1,310.0,,,,100.0,,,WyJDalJJWlV3d1dVSmhRV2swVWxGQlIwdHhkbWRDUnkwdExTMHRMUzB0TFhscFkzTTJOMEZCUVVGQlIzRnNWVzlCUm5kM2JHZEJFZ3MyUlRZNU9YdzJSVE0xTWhvS0NPcHhFQUFhQTBsT1VqZ2NjSkIzIixbWyJBTUQiLCIyMDI2LTA5LTEzIiwiUE5RIixudWxsLCI2RSIsIjY5OSJdLFsiUE5RIiwiMjAyNi0wOS0xMyIsIkhZRCIsbnVsbCwiNkUiLCIzNTIiXV1d,SerpApi,Google Flights,2026,9,37,13,6,Sunday,September,True,18,10001-15000,9.586788531013854,False,18596.933333333334,-21.653749363694374,3,15,INR,2026-09-12 18:54:13.777051,6aa5527fbf04d5e4f9a6602f,1528,2026-09-12 18:54:13.793876
3e96270a0100f720ba3ce58884364137e989ca4bca612a33b64ad94531b94582,170,AMD,HYD,AMD-HYD,2026-09-13,2026-09-20,2026-09-12 18:54:13.796094,2026-09-12,1,0-3 days,IndiGo,Round trip,INR,14570.0,14570.0,,,1,315.0,,,,121.0,,,WyJDalJJWlV3d1dVSmhRV2swVWxGQlIwdHhkbWRDUnkwdExTMHRMUzB0TFhscFkzTTJOMEZCUVVGQlIzRnNWVzlCUm5kM2JHZEJFZzAyUlRVeE5EWjhOa1UxTVRjNEdnb0k2bkVRQUJvRFNVNVNPQnh3a0hjPSIsW1siQU1EIiwiMjAyNi0wOS0xMyIsIkJPTSIsbnVsbCwiNkUiLCI1MTQ2Il0sWyJCT00iLCIyMDI2LTA5LTEzIiwiSFlEIixudWxsLCI2RSIsIjUxNzgiXV1d,SerpApi,Google Flights,2026,9,37,13,6,Sunday,September,True,18,10001-15000,9.586788531013854,False,18596.933333333334,-21.653749363694374,3,15,INR,2026-09-12 18:54:13.777051,6aa5527fbf04d5e4f9a6602f,1529,2026-09-12 18:54:13.796094
8be0677b3b278a58db0024fe3ecdb9efb1b135118495c1d624d158ed25e15356,170,AMD,HYD,AMD-HYD,2026-09-13,2026-09-20,2026-09-12 18:54:13.798295,2026-09-12,1,0-3 days,IndiGo,Round trip,INR,14570.0,14570.0,,,1,255.0,,,,113.0,,,WyJDalJJWlV3d1dVSmhRV2swVWxGQlIwdHhkbWRDUnkwdExTMHRMUzB0TFhscFkzTTJOMEZCUVVGQlIzRnNWVzlCUm5kM2JHZEJFZzAyUlRVeE16bDhOa1UxTXpJMkdnb0k2bkVRQUJvRFNVNVNPQnh3a0hjPSIsW1siQU1EIiwiMjAyNi0wOS0xMyIsIkJPTSIsbnVsbCwiNkUiLCI1MTM5Il0sWyJCT00iLCIyMDI2LTA5LTEzIiwiSFlEIixudWxsLCI2RSIsIjUzMjYiXV1d,SerpApi,Google Flights,2026,9,37,13,6,Sunday,September,True,18,10001-15000,9.586788531013854,False,18596.933333333334,-21.653749363694374,3,15,INR,2026-09-12 18:54:13.777051,6aa5527fbf04d5e4f9a6602f,1530,2026-09-12 18:54:13.798295
e5aaf79cd4ce46652708e6df48f7959298540204a52f5b98a9da0bbc8ad8b16d,170,AMD,HYD,AMD-HYD,2026-09-13,2026-09-20,2026-09-12 18:54:13.800456,2026-09-12,1,0-3 days,Air India,Round trip,INR,15475.0,15475.0,,,1,820.0,,,,130.0,,,WyJDalJJWlV3d1dVSmhRV2swVWxGQlIwdHhkbWRDUnkwdExTMHRMUzB0TFhscFkzTTJOMEZCUVVGQlIzRnNWVzlCUm5kM2JHZEJFZzFCU1RJNU1UWjhRVWt5TmpJMUdnb0k4M2dRQUJvRFNVNVNPQnh3dzM0PSIsW1siQU1EIiwiMjAyNi0wOS0xMyIsIkJPTSIsbnVsbCwiQUkiLCIyOTE2Il0sWyJCT00iLCIyMDI2LTA5LTE0IiwiSFlEIixudWxsLCJBSSIsIjI2MjUiXV1d,SerpApi,Google Flights,2026,9,37,13,6,Sunday,September,True,18,15001-25000,9.647045715820404,False,18596.933333333334,-16.787355621356927,3,15,INR,2026-09-12 18:54:13.777051,6aa5527fbf04d5e4f9a6602f,1531,2026-09-12 18:54:13.800456
f6a2490eac8a15ece9af802f28bbe2e815dbe063364290f48efd95450bbbac5d,170,AMD,HYD,AMD-HYD,2026-09-13,2026-09-20,2026-09-12 18:54:13.802629,2026-09-12,1,0-3 days,Air India,Round trip,INR,21495.0,21495.0,,,1,275.0,,,,130.0,,,WyJDalJJWlV3d1dVSmhRV2swVWxGQlIwdHhkbWRDUnkwdExTMHRMUzB0TFhscFkzTTJOMEZCUVVGQlIzRnNWVzlCUm5kM2JHZEJFZzFCU1RJNE5EaDhRVWt5TlRNeEdnc0k5NmNCRUFBYUEwbE9VamdjY04rdkFRPT0iLFtbIkFNRCIsIjIwMjYtMDktMTMiLCJCT00iLG51bGwsIkFJIiwiMjg0OCJdLFsiQk9NIiwiMjAyNi0wOS0xMyIsIkhZRCIsbnVsbCwiQUkiLCIyNTMxIl1dXQ==,SerpApi,Google Flights,2026,9,37,13,6,Sunday,September,True,18,15001-25000,9.975622150295328,False,18596.933333333334,15.5835729188325,3,15,INR,2026-09-12 18:54:13.777051,6aa5527fbf04d5e4f9a6602f,1532,2026-09-12 18:54:13.802629
7a8aff71d45c39898cb9ede9008a6245337b4287ea370c391fda08240c7dbe62,171,AMD,MAA,AMD-MAA,2026-09-13,2026-09-20,2026-09-12 18:54:24.062145,2026-09-12,1,0-3 days,IndiGo,Round trip,INR,16049.0,16049.0,,,0,150.0,,,,110.0,,,WyJDalJJYlY4dE9XSXdRek5qTmxsQlNrSlBUSGRDUnkwdExTMHRMUzB0TFhscFltVmhNVUZCUVVGQlIzRnNWWEJCUVRSTlFXbEJFZ1UyUlRNME9Cb0tDTEY5RUFBYUEwbE9VamdjY0p1REFRPT0iLFtbIkFNRCIsIjIwMjYtMDktMTMiLCJNQUEiLG51bGwsIjZFIiwiMzQ4Il1dXQ==,SerpApi,Google Flights,2026,9,37,13,6,Sunday,September,True,18,15001-25000,9.683464128558162,False,19402.545454545456,-17.284048953276987,1,11,INR,2026-09-12 18:54:24.057115,6aa552886feec4b75a9cdd19,1533,2026-09-12 18:54:24.062145
5fd29c552fa4a985713185afbce721c06cd51ce7cb107f0f31324d4b8833172e,171,AMD,MAA,AMD-MAA,2026-09-13,2026-09-20,2026-09-12 18:54:24.065434,2026-09-12,1,0-3 days,IndiGo,Round trip,INR,16818.0,16818.0,,,1,265.0,,,,137.0,,,WyJDalJJYlY4dE9XSXdRek5qTmxsQlNrSlBUSGRDUnkwdExTMHRMUzB0TFhscFltVmhNVUZCUVVGQlIzRnNWWEJCUVRSTlFXbEJFZzAyUlRVeE16bDhOa1UxTVRBMUdnc0lzb01CRUFBYUEwbE9VamdjY01DSkFRPT0iLFtbIkFNRCIsIjIwMjYtMDktMTMiLCJCT00iLG51bGwsIjZFIiwiNTEzOSJdLFsiQk9NIiwiMjAyNi0wOS0xMyIsIk1BQSIsbnVsbCwiNkUiLCI1MTA1Il1dXQ==,SerpApi,Google Flights,2026,9,37,13,6,Sunday,September,True,18,15001-25000,9.730264478727433,False,19402.545454545456,-13.320651460914224,1,11,INR,2026-09-12 18:54:24.057115,6aa552886feec4b75a9cdd19,1534,2026-09-12 18:54:24.065434
7d29ef44f2b0cc6a1f4e5936c549b4a3c90f8eff9be1d00917f26be2170688f3,171,AMD,MAA,AMD-MAA,2026-09-13,2026-09-20,2026-09-12 18:54:24.068736,2026-09-12,1,0-3 days,IndiGo,Round trip,INR,18254.0,18254.0,,,0,145.0,,,,104.0,,,WyJDalJJYlY4dE9XSXdRek5qTmxsQlNrSlBUSGRDUnkwdExTMHRMUzB0TFhscFltVmhNVUZCUVVGQlIzRnNWWEJCUVRSTlFXbEJFZ1UyUlRRM09Sb0xDTTZPQVJBQUdnTkpUbEk0SEhDZmxRRT0iLFtbIkFNRCIsIjIwMjYtMDktMTMiLCJNQUEiLG51bGwsIjZFIiwiNDc5Il1dXQ==,SerpApi,Google Flights,2026,9,37,13,6,Sunday,September,True,18,15001-25000,9.812194294089737,False,19402.545454545456,-5.919560694941628,1,11,INR,2026-09-12 18:54:24.057115,6aa552886feec4b75a9cdd19,1535,2026-09-12 18:54:24.068736
e27a5347b184cd9b35ff3f60b9df24ff87337b612a4beb292b286432ea6da8aa,171,AMD,MAA,AMD-MAA,2026-09-13,2026-09-20,2026-09-12 18:54:24.071316,2026-09-12,1,0-3 days,IndiGo,Round trip,INR,16178.0,16178.0,,,1,410.0,,,,137.0,,,WyJDalJJYlY4dE9XSXdRek5qTmxsQlNrSlBUSGRDUnkwdExTMHRMUzB0TFhscFltVmhNVUZCUVVGQlIzRnNWWEJCUVRSTlFXbEJFZzAyUlRZME5qaDhOa1UxTXpNM0dnb0lzbjRRQUJvRFNVNVNPQnh3b29RQiIsW1siQU1EIiwiMjAyNi0wOS0xMyIsIkJPTSIsbnVsbCwiNkUiLCI2NDY4Il0sWyJCT00iLCIyMDI2LTA5LTEzIiwiTUFBIixudWxsLCI2RSIsIjUzMzciXV1d,SerpApi,Google Flights,2026,9,37,13,6,Sunday,September,True,18,15001-25000,9.691469384005337,False,19402.545454545456,-16.6191877354424,1,11,INR,2026-09-12 18:54:24.057115,6aa552886feec4b75a9cdd19,1536,2026-09-12 18:54:24.071316
edf80db7763e83f26646a07a22724a567d885432e48b90532c89db1a2159f075,171,AMD,MAA,AMD-MAA,2026-09-13,2026-09-20,2026-09-12 18:54:24.074068,2026-09-12,1,0-3 days,IndiGo,Round trip,INR,16178.0,16178.0,,,1,395.0,,,,132.0,,,WyJDalJJYlY4dE9XSXdRek5qTmxsQlNrSlBUSGRDUnkwdExTMHRMUzB0TFhscFltVmhNVUZCUVVGQlIzRnNWWEJCUVRSTlFXbEJFZzAyUlRVd056aDhOa1UxTVRrMkdnb0lzbjRRQUJvRFNVNVNPQnh3b29RQiIsW1siQU1EIiwiMjAyNi0wOS0xMyIsIkJPTSIsbnVsbCwiNkUiLCI1MDc4Il0sWyJCT00iLCIyMDI2LTA5LTEzIiwiTUFBIixudWxsLCI2RSIsIjUxOTYiXV1d,SerpApi,Google Flights,2026,9,37,13,6,Sunday,September,True,18,15001-25000,9.691469384005337,False,19402.545454545456,-16.6191877354424,1,11,INR,2026-09-12 18:54:24.057115,6aa552886feec4b75a9cdd19,1537,2026-09-12 18:54:24.074068
dad3a6cfa2bc11a9103837187457749ee3a9f5889098426de8d294ace0cb835a,171,AMD,MAA,AMD-MAA,2026-09-13,2026-09-20,2026-09-12 18:54:24.079220,2026-09-12,1,0-3 days,IndiGo,Round trip,INR,16818.0,16818.0,,,1,335.0,,,,130.0,,,WyJDalJJYlY4dE9XSXdRek5qTmxsQlNrSlBUSGRDUnkwdExTMHRMUzB0TFhscFltVmhNVUZCUVVGQlIzRnNWWEJCUVRSTlFXbEJFZ3cyUlRneU0zdzJSVFl5TURnYUN3aXlnd0VRQUJvRFNVNVNPQnh3d0lrQiIsW1siQU1EIiwiMjAyNi0wOS0xMyIsIkJMUiIsbnVsbCwiNkUiLCI4MjMiXSxbIkJMUiIsIjIwMjYtMDktMTMiLCJNQUEiLG51bGwsIjZFIiwiNjIwOCJdXV0=,SerpApi,Google Flights,2026,9,37,13,6,Sunday,September,True,18,15001-25000,9.730264478727433,False,19402.545454545456,-13.320651460914224,1,11,INR,2026-09-12 18:54:24.057115,6aa552886feec4b75a9cdd19,1538,2026-09-12 18:54:24.079220
41cdd8801d5172b3ed80b09cf3b16b7c628dbb6b3386f10af2cd159ac2b94b03,171,AMD,MAA,AMD-MAA,2026-09-13,2026-09-20,2026-09-12 18:54:24.082616,2026-09-12,1,0-3 days,IndiGo,Round trip,INR,16818.0,16818.0,,,1,270.0,,,,130.0,,,WyJDalJJYlY4dE9XSXdRek5qTmxsQlNrSlBUSGRDUnkwdExTMHRMUzB0TFhscFltVmhNVUZCUVVGQlIzRnNWWEJCUVRSTlFXbEJFZ3cyUlRnMk0zdzJSVFl3TnpjYUN3aXlnd0VRQUJvRFNVNVNPQnh3d0lrQiIsW1siQU1EIiwiMjAyNi0wOS0xMyIsIkJMUiIsbnVsbCwiNkUiLCI4NjMiXSxbIkJMUiIsIjIwMjYtMDktMTMiLCJNQUEiLG51bGwsIjZFIiwiNjA3NyJdXV0=,SerpApi,Google Flights,2026,9,37,13,6,Sunday,September,True,18,15001-25000,9.730264478727433,False,19402.545454545456,-13.320651460914224,1,11,INR,2026-09-12 18:54:24.057115,6aa552886feec4b75a9cdd19,1539,2026-09-12 18:54:24.082616
5e660ead4e13bde171c44b1753a0b988040e95f233c4967136450de4e7ff51a1,171,AMD,MAA,AMD-MAA,2026-09-13,2026-09-20,2026-09-12 18:54:24.086423,2026-09-12,1,0-3 days,IndiGo,Round trip,INR,17439.0,17439.0,,,1,280.0,,,,130.0,,,WyJDalJJYlY4dE9XSXdRek5qTmxsQlNrSlBUSGRDUnkwdExTMHRMUzB0TFhscFltVmhNVUZCUVVGQlIzRnNWWEJCUVRSTlFXbEJFZ3MyUlRZNU9YdzJSVEUxT1JvTENKK0lBUkFBR2dOSlRsSTRISERLamdFPSIsW1siQU1EIiwiMjAyNi0wOS0xMyIsIlBOUSIsbnVsbCwiNkUiLCI2OTkiXSxbIlBOUSIsIjIwMjYtMDktMTMiLCJNQUEiLG51bGwsIjZFIiwiMTU5Il1dXQ==,SerpApi,Google Flights,2026,9,37,13,6,Sunday,September,True,18,15001-25000,9.76652169746297,False,19402.545454545456,-10.120040482036108,1,11,INR,2026-09-12 18:54:24.057115,6aa552886feec4b75a9cdd19,1540,2026-09-12 18:54:24.086423
91317f421899faaa3cfdbb846e5a6d8924bb4bec858349ecd2a2fb9dd334baa3,172,AMD,CCU,AMD-CCU,2026-09-13,2026-09-20,2026-09-12 18:54:28.751865,2026-09-12,1,0-3 days,IndiGo,Round trip,INR,14341.0,14341.0,,,0,160.0,,,,114.0,,,WyJDalJJUkdkWlREZFNjRVU0VTJOQlJteGhWWGRDUnkwdExTMHRMUzB0TFhscFltZHdPRUZCUVVGQlIzRnNWWEJSUTNGdGFFdEJFZ1UyUlRNeE9Sb0tDSVZ3RUFBYUEwbE9VamdjY0tCMSIsW1siQU1EIiwiMjAyNi0wOS0xMyIsIkNDVSIsbnVsbCwiNkUiLCIzMTkiXV1d,SerpApi,Google Flights,2026,9,37,13,6,Sunday,September,True,18,10001-15000,9.57094757444252,False,20850.571428571428,-31.220110445756877,2,7,INR,2026-09-12 18:54:28.747222,6aa55293822c5f2f85a40a3c,1542,2026-09-12 18:54:28.751865
6d4672020d24de6be16a733ab1ffb7d9c17704b96b7a78567eaccb38cbccf04a,172,AMD,CCU,AMD-CCU,2026-09-13,2026-09-20,2026-09-12 18:54:28.754209,2026-09-12,1,0-3 days,IndiGo,Round trip,INR,17365.0,17365.0,,,0,160.0,,,,114.0,,,WyJDalJJUkdkWlREZFNjRVU0VTJOQlJteGhWWGRDUnkwdExTMHRMUzB0TFhscFltZHdPRUZCUVVGQlIzRnNWWEJSUTNGdGFFdEJFZ1UyUlRjMU1Sb0xDTldIQVJBQUdnTkpUbEk0SEhEOWpRRT0iLFtbIkFNRCIsIjIwMjYtMDktMTMiLCJDQ1UiLG51bGwsIjZFIiwiNzUxIl1dXQ==,SerpApi,Google Flights,2026,9,37,13,6,Sunday,September,True,18,15001-25000,9.76226955062059,False,20850.571428571428,-16.716910807514694,2,7,INR,2026-09-12 18:54:28.747222,6aa55293822c5f2f85a40a3c,1543,2026-09-12 18:54:28.754209
616066d94c7be557c7fe647a25a8e8c04efc350aba95116d22846e5b2d1edabc,172,AMD,CCU,AMD-CCU,2026-09-13,2026-09-20,2026-09-12 18:54:28.756104,2026-09-12,1,0-3 days,IndiGo,Round trip,INR,18100.0,18100.0,,,0,160.0,,,,120.0,,,WyJDalJJUkdkWlREZFNjRVU0VTJOQlJteGhWWGRDUnkwdExTMHRMUzB0TFhscFltZHdPRUZCUVVGQlIzRnNWWEJSUTNGdGFFdEJFZ1kyUlRZMU5UWWFDd2kwalFFUUFCb0RTVTVTT0J4dy9wTUIiLFtbIkFNRCIsIjIwMjYtMDktMTMiLCJDQ1UiLG51bGwsIjZFIiwiNjU1NiJdXV0=,SerpApi,Google Flights,2026,9,37,13,6,Sunday,September,True,18,15001-25000,9.803722464346553,False,20850.571428571428,-13.191827562108605,2,7,INR,2026-09-12 18:54:28.747222,6aa55293822c5f2f85a40a3c,1544,2026-09-12 18:54:28.756104
4fb6b9d72259439337c46a05b1e1b4905f65822c1035a0ff90c253ca3f914fd5,172,AMD,CCU,AMD-CCU,2026-09-13,2026-09-20,2026-09-12 18:54:28.757713,2026-09-12,1,0-3 days,IndiGo,Round trip,INR,18825.0,18825.0,,,1,480.0,,,,143.0,,,WyJDalJJUkdkWlREZFNjRVU0VTJOQlJteGhWWGRDUnkwdExTMHRMUzB0TFhscFltZHdPRUZCUVVGQlIzRnNWWEJSUTNGdGFFdEJFZzAyUlRZME9UTjhOa1UzTXpJMkdnc0lpWk1CRUFBYUEwbE9VamdjY1BXWkFRPT0iLFtbIkFNRCIsIjIwMjYtMDktMTMiLCJJWFIiLG51bGwsIjZFIiwiNjQ5MyJdLFsiSVhSIiwiMjAyNi0wOS0xMyIsIkNDVSIsbnVsbCwiNkUiLCI3MzI2Il1dXQ==,SerpApi,Google Flights,2026,9,37,13,6,Sunday,September,True,18,15001-25000,9.842994172107165,False,20850.571428571428,-9.714704632966543,2,7,INR,2026-09-12 18:54:28.747222,6aa55293822c5f2f85a40a3c,1545,2026-09-12 18:54:28.757713
1f87063c3bbda22aec8d3b496d305aee6d55a922a0c63b353bff54f22084d77f,173,AMD,PNQ,AMD-PNQ,2026-09-13,2026-09-20,2026-09-12 18:54:37.952109,2026-09-12,1,0-3 days,IndiGo,Round trip,INR,9676.0,9676.0,,,1,505.0,,,,92.0,,,WyJDalJJUW0xTmRUWTRTek5MTW05QlJUbDNUMUZDUnkwdExTMHRMUzB0TFMxd2FuSjVPRUZCUVVGQlIzRnNWWEJyUkhkbVJGZEJFZ3cyUlRjeE9EZDhOa1V4TWpBYUNnak1TeEFBR2dOSlRsSTRISENPVHc9PSIsW1siQU1EIiwiMjAyNi0wOS0xMyIsIklEUiIsbnVsbCwiNkUiLCI3MTg3Il0sWyJJRFIiLCIyMDI2LTA5LTE0IiwiUE5RIixudWxsLCI2RSIsIjEyMCJdXV0=,SerpApi,Google Flights,2026,9,37,13,6,Sunday,September,True,18,7501-10000,9.177507214880942,False,14816.25,-34.69332658398717,4,12,INR,2026-09-12 18:54:37.947024,6aa55297fbbebb53c2df3ee1,1547,2026-09-12 18:54:37.952109
b71df5efa681d65d1b115df90c748413b26d9a14514a10da9b848dcf7f45a566,173,AMD,PNQ,AMD-PNQ,2026-09-13,2026-09-20,2026-09-12 18:54:37.955381,2026-09-12,1,0-3 days,IndiGo,Round trip,INR,10447.0,10447.0,,,0,90.0,,,,55.0,,,WyJDalJJUW0xTmRUWTRTek5MTW05QlJUbDNUMUZDUnkwdExTMHRMUzB0TFMxd2FuSjVPRUZCUVVGQlIzRnNWWEJyUkhkbVJGZEJFZ1kyUlRJeE5UUWFDZ2pQVVJBQUdnTkpUbEk0SEhDMVZRPT0iLFtbIkFNRCIsIjIwMjYtMDktMTMiLCJQTlEiLG51bGwsIjZFIiwiMjE1NCJdXV0=,SerpApi,Google Flights,2026,9,37,13,6,Sunday,September,True,18,10001-15000,9.254165851516213,False,14816.25,-29.48958069686999,4,12,INR,2026-09-12 18:54:37.947024,6aa55297fbbebb53c2df3ee1,1548,2026-09-12 18:54:37.955381
46b853bbc03249060b72adeaee162885cfae61ad262af8bff4f6296cc2879b48,173,AMD,PNQ,AMD-PNQ,2026-09-13,2026-09-20,2026-09-12 18:54:37.957269,2026-09-12,1,0-3 days,Akasa Air,Round trip,INR,10827.0,10827.0,,,0,85.0,,,,53.0,,,WyJDalJJUW0xTmRUWTRTek5MTW05QlJUbDNUMUZDUnkwdExTMHRMUzB0TFMxd2FuSjVPRUZCUVVGQlIzRnNWWEJyUkhkbVJGZEJFZ1pSVURFNU1URWFDZ2pMVkJBQUdnTkpUbEk0SEhERFdBPT0iLFtbIkFNRCIsIjIwMjYtMDktMTMiLCJQTlEiLG51bGwsIlFQIiwiMTkxMSJdXV0=,SerpApi,Google Flights,2026,9,37,13,6,Sunday,September,True,18,10001-15000,9.289890650734192,False,14816.25,-26.924829157175402,4,12,INR,2026-09-12 18:54:37.947024,6aa55297fbbebb53c2df3ee1,1549,2026-09-12 18:54:37.957269
7296faf3f67b51e1b8ba15d6b3df8f67acaa439936d7d2b7fd51d19845c7aca8,173,AMD,PNQ,AMD-PNQ,2026-09-13,2026-09-20,2026-09-12 18:54:37.961551,2026-09-12,1,0-3 days,IndiGo,Round trip,INR,10930.0,10930.0,,,0,75.0,,,,50.0,,,WyJDalJJUW0xTmRUWTRTek5MTW05QlJUbDNUMUZDUnkwdExTMHRMUzB0TFMxd2FuSjVPRUZCUVVGQlIzRnNWWEJyUkhkbVJGZEJFZ1UyUlRVeU1ob0tDTEpWRUFBYUEwbE9VamdjY0s1WiIsW1siQU1EIiwiMjAyNi0wOS0xMyIsIlBOUSIsbnVsbCwiNkUiLCI1MjIiXV1d,SerpApi,Google Flights,2026,9,37,13,6,Sunday,September,True,18,10001-15000,9.299358068293836,False,14816.25,-26.229646502995017,4,12,INR,2026-09-12 18:54:37.947024,6aa55297fbbebb53c2df3ee1,1550,2026-09-12 18:54:37.961551
613f82eca8d02c58dd6358255e2eafa892919463c9237cfdd8dd6f4cc5b48b93,173,AMD,PNQ,AMD-PNQ,2026-09-13,2026-09-20,2026-09-12 18:54:37.963332,2026-09-12,1,0-3 days,Akasa Air,Round trip,INR,11426.0,11426.0,,,0,90.0,,,,52.0,,,WyJDalJJUW0xTmRUWTRTek5MTW05QlJUbDNUMUZDUnkwdExTMHRMUzB0TFMxd2FuSjVPRUZCUVVGQlIzRnNWWEJyUkhkbVJGZEJFZ1pSVURFNU1UY2FDZ2lpV1JBQUdnTkpUbEk0SEhDMVhRPT0iLFtbIkFNRCIsIjIwMjYtMDktMTMiLCJQTlEiLG51bGwsIlFQIiwiMTkxNyJdXV0=,SerpApi,Google Flights,2026,9,37,13,6,Sunday,September,True,18,10001-15000,9.343734255146714,False,14816.25,-22.881970809077867,4,12,INR,2026-09-12 18:54:37.947024,6aa55297fbbebb53c2df3ee1,1551,2026-09-12 18:54:37.963332
9be167dbd9e0555d50eeb21b62c54fcdc78a0c60f33658032ef84c01a54b04a3,173,AMD,PNQ,AMD-PNQ,2026-09-13,2026-09-20,2026-09-12 18:54:37.965039,2026-09-12,1,0-3 days,IndiGo,Round trip,INR,11539.0,11539.0,,,0,75.0,,,,55.0,,,WyJDalJJUW0xTmRUWTRTek5MTW05QlJUbDNUMUZDUnkwdExTMHRMUzB0TFMxd2FuSjVPRUZCUVVGQlIzRnNWWEJyUkhkbVJGZEJFZ1UyUlRjNU5Cb0tDSk5hRUFBYUEwbE9VamdjY0t4ZSIsW1siQU1EIiwiMjAyNi0wOS0xMyIsIlBOUSIsbnVsbCwiNkUiLCI3OTQiXV1d,SerpApi,Google Flights,2026,9,37,13,6,Sunday,September,True,18,10001-15000,9.353574540062091,False,14816.25,-22.119294693326587,4,12,INR,2026-09-12 18:54:37.947024,6aa55297fbbebb53c2df3ee1,1552,2026-09-12 18:54:37.965039
fee1bd2ce83a964f550403cfd96bf6dcab59e096b3ad8011c65b7bd3ce432bef,173,AMD,PNQ,AMD-PNQ,2026-09-13,2026-09-20,2026-09-12 18:54:37.966745,2026-09-12,1,0-3 days,IndiGo,Round trip,INR,11885.0,11885.0,,,0,70.0,,,,50.0,,,WyJDalJJUW0xTmRUWTRTek5MTW05QlJUbDNUMUZDUnkwdExTMHRMUzB0TFMxd2FuSjVPRUZCUVVGQlIzRnNWWEJyUkhkbVJGZEJFZ1UyUlRZNU9Sb0tDTzFjRUFBYUEwbE9VamdjY0paaCIsW1siQU1EIiwiMjAyNi0wOS0xMyIsIlBOUSIsbnVsbCwiNkUiLCI2OTkiXV1d,SerpApi,Google Flights,2026,9,37,13,6,Sunday,September,True,18,10001-15000,9.383116515926606,False,14816.25,-19.784020922973088,4,12,INR,2026-09-12 18:54:37.947024,6aa55297fbbebb53c2df3ee1,1553,2026-09-12 18:54:37.966745
0b552e49238c8f4fca68a75f8cf2ac66d41a38efc360a4fec5f1cb59846f485b,173,AMD,PNQ,AMD-PNQ,2026-09-13,2026-09-20,2026-09-12 18:54:37.968670,2026-09-12,1,0-3 days,Air India Express,Round trip,INR,22123.0,22123.0,,,1,330.0,,,,188.0,,,WyJDalJJUW0xTmRUWTRTek5MTW05QlJUbDNUMUZDUnkwdExTMHRMUzB0TFMxd2FuSjVPRUZCUVVGQlIzRnNWWEJyUkhkbVJGZEJFZzFKV0RFMU1EaDhTVmd4T1RjeEdnc0k2NndCRUFBYUEwbE9VamdjY1BDMEFRPT0iLFtbIkFNRCIsIjIwMjYtMDktMTMiLCJCTFIiLG51bGwsIklYIiwiMTUwOCJdLFsiQkxSIiwiMjAyNi0wOS0xMyIsIlBOUSIsbnVsbCwiSVgiLCIxOTcxIl1dXQ==,SerpApi,Google Flights,2026,9,37,13,6,Sunday,September,True,18,15001-25000,10.004418271114568,False,14816.25,49.3157850333249,4,12,INR,2026-09-12 18:54:37.947024,6aa55297fbbebb53c2df3ee1,1554,2026-09-12 18:54:37.968670
e03da963c8a7a85cb88b6c12e318e7a4064b32951c8141948abbd5b438f33990,173,AMD,PNQ,AMD-PNQ,2026-09-13,2026-09-20,2026-09-12 18:54:37.971503,2026-09-12,1,0-3 days,Air India,Round trip,INR,24965.0,24965.0,,,1,315.0,,,,184.0,,,WyJDalJJUW0xTmRUWTRTek5MTW05QlJUbDNUMUZDUnkwdExTMHRMUzB0TFMxd2FuSjVPRUZCUVVGQlIzRnNWWEJyUkhkbVJGZEJFZzFCU1RJMU5EWjhRVWt5TnpFeEdnc0loY01CRUFBYUEwbE9VamdjY0k3TUFRPT0iLFtbIkFNRCIsIjIwMjYtMDktMTMiLCJERUwiLG51bGwsIkFJIiwiMjU0NiJdLFsiREVMIiwiMjAyNi0wOS0xNCIsIlBOUSIsbnVsbCwiQUkiLCIyNzExIl1dXQ==,SerpApi,Google Flights,2026,9,37,13,6,Sunday,September,True,18,15001-25000,10.125270178210997,False,14816.25,68.49742681177761,4,12,INR,2026-09-12 18:54:37.947024,6aa55297fbbebb53c2df3ee1,1555,2026-09-12 18:54:37.971503
8a3fb5c402fc4c5d60262c8942f6fd28566e001e235559948ff6d903ea62733c,174,AMD,COK,AMD-COK,2026-09-13,2026-09-20,2026-09-12 18:54:43.546925,2026-09-12,1,0-3 days,IndiGo,Round trip,INR,20925.0,20925.0,,,0,145.0,,,,107.0,,,WyJDalJJVlRkTk5sRk1VMnRPVTBWQlIzZHhOa0ZDUnkwdExTMHRMUzB0TFhCbVltSjFOa0ZCUVVGQlIzRnNWWEZKUlZsdWFVdEJFZ1kyUlRZek9URWFDd2k5b3dFUUFCb0RTVTVTT0J4d2lxc0IiLFtbIkFNRCIsIjIwMjYtMDktMTMiLCJDT0siLG51bGwsIjZFIiwiNjM5MSJdXV0=,SerpApi,Google Flights,2026,9,37,13,6,Sunday,September,True,18,15001-25000,9.948747683940992,True,24130.272727272728,-13.283201410525447,1,11,INR,2026-09-12 18:54:43.544363,6aa552a0d3fb8549bd9df5ce,1556,2026-09-12 18:54:43.546925
56a28ef424fad060e017d113e8014494068c9ace8b027252f6ae0afe50847c92,174,AMD,COK,AMD-COK,2026-09-13,2026-09-20,2026-09-12 18:54:43.549872,2026-09-12,1,0-3 days,IndiGo,Round trip,INR,21043.0,21043.0,,,1,495.0,,,,130.0,,,WyJDalJJVlRkTk5sRk1VMnRPVTBWQlIzZHhOa0ZDUnkwdExTMHRMUzB0TFhCbVltSjFOa0ZCUVVGQlIzRnNWWEZKUlZsdWFVdEJFZzAyUlRZek5URjhOa1UyTnpBeEdnc0lzNlFCRUFBYUEwbE9VamdjY0lhc0FRPT0iLFtbIkFNRCIsIjIwMjYtMDktMTMiLCJCT00iLG51bGwsIjZFIiwiNjM1MSJdLFsiQk9NIiwiMjAyNi0wOS0xNCIsIkNPSyIsbnVsbCwiNkUiLCI2NzAxIl1dXQ==,SerpApi,Google Flights,2026,9,37,13,6,Sunday,September,True,18,15001-25000,9.954370762850697,True,24130.272727272728,-12.794189117404397,1,11,INR,2026-09-12 18:54:43.544363,6aa552a0d3fb8549bd9df5ce,1557,2026-09-12 18:54:43.549872
986507c81c648781d8cf74fabdd10271a39f44eb4cbc0496f0163b9a42f009ca,174,AMD,COK,AMD-COK,2026-09-13,2026-09-20,2026-09-12 18:54:43.552917,2026-09-12,1,0-3 days,IndiGo,Round trip,INR,23078.0,23078.0,,,1,275.0,,,,141.0,,,WyJDalJJVlRkTk5sRk1VMnRPVTBWQlIzZHhOa0ZDUnkwdExTMHRMUzB0TFhCbVltSjFOa0ZCUVVGQlIzRnNWWEZKUlZsdWFVdEJFZ3MyUlRnMk0zdzJSVFF6TlJvTENLYTBBUkFBR2dOSlRsSTRISERYdkFFPSIsW1siQU1EIiwiMjAyNi0wOS0xMyIsIkJMUiIsbnVsbCwiNkUiLCI4NjMiXSxbIkJMUiIsIjIwMjYtMDktMTMiLCJDT0siLG51bGwsIjZFIiwiNDM1Il1dXQ==,SerpApi,Google Flights,2026,9,37,13,6,Sunday,September,True,18,15001-25000,10.046678392127044,False,24130.272727272728,-4.3607991470540615,1,11,INR,2026-09-12 18:54:43.544363,6aa552a0d3fb8549bd9df5ce,1558,2026-09-12 18:54:43.552917
42bbbcff135b5573da22921e54cf3d007250768ccdaeb5e287153c9e4d0895d5,174,AMD,COK,AMD-COK,2026-09-13,2026-09-20,2026-09-12 18:54:43.555438,2026-09-12,1,0-3 days,IndiGo,Round trip,INR,22879.0,22879.0,,,1,455.0,,,,134.0,,,WyJDalJJVlRkTk5sRk1VMnRPVTBWQlIzZHhOa0ZDUnkwdExTMHRMUzB0TFhCbVltSjFOa0ZCUVVGQlIzRnNWWEZKUlZsdWFVdEJFZzAyUlRVeE16bDhOa1V5TURrekdnc0kzN0lCRUFBYUEwbE9VamdjY0llN0FRPT0iLFtbIkFNRCIsIjIwMjYtMDktMTMiLCJCT00iLG51bGwsIjZFIiwiNTEzOSJdLFsiQk9NIiwiMjAyNi0wOS0xMyIsIkNPSyIsbnVsbCwiNkUiLCIyMDkzIl1dXQ==,SerpApi,Google Flights,2026,9,37,13,6,Sunday,September,True,18,15001-25000,10.038018445493734,False,24130.272727272728,-5.185489370198882,1,11,INR,2026-09-12 18:54:43.544363,6aa552a0d3fb8549bd9df5ce,1559,2026-09-12 18:54:43.555438
ab060c77f2b3aa56c183553968d1f1f3baeb90b9dfe6e2cb9930a5ede7393235,174,AMD,COK,AMD-COK,2026-09-13,2026-09-20,2026-09-12 18:54:43.558442,2026-09-12,1,0-3 days,IndiGo,Round trip,INR,22996.0,22996.0,,,1,375.0,,,,130.0,,,WyJDalJJVlRkTk5sRk1VMnRPVTBWQlIzZHhOa0ZDUnkwdExTMHRMUzB0TFhCbVltSjFOa0ZCUVVGQlIzRnNWWEZKUlZsdWFVdEJFZzAyUlRZeU1EVjhOa1UyTnpBeEdnc0kxTE1CRUFBYUEwbE9VamdjY0lLOEFRPT0iLFtbIkFNRCIsIjIwMjYtMDktMTMiLCJCT00iLG51bGwsIjZFIiwiNjIwNSJdLFsiQk9NIiwiMjAyNi0wOS0xMyIsIkNPSyIsbnVsbCwiNkUiLCI2NzAxIl1dXQ==,SerpApi,Google Flights,2026,9,37,13,6,Sunday,September,True,18,15001-25000,10.043119051621321,False,24130.272727272728,-4.700621249053438,1,11,INR,2026-09-12 18:54:43.544363,6aa552a0d3fb8549bd9df5ce,1560,2026-09-12 18:54:43.558442
7a538c4298bdef6448738bbd4f4b1894231d64bfa610c3c51b56375eb25770b5,174,AMD,COK,AMD-COK,2026-09-13,2026-09-20,2026-09-12 18:54:43.561654,2026-09-12,1,0-3 days,IndiGo,Round trip,INR,22999.0,22999.0,,,1,485.0,,,,135.0,,,WyJDalJJVlRkTk5sRk1VMnRPVTBWQlIzZHhOa0ZDUnkwdExTMHRMUzB0TFhCbVltSjFOa0ZCUVVGQlIzRnNWWEZKUlZsdWFVdEJFZ3cyUlRjNU5IdzJSVFl4TWprYUN3alhzd0VRQUJvRFNVNVNPQnh3aGJ3QiIsW1siQU1EIiwiMjAyNi0wOS0xMyIsIlBOUSIsbnVsbCwiNkUiLCI3OTQiXSxbIlBOUSIsIjIwMjYtMDktMTQiLCJDT0siLG51bGwsIjZFIiwiNjEyOSJdXV0=,SerpApi,Google Flights,2026,9,37,13,6,Sunday,September,True,18,15001-25000,10.043249494911286,False,24130.272727272728,-4.68818873312663,1,11,INR,2026-09-12 18:54:43.544363,6aa552a0d3fb8549bd9df5ce,1561,2026-09-12 18:54:43.561654
f4968d860b6a065d303b2843467bd9bf379d0f872bdc3c463a6f0822e6314b07,174,AMD,COK,AMD-COK,2026-09-13,2026-09-20,2026-09-12 18:54:43.566247,2026-09-12,1,0-3 days,IndiGo,Round trip,INR,24002.0,24002.0,,,1,315.0,,,,144.0,,,WyJDalJJVlRkTk5sRk1VMnRPVTBWQlIzZHhOa0ZDUnkwdExTMHRMUzB0TFhCbVltSjFOa0ZCUVVGQlIzRnNWWEZKUlZsdWFVdEJFZzAyUlRVeU1EaDhOa1UyTnpBM0dnc0l3cnNCRUFBYUEwbE9VamdjY0o3RUFRPT0iLFtbIkFNRCIsIjIwMjYtMDktMTMiLCJIWUQiLG51bGwsIjZFIiwiNTIwOCJdLFsiSFlEIiwiMjAyNi0wOS0xMyIsIkNPSyIsbnVsbCwiNkUiLCI2NzA3Il1dXQ==,SerpApi,Google Flights,2026,9,37,13,6,Sunday,September,True,18,15001-25000,10.085934101518234,False,24130.272727272728,-0.5315842415976935,1,11,INR,2026-09-12 18:54:43.544363,6aa552a0d3fb8549bd9df5ce,1562,2026-09-12 18:54:43.566247
a1dd5fab8777a4e5bd44314751ae87476800206eacf23e0d7a1ffd9d6cbd02eb,174,AMD,COK,AMD-COK,2026-09-13,2026-09-20,2026-09-12 18:54:43.569416,2026-09-12,1,0-3 days,IndiGo,Round trip,INR,25072.0,25072.0,,,1,245.0,,,,138.0,,,WyJDalJJVlRkTk5sRk1VMnRPVTBWQlIzZHhOa0ZDUnkwdExTMHRMUzB0TFhCbVltSjFOa0ZCUVVGQlIzRnNWWEZKUlZsdWFVdEJFZ3cyUlRZek5EVjhOa1U0T0RVYUN3and3d0VRQUJvRFNVNVNPQnh3L3N3QiIsW1siQU1EIiwiMjAyNi0wOS0xMyIsIkdPSSIsbnVsbCwiNkUiLCI2MzQ1Il0sWyJHT0kiLCIyMDI2LTA5LTEzIiwiQ09LIixudWxsLCI2RSIsIjg4NSJdXV0=,SerpApi,Google Flights,2026,9,37,13,6,Sunday,September,True,18,25000+,10.129546848931234,True,24130.272727272728,3.902679772296591,1,11,INR,2026-09-12 18:54:43.544363,6aa552a0d3fb8549bd9df5ce,1563,2026-09-12 18:54:43.569416
0ab52fbe3c7a08b0951a89c2c4746c65f366601d7bc695dc1f399c9a3a35a5d2,175,AMD,GOI,AMD-GOI,2026-09-13,2026-09-20,2026-09-12 18:54:47.473033,2026-09-12,1,0-3 days,IndiGo,Round trip,INR,13298.0,13298.0,,,0,95.0,,,,71.0,,,WyJDalJJUW0xTmRUWTRTek5MTW05QlJUbDRjbEZDUnkwdExTMHRMUzB0TFMxd2FuSjVPRUZCUVVGQlIzRnNWWEZqU0VGUU0yTkJFZ1UyUlRrNU1ob0tDUEpuRUFBYUEwbE9VamdjY04xcyIsW1siQU1EIiwiMjAyNi0wOS0xMyIsIkdPSSIsbnVsbCwiNkUiLCI5OTIiXV1d,SerpApi,Google Flights,2026,9,37,13,6,Sunday,September,True,18,10001-15000,9.495444123413163,False,22563.933333333334,-41.06523980748038,3,15,INR,2026-09-12 18:54:47.467707,6aa552a63ee4c2fcb6b67fd5,1565,2026-09-12 18:54:47.473033
e74f6594e1020054a14c8d3ee7182a8429666db4a6ed48efc1ef11f055817e8f,175,AMD,GOI,AMD-GOI,2026-09-13,2026-09-20,2026-09-12 18:54:47.476716,2026-09-12,1,0-3 days,IndiGo,Round trip,INR,13718.0,13718.0,,,0,100.0,,,,76.0,,,WyJDalJJUW0xTmRUWTRTek5MTW05QlJUbDRjbEZDUnkwdExTMHRMUzB0TFMxd2FuSjVPRUZCUVVGQlIzRnNWWEZqU0VGUU0yTkJFZ1kyUlRZek5EVWFDZ2lXYXhBQUdnTkpUbEk0SEhDVWNBPT0iLFtbIkFNRCIsIjIwMjYtMDktMTMiLCJHT0kiLG51bGwsIjZFIiwiNjM0NSJdXV0=,SerpApi,Google Flights,2026,9,37,13,6,Sunday,September,True,18,10001-15000,9.526537012326164,False,22563.933333333334,-39.20386221078477,3,15,INR,2026-09-12 18:54:47.467707,6aa552a63ee4c2fcb6b67fd5,1566,2026-09-12 18:54:47.476716
a7f3e3828b4bdf2f007f220b750bcc5f190ab270d3117885cce6a2a7f0c5280b,175,AMD,GOI,AMD-GOI,2026-09-13,2026-09-20,2026-09-12 18:54:47.479441,2026-09-12,1,0-3 days,IndiGo,Round trip,INR,15337.0,15337.0,,,1,235.0,,,,103.0,,,WyJDalJJUW0xTmRUWTRTek5MTW05QlJUbDRjbEZDUnkwdExTMHRMUzB0TFMxd2FuSjVPRUZCUVVGQlIzRnNWWEZqU0VGUU0yTkJFZzAyUlRVeE5qQjhOa1UxTVRBMkdnb0k2WGNRQUJvRFNVNVNPQnh3c24wPSIsW1siQU1EIiwiMjAyNi0wOS0xMyIsIkJPTSIsbnVsbCwiNkUiLCI1MTYwIl0sWyJCT00iLCIyMDI2LTA5LTEzIiwiR09JIixudWxsLCI2RSIsIjUxMDYiXV1d,SerpApi,Google Flights,2026,9,37,13,6,Sunday,September,True,18,15001-25000,9.638088688324805,False,22563.933333333334,-32.02869476066525,3,15,INR,2026-09-12 18:54:47.467707,6aa552a63ee4c2fcb6b67fd5,1567,2026-09-12 18:54:47.479441
2a26894d418b976e974f334a29e70f6d95b420d35dee612ec16ca52d55d83396,175,AMD,GOI,AMD-GOI,2026-09-13,2026-09-20,2026-09-12 18:54:47.482491,2026-09-12,1,0-3 days,IndiGo,Round trip,INR,15337.0,15337.0,,,1,370.0,,,,98.0,,,WyJDalJJUW0xTmRUWTRTek5MTW05QlJUbDRjbEZDUnkwdExTMHRMUzB0TFMxd2FuSjVPRUZCUVVGQlIzRnNWWEZqU0VGUU0yTkJFZ3cyUlRZME5qaDhOa1V5TXpBYUNnanBkeEFBR2dOSlRsSTRISEN5ZlE9PSIsW1siQU1EIiwiMjAyNi0wOS0xMyIsIkJPTSIsbnVsbCwiNkUiLCI2NDY4Il0sWyJCT00iLCIyMDI2LTA5LTEzIiwiR09JIixudWxsLCI2RSIsIjIzMCJdXV0=,SerpApi,Google Flights,2026,9,37,13,6,Sunday,September,True,18,15001-25000,9.638088688324805,False,22563.933333333334,-32.02869476066525,3,15,INR,2026-09-12 18:54:47.467707,6aa552a63ee4c2fcb6b67fd5,1568,2026-09-12 18:54:47.482491
75a3ef848369f62dda3d04f1016bc904cb2db81c0de1cd75ddaca6d89befbe2d,175,AMD,GOI,AMD-GOI,2026-09-13,2026-09-20,2026-09-12 18:54:47.485344,2026-09-12,1,0-3 days,IndiGo,Round trip,INR,15337.0,15337.0,,,1,410.0,,,,94.0,,,WyJDalJJUW0xTmRUWTRTek5MTW05QlJUbDRjbEZDUnkwdExTMHRMUzB0TFMxd2FuSjVPRUZCUVVGQlIzRnNWWEZqU0VGUU0yTkJFZzAyUlRZek5URjhOa1UyTXpZeEdnb0k2WGNRQUJvRFNVNVNPQnh3c24wPSIsW1siQU1EIiwiMjAyNi0wOS0xMyIsIkJPTSIsbnVsbCwiNkUiLCI2MzUxIl0sWyJCT00iLCIyMDI2LTA5LTE0IiwiR09JIixudWxsLCI2RSIsIjYzNjEiXV1d,SerpApi,Google Flights,2026,9,37,13,6,Sunday,September,True,18,15001-25000,9.638088688324805,False,22563.933333333334,-32.02869476066525,3,15,INR,2026-09-12 18:54:47.467707,6aa552a63ee4c2fcb6b67fd5,1569,2026-09-12 18:54:47.485344
964e50d8b87c9e06d5943c84e48ed2f8e733a27f404de9c40e6b9769ca535acf,175,AMD,GOI,AMD-GOI,2026-09-13,2026-09-20,2026-09-12 18:54:47.488243,2026-09-12,1,0-3 days,IndiGo,Round trip,INR,16028.0,16028.0,,,1,285.0,,,,107.0,,,WyJDalJJUW0xTmRUWTRTek5MTW05QlJUbDRjbEZDUnkwdExTMHRMUzB0TFMxd2FuSjVPRUZCUVVGQlIzRnNWWEZqU0VGUU0yTkJFZ3cyUlRjeE56TjhOa1UwT1RjYUNnaWNmUkFBR2dOSlRsSTRISENGZ3dFPSIsW1siQU1EIiwiMjAyNi0wOS0xMyIsIklEUiIsbnVsbCwiNkUiLCI3MTczIl0sWyJJRFIiLCIyMDI2LTA5LTEzIiwiR09JIixudWxsLCI2RSIsIjQ5NyJdXV0=,SerpApi,Google Flights,2026,9,37,13,6,Sunday,September,True,18,15001-25000,9.68215486062588,False,22563.933333333334,-28.966285428958905,3,15,INR,2026-09-12 18:54:47.467707,6aa552a63ee4c2fcb6b67fd5,1570,2026-09-12 18:54:47.488243
33f61a1d9715714c0699b80fba96b89deac847c10d4f09a8a9616f9a23e75c1e,175,AMD,GOI,AMD-GOI,2026-09-13,2026-09-20,2026-09-12 18:54:47.491313,2026-09-12,1,0-3 days,IndiGo,Round trip,INR,21376.0,21376.0,,,1,290.0,,,,94.0,,,WyJDalJJUW0xTmRUWTRTek5MTW05QlJUbDRjbEZDUnkwdExTMHRMUzB0TFMxd2FuSjVPRUZCUVVGQlIzRnNWWEZqU0VGUU0yTkJFZzAyUlRZeU1EVjhOa1UyTXpZeEdnc0lnS2NCRUFBYUEwbE9VamdjY09LdUFRPT0iLFtbIkFNRCIsIjIwMjYtMDktMTMiLCJCT00iLG51bGwsIjZFIiwiNjIwNSJdLFsiQk9NIiwiMjAyNi0wOS0xMyIsIkdPSSIsbnVsbCwiNkUiLCI2MzYxIl1dXQ==,SerpApi,Google Flights,2026,9,37,13,6,Sunday,September,True,18,15001-25000,9.97007085667928,False,22563.933333333334,-5.264744031034785,3,15,INR,2026-09-12 18:54:47.467707,6aa552a63ee4c2fcb6b67fd5,1571,2026-09-12 18:54:47.491313
e369ce90c356e8f37f909f901fd32805647528a678200f056e8dd2da982db747,176,COK,BLR,COK-BLR,2026-09-13,2026-09-20,2026-09-12 18:54:51.352480,2026-09-12,1,0-3 days,IndiGo,Round trip,INR,11270.0,11270.0,,,0,75.0,,,,43.0,,,WyJDalJJU2s5TldtWXpOVjloUjJ0QlNVOU5RbWRDUnkwdExTMHRMUzB0TFMxMmQyOXJOa0ZCUVVGQlIzRnNWWEZ2VDNaRVpVRkJFZ1kyUlRZNU1qSWFDZ2lHV0JBQUdnTkpUbEk0SEhDU1hBPT0iLFtbIkNPSyIsIjIwMjYtMDktMTMiLCJCTFIiLG51bGwsIjZFIiwiNjkyMiJdXV0=,SerpApi,Google Flights,2026,9,37,13,6,Sunday,September,True,18,10001-15000,9.329988334242078,False,15349.181818181818,-26.575890926966792,2,11,INR,2026-09-12 18:54:51.345462,6aa552aaa8dce66d03faaa58,1573,2026-09-12 18:54:51.352480
f7ebdf67e0aa3bf865557db748675069401be6863d63dce35185c35bbcdad69a,176,COK,BLR,COK-BLR,2026-09-13,2026-09-20,2026-09-12 18:54:51.356144,2026-09-12,1,0-3 days,IndiGo,Round trip,INR,13671.0,13671.0,,,0,75.0,,,,43.0,,,WyJDalJJU2s5TldtWXpOVjloUjJ0QlNVOU5RbWRDUnkwdExTMHRMUzB0TFMxMmQyOXJOa0ZCUVVGQlIzRnNWWEZ2VDNaRVpVRkJFZ1kyUlRZMU16VWFDZ2puYWhBQUdnTkpUbEk0SEhEamJ3PT0iLFtbIkNPSyIsIjIwMjYtMDktMTMiLCJCTFIiLG51bGwsIjZFIiwiNjUzNSJdXV0=,SerpApi,Google Flights,2026,9,37,13,6,Sunday,September,True,18,10001-15000,9.523105224795426,False,15349.181818181818,-10.933363341842329,2,11,INR,2026-09-12 18:54:51.345462,6aa552aaa8dce66d03faaa58,1574,2026-09-12 18:54:51.356144
c37a570dc274a3a55cc3054ada048502cd246795d5a329fe4a25e52994384bbf,176,COK,BLR,COK-BLR,2026-09-13,2026-09-20,2026-09-12 18:54:51.358757,2026-09-12,1,0-3 days,Air India Express,Round trip,INR,14272.0,14272.0,,,0,70.0,,,,54.0,,,WyJDalJJU2s5TldtWXpOVjloUjJ0QlNVOU5RbWRDUnkwdExTMHRMUzB0TFMxMmQyOXJOa0ZCUVVGQlIzRnNWWEZ2VDNaRVpVRkJFZ1pKV0RFNE9UUWFDZ2pBYnhBQUdnTkpUbEk0SEhEWWRBPT0iLFtbIkNPSyIsIjIwMjYtMDktMTMiLCJCTFIiLG51bGwsIklYIiwiMTg5NCJdXV0=,SerpApi,Google Flights,2026,9,37,13,6,Sunday,September,True,18,10001-15000,9.566124919629768,False,15349.181818181818,-7.0178451916299895,2,11,INR,2026-09-12 18:54:51.345462,6aa552aaa8dce66d03faaa58,1575,2026-09-12 18:54:51.358757
ad8d89182be5fa89bf969863b1171a70e58132cb788ff733a887b592315a615c,176,COK,BLR,COK-BLR,2026-09-13,2026-09-20,2026-09-12 18:54:51.361617,2026-09-12,1,0-3 days,IndiGo,Round trip,INR,14650.0,14650.0,,,0,75.0,,,,47.0,,,WyJDalJJU2s5TldtWXpOVjloUjJ0QlNVOU5RbWRDUnkwdExTMHRMUzB0TFMxMmQyOXJOa0ZCUVVGQlIzRnNWWEZ2VDNaRVpVRkJFZ1kyUlRZME9ESWFDZ2k2Y2hBQUdnTkpUbEk0SEhEamR3PT0iLFtbIkNPSyIsIjIwMjYtMDktMTMiLCJCTFIiLG51bGwsIjZFIiwiNjQ4MiJdXV0=,SerpApi,Google Flights,2026,9,37,13,6,Sunday,September,True,18,10001-15000,9.592263871501313,False,15349.181818181818,-4.555173210298447,2,11,INR,2026-09-12 18:54:51.345462,6aa552aaa8dce66d03faaa58,1576,2026-09-12 18:54:51.361617
96310e4c670853a7229434bc0fd41a32e0cb37c63a6c7509217b4470661a54e7,176,COK,BLR,COK-BLR,2026-09-13,2026-09-20,2026-09-12 18:54:51.365199,2026-09-12,1,0-3 days,IndiGo,Round trip,INR,14650.0,14650.0,,,0,70.0,,,,43.0,,,WyJDalJJU2s5TldtWXpOVjloUjJ0QlNVOU5RbWRDUnkwdExTMHRMUzB0TFMxMmQyOXJOa0ZCUVVGQlIzRnNWWEZ2VDNaRVpVRkJFZ1UyUlRRM01ob0tDTHB5RUFBYUEwbE9VamdjY09OMyIsW1siQ09LIiwiMjAyNi0wOS0xMyIsIkJMUiIsbnVsbCwiNkUiLCI0NzIiXV1d,SerpApi,Google Flights,2026,9,37,13,6,Sunday,September,True,18,10001-15000,9.592263871501313,False,15349.181818181818,-4.555173210298447,2,11,INR,2026-09-12 18:54:51.345462,6aa552aaa8dce66d03faaa58,1577,2026-09-12 18:54:51.365199
b6b29b5a0e5cc61f455f1c2b8cfb0436d27e6e9c2c8fb0c45c8494ef7f26b30b,176,COK,BLR,COK-BLR,2026-09-13,2026-09-20,2026-09-12 18:54:51.368025,2026-09-12,1,0-3 days,Air India Express,Round trip,INR,14950.0,14950.0,,,0,75.0,,,,61.0,,,WyJDalJJU2s5TldtWXpOVjloUjJ0QlNVOU5RbWRDUnkwdExTMHRMUzB0TFMxMmQyOXJOa0ZCUVVGQlIzRnNWWEZ2VDNaRVpVRkJFZ1pKV0RJeE1UVWFDZ2ptZEJBQUdnTkpUbEk0SEhDZGVnPT0iLFtbIkNPSyIsIjIwMjYtMDktMTMiLCJCTFIiLG51bGwsIklYIiwiMjExNSJdXV0=,SerpApi,Google Flights,2026,9,37,13,6,Sunday,September,True,18,10001-15000,9.612533466213927,False,15349.181818181818,-2.60067163781309,2,11,INR,2026-09-12 18:54:51.345462,6aa552aaa8dce66d03faaa58,1578,2026-09-12 18:54:51.368025
80da3f83244c8cff0698628f5c62a285c1f435e2555673a0081fd5bd44039de6,176,COK,BLR,COK-BLR,2026-09-13,2026-09-20,2026-09-12 18:54:51.370802,2026-09-12,1,0-3 days,Air India Express,Round trip,INR,16035.0,16035.0,,,0,75.0,,,,54.0,,,WyJDalJJU2s5TldtWXpOVjloUjJ0QlNVOU5RbWRDUnkwdExTMHRMUzB0TFMxMmQyOXJOa0ZCUVVGQlIzRnNWWEZ2VDNaRVpVRkJFZ1pKV0RFNE9UWWFDZ2lqZlJBQUdnTkpUbEk0SEhDTmd3RT0iLFtbIkNPSyIsIjIwMjYtMDktMTMiLCJCTFIiLG51bGwsIklYIiwiMTg5NiJdXV0=,SerpApi,Google Flights,2026,9,37,13,6,Sunday,September,True,18,15001-25000,9.682591473762397,False,15349.181818181818,4.468109049342273,2,11,INR,2026-09-12 18:54:51.345462,6aa552aaa8dce66d03faaa58,1579,2026-09-12 18:54:51.370802
3a5ca4685590409a44be82672c75d8da9aecb17d280adcb68986717c00ea587e,176,COK,BLR,COK-BLR,2026-09-13,2026-09-20,2026-09-12 18:54:51.373537,2026-09-12,1,0-3 days,IndiGo,Round trip,INR,16934.0,16934.0,,,0,75.0,,,,43.0,,,WyJDalJJU2s5TldtWXpOVjloUjJ0QlNVOU5RbWRDUnkwdExTMHRMUzB0TFMxMmQyOXJOa0ZCUVVGQlIzRnNWWEZ2VDNaRVpVRkJFZ1UyUlRFNU5ob0xDS2FFQVJBQUdnTkpUbEk0SEhDNmlnRT0iLFtbIkNPSyIsIjIwMjYtMDktMTMiLCJCTFIiLG51bGwsIjZFIiwiMTk2Il1dXQ==,SerpApi,Google Flights,2026,9,37,13,6,Sunday,September,True,18,15001-25000,9.737137765251871,False,15349.181818181818,10.325098761556738,2,11,INR,2026-09-12 18:54:51.345462,6aa552aaa8dce66d03faaa58,1580,2026-09-12 18:54:51.373537
cb084e5d4050a35cb9e185f314c416ac15e77bb21122cfda210d21497dc6b249,176,COK,BLR,COK-BLR,2026-09-13,2026-09-20,2026-09-12 18:54:51.376174,2026-09-12,1,0-3 days,IndiGo,Round trip,INR,19735.0,19735.0,,,0,90.0,,,,44.0,,,WyJDalJJU2s5TldtWXpOVjloUjJ0QlNVOU5RbWRDUnkwdExTMHRMUzB0TFMxMmQyOXJOa0ZCUVVGQlIzRnNWWEZ2VDNaRVpVRkJFZ1kyUlRjd01EWWFDd2lYbWdFUUFCb0RTVTVTT0J4d3JhRUIiLFtbIkNPSyIsIjIwMjYtMDktMTMiLCJCTFIiLG51bGwsIjZFIiwiNzAwNiJdXV0=,SerpApi,Google Flights,2026,9,37,13,6,Sunday,September,True,18,15001-25000,9.890199658209193,False,15349.181818181818,28.573628443328335,2,11,INR,2026-09-12 18:54:51.345462,6aa552aaa8dce66d03faaa58,1581,2026-09-12 18:54:51.376174
5fb56bfd5b1201c03c36e9b722196f8d8e9fb476eb98aafc2d2fe13ab2526c3f,176,COK,BLR,COK-BLR,2026-09-13,2026-09-20,2026-09-12 18:54:51.378734,2026-09-12,1,0-3 days,IndiGo,Round trip,INR,19735.0,19735.0,,,0,70.0,,,,43.0,,,WyJDalJJU2s5TldtWXpOVjloUjJ0QlNVOU5RbWRDUnkwdExTMHRMUzB0TFMxMmQyOXJOa0ZCUVVGQlIzRnNWWEZ2VDNaRVpVRkJFZ1UyUlRjek9Cb0xDSmVhQVJBQUdnTkpUbEk0SEhDdG9RRT0iLFtbIkNPSyIsIjIwMjYtMDktMTMiLCJCTFIiLG51bGwsIjZFIiwiNzM4Il1dXQ==,SerpApi,Google Flights,2026,9,37,13,6,Sunday,September,True,18,15001-25000,9.890199658209193,False,15349.181818181818,28.573628443328335,2,11,INR,2026-09-12 18:54:51.345462,6aa552aaa8dce66d03faaa58,1582,2026-09-12 18:54:51.378734
b03a46b1381779846dc30b29c9854859a8e0736b01c82805a23ec170c84b2a2e,177,COK,DEL,COK-DEL,2026-09-13,2026-09-20,2026-09-12 18:55:01.484166,2026-09-12,1,0-3 days,IndiGo,Round trip,INR,23532.0,23532.0,,,0,195.0,,,,140.0,,,WyJDalJJVjI1UmJWcHhNRXhMVUVWQlJWOXRTbEZDUnkwdExTMHRMUzB0TFhscFltWnZPRUZCUVVGQlIzRnNWWEpCUkZaSGNrRkJFZ1kyUlRJM01EWWFDd2pzdHdFUUFCb0RTVTVTT0J4d3M4QUIiLFtbIkNPSyIsIjIwMjYtMDktMTMiLCJERUwiLG51bGwsIjZFIiwiMjcwNiJdXV0=,SerpApi,Google Flights,2026,9,37,13,6,Sunday,September,True,18,15001-25000,10.06615897040696,False,27426.88888888889,-14.20098686609248,4,18,INR,2026-09-12 18:55:01.410610,6aa552ae6feec4b77a1326c5,1584,2026-09-12 18:55:01.484166
73f0126defc6576f44922637c2c992716f15722922d54b3803c6c83f77503830,177,COK,DEL,COK-DEL,2026-09-13,2026-09-20,2026-09-12 18:55:01.487518,2026-09-12,1,0-3 days,IndiGo,Round trip,INR,24300.0,24300.0,,,0,195.0,,,,140.0,,,WyJDalJJVjI1UmJWcHhNRXhMVUVWQlJWOXRTbEZDUnkwdExTMHRMUzB0TFhscFltWnZPRUZCUVVGQlIzRnNWWEpCUkZaSGNrRkJFZ1kyUlRZeU16SWFDd2pzdlFFUUFCb0RTVTVTT0J4dzFzWUIiLFtbIkNPSyIsIjIwMjYtMDktMTMiLCJERUwiLG51bGwsIjZFIiwiNjIzMiJdXV0=,SerpApi,Google Flights,2026,9,37,13,6,Sunday,September,True,18,15001-25000,10.098272780745283,False,27426.88888888889,-11.400815096296423,4,18,INR,2026-09-12 18:55:01.410610,6aa552ae6feec4b77a1326c5,1585,2026-09-12 18:55:01.487518
5ab9f5652786c3633f8f65f66dc004ae761c1c43997935699f0e18a382128a45,177,COK,DEL,COK-DEL,2026-09-13,2026-09-20,2026-09-12 18:55:01.490576,2026-09-12,1,0-3 days,Air India Express,Round trip,INR,25728.0,25728.0,,,0,200.0,,,,185.0,,,WyJDalJJVjI1UmJWcHhNRXhMVUVWQlJWOXRTbEZDUnkwdExTMHRMUzB0TFhscFltWnZPRUZCUVVGQlIzRnNWWEpCUkZaSGNrRkJFZ1pKV0RFNE1UWWFDd2lBeVFFUUFCb0RTVTVTT0J4d3JkSUIiLFtbIkNPSyIsIjIwMjYtMDktMTMiLCJERUwiLG51bGwsIklYIiwiMTgxNiJdXV0=,SerpApi,Google Flights,2026,9,37,13,6,Sunday,September,True,18,25000+,10.155374039382549,False,27426.88888888889,-6.1942457118318694,4,18,INR,2026-09-12 18:55:01.410610,6aa552ae6feec4b77a1326c5,1586,2026-09-12 18:55:01.490576
20267bd09e9b09137ae0b2c6777194aece4648d6af0b5ff644bb14cd79514c37,177,COK,DEL,COK-DEL,2026-09-13,2026-09-20,2026-09-12 18:55:01.493337,2026-09-12,1,0-3 days,Air India,Round trip,INR,25908.0,25908.0,,,0,200.0,,,,165.0,,,WyJDalJJVjI1UmJWcHhNRXhMVUVWQlJWOXRTbEZDUnkwdExTMHRMUzB0TFhscFltWnZPRUZCUVVGQlIzRnNWWEpCUkZaSGNrRkJFZ1pCU1RJME5Ua2FDd2kweWdFUUFCb0RTVTVTT0J4dzZkTUIiLFtbIkNPSyIsIjIwMjYtMDktMTMiLCJERUwiLG51bGwsIkFJIiwiMjQ1OSJdXV0=,SerpApi,Google Flights,2026,9,37,13,6,Sunday,September,True,18,25000+,10.162345677674331,False,27426.88888888889,-5.537955453285914,4,18,INR,2026-09-12 18:55:01.410610,6aa552ae6feec4b77a1326c5,1587,2026-09-12 18:55:01.493337
43457e9d41640badb7a22df353e0b175669f83a1013c3673688a52b6601434b6,177,COK,DEL,COK-DEL,2026-09-13,2026-09-20,2026-09-12 18:55:01.495817,2026-09-12,1,0-3 days,IndiGo,Round trip,INR,24434.0,24434.0,,,1,345.0,,,,177.0,,,WyJDalJJVjI1UmJWcHhNRXhMVUVWQlJWOXRTbEZDUnkwdExTMHRMUzB0TFhscFltWnZPRUZCUVVGQlIzRnNWWEpCUkZaSGNrRkJFZ3cyUlRZMk1udzJSVFk0TWpjYUN3anl2Z0VRQUJvRFNVNVNPQnh3NHNjQiIsW1siQ09LIiwiMjAyNi0wOS0xMyIsIkJPTSIsbnVsbCwiNkUiLCI2NjIiXSxbIkJPTSIsIjIwMjYtMDktMTMiLCJERUwiLG51bGwsIjZFIiwiNjgyNyJdXV0=,SerpApi,Google Flights,2026,9,37,13,6,Sunday,September,True,18,15001-25000,10.103771809704256,False,27426.88888888889,-10.912243459378878,4,18,INR,2026-09-12 18:55:01.410610,6aa552ae6feec4b77a1326c5,1588,2026-09-12 18:55:01.495817
c70dc5739e24463675eed4970613e2c01985ccf7a5947d791d192124b3354241,177,COK,DEL,COK-DEL,2026-09-13,2026-09-20,2026-09-12 18:55:01.500488,2026-09-12,1,0-3 days,IndiGo,Round trip,INR,24434.0,24434.0,,,1,320.0,,,,180.0,,,WyJDalJJVjI1UmJWcHhNRXhMVUVWQlJWOXRTbEZDUnkwdExTMHRMUzB0TFhscFltWnZPRUZCUVVGQlIzRnNWWEpCUkZaSGNrRkJFZzAyUlRJMk1qSjhOa1UyTURBeUdnc0k4cjRCRUFBYUEwbE9VamdjY09MSEFRPT0iLFtbIkNPSyIsIjIwMjYtMDktMTMiLCJNQUEiLG51bGwsIjZFIiwiMjYyMiJdLFsiTUFBIiwiMjAyNi0wOS0xMyIsIkRFTCIsbnVsbCwiNkUiLCI2MDAyIl1dXQ==,SerpApi,Google Flights,2026,9,37,13,6,Sunday,September,True,18,15001-25000,10.103771809704256,False,27426.88888888889,-10.912243459378878,4,18,INR,2026-09-12 18:55:01.410610,6aa552ae6feec4b77a1326c5,1589,2026-09-12 18:55:01.500488
e910648ddc266afefda4c6c766cdf8fcf7666f658d5bc66a7db7df8e16d67221,177,COK,DEL,COK-DEL,2026-09-13,2026-09-20,2026-09-12 18:55:01.503784,2026-09-12,1,0-3 days,IndiGo,Round trip,INR,24434.0,24434.0,,,1,330.0,,,,177.0,,,WyJDalJJVjI1UmJWcHhNRXhMVUVWQlJWOXRTbEZDUnkwdExTMHRMUzB0TFhscFltWnZPRUZCUVVGQlIzRnNWWEpCUkZaSGNrRkJFZ3cyUlRRek5udzJSVFkzTURRYUN3anl2Z0VRQUJvRFNVNVNPQnh3NHNjQiIsW1siQ09LIiwiMjAyNi0wOS0xMyIsIkJPTSIsbnVsbCwiNkUiLCI0MzYiXSxbIkJPTSIsIjIwMjYtMDktMTMiLCJERUwiLG51bGwsIjZFIiwiNjcwNCJdXV0=,SerpApi,Google Flights,2026,9,37,13,6,Sunday,September,True,18,15001-25000,10.103771809704256,False,27426.88888888889,-10.912243459378878,4,18,INR,2026-09-12 18:55:01.410610,6aa552ae6feec4b77a1326c5,1590,2026-09-12 18:55:01.503784
ec2cd59bd1bbd18b7dc0d47749aaaec20b6f989095e4fb91690e1d37653919a1,177,COK,DEL,COK-DEL,2026-09-13,2026-09-20,2026-09-12 18:55:01.506783,2026-09-12,1,0-3 days,IndiGo,Round trip,INR,25121.0,25121.0,,,0,195.0,,,,147.0,,,WyJDalJJVjI1UmJWcHhNRXhMVUVWQlJWOXRTbEZDUnkwdExTMHRMUzB0TFhscFltWnZPRUZCUVVGQlIzRnNWWEpCUkZaSGNrRkJFZ1kyUlRJek9ESWFDd2loeEFFUUFCb0RTVTVTT0J4d3NjMEIiLFtbIkNPSyIsIjIwMjYtMDktMTMiLCJERUwiLG51bGwsIjZFIiwiMjM4MiJdXV0=,SerpApi,Google Flights,2026,9,37,13,6,Sunday,September,True,18,25000+,10.131499235247198,False,27426.88888888889,-8.40740230592849,4,18,INR,2026-09-12 18:55:01.410610,6aa552ae6feec4b77a1326c5,1591,2026-09-12 18:55:01.506783
bad8ae4f158361647d440adc99b5ec3263473b4d2c9216bdc0147bfb8c253573,177,COK,DEL,COK-DEL,2026-09-13,2026-09-20,2026-09-12 18:55:01.509273,2026-09-12,1,0-3 days,Air India,Round trip,INR,25332.0,25332.0,,,1,415.0,,,,208.0,,,WyJDalJJVjI1UmJWcHhNRXhMVUVWQlJWOXRTbEZDUnkwdExTMHRMUzB0TFhscFltWnZPRUZCUVVGQlIzRnNWWEpCUkZaSGNrRkJFZzFCU1RJM09EaDhRVWt5T1RRMEdnc0k5TVVCRUFBYUEwbE9VamdjY0k3UEFRPT0iLFtbIkNPSyIsIjIwMjYtMDktMTMiLCJCT00iLG51bGwsIkFJIiwiMjc4OCJdLFsiQk9NIiwiMjAyNi0wOS0xMyIsIkRFTCIsbnVsbCwiQUkiLCIyOTQ0Il1dXQ==,SerpApi,Google Flights,2026,9,37,13,6,Sunday,September,True,18,25000+,10.139863172619055,False,27426.88888888889,-7.638084280632961,4,18,INR,2026-09-12 18:55:01.410610,6aa552ae6feec4b77a1326c5,1592,2026-09-12 18:55:01.509273
e71b393cd767647208a5c3df0a01c55922d65da826bfd2693c09421512e74e99,177,COK,DEL,COK-DEL,2026-09-13,2026-09-20,2026-09-12 18:55:01.512110,2026-09-12,1,0-3 days,Air India Express,Round trip,INR,27591.0,27591.0,,,0,180.0,,,,185.0,,,WyJDalJJVjI1UmJWcHhNRXhMVUVWQlJWOXRTbEZDUnkwdExTMHRMUzB0TFhscFltWnZPRUZCUVVGQlIzRnNWWEpCUkZaSGNrRkJFZ1pKV0RFNE1UUWFDd2pIMXdFUUFCb0RTVTVTT0J4d3l1RUIiLFtbIkNPSyIsIjIwMjYtMDktMTMiLCJERUwiLG51bGwsIklYIiwiMTgxNCJdXV0=,SerpApi,Google Flights,2026,9,37,13,6,Sunday,September,True,18,25000+,10.225281154616678,False,27426.88888888889,0.5983584641187312,4,18,INR,2026-09-12 18:55:01.410610,6aa552ae6feec4b77a1326c5,1593,2026-09-12 18:55:01.512110
3570833a9af0e0a699db27df95f6b3b84f80d07effd7f8885ad6e37da27770f7,177,COK,DEL,COK-DEL,2026-09-13,2026-09-20,2026-09-12 18:55:01.514510,2026-09-12,1,0-3 days,Air India,Round trip,INR,28591.0,28591.0,,,0,205.0,,,,165.0,,,WyJDalJJVjI1UmJWcHhNRXhMVUVWQlJWOXRTbEZDUnkwdExTMHRMUzB0TFhscFltWnZPRUZCUVVGQlIzRnNWWEpCUkZaSGNrRkJFZ1pCU1RFNE1qZ2FDd2l2M3dFUUFCb0RTVTVTT0J4dzRla0IiLFtbIkNPSyIsIjIwMjYtMDktMTMiLCJERUwiLG51bGwsIkFJIiwiMTgyOCJdXV0=,SerpApi,Google Flights,2026,9,37,13,6,Sunday,September,True,18,25000+,10.26088223739921,False,27426.88888888889,4.244415456040707,4,18,INR,2026-09-12 18:55:01.410610,6aa552ae6feec4b77a1326c5,1594,2026-09-12 18:55:01.514510
57dae0a57f583786d2959a80e1d81ae1e7807a8f8574e7b6d0cb6d679977be5d,177,COK,DEL,COK-DEL,2026-09-13,2026-09-20,2026-09-12 18:55:01.516928,2026-09-12,1,0-3 days,Air India,Round trip,INR,31473.0,31473.0,,,0,200.0,,,,165.0,,,WyJDalJJVjI1UmJWcHhNRXhMVUVWQlJWOXRTbEZDUnkwdExTMHRMUzB0TFhscFltWnZPRUZCUVVGQlIzRnNWWEpCUkZaSGNrRkJFZ1pCU1RJNE9EUWFDd2p4OVFFUUFCb0RTVTVTT0J4d3FZRUMiLFtbIkNPSyIsIjIwMjYtMDktMTMiLCJERUwiLG51bGwsIkFJIiwiMjg4NCJdXV0=,SerpApi,Google Flights,2026,9,37,13,6,Sunday,September,True,18,25000+,10.35691708716081,False,27426.88888888889,14.752351706759793,4,18,INR,2026-09-12 18:55:01.410610,6aa552ae6feec4b77a1326c5,1595,2026-09-12 18:55:01.516928
8aba2445315bbd80bc9d316c584241d05d1e0b66cdf0dbee30c4bfe3e3fc0c6d,177,COK,DEL,COK-DEL,2026-09-13,2026-09-20,2026-09-12 18:55:01.519595,2026-09-12,1,0-3 days,Air India,Round trip,INR,31657.0,31657.0,,,0,205.0,,,,165.0,,,WyJDalJJVjI1UmJWcHhNRXhMVUVWQlJWOXRTbEZDUnkwdExTMHRMUzB0TFhscFltWnZPRUZCUVVGQlIzRnNWWEpCUkZaSGNrRkJFZ1pCU1RJME56UWFDd2lwOXdFUUFCb0RTVTVTT0J4dzZZSUMiLFtbIkNPSyIsIjIwMjYtMDktMTMiLCJERUwiLG51bGwsIkFJIiwiMjQ3NCJdXV0=,SerpApi,Google Flights,2026,9,37,13,6,Sunday,September,True,18,25000+,10.362746160245683,False,27426.88888888889,15.423226193273432,4,18,INR,2026-09-12 18:55:01.410610,6aa552ae6feec4b77a1326c5,1596,2026-09-12 18:55:01.519595
c56e00bcdf31fb27bbb7048845b1f75cd47313d8b99abab60893d6b3c958a3e8,178,COK,BOM,COK-BOM,2026-09-13,2026-09-20,2026-09-12 18:55:09.401525,2026-09-12,1,0-3 days,IndiGo,Round trip,INR,15583.0,15583.0,,,0,125.0,,,,85.0,,,WyJDalJJYzNjMmVuSlhZVVZDTFdOQlMwMW9SRUZDUnkwdExTMHRMUzF2YTNSdE5DMXVNVUZCUVVGQlIzRnNWWEpyU0VoWVluTkJFZ1UyUlRRek5ob0tDTjk1RUFBYUEwbE9VamdjY0xSLyIsW1siQ09LIiwiMjAyNi0wOS0xMyIsIkJPTSIsbnVsbCwiNkUiLCI0MzYiXV1d,SerpApi,Google Flights,2026,9,37,13,6,Sunday,September,True,18,15001-25000,9.654000025882317,False,19608.61111111111,-20.529812582340522,5,18,INR,2026-09-12 18:55:09.400044,6aa552b880a07827567660ca,1597,2026-09-12 18:55:09.401525
04bdf6925e8f29980aff4d02b81b5ba2d0a83341a8d324d6fc6dd964301fcbdf,178,COK,BOM,COK-BOM,2026-09-13,2026-09-20,2026-09-12 18:55:09.403458,2026-09-12,1,0-3 days,Air India Express,Round trip,INR,16538.0,16538.0,,,0,145.0,,,,117.0,,,WyJDalJJYzNjMmVuSlhZVVZDTFdOQlMwMW9SRUZDUnkwdExTMHRMUzF2YTNSdE5DMXVNVUZCUVVGQlIzRnNWWEpyU0VoWVluTkJFZ1pKV0RFM09UZ2FDd2lhZ1FFUUFCb0RTVTVTT0J4d200Y0IiLFtbIkNPSyIsIjIwMjYtMDktMTMiLCJCT00iLG51bGwsIklYIiwiMTc5OCJdXV0=,SerpApi,Google Flights,2026,9,37,13,6,Sunday,September,True,18,15001-25000,9.713476507257793,False,19608.61111111111,-15.659503336119329,5,18,INR,2026-09-12 18:55:09.400044,6aa552b880a07827567660ca,1598,2026-09-12 18:55:09.403458
94baa8ff12080668237ca1f4003b3457e5bf559a9f6300d67ca0e336400ef00a,178,COK,BOM,COK-BOM,2026-09-13,2026-09-20,2026-09-12 18:55:09.405025,2026-09-12,1,0-3 days,Akasa Air,Round trip,INR,16862.0,16862.0,,,0,140.0,,,,90.0,,,WyJDalJJYzNjMmVuSlhZVVZDTFdOQlMwMW9SRUZDUnkwdExTMHRMUzF2YTNSdE5DMXVNVUZCUVVGQlIzRnNWWEpyU0VoWVluTkJFZ1pSVURFeE16Z2FDd2plZ3dFUUFCb0RTVTVTT0J4dzdva0IiLFtbIkNPSyIsIjIwMjYtMDktMTMiLCJCT00iLG51bGwsIlFQIiwiMTEzOCJdXV0=,SerpApi,Google Flights,2026,9,37,13,6,Sunday,September,True,18,15001-25000,9.732877151670184,False,19608.61111111111,-14.007168052584596,5,18,INR,2026-09-12 18:55:09.400044,6aa552b880a07827567660ca,1599,2026-09-12 18:55:09.405025
4f17a935140cac188e6ecc46cf1c626e7a0619c6536049bde617fcf2717776ec,178,COK,BOM,COK-BOM,2026-09-13,2026-09-20,2026-09-12 18:55:09.406708,2026-09-12,1,0-3 days,Air India,Round trip,INR,16913.0,16913.0,,,0,150.0,,,,102.0,,,WyJDalJJYzNjMmVuSlhZVVZDTFdOQlMwMW9SRUZDUnkwdExTMHRMUzF2YTNSdE5DMXVNVUZCUVVGQlIzRnNWWEpyU0VoWVluTkJFZ1pCU1RJM09EZ2FDd2lSaEFFUUFCb0RTVTVTT0J4d3BJb0IiLFtbIkNPSyIsIjIwMjYtMDktMTMiLCJCT00iLG51bGwsIkFJIiwiMjc4OCJdXV0=,SerpApi,Google Flights,2026,9,37,13,6,Sunday,September,True,18,15001-25000,9.735896960342167,False,19608.61111111111,-13.747078239435616,5,18,INR,2026-09-12 18:55:09.400044,6aa552b880a07827567660ca,1600,2026-09-12 18:55:09.406708
eeb09d2313f6e09b524a6369c4ce58964d07f4c7412efe7b8f8679b96c1b3577,178,COK,BOM,COK-BOM,2026-09-13,2026-09-20,2026-09-12 18:55:09.408401,2026-09-12,1,0-3 days,IndiGo,Round trip,INR,15672.0,15672.0,,,1,270.0,,,,114.0,,,WyJDalJJYzNjMmVuSlhZVVZDTFdOQlMwMW9SRUZDUnkwdExTMHRMUzF2YTNSdE5DMXVNVUZCUVVGQlIzRnNWWEpyU0VoWVluTkJFZzAyUlRZNU1qSjhOa1UxTURrMEdnb0l1SG9RQUJvRFNVNVNPQnh3a1lBQiIsW1siQ09LIiwiMjAyNi0wOS0xMyIsIkJMUiIsbnVsbCwiNkUiLCI2OTIyIl0sWyJCTFIiLCIyMDI2LTA5LTEzIiwiQk9NIixudWxsLCI2RSIsIjUwOTQiXV1d,SerpApi,Google Flights,2026,9,37,13,6,Sunday,September,True,18,15001-25000,9.659694765654068,False,19608.61111111111,-20.075930359394246,5,18,INR,2026-09-12 18:55:09.400044,6aa552b880a07827567660ca,1601,2026-09-12 18:55:09.408401
3053c86e93f1e875023a1157a9e9c3f4aa5f56f99fe7525598984734eed3ca0f,178,COK,BOM,COK-BOM,2026-09-13,2026-09-20,2026-09-12 18:55:09.412764,2026-09-12,1,0-3 days,IndiGo,Round trip,INR,16509.0,16509.0,,,0,125.0,,,,85.0,,,WyJDalJJYzNjMmVuSlhZVVZDTFdOQlMwMW9SRUZDUnkwdExTMHRMUzF2YTNSdE5DMXVNVUZCUVVGQlIzRnNWWEpyU0VoWVluTkJFZ1UyUlRZMk1ob0xDUDJBQVJBQUdnTkpUbEk0SEhEOWhnRT0iLFtbIkNPSyIsIjIwMjYtMDktMTMiLCJCT00iLG51bGwsIjZFIiwiNjYyIl1dXQ==,SerpApi,Google Flights,2026,9,37,13,6,Sunday,September,True,18,15001-25000,9.711721536914174,False,19608.61111111111,-15.807397543596203,5,18,INR,2026-09-12 18:55:09.400044,6aa552b880a07827567660ca,1602,2026-09-12 18:55:09.412764
e4ccfcef898b81efac55a98ce62e558c93b1dfcbfef27385894c5857238e42bb,178,COK,BOM,COK-BOM,2026-09-13,2026-09-20,2026-09-12 18:55:09.415083,2026-09-12,1,0-3 days,Air India,Round trip,INR,17343.0,17343.0,,,0,145.0,,,,102.0,,,WyJDalJJYzNjMmVuSlhZVVZDTFdOQlMwMW9SRUZDUnkwdExTMHRMUzF2YTNSdE5DMXVNVUZCUVVGQlIzRnNWWEpyU0VoWVluTkJFZ1pCU1RJNE5UWWFDd2kvaHdFUUFCb0RTVTVTT0J4dzVvMEIiLFtbIkNPSyIsIjIwMjYtMDktMTMiLCJCT00iLG51bGwsIkFJIiwiMjg1NiJdXV0=,SerpApi,Google Flights,2026,9,37,13,6,Sunday,September,True,18,15001-25000,9.761001904239373,False,19608.61111111111,-11.554164128571621,5,18,INR,2026-09-12 18:55:09.400044,6aa552b880a07827567660ca,1603,2026-09-12 18:55:09.415083
62400c18a64ec303c923ad9f57111003ad48e37c5d9ab001ccfd991c8de2ca3b,178,COK,BOM,COK-BOM,2026-09-13,2026-09-20,2026-09-12 18:55:09.417405,2026-09-12,1,0-3 days,IndiGo,Round trip,INR,18001.0,18001.0,,,0,130.0,,,,85.0,,,WyJDalJJYzNjMmVuSlhZVVZDTFdOQlMwMW9SRUZDUnkwdExTMHRMUzF2YTNSdE5DMXVNVUZCUVVGQlIzRnNWWEpyU0VoWVluTkJFZ1UyUlRZM05Cb0xDTkdNQVJBQUdnTkpUbEk0SEhDV2t3RT0iLFtbIkNPSyIsIjIwMjYtMDktMTMiLCJCT00iLG51bGwsIjZFIiwiNjc0Il1dXQ==,SerpApi,Google Flights,2026,9,37,13,6,Sunday,September,True,18,15001-25000,9.79823814181703,False,19608.61111111111,-8.198495558923934,5,18,INR,2026-09-12 18:55:09.400044,6aa552b880a07827567660ca,1604,2026-09-12 18:55:09.417405
4c5c203a07bda20925e9a71f02a35bbc3730be6a7c5aaad4b6a55a4edb8814a5,178,COK,BOM,COK-BOM,2026-09-13,2026-09-20,2026-09-12 18:55:09.419524,2026-09-12,1,0-3 days,Air India Express,Round trip,INR,19610.0,19610.0,,,0,145.0,,,,102.0,,,WyJDalJJYzNjMmVuSlhZVVZDTFdOQlMwMW9SRUZDUnkwdExTMHRMUzF2YTNSdE5DMXVNVUZCUVVGQlIzRnNWWEpyU0VoWVluTkJFZ1pKV0RFNE1EQWFDd2lhbVFFUUFCb0RTVTVTT0J4d3FxQUIiLFtbIkNPSyIsIjIwMjYtMDktMTMiLCJCT00iLG51bGwsIklYIiwiMTgwMCJdXV0=,SerpApi,Google Flights,2026,9,37,13,6,Sunday,September,True,18,15001-25000,9.883845912280838,False,19608.61111111111,0.007083055913659209,5,18,INR,2026-09-12 18:55:09.400044,6aa552b880a07827567660ca,1605,2026-09-12 18:55:09.419524
54e849997a1e32c0afde107771f44e2d662ae13927ad2bb13f177eeaf915dd84,178,COK,BOM,COK-BOM,2026-09-13,2026-09-20,2026-09-12 18:55:09.421272,2026-09-12,1,0-3 days,IndiGo,Round trip,INR,19742.0,19742.0,,,0,125.0,,,,85.0,,,WyJDalJJYzNjMmVuSlhZVVZDTFdOQlMwMW9SRUZDUnkwdExTMHRMUzF2YTNSdE5DMXVNVUZCUVVGQlIzRnNWWEpyU0VoWVluTkJFZ1kyUlRJd09UUWFDd2llbWdFUUFCb0RTVTVTT0J4d3RLRUIiLFtbIkNPSyIsIjIwMjYtMDktMTMiLCJCT00iLG51bGwsIjZFIiwiMjA5NCJdXV0=,SerpApi,Google Flights,2026,9,37,13,6,Sunday,September,True,18,15001-25000,9.89055427712423,False,19608.61111111111,0.6802566899463125,5,18,INR,2026-09-12 18:55:09.400044,6aa552b880a07827567660ca,1606,2026-09-12 18:55:09.421272
308713ad5794083f4317bbf603cdbb5444ae0de43267803c9337df35045e6569,178,COK,BOM,COK-BOM,2026-09-13,2026-09-20,2026-09-12 18:55:09.423242,2026-09-12,1,0-3 days,Air India Express,Round trip,INR,20527.0,20527.0,,,0,145.0,,,,117.0,,,WyJDalJJYzNjMmVuSlhZVVZDTFdOQlMwMW9SRUZDUnkwdExTMHRMUzF2YTNSdE5DMXVNVUZCUVVGQlIzRnNWWEpyU0VoWVluTkJFZ1pKV0RFNE1ESWFDd2l2b0FFUUFCb0RTVTVTT0J4dzZxY0IiLFtbIkNPSyIsIjIwMjYtMDktMTMiLCJCT00iLG51bGwsIklYIiwiMTgwMiJdXV0=,SerpApi,Google Flights,2026,9,37,13,6,Sunday,September,True,18,15001-25000,9.929545086855418,False,19608.61111111111,4.683599892337553,5,18,INR,2026-09-12 18:55:09.400044,6aa552b880a07827567660ca,1607,2026-09-12 18:55:09.423242
fda0db577f5d11deb6fc80e83c21ee23ba24cb1b604a89793a07829ec697a779,178,COK,BOM,COK-BOM,2026-09-13,2026-09-20,2026-09-12 18:55:09.425134,2026-09-12,1,0-3 days,Air India,Round trip,INR,24530.0,24530.0,,,0,145.0,,,,144.0,,,WyJDalJJYzNjMmVuSlhZVVZDTFdOQlMwMW9SRUZDUnkwdExTMHRMUzF2YTNSdE5DMXVNVUZCUVVGQlIzRnNWWEpyU0VoWVluTkJFZ1ZCU1RZNU9Sb0xDTksvQVJBQUdnTkpUbEk0SEhESHlBRT0iLFtbIkNPSyIsIjIwMjYtMDktMTMiLCJCT00iLG51bGwsIkFJIiwiNjk5Il1dXQ==,SerpApi,Google Flights,2026,9,37,13,6,Sunday,September,True,18,15001-25000,10.107692902830086,False,19608.61111111111,25.09810032440396,5,18,INR,2026-09-12 18:55:09.400044,6aa552b880a07827567660ca,1608,2026-09-12 18:55:09.425134
