id,flight_option_id,airline,airline_code,flight_number,origin_airport,origin_airport_name,destination_airport,destination_airport_name,departure_time,arrival_time,duration_minutes,aircraft,travel_class,legroom,often_delayed,extensions,collected_at
1,1,Air India,,AI 2818,BLR,Kempegowda International Airport Bengaluru,DEL,Indira Gandhi International Airport,2026-09-12 20:00:00,2026-09-12 22:45:00,165,Airbus A320neo,Economy,28 in,f,"['"Below average legroom (28 in)'", '"In-seat USB outlet'", '"Stream media to your device'", '"Carbon emissions estimate: 143 kg'"]",2026-09-12 18:32:57.325706
2,2,IndiGo,,6E 116,BLR,Kempegowda International Airport Bengaluru,PNQ,Pune International Airport,2026-09-12 23:05:00,2026-09-13 00:45:00,100,Airbus A321neo,Economy,28 in,f,"['"Below average legroom (28 in)'", '"Carbon emissions estimate: 61 kg'"]",2026-09-12 18:32:57.331277
3,2,IndiGo,,6E 2418,PNQ,Pune International Airport,DEL,Indira Gandhi International Airport,2026-09-13 01:45:00,2026-09-13 04:00:00,135,Airbus A321neo,Economy,28 in,f,"['"Below average legroom (28 in)'", '"Carbon emissions estimate: 96 kg'"]",2026-09-12 18:32:57.331277
4,3,Air India Express,,IX 2787,BLR,Kempegowda International Airport Bengaluru,MAA,Chennai International Airport,2026-09-12 22:10:00,2026-09-12 23:20:00,70,Boeing 737,Economy,30 in,f,"['"Average legroom (30 in)'", '"In-seat USB outlet'", '"Carbon emissions estimate: 45 kg'"]",2026-09-12 18:32:57.334021
5,3,Air India,,AI 2886,MAA,Chennai International Airport,DEL,Indira Gandhi International Airport,2026-09-13 06:55:00,2026-09-13 09:50:00,175,Airbus A320neo,Economy,28 in,f,"['"Below average legroom (28 in)'", '"In-seat USB outlet'", '"Stream media to your device'", '"Carbon emissions estimate: 145 kg'"]",2026-09-12 18:32:57.334021
6,4,IndiGo,,6E 528,BLR,Kempegowda International Airport Bengaluru,PNQ,Pune International Airport,2026-09-12 21:40:00,2026-09-12 23:10:00,90,Airbus A321neo,Economy,28 in,f,"['"Below average legroom (28 in)'", '"Carbon emissions estimate: 61 kg'"]",2026-09-12 18:32:57.337293
7,4,IndiGo,,6E 5321,PNQ,Pune International Airport,DEL,Indira Gandhi International Airport,2026-09-13 00:15:00,2026-09-13 02:30:00,135,Airbus A321neo,Economy,28 in,f,"['"Below average legroom (28 in)'", '"Carbon emissions estimate: 93 kg'"]",2026-09-12 18:32:57.337293
8,5,Air India Express,,IX 2680,BLR,Kempegowda International Airport Bengaluru,PNQ,Pune International Airport,2026-09-12 21:50:00,2026-09-12 23:30:00,100,Boeing 737MAX 8 Passenger,Economy,30 in,f,"['"Average legroom (30 in)'", '"In-seat USB outlet'", '"Carbon emissions estimate: 76 kg'"]",2026-09-12 18:32:57.340417
9,5,Air India Express,,IX 1672,PNQ,Pune International Airport,DEL,Indira Gandhi International Airport,2026-09-13 07:40:00,2026-09-13 10:10:00,150,Boeing 737MAX 8 Passenger,Economy,30 in,f,"['"Average legroom (30 in)'", '"In-seat USB outlet'", '"Carbon emissions estimate: 113 kg'"]",2026-09-12 18:32:57.340417
10,6,Air India Express,,IX 1723,BLR,Kempegowda International Airport Bengaluru,HYD,Rajiv Gandhi International Airport,2026-09-12 22:40:00,2026-09-12 23:50:00,70,Airbus A320,Economy,28 in,f,"['"Below average legroom (28 in)'", '"In-seat USB outlet'", '"Carbon emissions estimate: 57 kg'"]",2026-09-12 18:32:57.342907
11,6,Air India,,AI 1806,HYD,Rajiv Gandhi International Airport,DEL,Indira Gandhi International Airport,2026-09-13 03:00:00,2026-09-13 05:25:00,145,Airbus A320neo,Economy,28 in,f,"['"Below average legroom (28 in)'", '"In-seat USB outlet'", '"Stream media to your device'", '"Carbon emissions estimate: 113 kg'"]",2026-09-12 18:32:57.342907
12,7,IndiGo,,6E 817,BLR,Kempegowda International Airport Bengaluru,DEL,Indira Gandhi International Airport,2026-09-12 20:40:00,2026-09-12 23:30:00,170,Airbus A321neo,Business Class,,f,"['"Standard recliner seat'", '"In-seat power & USB outlets'", '"Carbon emissions estimate: 185 kg'"]",2026-09-12 18:32:57.345368
13,8,IndiGo,,6E 2313,BLR,Kempegowda International Airport Bengaluru,DEL,Indira Gandhi International Airport,2026-09-12 23:30:00,2026-09-13 02:20:00,170,Airbus A321neo,Business Class,,f,"['"Standard recliner seat'", '"In-seat power & USB outlets'", '"Carbon emissions estimate: 185 kg'"]",2026-09-12 18:32:57.3475
14,9,Air India,,AI 2488,BLR,Kempegowda International Airport Bengaluru,DEL,Indira Gandhi International Airport,2026-09-12 22:30:00,2026-09-13 01:25:00,175,Airbus A320neo,Business Class,,f,"['"Extra reclining seat'", '"In-seat power & USB outlets'", '"Stream media to your device'", '"Carbon emissions estimate: 214 kg'"]",2026-09-12 18:32:57.359816
15,10,Air India,,AI 2642,BLR,Kempegowda International Airport Bengaluru,BOM,Chhatrapati Shivaji Maharaj International Airport Mumbai,2026-09-12 21:30:00,2026-09-12 23:35:00,125,Airbus A320neo,Premium Economy,32 in,f,"['"Below average legroom (32 in)'", '"In-seat USB outlet'", '"Stream media to your device'", '"Carbon emissions estimate: 83 kg'"]",2026-09-12 18:32:57.361848
16,10,Air India,,AI 2422,BOM,Chhatrapati Shivaji Maharaj International Airport Mumbai,DEL,Indira Gandhi International Airport,2026-09-13 01:00:00,2026-09-13 03:20:00,140,Airbus A320neo,Premium Economy,32 in,f,"['"Below average legroom (32 in)'", '"In-seat USB outlet'", '"Stream media to your device'", '"Carbon emissions estimate: 105 kg'"]",2026-09-12 18:32:57.361848
17,11,IndiGo,,6E 6077,BLR,Kempegowda International Airport Bengaluru,MAA,Chennai International Airport,2026-09-12 20:20:00,2026-09-12 21:25:00,65,Airbus A320neo,Economy,28 in,f,"['"Below average legroom (28 in)'", '"Carbon emissions estimate: 39 kg'"]",2026-09-12 18:33:06.497184
18,11,IndiGo,,6E 6225,MAA,Chennai International Airport,BOM,Chhatrapati Shivaji Maharaj International Airport Mumbai,2026-09-12 22:30:00,2026-09-13 00:30:00,120,Airbus A321neo,Economy,28 in,f,"['"Below average legroom (28 in)'", '"Carbon emissions estimate: 82 kg'"]",2026-09-12 18:33:06.497184
19,12,Akasa Air,,QP 1134,BLR,Kempegowda International Airport Bengaluru,BOM,Chhatrapati Shivaji Maharaj International Airport Mumbai,2026-09-12 22:55:00,2026-09-13 00:45:00,110,Boeing 737MAX 8 Passenger,Economy,28 in,f,"['"Below average legroom (28 in)'", '"In-seat USB outlet'", '"Carbon emissions estimate: 73 kg'"]",2026-09-12 18:33:06.500212
20,13,Air India,,AI 2850,BLR,Kempegowda International Airport Bengaluru,BOM,Chhatrapati Shivaji Maharaj International Airport Mumbai,2026-09-12 20:30:00,2026-09-12 22:40:00,130,Airbus A320neo,Economy,28 in,f,"['"Below average legroom (28 in)'", '"In-seat USB outlet'", '"Stream media to your device'", '"Carbon emissions estimate: 83 kg'"]",2026-09-12 18:33:06.502407
21,14,IndiGo,,6E 5376,BLR,Kempegowda International Airport Bengaluru,BOM,Chhatrapati Shivaji Maharaj International Airport Mumbai,2026-09-12 20:15:00,2026-09-12 22:00:00,105,Airbus A321neo,Economy,28 in,f,"['"Below average legroom (28 in)'", '"Carbon emissions estimate: 71 kg'"]",2026-09-12 18:33:06.504438
22,15,IndiGo,,6E 6423,BLR,Kempegowda International Airport Bengaluru,AMD,Sardar Vallabhbhai Patel International Airport,2026-09-12 20:00:00,2026-09-12 22:10:00,130,Airbus A321neo,Economy,28 in,f,"['"Below average legroom (28 in)'", '"Carbon emissions estimate: 92 kg'"]",2026-09-12 18:33:06.506447
23,15,IndiGo,,6E 6351,AMD,Sardar Vallabhbhai Patel International Airport,BOM,Chhatrapati Shivaji Maharaj International Airport Mumbai,2026-09-12 23:15:00,2026-09-13 00:30:00,75,Airbus A320neo,Economy,28 in,f,"['"Below average legroom (28 in)'", '"Carbon emissions estimate: 53 kg'"]",2026-09-12 18:33:06.506447
24,16,Air India,,AI 2840,BLR,Kempegowda International Airport Bengaluru,BOM,Chhatrapati Shivaji Maharaj International Airport Mumbai,2026-09-12 22:30:00,2026-09-13 00:35:00,125,Airbus A320neo,Economy,28 in,f,"['"Below average legroom (28 in)'", '"In-seat USB outlet'", '"Stream media to your device'", '"Carbon emissions estimate: 83 kg'"]",2026-09-12 18:33:06.509627
25,17,Air India,,AI 2811,BLR,Kempegowda International Airport Bengaluru,BOM,Chhatrapati Shivaji Maharaj International Airport Mumbai,2026-09-12 23:40:00,2026-09-13 01:45:00,125,Airbus A320neo,Premium Economy,32 in,f,"['"Below average legroom (32 in)'", '"In-seat USB outlet'", '"Stream media to your device'", '"Carbon emissions estimate: 83 kg'"]",2026-09-12 18:33:06.511905
26,18,Air India,,AI 2642,BLR,Kempegowda International Airport Bengaluru,BOM,Chhatrapati Shivaji Maharaj International Airport Mumbai,2026-09-12 21:30:00,2026-09-12 23:35:00,125,Airbus A320neo,Premium Economy,32 in,f,"['"Below average legroom (32 in)'", '"In-seat USB outlet'", '"Stream media to your device'", '"Carbon emissions estimate: 83 kg'"]",2026-09-12 18:33:06.514176
27,19,Air India Express,,IX 1723,BLR,Kempegowda International Airport Bengaluru,HYD,Rajiv Gandhi International Airport,2026-09-12 22:40:00,2026-09-12 23:50:00,70,Airbus A320neo,Economy,28 in,f,"['"Below average legroom (28 in)'", '"In-seat USB outlet'", '"Carbon emissions estimate: 57 kg'"]",2026-09-12 18:33:09.420745
28,20,IndiGo,,6E 6784,BLR,Kempegowda International Airport Bengaluru,HYD,Rajiv Gandhi International Airport,2026-09-12 21:30:00,2026-09-12 22:45:00,75,Airbus A321neo,Economy,28 in,f,"['"Below average legroom (28 in)'", '"Carbon emissions estimate: 47 kg'"]",2026-09-12 18:33:09.423988
29,21,IndiGo,,6E 116,BLR,Kempegowda International Airport Bengaluru,PNQ,Pune International Airport,2026-09-12 23:05:00,2026-09-13 00:45:00,100,Airbus A321neo,Economy,28 in,f,"['"Below average legroom (28 in)'", '"Carbon emissions estimate: 61 kg'"]",2026-09-12 18:33:09.426912
30,21,IndiGo,,6E 336,PNQ,Pune International Airport,HYD,Rajiv Gandhi International Airport,2026-09-13 01:50:00,2026-09-13 03:10:00,80,Airbus A321neo,Economy,28 in,f,"['"Below average legroom (28 in)'", '"Carbon emissions estimate: 50 kg'"]",2026-09-12 18:33:09.426912
31,22,IndiGo,,6E 6077,BLR,Kempegowda International Airport Bengaluru,MAA,Chennai International Airport,2026-09-12 20:20:00,2026-09-12 21:25:00,65,Airbus A320neo,Economy,28 in,f,"['"Below average legroom (28 in)'", '"Carbon emissions estimate: 39 kg'"]",2026-09-12 18:33:14.563094
32,23,IndiGo,,6E 6562,BLR,Kempegowda International Airport Bengaluru,MAA,Chennai International Airport,2026-09-12 21:50:00,2026-09-12 22:55:00,65,Airbus A320neo,Economy,28 in,f,"['"Below average legroom (28 in)'", '"Carbon emissions estimate: 39 kg'"]",2026-09-12 18:33:14.567843
33,24,Air India Express,,IX 2787,BLR,Kempegowda International Airport Bengaluru,MAA,Chennai International Airport,2026-09-12 22:10:00,2026-09-12 23:20:00,70,Boeing 737MAX 8 Passenger,Economy,30 in,f,"['"Average legroom (30 in)'", '"In-seat USB outlet'", '"Carbon emissions estimate: 45 kg'"]",2026-09-12 18:33:14.570461
34,25,Air India Express,,IX 1168,BLR,Kempegowda International Airport Bengaluru,MAA,Chennai International Airport,2026-09-12 19:40:00,2026-09-12 20:50:00,70,Airbus A320neo,Economy,28 in,f,"['"Below average legroom (28 in)'", '"In-seat USB outlet'", '"Carbon emissions estimate: 42 kg'"]",2026-09-12 18:33:14.5731
35,26,Air India Express,,IX 1370,BLR,Kempegowda International Airport Bengaluru,CCU,Netaji Subhash Chandra Bose International Airport,2026-09-12 22:15:00,2026-09-13 00:50:00,155,Airbus A320neo,Economy,28 in,f,"['"Below average legroom (28 in)'", '"In-seat USB outlet'", '"Carbon emissions estimate: 130 kg'"]",2026-09-12 18:33:23.916743
36,27,IndiGo,,6E 441,BLR,Kempegowda International Airport Bengaluru,PNQ,Pune International Airport,2026-09-12 20:40:00,2026-09-12 22:05:00,85,Airbus A320neo,Economy,28 in,f,"['"Below average legroom (28 in)'", '"Carbon emissions estimate: 65 kg'"]",2026-09-12 18:33:23.919664
37,27,IndiGo,,6E 6921,PNQ,Pune International Airport,CCU,Netaji Subhash Chandra Bose International Airport,2026-09-12 23:45:00,2026-09-13 02:20:00,155,Airbus A321neo,Economy,28 in,f,"['"Below average legroom (28 in)'", '"Carbon emissions estimate: 113 kg'"]",2026-09-12 18:33:23.919664
38,28,IndiGo,,6E 952,BLR,Kempegowda International Airport Bengaluru,CCU,Netaji Subhash Chandra Bose International Airport,2026-09-12 22:20:00,2026-09-13 01:00:00,160,Airbus A321neo,Economy,28 in,f,"['"Below average legroom (28 in)'", '"Carbon emissions estimate: 111 kg'"]",2026-09-12 18:33:23.92441
39,29,Akasa Air,,QP 1317,BLR,Kempegowda International Airport Bengaluru,PNQ,Pune International Airport,2026-09-12 20:05:00,2026-09-12 21:35:00,90,Boeing 737MAX 8 Passenger,Economy,28 in,f,"['"Below average legroom (28 in)'", '"In-seat USB outlet'", '"Carbon emissions estimate: 66 kg'"]",2026-09-12 18:33:28.414812
40,30,IndiGo,,6E 441,BLR,Kempegowda International Airport Bengaluru,PNQ,Pune International Airport,2026-09-12 20:40:00,2026-09-12 22:05:00,85,Airbus A320neo,Economy,28 in,f,"['"Below average legroom (28 in)'", '"Carbon emissions estimate: 65 kg'"]",2026-09-12 18:33:28.419398
41,31,IndiGo,,6E 528,BLR,Kempegowda International Airport Bengaluru,PNQ,Pune International Airport,2026-09-12 21:40:00,2026-09-12 23:10:00,90,Airbus A321neo,Economy,28 in,f,"['"Below average legroom (28 in)'", '"Carbon emissions estimate: 61 kg'"]",2026-09-12 18:33:28.42213
42,32,Air India Express,,IX 2680,BLR,Kempegowda International Airport Bengaluru,PNQ,Pune International Airport,2026-09-12 21:50:00,2026-09-12 23:30:00,100,Boeing 737MAX 8 Passenger,Economy,30 in,f,"['"Average legroom (30 in)'", '"In-seat USB outlet'", '"Carbon emissions estimate: 76 kg'"]",2026-09-12 18:33:28.424754
43,33,IndiGo,,6E 116,BLR,Kempegowda International Airport Bengaluru,PNQ,Pune International Airport,2026-09-12 23:05:00,2026-09-13 00:45:00,100,Airbus A321neo,Economy,28 in,f,"['"Below average legroom (28 in)'", '"Carbon emissions estimate: 61 kg'"]",2026-09-12 18:33:28.427275
44,34,Air India,,AI 2840,BLR,Kempegowda International Airport Bengaluru,BOM,Chhatrapati Shivaji Maharaj International Airport Mumbai,2026-09-12 22:30:00,2026-09-13 00:35:00,125,Airbus A320neo,Economy,28 in,f,"['"Below average legroom (28 in)'", '"In-seat USB outlet'", '"Stream media to your device'", '"Carbon emissions estimate: 83 kg'"]",2026-09-12 18:33:36.799288
45,34,Air India,,AI 493,BOM,Chhatrapati Shivaji Maharaj International Airport Mumbai,AMD,Sardar Vallabhbhai Patel International Airport,2026-09-13 06:40:00,2026-09-13 07:50:00,70,Airbus A321,Economy,31 in,f,"['"Average legroom (31 in)'", '"Stream media to your device'", '"Carbon emissions estimate: 75 kg'"]",2026-09-12 18:33:36.799288
46,35,IndiGo,,6E 6423,BLR,Kempegowda International Airport Bengaluru,AMD,Sardar Vallabhbhai Patel International Airport,2026-09-12 20:00:00,2026-09-12 22:10:00,130,Airbus A321neo,Economy,28 in,f,"['"Below average legroom (28 in)'", '"Carbon emissions estimate: 92 kg'"]",2026-09-12 18:33:36.802678
47,36,IndiGo,,6E 116,BLR,Kempegowda International Airport Bengaluru,PNQ,Pune International Airport,2026-09-12 23:05:00,2026-09-13 00:45:00,100,Airbus A321neo,Economy,28 in,f,"['"Below average legroom (28 in)'", '"Carbon emissions estimate: 61 kg'"]",2026-09-12 18:33:36.805495
48,36,IndiGo,,6E 819,PNQ,Pune International Airport,AMD,Sardar Vallabhbhai Patel International Airport,2026-09-13 04:40:00,2026-09-13 06:10:00,90,Airbus A321neo,Economy,28 in,f,"['"Below average legroom (28 in)'", '"Carbon emissions estimate: 52 kg'"]",2026-09-12 18:33:36.805495
49,37,Air India,,AI 2811,BLR,Kempegowda International Airport Bengaluru,BOM,Chhatrapati Shivaji Maharaj International Airport Mumbai,2026-09-12 23:40:00,2026-09-13 01:45:00,125,Airbus A320neo,Economy,28 in,f,"['"Below average legroom (28 in)'", '"In-seat USB outlet'", '"Stream media to your device'", '"Carbon emissions estimate: 83 kg'"]",2026-09-12 18:33:36.81037
50,37,Air India,,AI 493,BOM,Chhatrapati Shivaji Maharaj International Airport Mumbai,AMD,Sardar Vallabhbhai Patel International Airport,2026-09-13 06:40:00,2026-09-13 07:50:00,70,Airbus A321,Economy,31 in,f,"['"Average legroom (31 in)'", '"Stream media to your device'", '"Carbon emissions estimate: 75 kg'"]",2026-09-12 18:33:36.81037
51,38,IndiGo,,6E 5376,BLR,Kempegowda International Airport Bengaluru,BOM,Chhatrapati Shivaji Maharaj International Airport Mumbai,2026-09-12 20:15:00,2026-09-12 22:00:00,105,Airbus A321neo,Business Class,,f,"['"Standard recliner seat'", '"In-seat power & USB outlets'", '"Carbon emissions estimate: 106 kg'"]",2026-09-12 18:33:36.813353
52,38,IndiGo,,6E 5152,BOM,Chhatrapati Shivaji Maharaj International Airport Mumbai,AMD,Sardar Vallabhbhai Patel International Airport,2026-09-12 23:10:00,2026-09-13 00:35:00,85,Airbus A321neo,Business Class,,f,"['"Carbon emissions estimate: 70 kg'"]",2026-09-12 18:33:36.813353
53,39,IndiGo,,6E 435,BLR,Kempegowda International Airport Bengaluru,COK,Cochin International Airport,2026-09-12 20:25:00,2026-09-12 21:30:00,65,Airbus A320neo,Economy,28 in,f,"['"Below average legroom (28 in)'", '"Carbon emissions estimate: 46 kg'"]",2026-09-12 18:33:51.578545
54,40,Air India,,AI 2818,BLR,Kempegowda International Airport Bengaluru,DEL,Indira Gandhi International Airport,2026-09-12 20:00:00,2026-09-12 22:45:00,165,Airbus A320neo,Economy,28 in,f,"['"Below average legroom (28 in)'", '"In-seat USB outlet'", '"Stream media to your device'", '"Carbon emissions estimate: 143 kg'"]",2026-09-12 18:34:00.548574
55,40,Air India Express,,IX 1108,DEL,Indira Gandhi International Airport,GOI,Goa Dabolim International Airport,2026-09-13 05:00:00,2026-09-13 07:25:00,145,Airbus A321,Economy,28 in,f,"['"Below average legroom (28 in)'", '"Carbon emissions estimate: 145 kg'"]",2026-09-12 18:34:00.548574
56,41,Air India,,AI 2811,BLR,Kempegowda International Airport Bengaluru,BOM,Chhatrapati Shivaji Maharaj International Airport Mumbai,2026-09-12 23:40:00,2026-09-13 01:45:00,125,Airbus A320neo,Premium Economy,32 in,f,"['"Below average legroom (32 in)'", '"In-seat USB outlet'", '"Stream media to your device'", '"Carbon emissions estimate: 83 kg'"]",2026-09-12 18:34:00.553487
57,41,Air India,,AI 603,BOM,Chhatrapati Shivaji Maharaj International Airport Mumbai,GOI,Goa Dabolim International Airport,2026-09-13 05:10:00,2026-09-13 06:30:00,80,Airbus A320neo,Economy,28 in,f,"['"Below average legroom (28 in)'", '"In-seat USB outlet'", '"Stream media to your device'", '"Carbon emissions estimate: 55 kg'"]",2026-09-12 18:34:00.553487
58,42,IndiGo,,6E 6515,DEL,Indira Gandhi International Airport,BLR,Kempegowda International Airport Bengaluru,2026-09-12 20:45:00,2026-09-12 23:40:00,175,Airbus A321neo,Economy,28 in,f,"['"Below average legroom (28 in)'", '"Carbon emissions estimate: 124 kg'"]",2026-09-12 18:34:04.001024
59,43,Air India,,AI 2412,DEL,Indira Gandhi International Airport,BLR,Kempegowda International Airport Bengaluru,2026-09-12 21:30:00,2026-09-13 00:25:00,175,Airbus A320neo,Economy,28 in,f,"['"Below average legroom (28 in)'", '"In-seat USB outlet'", '"Stream media to your device'", '"Carbon emissions estimate: 143 kg'"]",2026-09-12 18:34:04.003981
60,44,Akasa Air,,QP 1350,DEL,Indira Gandhi International Airport,BLR,Kempegowda International Airport Bengaluru,2026-09-12 21:55:00,2026-09-13 00:50:00,175,Boeing 737MAX 8 Passenger,Economy,28 in,f,"['"Below average legroom (28 in)'", '"In-seat USB outlet'", '"Carbon emissions estimate: 120 kg'"]",2026-09-12 18:34:04.006951
61,45,Akasa Air,,QP 1812,DEL,Indira Gandhi International Airport,BLR,Kempegowda International Airport Bengaluru,2026-09-12 22:55:00,2026-09-13 01:45:00,170,Boeing 737MAX 8 Passenger,Economy,28 in,f,"['"Below average legroom (28 in)'", '"In-seat USB outlet'", '"Carbon emissions estimate: 125 kg'"]",2026-09-12 18:34:04.009219
62,46,Akasa Air,,QP 1824,DEL,Indira Gandhi International Airport,BLR,Kempegowda International Airport Bengaluru,2026-09-12 20:10:00,2026-09-12 23:10:00,180,Boeing 737MAX 8 Passenger,Economy,28 in,f,"['"Below average legroom (28 in)'", '"In-seat USB outlet'", '"Carbon emissions estimate: 125 kg'"]",2026-09-12 18:34:04.012144
63,47,Akasa Air,,QP 1308,DEL,Indira Gandhi International Airport,BLR,Kempegowda International Airport Bengaluru,2026-09-12 20:55:00,2026-09-12 23:50:00,175,Boeing 737MAX 8 Passenger,Economy,28 in,f,"['"Below average legroom (28 in)'", '"In-seat USB outlet'", '"Carbon emissions estimate: 123 kg'"]",2026-09-12 18:34:04.015253
64,48,Air India,,AI 2512,DEL,Indira Gandhi International Airport,BLR,Kempegowda International Airport Bengaluru,2026-09-12 19:00:00,2026-09-12 21:55:00,175,Airbus A320neo,Economy,28 in,f,"['"Below average legroom (28 in)'", '"In-seat USB outlet'", '"Stream media to your device'", '"Carbon emissions estimate: 143 kg'"]",2026-09-12 18:34:04.017932
65,49,Air India,,AI 2809,DEL,Indira Gandhi International Airport,BLR,Kempegowda International Airport Bengaluru,2026-09-12 19:30:00,2026-09-12 22:20:00,170,Airbus A320neo,Economy,28 in,f,"['"Below average legroom (28 in)'", '"In-seat USB outlet'", '"Stream media to your device'", '"Carbon emissions estimate: 143 kg'"]",2026-09-12 18:34:04.020739
66,50,IndiGo,,6E 846,DEL,Indira Gandhi International Airport,BLR,Kempegowda International Airport Bengaluru,2026-09-12 22:00:00,2026-09-13 00:55:00,175,Airbus A321neo,Economy,28 in,f,"['"Below average legroom (28 in)'", '"Carbon emissions estimate: 124 kg'"]",2026-09-12 18:34:04.023043
67,51,Air India,,AI 2439,DEL,Indira Gandhi International Airport,BOM,Chhatrapati Shivaji Maharaj International Airport Mumbai,2026-09-12 23:00:00,2026-09-13 01:25:00,145,Airbus A320neo,Economy,28 in,f,"['"Below average legroom (28 in)'", '"In-seat USB outlet'", '"Stream media to your device'", '"Carbon emissions estimate: 102 kg'"]",2026-09-12 18:34:09.701301
68,52,IndiGo,,6E 322,DEL,Indira Gandhi International Airport,BOM,Chhatrapati Shivaji Maharaj International Airport Mumbai,2026-09-12 23:30:00,2026-09-13 01:45:00,135,Airbus A321neo,Economy,28 in,f,"['"Below average legroom (28 in)'", '"Carbon emissions estimate: 88 kg'"]",2026-09-12 18:34:09.704155
69,53,Air India Express,,IX 1235,DEL,Indira Gandhi International Airport,BOM,Chhatrapati Shivaji Maharaj International Airport Mumbai,2026-09-12 23:25:00,2026-09-13 01:50:00,145,Boeing 737MAX 8 Passenger,Economy,30 in,f,"['"Average legroom (30 in)'", '"Carbon emissions estimate: 102 kg'"]",2026-09-12 18:34:09.707054
70,54,Air India,,AI 2981,DEL,Indira Gandhi International Airport,BOM,Chhatrapati Shivaji Maharaj International Airport Mumbai,2026-09-12 21:00:00,2026-09-12 23:20:00,140,Airbus A320neo,Economy,28 in,f,"['"Below average legroom (28 in)'", '"In-seat USB outlet'", '"Stream media to your device'", '"Carbon emissions estimate: 102 kg'"]",2026-09-12 18:34:09.709776
71,55,Air India,,AI 2433,DEL,Indira Gandhi International Airport,BOM,Chhatrapati Shivaji Maharaj International Airport Mumbai,2026-09-12 21:30:00,2026-09-12 23:55:00,145,Airbus A320neo,Economy,28 in,f,"['"Below average legroom (28 in)'", '"In-seat USB outlet'", '"Stream media to your device'", '"Carbon emissions estimate: 102 kg'"]",2026-09-12 18:34:09.713413
72,56,IndiGo,,6E 6114,DEL,Indira Gandhi International Airport,BOM,Chhatrapati Shivaji Maharaj International Airport Mumbai,2026-09-12 22:45:00,2026-09-13 01:05:00,140,Airbus A321neo,Economy,28 in,f,"['"Below average legroom (28 in)'", '"Carbon emissions estimate: 88 kg'"]",2026-09-12 18:34:09.71595
73,57,Air India,,AI 2977,DEL,Indira Gandhi International Airport,BOM,Chhatrapati Shivaji Maharaj International Airport Mumbai,2026-09-12 19:00:00,2026-09-12 21:25:00,145,Airbus A321,Economy,28 in,f,"['"Below average legroom (28 in)'", '"In-seat USB outlet'", '"Stream media to your device'", '"Carbon emissions estimate: 102 kg'"]",2026-09-12 18:34:09.718673
74,58,Air India,,AI 2985,DEL,Indira Gandhi International Airport,BOM,Chhatrapati Shivaji Maharaj International Airport Mumbai,2026-09-12 19:30:00,2026-09-12 21:55:00,145,Airbus A320neo,Economy,28 in,f,"['"Below average legroom (28 in)'", '"In-seat USB outlet'", '"Stream media to your device'", '"Carbon emissions estimate: 102 kg'"]",2026-09-12 18:34:09.721303
75,59,IndiGo,,6E 395,DEL,Indira Gandhi International Airport,BOM,Chhatrapati Shivaji Maharaj International Airport Mumbai,2026-09-12 21:45:00,2026-09-13 00:05:00,140,Airbus A321neo,Economy,28 in,f,"['"Below average legroom (28 in)'", '"Carbon emissions estimate: 88 kg'"]",2026-09-12 18:34:09.724026
76,60,Air India,,AI 2957,DEL,Indira Gandhi International Airport,BOM,Chhatrapati Shivaji Maharaj International Airport Mumbai,2026-09-12 20:30:00,2026-09-12 23:05:00,155,Airbus A320neo,Economy,28 in,f,"['"Below average legroom (28 in)'", '"In-seat USB outlet'", '"Stream media to your device'", '"Carbon emissions estimate: 102 kg'"]",2026-09-12 18:34:09.726443
77,61,Akasa Air,,QP 1826,DEL,Indira Gandhi International Airport,BOM,Chhatrapati Shivaji Maharaj International Airport Mumbai,2026-09-12 19:55:00,2026-09-12 22:20:00,145,Boeing 737MAX 8 Passenger,Economy,28 in,f,"['"Below average legroom (28 in)'", '"In-seat USB outlet'", '"Carbon emissions estimate: 87 kg'"]",2026-09-12 18:34:09.729017
78,62,SpiceJet,,SG 2802,DEL,Indira Gandhi International Airport,BOM,Chhatrapati Shivaji Maharaj International Airport Mumbai,2026-09-12 22:45:00,2026-09-13 01:25:00,160,De Havilland-Bombardier Dash-8,Economy,28 in,f,"['"Below average legroom (28 in)'", '"Stream media to your device'", '"Carbon emissions estimate: 119 kg'"]",2026-09-12 18:34:09.731338
79,63,Air India,,AI 2449,DEL,Indira Gandhi International Airport,HYD,Rajiv Gandhi International Airport,2026-09-12 22:00:00,2026-09-13 00:20:00,140,Airbus A320neo,Economy,28 in,f,"['"Below average legroom (28 in)'", '"In-seat USB outlet'", '"Stream media to your device'", '"Carbon emissions estimate: 114 kg'"]",2026-09-12 18:34:12.643901
80,64,Air India,,AI 1706,DEL,Indira Gandhi International Airport,HYD,Rajiv Gandhi International Airport,2026-09-12 23:00:00,2026-09-13 01:20:00,140,Airbus A320neo,Economy,28 in,f,"['"Below average legroom (28 in)'", '"In-seat USB outlet'", '"Stream media to your device'", '"Carbon emissions estimate: 114 kg'"]",2026-09-12 18:34:12.662535
81,65,IndiGo,,6E 882,DEL,Indira Gandhi International Airport,HYD,Rajiv Gandhi International Airport,2026-09-12 23:15:00,2026-09-13 01:30:00,135,Airbus A321neo,Economy,28 in,f,"['"Below average legroom (28 in)'", '"Carbon emissions estimate: 98 kg'"]",2026-09-12 18:34:12.665392
82,66,Akasa Air,,QP 1409,DEL,Indira Gandhi International Airport,HYD,Rajiv Gandhi International Airport,2026-09-12 20:40:00,2026-09-12 23:10:00,150,Boeing 737MAX 8 Passenger,Economy,28 in,f,"['"Below average legroom (28 in)'", '"In-seat USB outlet'", '"Carbon emissions estimate: 99 kg'"]",2026-09-12 18:34:12.667897
83,67,IndiGo,,6E 303,DEL,Indira Gandhi International Airport,BOM,Chhatrapati Shivaji Maharaj International Airport Mumbai,2026-09-12 20:00:00,2026-09-12 22:10:00,130,Airbus A321neo,Economy,28 in,f,"['"Below average legroom (28 in)'", '"Carbon emissions estimate: 88 kg'"]",2026-09-12 18:34:12.670234
84,67,IndiGo,,6E 6187,BOM,Chhatrapati Shivaji Maharaj International Airport Mumbai,HYD,Rajiv Gandhi International Airport,2026-09-13 00:30:00,2026-09-13 02:10:00,100,Airbus A320,Economy,28 in,f,"['"Below average legroom (28 in)'", '"Carbon emissions estimate: 72 kg'"]",2026-09-12 18:34:12.670234
85,68,IndiGo,,6E 382,DEL,Indira Gandhi International Airport,HYD,Rajiv Gandhi International Airport,2026-09-12 21:00:00,2026-09-12 23:15:00,135,Airbus A321neo,Economy,28 in,f,"['"Below average legroom (28 in)'", '"Carbon emissions estimate: 98 kg'"]",2026-09-12 18:34:12.673101
86,69,Air India,,AI 1708,DEL,Indira Gandhi International Airport,HYD,Rajiv Gandhi International Airport,2026-09-12 19:30:00,2026-09-12 21:50:00,140,Airbus A320neo,Economy,28 in,t,"['"Below average legroom (28 in)'", '"In-seat USB outlet'", '"Stream media to your device'", '"Carbon emissions estimate: 114 kg'"]",2026-09-12 18:34:12.676439
87,70,Air India,,AI 2871,DEL,Indira Gandhi International Airport,HYD,Rajiv Gandhi International Airport,2026-09-12 20:30:00,2026-09-12 22:50:00,140,Airbus A320neo,Economy,28 in,f,"['"Below average legroom (28 in)'", '"In-seat USB outlet'", '"Stream media to your device'", '"Carbon emissions estimate: 114 kg'"]",2026-09-12 18:34:12.678944
88,71,IndiGo,,6E 6061,DEL,Indira Gandhi International Airport,MAA,Chennai International Airport,2026-09-12 22:55:00,2026-09-13 01:50:00,175,Airbus A321neo,Economy,28 in,f,"['"Below average legroom (28 in)'", '"Carbon emissions estimate: 126 kg'"]",2026-09-12 18:34:16.73312
89,72,Air India,,AI 2895,DEL,Indira Gandhi International Airport,MAA,Chennai International Airport,2026-09-12 21:55:00,2026-09-13 00:40:00,165,Airbus A320neo,Economy,28 in,f,"['"Below average legroom (28 in)'", '"In-seat USB outlet'", '"Stream media to your device'", '"Carbon emissions estimate: 145 kg'"]",2026-09-12 18:34:16.736365
90,73,IndiGo,,6E 322,DEL,Indira Gandhi International Airport,BOM,Chhatrapati Shivaji Maharaj International Airport Mumbai,2026-09-12 23:30:00,2026-09-13 01:45:00,135,Airbus A321neo,Business Class,,f,"['"Standard recliner seat'", '"In-seat power & USB outlets'", '"Carbon emissions estimate: 133 kg'"]",2026-09-12 18:34:16.739312
91,73,IndiGo,,6E 136,BOM,Chhatrapati Shivaji Maharaj International Airport Mumbai,MAA,Chennai International Airport,2026-09-13 04:05:00,2026-09-13 06:05:00,120,Airbus A321neo,Business Class,,f,"['"Standard recliner seat'", '"In-seat power & USB outlets'", '"Carbon emissions estimate: 124 kg'"]",2026-09-12 18:34:16.739312
92,74,SpiceJet,,SG 905,DEL,Indira Gandhi International Airport,CCU,Netaji Subhash Chandra Bose International Airport,2026-09-12 20:10:00,2026-09-12 22:30:00,140,Airbus A320,Economy,28 in,f,"['"Below average legroom (28 in)'", '"Carbon emissions estimate: 120 kg'"]",2026-09-12 18:34:24.720629
93,75,IndiGo,,6E 247,DEL,Indira Gandhi International Airport,CCU,Netaji Subhash Chandra Bose International Airport,2026-09-12 23:30:00,2026-09-13 01:45:00,135,Airbus A321neo,Economy,28 in,f,"['"Below average legroom (28 in)'", '"Carbon emissions estimate: 99 kg'"]",2026-09-12 18:34:24.723625
94,76,Air India,,AI 1714,DEL,Indira Gandhi International Airport,CCU,Netaji Subhash Chandra Bose International Airport,2026-09-12 21:00:00,2026-09-12 23:20:00,140,Airbus A320neo,Economy,28 in,t,"['"Below average legroom (28 in)'", '"In-seat USB outlet'", '"Stream media to your device'", '"Carbon emissions estimate: 114 kg'"]",2026-09-12 18:34:24.726869
95,77,Air India Express,,IX 1257,DEL,Indira Gandhi International Airport,PNQ,Pune International Airport,2026-09-12 22:25:00,2026-09-13 00:40:00,135,Boeing 737MAX 8 Passenger,Economy,30 in,f,"['"Average legroom (30 in)'", '"In-seat USB outlet'", '"Carbon emissions estimate: 107 kg'"]",2026-09-12 18:34:28.914178
96,78,IndiGo,,6E 2618,DEL,Indira Gandhi International Airport,PNQ,Pune International Airport,2026-09-12 23:00:00,2026-09-13 01:05:00,125,Airbus A321neo,Economy,28 in,f,"['"Below average legroom (28 in)'", '"Carbon emissions estimate: 90 kg'"]",2026-09-12 18:34:28.916514
97,79,Air India,,AI 2609,DEL,Indira Gandhi International Airport,PNQ,Pune International Airport,2026-09-12 23:50:00,2026-09-13 02:05:00,135,Airbus A320neo,Economy,28 in,f,"['"Below average legroom (28 in)'", '"In-seat USB outlet'", '"Stream media to your device'", '"Carbon emissions estimate: 105 kg'"]",2026-09-12 18:34:28.919206
98,80,Air India,,AI 1730,DEL,Indira Gandhi International Airport,PNQ,Pune International Airport,2026-09-12 19:10:00,2026-09-12 21:15:00,125,Airbus A320neo,Economy,28 in,f,"['"Below average legroom (28 in)'", '"In-seat USB outlet'", '"Stream media to your device'", '"Carbon emissions estimate: 105 kg'"]",2026-09-12 18:34:28.921831
99,81,Air India,,AI 2973,DEL,Indira Gandhi International Airport,PNQ,Pune International Airport,2026-09-12 20:50:00,2026-09-12 23:05:00,135,Airbus A320neo,Economy,28 in,f,"['"Below average legroom (28 in)'", '"In-seat USB outlet'", '"Stream media to your device'", '"Carbon emissions estimate: 105 kg'"]",2026-09-12 18:34:28.924194
100,82,Air India,,AI 2818,BLR,Kempegowda International Airport Bengaluru,DEL,Indira Gandhi International Airport,2026-09-12 20:00:00,2026-09-12 22:45:00,165,Airbus A320neo,Economy,28 in,f,"['"Below average legroom (28 in)'", '"In-seat USB outlet'", '"Stream media to your device'", '"Carbon emissions estimate: 143 kg'"]",2026-09-12 18:34:35.730543
101,83,IndiGo,,6E 116,BLR,Kempegowda International Airport Bengaluru,PNQ,Pune International Airport,2026-09-12 23:05:00,2026-09-13 00:45:00,100,Airbus A321neo,Economy,28 in,f,"['"Below average legroom (28 in)'", '"Carbon emissions estimate: 61 kg'"]",2026-09-12 18:34:35.737152
102,83,IndiGo,,6E 2418,PNQ,Pune International Airport,DEL,Indira Gandhi International Airport,2026-09-13 01:45:00,2026-09-13 04:00:00,135,Airbus A321neo,Economy,28 in,f,"['"Below average legroom (28 in)'", '"Carbon emissions estimate: 96 kg'"]",2026-09-12 18:34:35.737152
103,84,Air India Express,,IX 2787,BLR,Kempegowda International Airport Bengaluru,MAA,Chennai International Airport,2026-09-12 22:10:00,2026-09-12 23:20:00,70,Boeing 737,Economy,30 in,f,"['"Average legroom (30 in)'", '"In-seat USB outlet'", '"Carbon emissions estimate: 45 kg'"]",2026-09-12 18:34:35.740401
104,84,Air India,,AI 2886,MAA,Chennai International Airport,DEL,Indira Gandhi International Airport,2026-09-13 06:55:00,2026-09-13 09:50:00,175,Airbus A320neo,Economy,28 in,f,"['"Below average legroom (28 in)'", '"In-seat USB outlet'", '"Stream media to your device'", '"Carbon emissions estimate: 145 kg'"]",2026-09-12 18:34:35.740401
105,85,IndiGo,,6E 528,BLR,Kempegowda International Airport Bengaluru,PNQ,Pune International Airport,2026-09-12 21:40:00,2026-09-12 23:10:00,90,Airbus A321neo,Economy,28 in,f,"['"Below average legroom (28 in)'", '"Carbon emissions estimate: 61 kg'"]",2026-09-12 18:34:35.743557
106,85,IndiGo,,6E 5321,PNQ,Pune International Airport,DEL,Indira Gandhi International Airport,2026-09-13 00:15:00,2026-09-13 02:30:00,135,Airbus A321neo,Economy,28 in,f,"['"Below average legroom (28 in)'", '"Carbon emissions estimate: 93 kg'"]",2026-09-12 18:34:35.743557
107,86,Air India Express,,IX 2680,BLR,Kempegowda International Airport Bengaluru,PNQ,Pune International Airport,2026-09-12 21:50:00,2026-09-12 23:30:00,100,Boeing 737MAX 8 Passenger,Economy,30 in,f,"['"Average legroom (30 in)'", '"In-seat USB outlet'", '"Carbon emissions estimate: 76 kg'"]",2026-09-12 18:34:35.746191
108,86,Air India Express,,IX 1672,PNQ,Pune International Airport,DEL,Indira Gandhi International Airport,2026-09-13 07:40:00,2026-09-13 10:10:00,150,Boeing 737MAX 8 Passenger,Economy,30 in,f,"['"Average legroom (30 in)'", '"In-seat USB outlet'", '"Carbon emissions estimate: 113 kg'"]",2026-09-12 18:34:35.746191
109,87,Air India Express,,IX 1723,BLR,Kempegowda International Airport Bengaluru,HYD,Rajiv Gandhi International Airport,2026-09-12 22:40:00,2026-09-12 23:50:00,70,Airbus A320,Economy,28 in,f,"['"Below average legroom (28 in)'", '"In-seat USB outlet'", '"Carbon emissions estimate: 57 kg'"]",2026-09-12 18:34:35.74884
110,87,Air India,,AI 1806,HYD,Rajiv Gandhi International Airport,DEL,Indira Gandhi International Airport,2026-09-13 03:00:00,2026-09-13 05:25:00,145,Airbus A320neo,Economy,28 in,f,"['"Below average legroom (28 in)'", '"In-seat USB outlet'", '"Stream media to your device'", '"Carbon emissions estimate: 113 kg'"]",2026-09-12 18:34:35.74884
111,88,IndiGo,,6E 817,BLR,Kempegowda International Airport Bengaluru,DEL,Indira Gandhi International Airport,2026-09-12 20:40:00,2026-09-12 23:30:00,170,Airbus A321neo,Business Class,,f,"['"Standard recliner seat'", '"In-seat power & USB outlets'", '"Carbon emissions estimate: 185 kg'"]",2026-09-12 18:34:35.751559
112,89,IndiGo,,6E 2313,BLR,Kempegowda International Airport Bengaluru,DEL,Indira Gandhi International Airport,2026-09-12 23:30:00,2026-09-13 02:20:00,170,Airbus A321neo,Business Class,,f,"['"Standard recliner seat'", '"In-seat power & USB outlets'", '"Carbon emissions estimate: 185 kg'"]",2026-09-12 18:34:35.753911
113,90,Air India,,AI 2488,BLR,Kempegowda International Airport Bengaluru,DEL,Indira Gandhi International Airport,2026-09-12 22:30:00,2026-09-13 01:25:00,175,Airbus A320neo,Business Class,,f,"['"Extra reclining seat'", '"In-seat power & USB outlets'", '"Stream media to your device'", '"Carbon emissions estimate: 214 kg'"]",2026-09-12 18:34:35.756303
114,91,Air India,,AI 2642,BLR,Kempegowda International Airport Bengaluru,BOM,Chhatrapati Shivaji Maharaj International Airport Mumbai,2026-09-12 21:30:00,2026-09-12 23:35:00,125,Airbus A320neo,Premium Economy,32 in,f,"['"Below average legroom (32 in)'", '"In-seat USB outlet'", '"Stream media to your device'", '"Carbon emissions estimate: 83 kg'"]",2026-09-12 18:34:35.758612
115,91,Air India,,AI 2422,BOM,Chhatrapati Shivaji Maharaj International Airport Mumbai,DEL,Indira Gandhi International Airport,2026-09-13 01:00:00,2026-09-13 03:20:00,140,Airbus A320neo,Premium Economy,32 in,f,"['"Below average legroom (32 in)'", '"In-seat USB outlet'", '"Stream media to your device'", '"Carbon emissions estimate: 105 kg'"]",2026-09-12 18:34:35.758612
116,92,IndiGo,,6E 6077,BLR,Kempegowda International Airport Bengaluru,MAA,Chennai International Airport,2026-09-12 20:20:00,2026-09-12 21:25:00,65,Airbus A320neo,Economy,28 in,f,"['"Below average legroom (28 in)'", '"Carbon emissions estimate: 39 kg'"]",2026-09-12 18:34:37.336042
117,92,IndiGo,,6E 6225,MAA,Chennai International Airport,BOM,Chhatrapati Shivaji Maharaj International Airport Mumbai,2026-09-12 22:30:00,2026-09-13 00:30:00,120,Airbus A321neo,Economy,28 in,f,"['"Below average legroom (28 in)'", '"Carbon emissions estimate: 82 kg'"]",2026-09-12 18:34:37.336042
118,93,Akasa Air,,QP 1134,BLR,Kempegowda International Airport Bengaluru,BOM,Chhatrapati Shivaji Maharaj International Airport Mumbai,2026-09-12 22:55:00,2026-09-13 00:45:00,110,Boeing 737MAX 8 Passenger,Economy,28 in,f,"['"Below average legroom (28 in)'", '"In-seat USB outlet'", '"Carbon emissions estimate: 73 kg'"]",2026-09-12 18:34:37.340265
119,94,Air India,,AI 2850,BLR,Kempegowda International Airport Bengaluru,BOM,Chhatrapati Shivaji Maharaj International Airport Mumbai,2026-09-12 20:30:00,2026-09-12 22:40:00,130,Airbus A320neo,Economy,28 in,f,"['"Below average legroom (28 in)'", '"In-seat USB outlet'", '"Stream media to your device'", '"Carbon emissions estimate: 83 kg'"]",2026-09-12 18:34:37.34277
120,95,IndiGo,,6E 5376,BLR,Kempegowda International Airport Bengaluru,BOM,Chhatrapati Shivaji Maharaj International Airport Mumbai,2026-09-12 20:15:00,2026-09-12 22:00:00,105,Airbus A321neo,Economy,28 in,f,"['"Below average legroom (28 in)'", '"Carbon emissions estimate: 71 kg'"]",2026-09-12 18:34:37.346663
121,96,IndiGo,,6E 6423,BLR,Kempegowda International Airport Bengaluru,AMD,Sardar Vallabhbhai Patel International Airport,2026-09-12 20:00:00,2026-09-12 22:10:00,130,Airbus A321neo,Economy,28 in,f,"['"Below average legroom (28 in)'", '"Carbon emissions estimate: 92 kg'"]",2026-09-12 18:34:37.349482
122,96,IndiGo,,6E 6351,AMD,Sardar Vallabhbhai Patel International Airport,BOM,Chhatrapati Shivaji Maharaj International Airport Mumbai,2026-09-12 23:15:00,2026-09-13 00:30:00,75,Airbus A320neo,Economy,28 in,f,"['"Below average legroom (28 in)'", '"Carbon emissions estimate: 53 kg'"]",2026-09-12 18:34:37.349482
123,97,Air India,,AI 2840,BLR,Kempegowda International Airport Bengaluru,BOM,Chhatrapati Shivaji Maharaj International Airport Mumbai,2026-09-12 22:30:00,2026-09-13 00:35:00,125,Airbus A320neo,Economy,28 in,f,"['"Below average legroom (28 in)'", '"In-seat USB outlet'", '"Stream media to your device'", '"Carbon emissions estimate: 83 kg'"]",2026-09-12 18:34:37.352394
124,98,Air India,,AI 2811,BLR,Kempegowda International Airport Bengaluru,BOM,Chhatrapati Shivaji Maharaj International Airport Mumbai,2026-09-12 23:40:00,2026-09-13 01:45:00,125,Airbus A320neo,Premium Economy,32 in,f,"['"Below average legroom (32 in)'", '"In-seat USB outlet'", '"Stream media to your device'", '"Carbon emissions estimate: 83 kg'"]",2026-09-12 18:34:37.35554
151,119,IndiGo,,6E 5152,BOM,Chhatrapati Shivaji Maharaj International Airport Mumbai,AMD,Sardar Vallabhbhai Patel International Airport,2026-09-12 23:10:00,2026-09-13 00:35:00,85,Airbus A321neo,Business Class,,f,"['"Carbon emissions estimate: 70 kg'"]",2026-09-12 18:34:46.823608
125,99,Air India,,AI 2642,BLR,Kempegowda International Airport Bengaluru,BOM,Chhatrapati Shivaji Maharaj International Airport Mumbai,2026-09-12 21:30:00,2026-09-12 23:35:00,125,Airbus A320neo,Premium Economy,32 in,f,"['"Below average legroom (32 in)'", '"In-seat USB outlet'", '"Stream media to your device'", '"Carbon emissions estimate: 83 kg'"]",2026-09-12 18:34:37.357909
126,100,Air India Express,,IX 1723,BLR,Kempegowda International Airport Bengaluru,HYD,Rajiv Gandhi International Airport,2026-09-12 22:40:00,2026-09-12 23:50:00,70,Airbus A320neo,Economy,28 in,f,"['"Below average legroom (28 in)'", '"In-seat USB outlet'", '"Carbon emissions estimate: 57 kg'"]",2026-09-12 18:34:39.480399
127,101,IndiGo,,6E 6784,BLR,Kempegowda International Airport Bengaluru,HYD,Rajiv Gandhi International Airport,2026-09-12 21:30:00,2026-09-12 22:45:00,75,Airbus A321neo,Economy,28 in,f,"['"Below average legroom (28 in)'", '"Carbon emissions estimate: 47 kg'"]",2026-09-12 18:34:39.482282
128,102,IndiGo,,6E 116,BLR,Kempegowda International Airport Bengaluru,PNQ,Pune International Airport,2026-09-12 23:05:00,2026-09-13 00:45:00,100,Airbus A321neo,Economy,28 in,f,"['"Below average legroom (28 in)'", '"Carbon emissions estimate: 61 kg'"]",2026-09-12 18:34:39.484002
129,102,IndiGo,,6E 336,PNQ,Pune International Airport,HYD,Rajiv Gandhi International Airport,2026-09-13 01:50:00,2026-09-13 03:10:00,80,Airbus A321neo,Economy,28 in,f,"['"Below average legroom (28 in)'", '"Carbon emissions estimate: 50 kg'"]",2026-09-12 18:34:39.484002
130,103,IndiGo,,6E 6077,BLR,Kempegowda International Airport Bengaluru,MAA,Chennai International Airport,2026-09-12 20:20:00,2026-09-12 21:25:00,65,Airbus A320neo,Economy,28 in,f,"['"Below average legroom (28 in)'", '"Carbon emissions estimate: 39 kg'"]",2026-09-12 18:34:41.265045
131,104,IndiGo,,6E 6562,BLR,Kempegowda International Airport Bengaluru,MAA,Chennai International Airport,2026-09-12 21:50:00,2026-09-12 22:55:00,65,Airbus A320neo,Economy,28 in,f,"['"Below average legroom (28 in)'", '"Carbon emissions estimate: 39 kg'"]",2026-09-12 18:34:41.267987
132,105,Air India Express,,IX 2787,BLR,Kempegowda International Airport Bengaluru,MAA,Chennai International Airport,2026-09-12 22:10:00,2026-09-12 23:20:00,70,Boeing 737MAX 8 Passenger,Economy,30 in,f,"['"Average legroom (30 in)'", '"In-seat USB outlet'", '"Carbon emissions estimate: 45 kg'"]",2026-09-12 18:34:41.270691
133,106,Air India Express,,IX 1168,BLR,Kempegowda International Airport Bengaluru,MAA,Chennai International Airport,2026-09-12 19:40:00,2026-09-12 20:50:00,70,Airbus A320neo,Economy,28 in,f,"['"Below average legroom (28 in)'", '"In-seat USB outlet'", '"Carbon emissions estimate: 42 kg'"]",2026-09-12 18:34:41.27322
134,107,Air India Express,,IX 1370,BLR,Kempegowda International Airport Bengaluru,CCU,Netaji Subhash Chandra Bose International Airport,2026-09-12 22:15:00,2026-09-13 00:50:00,155,Airbus A320neo,Economy,28 in,f,"['"Below average legroom (28 in)'", '"In-seat USB outlet'", '"Carbon emissions estimate: 130 kg'"]",2026-09-12 18:34:42.99648
135,108,IndiGo,,6E 441,BLR,Kempegowda International Airport Bengaluru,PNQ,Pune International Airport,2026-09-12 20:40:00,2026-09-12 22:05:00,85,Airbus A320neo,Economy,28 in,f,"['"Below average legroom (28 in)'", '"Carbon emissions estimate: 65 kg'"]",2026-09-12 18:34:42.999167
136,108,IndiGo,,6E 6921,PNQ,Pune International Airport,CCU,Netaji Subhash Chandra Bose International Airport,2026-09-12 23:45:00,2026-09-13 02:20:00,155,Airbus A321neo,Economy,28 in,f,"['"Below average legroom (28 in)'", '"Carbon emissions estimate: 113 kg'"]",2026-09-12 18:34:42.999167
137,109,IndiGo,,6E 952,BLR,Kempegowda International Airport Bengaluru,CCU,Netaji Subhash Chandra Bose International Airport,2026-09-12 22:20:00,2026-09-13 01:00:00,160,Airbus A321neo,Economy,28 in,f,"['"Below average legroom (28 in)'", '"Carbon emissions estimate: 111 kg'"]",2026-09-12 18:34:43.00398
138,110,Akasa Air,,QP 1317,BLR,Kempegowda International Airport Bengaluru,PNQ,Pune International Airport,2026-09-12 20:05:00,2026-09-12 21:35:00,90,Boeing 737MAX 8 Passenger,Economy,28 in,f,"['"Below average legroom (28 in)'", '"In-seat USB outlet'", '"Carbon emissions estimate: 66 kg'"]",2026-09-12 18:34:44.780697
139,111,IndiGo,,6E 441,BLR,Kempegowda International Airport Bengaluru,PNQ,Pune International Airport,2026-09-12 20:40:00,2026-09-12 22:05:00,85,Airbus A320neo,Economy,28 in,f,"['"Below average legroom (28 in)'", '"Carbon emissions estimate: 65 kg'"]",2026-09-12 18:34:44.783032
140,112,IndiGo,,6E 528,BLR,Kempegowda International Airport Bengaluru,PNQ,Pune International Airport,2026-09-12 21:40:00,2026-09-12 23:10:00,90,Airbus A321neo,Economy,28 in,f,"['"Below average legroom (28 in)'", '"Carbon emissions estimate: 61 kg'"]",2026-09-12 18:34:44.785052
141,113,Air India Express,,IX 2680,BLR,Kempegowda International Airport Bengaluru,PNQ,Pune International Airport,2026-09-12 21:50:00,2026-09-12 23:30:00,100,Boeing 737MAX 8 Passenger,Economy,30 in,f,"['"Average legroom (30 in)'", '"In-seat USB outlet'", '"Carbon emissions estimate: 76 kg'"]",2026-09-12 18:34:44.787571
142,114,IndiGo,,6E 116,BLR,Kempegowda International Airport Bengaluru,PNQ,Pune International Airport,2026-09-12 23:05:00,2026-09-13 00:45:00,100,Airbus A321neo,Economy,28 in,f,"['"Below average legroom (28 in)'", '"Carbon emissions estimate: 61 kg'"]",2026-09-12 18:34:44.78987
143,115,Air India,,AI 2840,BLR,Kempegowda International Airport Bengaluru,BOM,Chhatrapati Shivaji Maharaj International Airport Mumbai,2026-09-12 22:30:00,2026-09-13 00:35:00,125,Airbus A320neo,Economy,28 in,f,"['"Below average legroom (28 in)'", '"In-seat USB outlet'", '"Stream media to your device'", '"Carbon emissions estimate: 83 kg'"]",2026-09-12 18:34:46.81538
144,115,Air India,,AI 493,BOM,Chhatrapati Shivaji Maharaj International Airport Mumbai,AMD,Sardar Vallabhbhai Patel International Airport,2026-09-13 06:40:00,2026-09-13 07:50:00,70,Airbus A321,Economy,31 in,f,"['"Average legroom (31 in)'", '"Stream media to your device'", '"Carbon emissions estimate: 75 kg'"]",2026-09-12 18:34:46.81538
145,116,IndiGo,,6E 6423,BLR,Kempegowda International Airport Bengaluru,AMD,Sardar Vallabhbhai Patel International Airport,2026-09-12 20:00:00,2026-09-12 22:10:00,130,Airbus A321neo,Economy,28 in,f,"['"Below average legroom (28 in)'", '"Carbon emissions estimate: 92 kg'"]",2026-09-12 18:34:46.817385
146,117,IndiGo,,6E 116,BLR,Kempegowda International Airport Bengaluru,PNQ,Pune International Airport,2026-09-12 23:05:00,2026-09-13 00:45:00,100,Airbus A321neo,Economy,28 in,f,"['"Below average legroom (28 in)'", '"Carbon emissions estimate: 61 kg'"]",2026-09-12 18:34:46.819522
147,117,IndiGo,,6E 819,PNQ,Pune International Airport,AMD,Sardar Vallabhbhai Patel International Airport,2026-09-13 04:40:00,2026-09-13 06:10:00,90,Airbus A321neo,Economy,28 in,f,"['"Below average legroom (28 in)'", '"Carbon emissions estimate: 52 kg'"]",2026-09-12 18:34:46.819522
148,118,Air India,,AI 2811,BLR,Kempegowda International Airport Bengaluru,BOM,Chhatrapati Shivaji Maharaj International Airport Mumbai,2026-09-12 23:40:00,2026-09-13 01:45:00,125,Airbus A320neo,Economy,28 in,f,"['"Below average legroom (28 in)'", '"In-seat USB outlet'", '"Stream media to your device'", '"Carbon emissions estimate: 83 kg'"]",2026-09-12 18:34:46.821786
149,118,Air India,,AI 493,BOM,Chhatrapati Shivaji Maharaj International Airport Mumbai,AMD,Sardar Vallabhbhai Patel International Airport,2026-09-13 06:40:00,2026-09-13 07:50:00,70,Airbus A321,Economy,31 in,f,"['"Average legroom (31 in)'", '"Stream media to your device'", '"Carbon emissions estimate: 75 kg'"]",2026-09-12 18:34:46.821786
150,119,IndiGo,,6E 5376,BLR,Kempegowda International Airport Bengaluru,BOM,Chhatrapati Shivaji Maharaj International Airport Mumbai,2026-09-12 20:15:00,2026-09-12 22:00:00,105,Airbus A321neo,Business Class,,f,"['"Standard recliner seat'", '"In-seat power & USB outlets'", '"Carbon emissions estimate: 106 kg'"]",2026-09-12 18:34:46.823608
152,120,IndiGo,,6E 435,BLR,Kempegowda International Airport Bengaluru,COK,Cochin International Airport,2026-09-12 20:25:00,2026-09-12 21:30:00,65,Airbus A320neo,Economy,28 in,f,"['"Below average legroom (28 in)'", '"Carbon emissions estimate: 46 kg'"]",2026-09-12 18:34:48.633873
153,121,Air India,,AI 2818,BLR,Kempegowda International Airport Bengaluru,DEL,Indira Gandhi International Airport,2026-09-12 20:00:00,2026-09-12 22:45:00,165,Airbus A320neo,Economy,28 in,f,"['"Below average legroom (28 in)'", '"In-seat USB outlet'", '"Stream media to your device'", '"Carbon emissions estimate: 143 kg'"]",2026-09-12 18:34:50.529553
154,121,Air India Express,,IX 1108,DEL,Indira Gandhi International Airport,GOI,Goa Dabolim International Airport,2026-09-13 05:00:00,2026-09-13 07:25:00,145,Airbus A321,Economy,28 in,f,"['"Below average legroom (28 in)'", '"Carbon emissions estimate: 145 kg'"]",2026-09-12 18:34:50.529553
155,122,Air India,,AI 2811,BLR,Kempegowda International Airport Bengaluru,BOM,Chhatrapati Shivaji Maharaj International Airport Mumbai,2026-09-12 23:40:00,2026-09-13 01:45:00,125,Airbus A320neo,Premium Economy,32 in,f,"['"Below average legroom (32 in)'", '"In-seat USB outlet'", '"Stream media to your device'", '"Carbon emissions estimate: 83 kg'"]",2026-09-12 18:34:50.534835
156,122,Air India,,AI 603,BOM,Chhatrapati Shivaji Maharaj International Airport Mumbai,GOI,Goa Dabolim International Airport,2026-09-13 05:10:00,2026-09-13 06:30:00,80,Airbus A320neo,Economy,28 in,f,"['"Below average legroom (28 in)'", '"In-seat USB outlet'", '"Stream media to your device'", '"Carbon emissions estimate: 55 kg'"]",2026-09-12 18:34:50.534835
157,123,IndiGo,,6E 6515,DEL,Indira Gandhi International Airport,BLR,Kempegowda International Airport Bengaluru,2026-09-12 20:45:00,2026-09-12 23:40:00,175,Airbus A321neo,Economy,28 in,f,"['"Below average legroom (28 in)'", '"Carbon emissions estimate: 124 kg'"]",2026-09-12 18:34:52.617932
158,124,Air India,,AI 2412,DEL,Indira Gandhi International Airport,BLR,Kempegowda International Airport Bengaluru,2026-09-12 21:30:00,2026-09-13 00:25:00,175,Airbus A320neo,Economy,28 in,f,"['"Below average legroom (28 in)'", '"In-seat USB outlet'", '"Stream media to your device'", '"Carbon emissions estimate: 143 kg'"]",2026-09-12 18:34:52.621508
159,125,Akasa Air,,QP 1350,DEL,Indira Gandhi International Airport,BLR,Kempegowda International Airport Bengaluru,2026-09-12 21:55:00,2026-09-13 00:50:00,175,Boeing 737MAX 8 Passenger,Economy,28 in,f,"['"Below average legroom (28 in)'", '"In-seat USB outlet'", '"Carbon emissions estimate: 120 kg'"]",2026-09-12 18:34:52.625932
160,126,Akasa Air,,QP 1812,DEL,Indira Gandhi International Airport,BLR,Kempegowda International Airport Bengaluru,2026-09-12 22:55:00,2026-09-13 01:45:00,170,Boeing 737MAX 8 Passenger,Economy,28 in,f,"['"Below average legroom (28 in)'", '"In-seat USB outlet'", '"Carbon emissions estimate: 125 kg'"]",2026-09-12 18:34:52.628758
161,127,Akasa Air,,QP 1824,DEL,Indira Gandhi International Airport,BLR,Kempegowda International Airport Bengaluru,2026-09-12 20:10:00,2026-09-12 23:10:00,180,Boeing 737MAX 8 Passenger,Economy,28 in,f,"['"Below average legroom (28 in)'", '"In-seat USB outlet'", '"Carbon emissions estimate: 125 kg'"]",2026-09-12 18:34:52.631161
162,128,Akasa Air,,QP 1308,DEL,Indira Gandhi International Airport,BLR,Kempegowda International Airport Bengaluru,2026-09-12 20:55:00,2026-09-12 23:50:00,175,Boeing 737MAX 8 Passenger,Economy,28 in,f,"['"Below average legroom (28 in)'", '"In-seat USB outlet'", '"Carbon emissions estimate: 123 kg'"]",2026-09-12 18:34:52.633554
163,129,Air India,,AI 2512,DEL,Indira Gandhi International Airport,BLR,Kempegowda International Airport Bengaluru,2026-09-12 19:00:00,2026-09-12 21:55:00,175,Airbus A320neo,Economy,28 in,f,"['"Below average legroom (28 in)'", '"In-seat USB outlet'", '"Stream media to your device'", '"Carbon emissions estimate: 143 kg'"]",2026-09-12 18:34:52.636068
164,130,Air India,,AI 2809,DEL,Indira Gandhi International Airport,BLR,Kempegowda International Airport Bengaluru,2026-09-12 19:30:00,2026-09-12 22:20:00,170,Airbus A320neo,Economy,28 in,f,"['"Below average legroom (28 in)'", '"In-seat USB outlet'", '"Stream media to your device'", '"Carbon emissions estimate: 143 kg'"]",2026-09-12 18:34:52.63851
165,131,IndiGo,,6E 846,DEL,Indira Gandhi International Airport,BLR,Kempegowda International Airport Bengaluru,2026-09-12 22:00:00,2026-09-13 00:55:00,175,Airbus A321neo,Economy,28 in,f,"['"Below average legroom (28 in)'", '"Carbon emissions estimate: 124 kg'"]",2026-09-12 18:34:52.640824
166,132,Air India,,AI 2439,DEL,Indira Gandhi International Airport,BOM,Chhatrapati Shivaji Maharaj International Airport Mumbai,2026-09-12 23:00:00,2026-09-13 01:25:00,145,Airbus A320neo,Economy,28 in,f,"['"Below average legroom (28 in)'", '"In-seat USB outlet'", '"Stream media to your device'", '"Carbon emissions estimate: 102 kg'"]",2026-09-12 18:34:54.93099
167,133,IndiGo,,6E 322,DEL,Indira Gandhi International Airport,BOM,Chhatrapati Shivaji Maharaj International Airport Mumbai,2026-09-12 23:30:00,2026-09-13 01:45:00,135,Airbus A321neo,Economy,28 in,f,"['"Below average legroom (28 in)'", '"Carbon emissions estimate: 88 kg'"]",2026-09-12 18:34:54.934558
168,134,Air India Express,,IX 1235,DEL,Indira Gandhi International Airport,BOM,Chhatrapati Shivaji Maharaj International Airport Mumbai,2026-09-12 23:25:00,2026-09-13 01:50:00,145,Boeing 737MAX 8 Passenger,Economy,30 in,f,"['"Average legroom (30 in)'", '"Carbon emissions estimate: 102 kg'"]",2026-09-12 18:34:54.937553
169,135,Air India,,AI 2981,DEL,Indira Gandhi International Airport,BOM,Chhatrapati Shivaji Maharaj International Airport Mumbai,2026-09-12 21:00:00,2026-09-12 23:20:00,140,Airbus A320neo,Economy,28 in,f,"['"Below average legroom (28 in)'", '"In-seat USB outlet'", '"Stream media to your device'", '"Carbon emissions estimate: 102 kg'"]",2026-09-12 18:34:54.940854
170,136,Air India,,AI 2433,DEL,Indira Gandhi International Airport,BOM,Chhatrapati Shivaji Maharaj International Airport Mumbai,2026-09-12 21:30:00,2026-09-12 23:55:00,145,Airbus A320neo,Economy,28 in,f,"['"Below average legroom (28 in)'", '"In-seat USB outlet'", '"Stream media to your device'", '"Carbon emissions estimate: 102 kg'"]",2026-09-12 18:34:54.944039
171,137,IndiGo,,6E 6114,DEL,Indira Gandhi International Airport,BOM,Chhatrapati Shivaji Maharaj International Airport Mumbai,2026-09-12 22:45:00,2026-09-13 01:05:00,140,Airbus A321neo,Economy,28 in,f,"['"Below average legroom (28 in)'", '"Carbon emissions estimate: 88 kg'"]",2026-09-12 18:34:54.9485
172,138,Air India,,AI 2977,DEL,Indira Gandhi International Airport,BOM,Chhatrapati Shivaji Maharaj International Airport Mumbai,2026-09-12 19:00:00,2026-09-12 21:25:00,145,Airbus A321,Economy,28 in,f,"['"Below average legroom (28 in)'", '"In-seat USB outlet'", '"Stream media to your device'", '"Carbon emissions estimate: 102 kg'"]",2026-09-12 18:34:54.951836
173,139,Air India,,AI 2985,DEL,Indira Gandhi International Airport,BOM,Chhatrapati Shivaji Maharaj International Airport Mumbai,2026-09-12 19:30:00,2026-09-12 21:55:00,145,Airbus A320neo,Economy,28 in,f,"['"Below average legroom (28 in)'", '"In-seat USB outlet'", '"Stream media to your device'", '"Carbon emissions estimate: 102 kg'"]",2026-09-12 18:34:54.954955
174,140,IndiGo,,6E 395,DEL,Indira Gandhi International Airport,BOM,Chhatrapati Shivaji Maharaj International Airport Mumbai,2026-09-12 21:45:00,2026-09-13 00:05:00,140,Airbus A321neo,Economy,28 in,f,"['"Below average legroom (28 in)'", '"Carbon emissions estimate: 88 kg'"]",2026-09-12 18:34:54.957645
175,141,Air India,,AI 2957,DEL,Indira Gandhi International Airport,BOM,Chhatrapati Shivaji Maharaj International Airport Mumbai,2026-09-12 20:30:00,2026-09-12 23:05:00,155,Airbus A320neo,Economy,28 in,f,"['"Below average legroom (28 in)'", '"In-seat USB outlet'", '"Stream media to your device'", '"Carbon emissions estimate: 102 kg'"]",2026-09-12 18:34:54.960133
176,142,Akasa Air,,QP 1826,DEL,Indira Gandhi International Airport,BOM,Chhatrapati Shivaji Maharaj International Airport Mumbai,2026-09-12 19:55:00,2026-09-12 22:20:00,145,Boeing 737MAX 8 Passenger,Economy,28 in,f,"['"Below average legroom (28 in)'", '"In-seat USB outlet'", '"Carbon emissions estimate: 87 kg'"]",2026-09-12 18:34:54.962831
177,143,SpiceJet,,SG 2802,DEL,Indira Gandhi International Airport,BOM,Chhatrapati Shivaji Maharaj International Airport Mumbai,2026-09-12 22:45:00,2026-09-13 01:25:00,160,De Havilland-Bombardier Dash-8,Economy,28 in,f,"['"Below average legroom (28 in)'", '"Stream media to your device'", '"Carbon emissions estimate: 119 kg'"]",2026-09-12 18:34:54.965332
178,144,Air India,,AI 2449,DEL,Indira Gandhi International Airport,HYD,Rajiv Gandhi International Airport,2026-09-12 22:00:00,2026-09-13 00:20:00,140,Airbus A320neo,Economy,28 in,f,"['"Below average legroom (28 in)'", '"In-seat USB outlet'", '"Stream media to your device'", '"Carbon emissions estimate: 114 kg'"]",2026-09-12 18:34:57.03297
179,145,Air India,,AI 1706,DEL,Indira Gandhi International Airport,HYD,Rajiv Gandhi International Airport,2026-09-12 23:00:00,2026-09-13 01:20:00,140,Airbus A320neo,Economy,28 in,f,"['"Below average legroom (28 in)'", '"In-seat USB outlet'", '"Stream media to your device'", '"Carbon emissions estimate: 114 kg'"]",2026-09-12 18:34:57.036056
180,146,IndiGo,,6E 882,DEL,Indira Gandhi International Airport,HYD,Rajiv Gandhi International Airport,2026-09-12 23:15:00,2026-09-13 01:30:00,135,Airbus A321neo,Economy,28 in,f,"['"Below average legroom (28 in)'", '"Carbon emissions estimate: 98 kg'"]",2026-09-12 18:34:57.03915
181,147,Akasa Air,,QP 1409,DEL,Indira Gandhi International Airport,HYD,Rajiv Gandhi International Airport,2026-09-12 20:40:00,2026-09-12 23:10:00,150,Boeing 737MAX 8 Passenger,Economy,28 in,f,"['"Below average legroom (28 in)'", '"In-seat USB outlet'", '"Carbon emissions estimate: 99 kg'"]",2026-09-12 18:34:57.041891
182,148,IndiGo,,6E 303,DEL,Indira Gandhi International Airport,BOM,Chhatrapati Shivaji Maharaj International Airport Mumbai,2026-09-12 20:00:00,2026-09-12 22:10:00,130,Airbus A321neo,Economy,28 in,f,"['"Below average legroom (28 in)'", '"Carbon emissions estimate: 88 kg'"]",2026-09-12 18:34:57.044306
183,148,IndiGo,,6E 6187,BOM,Chhatrapati Shivaji Maharaj International Airport Mumbai,HYD,Rajiv Gandhi International Airport,2026-09-13 00:30:00,2026-09-13 02:10:00,100,Airbus A320,Economy,28 in,f,"['"Below average legroom (28 in)'", '"Carbon emissions estimate: 72 kg'"]",2026-09-12 18:34:57.044306
184,149,IndiGo,,6E 382,DEL,Indira Gandhi International Airport,HYD,Rajiv Gandhi International Airport,2026-09-12 21:00:00,2026-09-12 23:15:00,135,Airbus A321neo,Economy,28 in,f,"['"Below average legroom (28 in)'", '"Carbon emissions estimate: 98 kg'"]",2026-09-12 18:34:57.047282
185,150,Air India,,AI 1708,DEL,Indira Gandhi International Airport,HYD,Rajiv Gandhi International Airport,2026-09-12 19:30:00,2026-09-12 21:50:00,140,Airbus A320neo,Economy,28 in,t,"['"Below average legroom (28 in)'", '"In-seat USB outlet'", '"Stream media to your device'", '"Carbon emissions estimate: 114 kg'"]",2026-09-12 18:34:57.049405
186,151,Air India,,AI 2871,DEL,Indira Gandhi International Airport,HYD,Rajiv Gandhi International Airport,2026-09-12 20:30:00,2026-09-12 22:50:00,140,Airbus A320neo,Economy,28 in,f,"['"Below average legroom (28 in)'", '"In-seat USB outlet'", '"Stream media to your device'", '"Carbon emissions estimate: 114 kg'"]",2026-09-12 18:34:57.053735
187,152,IndiGo,,6E 6061,DEL,Indira Gandhi International Airport,MAA,Chennai International Airport,2026-09-12 22:55:00,2026-09-13 01:50:00,175,Airbus A321neo,Economy,28 in,f,"['"Below average legroom (28 in)'", '"Carbon emissions estimate: 126 kg'"]",2026-09-12 18:34:59.346134
188,153,Air India,,AI 2895,DEL,Indira Gandhi International Airport,MAA,Chennai International Airport,2026-09-12 21:55:00,2026-09-13 00:40:00,165,Airbus A320neo,Economy,28 in,f,"['"Below average legroom (28 in)'", '"In-seat USB outlet'", '"Stream media to your device'", '"Carbon emissions estimate: 145 kg'"]",2026-09-12 18:34:59.348998
189,154,IndiGo,,6E 322,DEL,Indira Gandhi International Airport,BOM,Chhatrapati Shivaji Maharaj International Airport Mumbai,2026-09-12 23:30:00,2026-09-13 01:45:00,135,Airbus A321neo,Business Class,,f,"['"Standard recliner seat'", '"In-seat power & USB outlets'", '"Carbon emissions estimate: 133 kg'"]",2026-09-12 18:34:59.351435
190,154,IndiGo,,6E 136,BOM,Chhatrapati Shivaji Maharaj International Airport Mumbai,MAA,Chennai International Airport,2026-09-13 04:05:00,2026-09-13 06:05:00,120,Airbus A321neo,Business Class,,f,"['"Standard recliner seat'", '"In-seat power & USB outlets'", '"Carbon emissions estimate: 124 kg'"]",2026-09-12 18:34:59.351435
191,155,SpiceJet,,SG 905,DEL,Indira Gandhi International Airport,CCU,Netaji Subhash Chandra Bose International Airport,2026-09-12 20:10:00,2026-09-12 22:30:00,140,Airbus A320,Economy,28 in,f,"['"Below average legroom (28 in)'", '"Carbon emissions estimate: 120 kg'"]",2026-09-12 18:35:01.581429
192,156,IndiGo,,6E 247,DEL,Indira Gandhi International Airport,CCU,Netaji Subhash Chandra Bose International Airport,2026-09-12 23:30:00,2026-09-13 01:45:00,135,Airbus A321neo,Economy,28 in,f,"['"Below average legroom (28 in)'", '"Carbon emissions estimate: 99 kg'"]",2026-09-12 18:35:01.583635
193,157,Air India,,AI 1714,DEL,Indira Gandhi International Airport,CCU,Netaji Subhash Chandra Bose International Airport,2026-09-12 21:00:00,2026-09-12 23:20:00,140,Airbus A320neo,Economy,28 in,t,"['"Below average legroom (28 in)'", '"In-seat USB outlet'", '"Stream media to your device'", '"Carbon emissions estimate: 114 kg'"]",2026-09-12 18:35:01.586176
194,158,Air India Express,,IX 1257,DEL,Indira Gandhi International Airport,PNQ,Pune International Airport,2026-09-12 22:25:00,2026-09-13 00:40:00,135,Boeing 737MAX 8 Passenger,Economy,30 in,f,"['"Average legroom (30 in)'", '"In-seat USB outlet'", '"Carbon emissions estimate: 107 kg'"]",2026-09-12 18:35:03.471814
195,159,IndiGo,,6E 2618,DEL,Indira Gandhi International Airport,PNQ,Pune International Airport,2026-09-12 23:00:00,2026-09-13 01:05:00,125,Airbus A321neo,Economy,28 in,f,"['"Below average legroom (28 in)'", '"Carbon emissions estimate: 90 kg'"]",2026-09-12 18:35:03.47484
196,160,Air India,,AI 2609,DEL,Indira Gandhi International Airport,PNQ,Pune International Airport,2026-09-12 23:50:00,2026-09-13 02:05:00,135,Airbus A320neo,Economy,28 in,f,"['"Below average legroom (28 in)'", '"In-seat USB outlet'", '"Stream media to your device'", '"Carbon emissions estimate: 105 kg'"]",2026-09-12 18:35:03.47772
197,161,Air India,,AI 1730,DEL,Indira Gandhi International Airport,PNQ,Pune International Airport,2026-09-12 19:10:00,2026-09-12 21:15:00,125,Airbus A320neo,Economy,28 in,f,"['"Below average legroom (28 in)'", '"In-seat USB outlet'", '"Stream media to your device'", '"Carbon emissions estimate: 105 kg'"]",2026-09-12 18:35:03.480451
198,162,Air India,,AI 2973,DEL,Indira Gandhi International Airport,PNQ,Pune International Airport,2026-09-12 20:50:00,2026-09-12 23:05:00,135,Airbus A320neo,Economy,28 in,f,"['"Below average legroom (28 in)'", '"In-seat USB outlet'", '"Stream media to your device'", '"Carbon emissions estimate: 105 kg'"]",2026-09-12 18:35:03.483255
199,163,Air India,,AI 2545,DEL,Indira Gandhi International Airport,AMD,Sardar Vallabhbhai Patel International Airport,2026-09-12 20:30:00,2026-09-12 22:10:00,100,Airbus A320neo,Economy,28 in,f,"['"Below average legroom (28 in)'", '"In-seat USB outlet'", '"Stream media to your device'", '"Carbon emissions estimate: 76 kg'"]",2026-09-12 18:35:12.769367
200,164,Air India,,AI 2909,DEL,Indira Gandhi International Airport,AMD,Sardar Vallabhbhai Patel International Airport,2026-09-12 22:30:00,2026-09-13 00:15:00,105,Airbus A320neo,Economy,28 in,f,"['"Below average legroom (28 in)'", '"In-seat USB outlet'", '"Stream media to your device'", '"Carbon emissions estimate: 76 kg'"]",2026-09-12 18:35:12.773953
201,165,IndiGo,,6E 2013,DEL,Indira Gandhi International Airport,AMD,Sardar Vallabhbhai Patel International Airport,2026-09-12 21:50:00,2026-09-12 23:25:00,95,Airbus A321neo,Economy,28 in,f,"['"Below average legroom (28 in)'", '"Carbon emissions estimate: 63 kg'"]",2026-09-12 18:35:12.777856
202,166,Air India,,AI 2883,DEL,Indira Gandhi International Airport,COK,Cochin International Airport,2026-09-12 22:10:00,2026-09-13 01:20:00,190,Airbus A320neo,Economy,28 in,f,"['"Below average legroom (28 in)'", '"In-seat USB outlet'", '"Stream media to your device'", '"Carbon emissions estimate: 164 kg'"]",2026-09-12 18:35:21.957146
203,167,Air India Express,,IX 1235,DEL,Indira Gandhi International Airport,BOM,Chhatrapati Shivaji Maharaj International Airport Mumbai,2026-09-12 23:25:00,2026-09-13 01:50:00,145,Boeing 737MAX 8 Passenger,Economy,30 in,f,"['"Average legroom (30 in)'", '"Carbon emissions estimate: 102 kg'"]",2026-09-12 18:35:21.960085
204,167,Air India Express,,IX 1797,BOM,Chhatrapati Shivaji Maharaj International Airport Mumbai,COK,Cochin International Airport,2026-09-13 05:05:00,2026-09-13 07:05:00,120,Airbus A320,Economy,28 in,f,"['"Below average legroom (28 in)'", '"Carbon emissions estimate: 111 kg'"]",2026-09-12 18:35:21.960085
205,168,Air India,,AI 2439,DEL,Indira Gandhi International Airport,BOM,Chhatrapati Shivaji Maharaj International Airport Mumbai,2026-09-12 23:00:00,2026-09-13 01:25:00,145,Airbus A320neo,Economy,28 in,f,"['"Below average legroom (28 in)'", '"In-seat USB outlet'", '"Stream media to your device'", '"Carbon emissions estimate: 102 kg'"]",2026-09-12 18:35:21.963246
206,168,Air India,,AI 2787,BOM,Chhatrapati Shivaji Maharaj International Airport Mumbai,COK,Cochin International Airport,2026-09-13 06:35:00,2026-09-13 08:35:00,120,Airbus A320neo,Economy,28 in,f,"['"Below average legroom (28 in)'", '"In-seat USB outlet'", '"Stream media to your device'", '"Carbon emissions estimate: 96 kg'"]",2026-09-12 18:35:21.963246
207,169,Air India Express,,IX 1235,DEL,Indira Gandhi International Airport,BOM,Chhatrapati Shivaji Maharaj International Airport Mumbai,2026-09-12 23:25:00,2026-09-13 01:50:00,145,Boeing 737MAX 8 Passenger,Economy,30 in,f,"['"Average legroom (30 in)'", '"Carbon emissions estimate: 102 kg'"]",2026-09-12 18:35:21.966142
208,169,Air India Express,,IX 1810,BOM,Chhatrapati Shivaji Maharaj International Airport Mumbai,COK,Cochin International Airport,2026-09-13 13:40:00,2026-09-13 15:40:00,120,Boeing 737MAX 8 Passenger,Economy,30 in,t,"['"Average legroom (30 in)'", '"Carbon emissions estimate: 96 kg'"]",2026-09-12 18:35:21.966142
209,170,Air India Express,,IX 1235,DEL,Indira Gandhi International Airport,BOM,Chhatrapati Shivaji Maharaj International Airport Mumbai,2026-09-12 23:25:00,2026-09-13 01:50:00,145,Boeing 737,Economy,30 in,f,"['"Average legroom (30 in)'", '"Carbon emissions estimate: 102 kg'"]",2026-09-12 18:35:21.968957
210,170,Air India,,AI 2787,BOM,Chhatrapati Shivaji Maharaj International Airport Mumbai,COK,Cochin International Airport,2026-09-13 06:35:00,2026-09-13 08:35:00,120,Airbus A320neo,Economy,28 in,f,"['"Below average legroom (28 in)'", '"In-seat USB outlet'", '"Stream media to your device'", '"Carbon emissions estimate: 96 kg'"]",2026-09-12 18:35:21.968957
211,171,Air India,,AI 2439,DEL,Indira Gandhi International Airport,BOM,Chhatrapati Shivaji Maharaj International Airport Mumbai,2026-09-12 23:00:00,2026-09-13 01:25:00,145,Airbus A320neo,Economy,28 in,f,"['"Below average legroom (28 in)'", '"In-seat USB outlet'", '"Stream media to your device'", '"Carbon emissions estimate: 102 kg'"]",2026-09-12 18:35:21.971722
212,171,Air India Express,,IX 1797,BOM,Chhatrapati Shivaji Maharaj International Airport Mumbai,COK,Cochin International Airport,2026-09-13 05:05:00,2026-09-13 07:05:00,120,Airbus A320,Economy,28 in,f,"['"Below average legroom (28 in)'", '"Carbon emissions estimate: 111 kg'"]",2026-09-12 18:35:21.971722
213,172,IndiGo,,6E 2618,DEL,Indira Gandhi International Airport,PNQ,Pune International Airport,2026-09-12 23:00:00,2026-09-13 01:05:00,125,Airbus A321neo,Business Class,,f,"['"Standard recliner seat'", '"In-seat power & USB outlets'", '"Carbon emissions estimate: 135 kg'"]",2026-09-12 18:35:21.974571
214,172,IndiGo,,6E 6129,PNQ,Pune International Airport,COK,Cochin International Airport,2026-09-13 03:05:00,2026-09-13 04:50:00,105,Airbus A320neo,Business Class,,f,"['"Carbon emissions estimate: 120 kg'"]",2026-09-12 18:35:21.974571
215,173,Air India Express,,IX 1815,DEL,Indira Gandhi International Airport,COK,Cochin International Airport,2026-09-12 19:20:00,2026-09-12 22:30:00,190,Airbus A321,Economy,28 in,t,"['"Below average legroom (28 in)'", '"Carbon emissions estimate: 183 kg'"]",2026-09-12 18:35:21.977142
216,174,Air India Express,,IX 1235,DEL,Indira Gandhi International Airport,BOM,Chhatrapati Shivaji Maharaj International Airport Mumbai,2026-09-12 23:25:00,2026-09-13 01:50:00,145,Boeing 737MAX 8 Passenger,Economy,30 in,f,"['"Average legroom (30 in)'", '"Carbon emissions estimate: 102 kg'"]",2026-09-12 18:35:33.451521
217,174,Air India Express,,IX 1238,BOM,Chhatrapati Shivaji Maharaj International Airport Mumbai,GOI,Goa Dabolim International Airport,2026-09-13 12:25:00,2026-09-13 13:45:00,80,Boeing 737MAX 8 Passenger,Economy,30 in,f,"['"Average legroom (30 in)'", '"Carbon emissions estimate: 55 kg'"]",2026-09-12 18:35:33.451521
218,175,Air India,,AI 2439,DEL,Indira Gandhi International Airport,BOM,Chhatrapati Shivaji Maharaj International Airport Mumbai,2026-09-12 23:00:00,2026-09-13 01:25:00,145,Airbus A320neo,Economy,28 in,f,"['"Below average legroom (28 in)'", '"In-seat USB outlet'", '"Stream media to your device'", '"Carbon emissions estimate: 102 kg'"]",2026-09-12 18:35:33.455059
219,175,Air India,,AI 2477,BOM,Chhatrapati Shivaji Maharaj International Airport Mumbai,GOI,Goa Dabolim International Airport,2026-09-13 13:05:00,2026-09-13 14:20:00,75,Airbus A319,Economy,31 in,f,"['"Average legroom (31 in)'", '"Stream media to your device'", '"Carbon emissions estimate: 79 kg'"]",2026-09-12 18:35:33.455059
220,176,Air India,,AI 2439,DEL,Indira Gandhi International Airport,BOM,Chhatrapati Shivaji Maharaj International Airport Mumbai,2026-09-12 23:00:00,2026-09-13 01:25:00,145,Airbus A320neo,Economy,28 in,f,"['"Below average legroom (28 in)'", '"In-seat USB outlet'", '"Stream media to your device'", '"Carbon emissions estimate: 102 kg'"]",2026-09-12 18:35:33.459743
221,176,Air India,,AI 603,BOM,Chhatrapati Shivaji Maharaj International Airport Mumbai,GOI,Goa Dabolim International Airport,2026-09-13 05:10:00,2026-09-13 06:30:00,80,Airbus A320neo,Economy,28 in,f,"['"Below average legroom (28 in)'", '"In-seat USB outlet'", '"Stream media to your device'", '"Carbon emissions estimate: 55 kg'"]",2026-09-12 18:35:33.459743
222,177,Air India Express,,IX 1235,DEL,Indira Gandhi International Airport,BOM,Chhatrapati Shivaji Maharaj International Airport Mumbai,2026-09-12 23:25:00,2026-09-13 01:50:00,145,Boeing 737,Economy,30 in,f,"['"Average legroom (30 in)'", '"Carbon emissions estimate: 102 kg'"]",2026-09-12 18:35:33.462998
223,177,Air India,,AI 2745,BOM,Chhatrapati Shivaji Maharaj International Airport Mumbai,GOI,Goa Dabolim International Airport,2026-09-13 15:30:00,2026-09-13 16:50:00,80,Airbus A320neo,Economy,28 in,f,"['"Below average legroom (28 in)'", '"In-seat USB outlet'", '"Stream media to your device'", '"Carbon emissions estimate: 55 kg'"]",2026-09-12 18:35:33.462998
224,178,Air India Express,,IX 1235,DEL,Indira Gandhi International Airport,BOM,Chhatrapati Shivaji Maharaj International Airport Mumbai,2026-09-12 23:25:00,2026-09-13 01:50:00,145,Boeing 737,Economy,30 in,f,"['"Average legroom (30 in)'", '"Carbon emissions estimate: 102 kg'"]",2026-09-12 18:35:33.466459
373,281,IndiGo,,6E 6876,BLR,Kempegowda International Airport Bengaluru,PNQ,Pune International Airport,2026-09-13 02:40:00,2026-09-13 04:05:00,85,Airbus A321neo,Economy,28 in,f,"['"Below average legroom (28 in)'", '"Carbon emissions estimate: 61 kg'"]",2026-09-12 18:38:45.766077
225,178,Air India,,AI 2477,BOM,Chhatrapati Shivaji Maharaj International Airport Mumbai,GOI,Goa Dabolim International Airport,2026-09-13 13:05:00,2026-09-13 14:20:00,75,Airbus A319,Economy,31 in,f,"['"Average legroom (31 in)'", '"Stream media to your device'", '"Carbon emissions estimate: 79 kg'"]",2026-09-12 18:35:33.466459
226,179,Air India,,AI 2439,DEL,Indira Gandhi International Airport,BOM,Chhatrapati Shivaji Maharaj International Airport Mumbai,2026-09-12 23:00:00,2026-09-13 01:25:00,145,Airbus A320neo,Economy,28 in,f,"['"Below average legroom (28 in)'", '"In-seat USB outlet'", '"Stream media to your device'", '"Carbon emissions estimate: 102 kg'"]",2026-09-12 18:35:33.470637
227,179,Air India,,AI 2420,BOM,Chhatrapati Shivaji Maharaj International Airport Mumbai,GOI,Goa Dabolim International Airport,2026-09-13 11:20:00,2026-09-13 12:40:00,80,Airbus A321,Economy,29 in,f,"['"Below average legroom (29 in)'", '"Wi-Fi for a fee'", '"In-seat power & USB outlets'", '"On-demand video'", '"Carbon emissions estimate: 70 kg'"]",2026-09-12 18:35:33.470637
228,180,Air India Express,,IX 1235,DEL,Indira Gandhi International Airport,BOM,Chhatrapati Shivaji Maharaj International Airport Mumbai,2026-09-12 23:25:00,2026-09-13 01:50:00,145,Boeing 737,Economy,30 in,f,"['"Average legroom (30 in)'", '"Carbon emissions estimate: 102 kg'"]",2026-09-12 18:35:33.474278
229,180,Air India,,AI 603,BOM,Chhatrapati Shivaji Maharaj International Airport Mumbai,GOI,Goa Dabolim International Airport,2026-09-13 05:10:00,2026-09-13 06:30:00,80,Airbus A320neo,Economy,28 in,f,"['"Below average legroom (28 in)'", '"In-seat USB outlet'", '"Stream media to your device'", '"Carbon emissions estimate: 55 kg'"]",2026-09-12 18:35:33.474278
230,181,IndiGo,,6E 6114,DEL,Indira Gandhi International Airport,BOM,Chhatrapati Shivaji Maharaj International Airport Mumbai,2026-09-12 22:45:00,2026-09-13 01:05:00,140,Airbus A321neo,Business Class,,f,"['"Standard recliner seat'", '"In-seat power & USB outlets'", '"Carbon emissions estimate: 133 kg'"]",2026-09-12 18:35:33.477842
231,181,IndiGo,,6E 6361,BOM,Chhatrapati Shivaji Maharaj International Airport Mumbai,GOI,Goa Dabolim International Airport,2026-09-13 05:00:00,2026-09-13 06:05:00,65,Airbus A321neo,Business Class,,f,"['"Carbon emissions estimate: 67 kg'"]",2026-09-12 18:35:33.477842
232,182,IndiGo,,6E 322,DEL,Indira Gandhi International Airport,BOM,Chhatrapati Shivaji Maharaj International Airport Mumbai,2026-09-12 23:30:00,2026-09-13 01:45:00,135,Airbus A321neo,Business Class,,f,"['"Standard recliner seat'", '"In-seat power & USB outlets'", '"Carbon emissions estimate: 133 kg'"]",2026-09-12 18:35:33.481369
233,182,IndiGo,,6E 6361,BOM,Chhatrapati Shivaji Maharaj International Airport Mumbai,GOI,Goa Dabolim International Airport,2026-09-13 05:00:00,2026-09-13 06:05:00,65,Airbus A321neo,Business Class,,f,"['"Carbon emissions estimate: 67 kg'"]",2026-09-12 18:35:33.481369
234,183,IndiGo,,6E 6188,BOM,Chhatrapati Shivaji Maharaj International Airport Mumbai,BLR,Kempegowda International Airport Bengaluru,2026-09-12 21:30:00,2026-09-12 23:25:00,115,Airbus A321neo,Economy,28 in,f,"['"Below average legroom (28 in)'", '"Carbon emissions estimate: 71 kg'"]",2026-09-12 18:35:37.621302
235,184,Akasa Air,,QP 1518,BOM,Chhatrapati Shivaji Maharaj International Airport Mumbai,BLR,Kempegowda International Airport Bengaluru,2026-09-12 21:45:00,2026-09-12 23:45:00,120,Boeing 737MAX 8 Passenger,Economy,28 in,f,"['"Below average legroom (28 in)'", '"In-seat USB outlet'", '"Carbon emissions estimate: 74 kg'"]",2026-09-12 18:35:37.624546
236,185,Air India,,AI 2401,BOM,Chhatrapati Shivaji Maharaj International Airport Mumbai,BLR,Kempegowda International Airport Bengaluru,2026-09-12 20:45:00,2026-09-12 22:45:00,120,Airbus A320neo,Economy,28 in,f,"['"Below average legroom (28 in)'", '"In-seat USB outlet'", '"Stream media to your device'", '"Carbon emissions estimate: 83 kg'"]",2026-09-12 18:35:37.627106
237,186,IndiGo,,6E 5388,BOM,Chhatrapati Shivaji Maharaj International Airport Mumbai,BLR,Kempegowda International Airport Bengaluru,2026-09-12 22:20:00,2026-09-13 00:20:00,120,Airbus A321neo,Economy,28 in,f,"['"Below average legroom (28 in)'", '"Carbon emissions estimate: 71 kg'"]",2026-09-12 18:35:37.62966
238,187,Akasa Air,,QP 1133,BOM,Chhatrapati Shivaji Maharaj International Airport Mumbai,BLR,Kempegowda International Airport Bengaluru,2026-09-12 19:40:00,2026-09-12 21:45:00,125,Boeing 737MAX 8 Passenger,Economy,28 in,f,"['"Below average legroom (28 in)'", '"In-seat USB outlet'", '"Carbon emissions estimate: 70 kg'"]",2026-09-12 18:35:37.632043
239,188,Air India,,AI 2857,BOM,Chhatrapati Shivaji Maharaj International Airport Mumbai,BLR,Kempegowda International Airport Bengaluru,2026-09-12 23:30:00,2026-09-13 01:35:00,125,Airbus A320neo,Premium Economy,32 in,f,"['"Below average legroom (32 in)'", '"In-seat USB outlet'", '"Stream media to your device'", '"Carbon emissions estimate: 83 kg'"]",2026-09-12 18:35:37.636096
240,189,IndiGo,,6E 5107,BOM,Chhatrapati Shivaji Maharaj International Airport Mumbai,AMD,Sardar Vallabhbhai Patel International Airport,2026-09-12 20:00:00,2026-09-12 21:20:00,80,Airbus A320neo,Economy,28 in,f,"['"Below average legroom (28 in)'", '"Carbon emissions estimate: 51 kg'"]",2026-09-12 18:35:41.723344
241,189,IndiGo,,6E 5385,AMD,Sardar Vallabhbhai Patel International Airport,DEL,Indira Gandhi International Airport,2026-09-13 00:05:00,2026-09-13 02:00:00,115,Airbus A321neo,Economy,28 in,f,"['"Below average legroom (28 in)'", '"Carbon emissions estimate: 65 kg'"]",2026-09-12 18:35:41.723344
242,190,Air India,,AI 2986,BOM,Chhatrapati Shivaji Maharaj International Airport Mumbai,DEL,Indira Gandhi International Airport,2026-09-12 22:35:00,2026-09-13 00:55:00,140,Airbus A320neo,Economy,28 in,f,"['"Below average legroom (28 in)'", '"In-seat USB outlet'", '"Stream media to your device'", '"Carbon emissions estimate: 105 kg'"]",2026-09-12 18:35:41.725199
243,191,Air India,,AI 1882,BOM,Chhatrapati Shivaji Maharaj International Airport Mumbai,DEL,Indira Gandhi International Airport,2026-09-12 23:55:00,2026-09-13 02:15:00,140,Airbus A320neo,Economy,28 in,f,"['"Below average legroom (28 in)'", '"In-seat USB outlet'", '"Stream media to your device'", '"Carbon emissions estimate: 105 kg'"]",2026-09-12 18:35:41.726418
244,192,Air India,,AI 2940,BOM,Chhatrapati Shivaji Maharaj International Airport Mumbai,DEL,Indira Gandhi International Airport,2026-09-12 20:00:00,2026-09-12 22:20:00,140,Airbus A320neo,Economy,28 in,f,"['"Below average legroom (28 in)'", '"In-seat USB outlet'", '"Stream media to your device'", '"Carbon emissions estimate: 105 kg'"]",2026-09-12 18:35:41.728379
245,193,Air India,,AI 1895,BOM,Chhatrapati Shivaji Maharaj International Airport Mumbai,DEL,Indira Gandhi International Airport,2026-09-12 21:30:00,2026-09-12 23:45:00,135,Airbus A320neo,Economy,28 in,f,"['"Below average legroom (28 in)'", '"In-seat USB outlet'", '"Stream media to your device'", '"Carbon emissions estimate: 105 kg'"]",2026-09-12 18:35:41.73034
246,194,Air India,,AI 816,BOM,Chhatrapati Shivaji Maharaj International Airport Mumbai,DEL,Indira Gandhi International Airport,2026-09-12 21:00:00,2026-09-12 23:15:00,135,Boeing 777,Economy,31 in,f,"['"Average legroom (31 in)'", '"In-seat power & USB outlets'", '"Stream media to your device'", '"Carbon emissions estimate: 119 kg'"]",2026-09-12 18:35:41.732299
247,195,Air India,,AI 2988,BOM,Chhatrapati Shivaji Maharaj International Airport Mumbai,DEL,Indira Gandhi International Airport,2026-09-12 20:30:00,2026-09-12 22:50:00,140,Airbus A320neo,Economy,28 in,f,"['"Below average legroom (28 in)'", '"In-seat USB outlet'", '"Stream media to your device'", '"Carbon emissions estimate: 105 kg'"]",2026-09-12 18:35:41.734055
296,234,IndiGo,,6E 6205,AMD,Sardar Vallabhbhai Patel International Airport,BOM,Chhatrapati Shivaji Maharaj International Airport Mumbai,2026-09-13 01:15:00,2026-09-13 02:55:00,100,Airbus A321neo,Economy,28 in,f,"['"Below average legroom (28 in)'", '"Carbon emissions estimate: 48 kg'"]",2026-09-12 18:37:06.507839
248,196,Air India,,AI 2408,BOM,Chhatrapati Shivaji Maharaj International Airport Mumbai,DEL,Indira Gandhi International Airport,2026-09-12 19:30:00,2026-09-12 21:45:00,135,Airbus A320neo,Economy,28 in,f,"['"Below average legroom (28 in)'", '"In-seat USB outlet'", '"Stream media to your device'", '"Carbon emissions estimate: 105 kg'"]",2026-09-12 18:35:41.735925
249,197,IndiGo,,6E 5164,BOM,Chhatrapati Shivaji Maharaj International Airport Mumbai,IDR,"Devi Ahilyabai Holkar International Airport, Indore",2026-09-12 20:20:00,2026-09-12 22:00:00,100,Airbus A320,Economy,28 in,f,"['"Below average legroom (28 in)'", '"Carbon emissions estimate: 66 kg'"]",2026-09-12 18:35:41.738258
250,197,IndiGo,,6E 6972,IDR,"Devi Ahilyabai Holkar International Airport, Indore",DEL,Indira Gandhi International Airport,2026-09-12 23:15:00,2026-09-13 00:45:00,90,Airbus A320neo,Economy,28 in,f,"['"Below average legroom (28 in)'", '"Carbon emissions estimate: 64 kg'"]",2026-09-12 18:35:41.738258
251,198,IndiGo,,6E 330,BOM,Chhatrapati Shivaji Maharaj International Airport Mumbai,DEL,Indira Gandhi International Airport,2026-09-12 20:20:00,2026-09-12 22:45:00,145,Airbus A321neo,Business Class,,f,"['"Standard recliner seat'", '"In-seat power & USB outlets'", '"Carbon emissions estimate: 136 kg'"]",2026-09-12 18:35:41.740516
252,199,IndiGo,,6E 102,BOM,Chhatrapati Shivaji Maharaj International Airport Mumbai,DEL,Indira Gandhi International Airport,2026-09-12 21:15:00,2026-09-12 23:30:00,135,Airbus A321neo,Business Class,,f,"['"Standard recliner seat'", '"In-seat power & USB outlets'", '"Carbon emissions estimate: 136 kg'"]",2026-09-12 18:35:41.742209
253,200,IndiGo,,6E 651,BOM,Chhatrapati Shivaji Maharaj International Airport Mumbai,DEL,Indira Gandhi International Airport,2026-09-12 22:15:00,2026-09-13 00:30:00,135,Airbus A321neo,Business Class,,f,"['"Standard recliner seat'", '"In-seat power & USB outlets'", '"Carbon emissions estimate: 136 kg'"]",2026-09-12 18:35:41.744559
254,201,IndiGo,,6E 350,BOM,Chhatrapati Shivaji Maharaj International Airport Mumbai,DEL,Indira Gandhi International Airport,2026-09-12 23:45:00,2026-09-13 02:00:00,135,Airbus A321neo,Business Class,,f,"['"Standard recliner seat'", '"In-seat power & USB outlets'", '"Carbon emissions estimate: 136 kg'"]",2026-09-12 18:35:41.746517
255,202,IndiGo,,6E 6195,BOM,Chhatrapati Shivaji Maharaj International Airport Mumbai,HYD,Rajiv Gandhi International Airport,2026-09-12 23:00:00,2026-09-13 00:35:00,95,Airbus A321neo,Economy,28 in,f,"['"Below average legroom (28 in)'", '"Carbon emissions estimate: 59 kg'"]",2026-09-12 18:35:49.911359
256,203,IndiGo,,6E 5056,BOM,Chhatrapati Shivaji Maharaj International Airport Mumbai,HYD,Rajiv Gandhi International Airport,2026-09-12 21:10:00,2026-09-12 22:45:00,95,Airbus A321neo,Economy,28 in,f,"['"Below average legroom (28 in)'", '"Carbon emissions estimate: 59 kg'"]",2026-09-12 18:35:49.914526
257,204,Air India,,AI 2869,BOM,Chhatrapati Shivaji Maharaj International Airport Mumbai,HYD,Rajiv Gandhi International Airport,2026-09-12 21:25:00,2026-09-12 23:05:00,100,Airbus A320neo,Economy,28 in,f,"['"Below average legroom (28 in)'", '"In-seat USB outlet'", '"Stream media to your device'", '"Carbon emissions estimate: 70 kg'"]",2026-09-12 18:35:49.91677
258,205,Air India,,AI 1882,BOM,Chhatrapati Shivaji Maharaj International Airport Mumbai,DEL,Indira Gandhi International Airport,2026-09-12 23:55:00,2026-09-13 02:15:00,140,Airbus A320neo,Economy,28 in,f,"['"Below average legroom (28 in)'", '"In-seat USB outlet'", '"Stream media to your device'", '"Carbon emissions estimate: 105 kg'"]",2026-09-12 18:35:49.920252
259,205,Air India,,AI 1793,DEL,Indira Gandhi International Airport,HYD,Rajiv Gandhi International Airport,2026-09-13 06:00:00,2026-09-13 08:20:00,140,Airbus A320neo,Economy,28 in,f,"['"Below average legroom (28 in)'", '"In-seat USB outlet'", '"Stream media to your device'", '"Carbon emissions estimate: 114 kg'"]",2026-09-12 18:35:49.920252
260,206,Air India,,AI 639,BOM,Chhatrapati Shivaji Maharaj International Airport Mumbai,MAA,Chennai International Airport,2026-09-12 22:55:00,2026-09-13 01:05:00,130,Airbus A320neo,Economy,28 in,f,"['"Below average legroom (28 in)'", '"In-seat USB outlet'", '"Stream media to your device'", '"Carbon emissions estimate: 96 kg'"]",2026-09-12 18:35:59.337485
261,207,Air India,,AI 2827,BOM,Chhatrapati Shivaji Maharaj International Airport Mumbai,MAA,Chennai International Airport,2026-09-12 20:30:00,2026-09-12 22:35:00,125,Airbus A320neo,Economy,28 in,f,"['"Below average legroom (28 in)'", '"In-seat USB outlet'", '"Stream media to your device'", '"Carbon emissions estimate: 96 kg'"]",2026-09-12 18:35:59.339548
262,208,Air India,,AI 2643,BOM,Chhatrapati Shivaji Maharaj International Airport Mumbai,CCU,Netaji Subhash Chandra Bose International Airport,2026-09-12 21:05:00,2026-09-13 00:10:00,185,Airbus A320neo,Economy,28 in,f,"['"Below average legroom (28 in)'", '"In-seat USB outlet'", '"Stream media to your device'", '"Carbon emissions estimate: 139 kg'"]",2026-09-12 18:36:08.143585
263,209,Air India,,AI 1895,BOM,Chhatrapati Shivaji Maharaj International Airport Mumbai,DEL,Indira Gandhi International Airport,2026-09-12 21:30:00,2026-09-12 23:45:00,135,Airbus A320neo,Economy,28 in,f,"['"Below average legroom (28 in)'", '"In-seat USB outlet'", '"Stream media to your device'", '"Carbon emissions estimate: 105 kg'"]",2026-09-12 18:36:08.146494
264,209,Air India,,AI 2702,DEL,Indira Gandhi International Airport,CCU,Netaji Subhash Chandra Bose International Airport,2026-09-13 02:30:00,2026-09-13 04:50:00,140,Airbus A320neo,Economy,28 in,f,"['"Below average legroom (28 in)'", '"In-seat USB outlet'", '"Stream media to your device'", '"Carbon emissions estimate: 114 kg'"]",2026-09-12 18:36:08.146494
265,210,IndiGo,,6E 5152,BOM,Chhatrapati Shivaji Maharaj International Airport Mumbai,AMD,Sardar Vallabhbhai Patel International Airport,2026-09-12 23:10:00,2026-09-13 00:35:00,85,Airbus A321neo,Economy,28 in,f,"['"Below average legroom (28 in)'", '"Carbon emissions estimate: 47 kg'"]",2026-09-12 18:36:31.122521
266,211,Air India,,AI 2919,BOM,Chhatrapati Shivaji Maharaj International Airport Mumbai,AMD,Sardar Vallabhbhai Patel International Airport,2026-09-12 21:35:00,2026-09-12 22:55:00,80,Airbus A320neo,Economy,28 in,f,"['"Below average legroom (28 in)'", '"In-seat USB outlet'", '"Stream media to your device'", '"Carbon emissions estimate: 57 kg'"]",2026-09-12 18:36:31.125399
267,212,IndiGo,,6E 5283,BOM,Chhatrapati Shivaji Maharaj International Airport Mumbai,AMD,Sardar Vallabhbhai Patel International Airport,2026-09-12 21:50:00,2026-09-12 23:25:00,95,Airbus A320neo,Economy,28 in,f,"['"Below average legroom (28 in)'", '"Carbon emissions estimate: 51 kg'"]",2026-09-12 18:36:31.128098
268,213,Akasa Air,,QP 1195,BOM,Chhatrapati Shivaji Maharaj International Airport Mumbai,AMD,Sardar Vallabhbhai Patel International Airport,2026-09-12 19:20:00,2026-09-12 20:50:00,90,Boeing 737MAX 8 Passenger,Economy,28 in,f,"['"Below average legroom (28 in)'", '"In-seat USB outlet'", '"Carbon emissions estimate: 49 kg'"]",2026-09-12 18:36:31.13078
269,214,IndiGo,,6E 5107,BOM,Chhatrapati Shivaji Maharaj International Airport Mumbai,AMD,Sardar Vallabhbhai Patel International Airport,2026-09-12 20:00:00,2026-09-12 21:20:00,80,Airbus A320neo,Economy,28 in,f,"['"Below average legroom (28 in)'", '"Carbon emissions estimate: 51 kg'"]",2026-09-12 18:36:31.134054
270,215,Air India Express,,IX 1801,BOM,Chhatrapati Shivaji Maharaj International Airport Mumbai,COK,Cochin International Airport,2026-09-12 20:20:00,2026-09-12 22:20:00,120,Airbus A320,Economy,28 in,t,"['"Below average legroom (28 in)'", '"Carbon emissions estimate: 111 kg'"]",2026-09-12 18:36:41.136482
271,216,IndiGo,,6E 2093,BOM,Chhatrapati Shivaji Maharaj International Airport Mumbai,COK,Cochin International Airport,2026-09-12 22:45:00,2026-09-13 00:40:00,115,Airbus A321neo,Economy,28 in,f,"['"Below average legroom (28 in)'", '"Carbon emissions estimate: 80 kg'"]",2026-09-12 18:36:41.139637
272,217,Air India,,AI 1882,BOM,Chhatrapati Shivaji Maharaj International Airport Mumbai,DEL,Indira Gandhi International Airport,2026-09-12 23:55:00,2026-09-13 02:15:00,140,Airbus A320neo,Economy,28 in,f,"['"Below average legroom (28 in)'", '"In-seat USB outlet'", '"Stream media to your device'", '"Carbon emissions estimate: 105 kg'"]",2026-09-12 18:36:41.142349
273,217,Air India,,AI 2458,DEL,Indira Gandhi International Airport,COK,Cochin International Airport,2026-09-13 11:55:00,2026-09-13 15:20:00,205,Airbus A320neo,Economy,28 in,f,"['"Below average legroom (28 in)'", '"In-seat USB outlet'", '"Stream media to your device'", '"Carbon emissions estimate: 164 kg'"]",2026-09-12 18:36:41.142349
274,218,Air India,,AI 1882,BOM,Chhatrapati Shivaji Maharaj International Airport Mumbai,DEL,Indira Gandhi International Airport,2026-09-12 23:55:00,2026-09-13 02:15:00,140,Airbus A320neo,Economy,28 in,f,"['"Below average legroom (28 in)'", '"In-seat USB outlet'", '"Stream media to your device'", '"Carbon emissions estimate: 105 kg'"]",2026-09-12 18:36:41.145881
275,218,Air India Express,,IX 1815,DEL,Indira Gandhi International Airport,COK,Cochin International Airport,2026-09-13 19:20:00,2026-09-13 22:30:00,190,Airbus A321,Economy,28 in,t,"['"Below average legroom (28 in)'", '"Carbon emissions estimate: 183 kg'"]",2026-09-12 18:36:41.145881
276,219,Air India,,AI 1882,BOM,Chhatrapati Shivaji Maharaj International Airport Mumbai,DEL,Indira Gandhi International Airport,2026-09-12 23:55:00,2026-09-13 02:15:00,140,Airbus A320neo,Economy,28 in,f,"['"Below average legroom (28 in)'", '"In-seat USB outlet'", '"Stream media to your device'", '"Carbon emissions estimate: 105 kg'"]",2026-09-12 18:36:41.149477
277,219,Air India Express,,IX 1812,DEL,Indira Gandhi International Airport,COK,Cochin International Airport,2026-09-13 11:15:00,2026-09-13 14:25:00,190,Airbus A321,Economy,28 in,f,"['"Below average legroom (28 in)'", '"Carbon emissions estimate: 183 kg'"]",2026-09-12 18:36:41.149477
278,220,IndiGo,,6E 5106,BOM,Chhatrapati Shivaji Maharaj International Airport Mumbai,GOI,Goa Dabolim International Airport,2026-09-12 22:10:00,2026-09-12 23:30:00,80,Airbus A320neo,Economy,28 in,f,"['"Below average legroom (28 in)'", '"Carbon emissions estimate: 49 kg'"]",2026-09-12 18:36:51.090024
279,221,Air India,,AI 1882,BOM,Chhatrapati Shivaji Maharaj International Airport Mumbai,DEL,Indira Gandhi International Airport,2026-09-12 23:55:00,2026-09-13 02:15:00,140,Airbus A320neo,Economy,28 in,f,"['"Below average legroom (28 in)'", '"In-seat USB outlet'", '"Stream media to your device'", '"Carbon emissions estimate: 105 kg'"]",2026-09-12 18:36:51.092266
280,221,Air India Express,,IX 1108,DEL,Indira Gandhi International Airport,GOI,Goa Dabolim International Airport,2026-09-13 05:00:00,2026-09-13 07:25:00,145,Airbus A321,Economy,28 in,f,"['"Below average legroom (28 in)'", '"Carbon emissions estimate: 145 kg'"]",2026-09-12 18:36:51.092266
281,222,Air India,,AI 1882,BOM,Chhatrapati Shivaji Maharaj International Airport Mumbai,DEL,Indira Gandhi International Airport,2026-09-12 23:55:00,2026-09-13 02:15:00,140,Airbus A320neo,Economy,28 in,f,"['"Below average legroom (28 in)'", '"In-seat USB outlet'", '"Stream media to your device'", '"Carbon emissions estimate: 105 kg'"]",2026-09-12 18:36:51.095698
282,222,Air India,,AI 487,DEL,Indira Gandhi International Airport,GOI,Goa Dabolim International Airport,2026-09-13 16:00:00,2026-09-13 18:30:00,150,Airbus A320neo,Economy,28 in,t,"['"Below average legroom (28 in)'", '"In-seat USB outlet'", '"Stream media to your device'", '"Carbon emissions estimate: 130 kg'"]",2026-09-12 18:36:51.095698
283,223,Air India,,AI 1882,BOM,Chhatrapati Shivaji Maharaj International Airport Mumbai,DEL,Indira Gandhi International Airport,2026-09-12 23:55:00,2026-09-13 02:15:00,140,Airbus A320neo,Economy,28 in,f,"['"Below average legroom (28 in)'", '"In-seat USB outlet'", '"Stream media to your device'", '"Carbon emissions estimate: 105 kg'"]",2026-09-12 18:36:51.09881
284,223,Air India,,AI 2627,DEL,Indira Gandhi International Airport,GOI,Goa Dabolim International Airport,2026-09-13 10:45:00,2026-09-13 13:30:00,165,Airbus A320neo,Economy,28 in,f,"['"Below average legroom (28 in)'", '"In-seat USB outlet'", '"Stream media to your device'", '"Carbon emissions estimate: 130 kg'"]",2026-09-12 18:36:51.09881
285,224,Air India Express,,IX 2983,HYD,Rajiv Gandhi International Airport,BLR,Kempegowda International Airport Bengaluru,2026-09-12 19:20:00,2026-09-12 20:45:00,85,Boeing 737MAX 8 Passenger,Economy,29 in,f,"['"Below average legroom (29 in)'", '"In-seat USB outlet'", '"Carbon emissions estimate: 58 kg'"]",2026-09-12 18:36:55.044556
286,225,Air India Express,,IX 1378,HYD,Rajiv Gandhi International Airport,BLR,Kempegowda International Airport Bengaluru,2026-09-12 20:20:00,2026-09-12 21:40:00,80,Airbus A320neo,Economy,28 in,f,"['"Below average legroom (28 in)'", '"In-seat USB outlet'", '"Carbon emissions estimate: 58 kg'"]",2026-09-12 18:36:55.047119
287,226,IndiGo,,6E 285,HYD,Rajiv Gandhi International Airport,BLR,Kempegowda International Airport Bengaluru,2026-09-12 20:00:00,2026-09-12 21:20:00,80,Airbus A320neo,Economy,28 in,f,"['"Below average legroom (28 in)'", '"Carbon emissions estimate: 52 kg'"]",2026-09-12 18:36:55.051166
288,227,IndiGo,,6E 6505,HYD,Rajiv Gandhi International Airport,BLR,Kempegowda International Airport Bengaluru,2026-09-12 21:25:00,2026-09-12 22:45:00,80,Airbus A321neo,Economy,28 in,f,"['"Below average legroom (28 in)'", '"Carbon emissions estimate: 48 kg'"]",2026-09-12 18:36:55.053766
289,228,IndiGo,,6E 6025,HYD,Rajiv Gandhi International Airport,DEL,Indira Gandhi International Airport,2026-09-12 23:50:00,2026-09-13 02:05:00,135,Airbus A321neo,Economy,28 in,f,"['"Below average legroom (28 in)'", '"Carbon emissions estimate: 97 kg'"]",2026-09-12 18:36:58.138929
290,229,Air India,,AI 2776,HYD,Rajiv Gandhi International Airport,DEL,Indira Gandhi International Airport,2026-09-12 23:30:00,2026-09-13 02:00:00,150,Airbus A320neo,Economy,28 in,f,"['"Below average legroom (28 in)'", '"In-seat USB outlet'", '"Stream media to your device'", '"Carbon emissions estimate: 113 kg'"]",2026-09-12 18:36:58.141595
291,230,Air India,,AI 1880,HYD,Rajiv Gandhi International Airport,DEL,Indira Gandhi International Airport,2026-09-12 22:30:00,2026-09-13 01:00:00,150,Airbus A320neo,Economy,28 in,f,"['"Below average legroom (28 in)'", '"In-seat USB outlet'", '"Stream media to your device'", '"Carbon emissions estimate: 113 kg'"]",2026-09-12 18:36:58.144292
292,231,IndiGo,,6E 890,HYD,Rajiv Gandhi International Airport,DEL,Indira Gandhi International Airport,2026-09-12 21:00:00,2026-09-12 23:25:00,145,Airbus A321neo,Economy,28 in,f,"['"Below average legroom (28 in)'", '"Carbon emissions estimate: 97 kg'"]",2026-09-12 18:36:58.146776
293,232,Air India,,AI 2870,HYD,Rajiv Gandhi International Airport,DEL,Indira Gandhi International Airport,2026-09-12 21:30:00,2026-09-12 23:55:00,145,Airbus A320neo,Economy,28 in,f,"['"Below average legroom (28 in)'", '"In-seat USB outlet'", '"Stream media to your device'", '"Carbon emissions estimate: 113 kg'"]",2026-09-12 18:36:58.149596
294,233,Air India,,AI 2520,HYD,Rajiv Gandhi International Airport,DEL,Indira Gandhi International Airport,2026-09-12 19:25:00,2026-09-12 21:50:00,145,Airbus A350,Economy,31 in,f,"['"Average legroom (31 in)'", '"Wi-Fi for a fee'", '"In-seat power & USB outlets'", '"On-demand video'", '"Carbon emissions estimate: 110 kg'"]",2026-09-12 18:36:58.151946
295,234,IndiGo,,6E 216,HYD,Rajiv Gandhi International Airport,AMD,Sardar Vallabhbhai Patel International Airport,2026-09-12 21:15:00,2026-09-12 23:00:00,105,Airbus A320neo,Economy,28 in,f,"['"Below average legroom (28 in)'", '"Carbon emissions estimate: 79 kg'"]",2026-09-12 18:37:06.507839
1794,1419,Star Air,,S5 174,PNQ,Pune International Airport,HYD,Rajiv Gandhi International Airport,2026-09-13 20:35:00,2026-09-13 21:45:00,70,Embraer 175,Economy,,f,"['"Carbon emissions estimate: 92 kg'"]",2026-09-12 18:53:11.557174
297,235,IndiGo,,6E 6363,HYD,Rajiv Gandhi International Airport,BOM,Chhatrapati Shivaji Maharaj International Airport Mumbai,2026-09-12 23:30:00,2026-09-13 01:00:00,90,Airbus A321neo,Economy,28 in,f,"['"Below average legroom (28 in)'", '"Carbon emissions estimate: 60 kg'"]",2026-09-12 18:37:06.510881
298,236,Air India,,AI 2699,HYD,Rajiv Gandhi International Airport,BOM,Chhatrapati Shivaji Maharaj International Airport Mumbai,2026-09-12 22:20:00,2026-09-13 00:15:00,115,Airbus A320neo,Economy,28 in,f,"['"Below average legroom (28 in)'", '"In-seat USB outlet'", '"Stream media to your device'", '"Carbon emissions estimate: 71 kg'"]",2026-09-12 18:37:06.513827
299,237,Air India,,AI 2876,HYD,Rajiv Gandhi International Airport,BOM,Chhatrapati Shivaji Maharaj International Airport Mumbai,2026-09-12 20:35:00,2026-09-12 22:30:00,115,Airbus A320neo,Economy,28 in,f,"['"Below average legroom (28 in)'", '"In-seat USB outlet'", '"Stream media to your device'", '"Carbon emissions estimate: 71 kg'"]",2026-09-12 18:37:06.516487
300,238,IndiGo,,6E 6505,HYD,Rajiv Gandhi International Airport,BLR,Kempegowda International Airport Bengaluru,2026-09-12 21:25:00,2026-09-12 22:45:00,80,Airbus A321neo,Business Class,,f,"['"Carbon emissions estimate: 72 kg'"]",2026-09-12 18:37:06.518973
301,238,IndiGo,,6E 5293,BLR,Kempegowda International Airport Bengaluru,BOM,Chhatrapati Shivaji Maharaj International Airport Mumbai,2026-09-13 01:00:00,2026-09-13 02:50:00,110,Airbus A321neo,Business Class,,f,"['"Standard recliner seat'", '"In-seat power & USB outlets'", '"Carbon emissions estimate: 106 kg'"]",2026-09-12 18:37:06.518973
302,239,IndiGo,,6E 6174,HYD,Rajiv Gandhi International Airport,MAA,Chennai International Airport,2026-09-12 20:40:00,2026-09-12 22:05:00,85,Airbus A321neo,Economy,28 in,f,"['"Below average legroom (28 in)'", '"Carbon emissions estimate: 51 kg'"]",2026-09-12 18:37:20.147093
303,240,Air India,,AI 2776,HYD,Rajiv Gandhi International Airport,DEL,Indira Gandhi International Airport,2026-09-12 23:30:00,2026-09-13 02:00:00,150,Airbus A320neo,Economy,28 in,f,"['"Below average legroom (28 in)'", '"In-seat USB outlet'", '"Stream media to your device'", '"Carbon emissions estimate: 113 kg'"]",2026-09-12 18:37:20.153223
304,240,Air India,,AI 2943,DEL,Indira Gandhi International Airport,BOM,Chhatrapati Shivaji Maharaj International Airport Mumbai,2026-09-13 07:30:00,2026-09-13 09:55:00,145,Airbus A350,Economy,31 in,f,"['"Average legroom (31 in)'", '"Wi-Fi for a fee'", '"In-seat power & USB outlets'", '"On-demand video'", '"Carbon emissions estimate: 100 kg'"]",2026-09-12 18:37:20.153223
305,240,Air India,,AI 2780,BOM,Chhatrapati Shivaji Maharaj International Airport Mumbai,MAA,Chennai International Airport,2026-09-13 14:00:00,2026-09-13 16:10:00,130,Airbus A320neo,Economy,28 in,f,"['"Below average legroom (28 in)'", '"In-seat USB outlet'", '"Stream media to your device'", '"Carbon emissions estimate: 96 kg'"]",2026-09-12 18:37:20.153223
306,241,IndiGo,,6E 944,HYD,Rajiv Gandhi International Airport,CCU,Netaji Subhash Chandra Bose International Airport,2026-09-12 21:15:00,2026-09-12 23:25:00,130,Airbus A321neo,Economy,28 in,f,"['"Below average legroom (28 in)'", '"Carbon emissions estimate: 92 kg'"]",2026-09-12 18:37:24.42386
307,242,Air India,,AI 1880,HYD,Rajiv Gandhi International Airport,DEL,Indira Gandhi International Airport,2026-09-12 22:30:00,2026-09-13 01:00:00,150,Airbus A320neo,Economy,28 in,f,"['"Below average legroom (28 in)'", '"In-seat USB outlet'", '"Stream media to your device'", '"Carbon emissions estimate: 113 kg'"]",2026-09-12 18:37:24.426255
308,242,Air India,,AI 2702,DEL,Indira Gandhi International Airport,CCU,Netaji Subhash Chandra Bose International Airport,2026-09-13 02:30:00,2026-09-13 04:50:00,140,Airbus A320neo,Economy,28 in,f,"['"Below average legroom (28 in)'", '"In-seat USB outlet'", '"Stream media to your device'", '"Carbon emissions estimate: 114 kg'"]",2026-09-12 18:37:24.426255
309,243,IndiGo,,6E 426,HYD,Rajiv Gandhi International Airport,PNQ,Pune International Airport,2026-09-12 20:20:00,2026-09-12 21:30:00,70,Airbus A321neo,Economy,28 in,f,"['"Below average legroom (28 in)'", '"Carbon emissions estimate: 48 kg'"]",2026-09-12 18:37:38.10402
310,244,Air India,,AI 2776,HYD,Rajiv Gandhi International Airport,DEL,Indira Gandhi International Airport,2026-09-12 23:30:00,2026-09-13 02:00:00,150,Airbus A320neo,Economy,28 in,f,"['"Below average legroom (28 in)'", '"In-seat USB outlet'", '"Stream media to your device'", '"Carbon emissions estimate: 113 kg'"]",2026-09-12 18:37:38.107013
311,244,Air India,,AI 2469,DEL,Indira Gandhi International Airport,PNQ,Pune International Airport,2026-09-13 04:45:00,2026-09-13 06:55:00,130,Airbus A321,Economy,29 in,f,"['"Below average legroom (29 in)'", '"Wi-Fi for a fee'", '"In-seat power & USB outlets'", '"On-demand video'", '"Carbon emissions estimate: 133 kg'"]",2026-09-12 18:37:38.107013
312,245,IndiGo,,6E 216,HYD,Rajiv Gandhi International Airport,AMD,Sardar Vallabhbhai Patel International Airport,2026-09-12 21:15:00,2026-09-12 23:00:00,105,Airbus A320neo,Economy,28 in,f,"['"Below average legroom (28 in)'", '"Carbon emissions estimate: 79 kg'"]",2026-09-12 18:37:41.324042
313,246,IndiGo,,6E 6363,HYD,Rajiv Gandhi International Airport,BOM,Chhatrapati Shivaji Maharaj International Airport Mumbai,2026-09-12 23:30:00,2026-09-13 01:00:00,90,Airbus A321neo,Business Class,,f,"['"Standard recliner seat'", '"In-seat power & USB outlets'", '"Carbon emissions estimate: 90 kg'"]",2026-09-12 18:37:41.326692
314,246,IndiGo,,6E 2347,BOM,Chhatrapati Shivaji Maharaj International Airport Mumbai,AMD,Sardar Vallabhbhai Patel International Airport,2026-09-13 08:50:00,2026-09-13 10:15:00,85,Airbus A321neo,Business Class,,f,"['"Carbon emissions estimate: 70 kg'"]",2026-09-12 18:37:41.326692
315,247,IndiGo,,6E 6363,HYD,Rajiv Gandhi International Airport,BOM,Chhatrapati Shivaji Maharaj International Airport Mumbai,2026-09-12 23:30:00,2026-09-13 01:00:00,90,Airbus A321neo,Business Class,,f,"['"Standard recliner seat'", '"In-seat power & USB outlets'", '"Carbon emissions estimate: 90 kg'"]",2026-09-12 18:37:41.329875
316,247,IndiGo,,6E 5144,BOM,Chhatrapati Shivaji Maharaj International Airport Mumbai,AMD,Sardar Vallabhbhai Patel International Airport,2026-09-13 06:10:00,2026-09-13 07:25:00,75,Airbus A320,Business Class,,f,"['"Carbon emissions estimate: 89 kg'"]",2026-09-12 18:37:41.329875
317,248,IndiGo,,6E 6363,HYD,Rajiv Gandhi International Airport,BOM,Chhatrapati Shivaji Maharaj International Airport Mumbai,2026-09-12 23:30:00,2026-09-13 01:00:00,90,Airbus A321neo,Business Class,,f,"['"Standard recliner seat'", '"In-seat power & USB outlets'", '"Carbon emissions estimate: 90 kg'"]",2026-09-12 18:37:41.333268
318,248,IndiGo,,6E 632,BOM,Chhatrapati Shivaji Maharaj International Airport Mumbai,AMD,Sardar Vallabhbhai Patel International Airport,2026-09-13 04:00:00,2026-09-13 05:20:00,80,Airbus A320neo,Business Class,,f,"['"Carbon emissions estimate: 77 kg'"]",2026-09-12 18:37:41.333268
319,249,Air India,,AI 2776,HYD,Rajiv Gandhi International Airport,DEL,Indira Gandhi International Airport,2026-09-12 23:30:00,2026-09-13 02:00:00,150,Airbus A320neo,Economy,28 in,f,"['"Below average legroom (28 in)'", '"In-seat USB outlet'", '"Stream media to your device'", '"Carbon emissions estimate: 113 kg'"]",2026-09-12 18:37:41.336883
320,249,Air India,,AI 817,DEL,Indira Gandhi International Airport,AMD,Sardar Vallabhbhai Patel International Airport,2026-09-13 05:55:00,2026-09-13 07:35:00,100,Airbus A321,Economy,31 in,f,"['"Average legroom (31 in)'", '"Stream media to your device'", '"Carbon emissions estimate: 100 kg'"]",2026-09-12 18:37:41.336883
321,250,Air India Express,,IX 1378,HYD,Rajiv Gandhi International Airport,BLR,Kempegowda International Airport Bengaluru,2026-09-12 20:20:00,2026-09-12 21:40:00,80,Airbus A320,Economy,28 in,f,"['"Below average legroom (28 in)'", '"In-seat USB outlet'", '"Carbon emissions estimate: 58 kg'"]",2026-09-12 18:37:52.733313
322,250,Air India Express,,IX 2678,BLR,Kempegowda International Airport Bengaluru,COK,Cochin International Airport,2026-09-13 05:30:00,2026-09-13 06:40:00,70,Boeing 737,Economy,30 in,f,"['"Average legroom (30 in)'", '"In-seat USB outlet'", '"Carbon emissions estimate: 53 kg'"]",2026-09-12 18:37:52.733313
323,251,Air India,,AI 2776,HYD,Rajiv Gandhi International Airport,DEL,Indira Gandhi International Airport,2026-09-12 23:30:00,2026-09-13 02:00:00,150,Airbus A320neo,Economy,28 in,f,"['"Below average legroom (28 in)'", '"In-seat USB outlet'", '"Stream media to your device'", '"Carbon emissions estimate: 113 kg'"]",2026-09-12 18:37:52.736826
324,251,Air India,,AI 2458,DEL,Indira Gandhi International Airport,COK,Cochin International Airport,2026-09-13 11:55:00,2026-09-13 15:20:00,205,Airbus A320neo,Economy,28 in,f,"['"Below average legroom (28 in)'", '"In-seat USB outlet'", '"Stream media to your device'", '"Carbon emissions estimate: 164 kg'"]",2026-09-12 18:37:52.736826
325,252,Air India,,AI 2776,HYD,Rajiv Gandhi International Airport,DEL,Indira Gandhi International Airport,2026-09-12 23:30:00,2026-09-13 02:00:00,150,Airbus A320neo,Economy,28 in,f,"['"Below average legroom (28 in)'", '"In-seat USB outlet'", '"Stream media to your device'", '"Carbon emissions estimate: 113 kg'"]",2026-09-12 18:37:52.739848
326,252,Air India Express,,IX 1812,DEL,Indira Gandhi International Airport,COK,Cochin International Airport,2026-09-13 11:15:00,2026-09-13 14:25:00,190,Airbus A321,Economy,28 in,f,"['"Below average legroom (28 in)'", '"Carbon emissions estimate: 183 kg'"]",2026-09-12 18:37:52.739848
327,253,Air India,,AI 2776,HYD,Rajiv Gandhi International Airport,DEL,Indira Gandhi International Airport,2026-09-12 23:30:00,2026-09-13 02:00:00,150,Airbus A320neo,Economy,28 in,f,"['"Below average legroom (28 in)'", '"In-seat USB outlet'", '"Stream media to your device'", '"Carbon emissions estimate: 113 kg'"]",2026-09-12 18:37:52.742962
328,253,Air India,,AI 2473,DEL,Indira Gandhi International Airport,COK,Cochin International Airport,2026-09-13 15:25:00,2026-09-13 18:40:00,195,Airbus A320neo,Economy,28 in,f,"['"Below average legroom (28 in)'", '"In-seat USB outlet'", '"Stream media to your device'", '"Carbon emissions estimate: 164 kg'"]",2026-09-12 18:37:52.742962
329,254,Air India,,AI 2776,HYD,Rajiv Gandhi International Airport,DEL,Indira Gandhi International Airport,2026-09-12 23:30:00,2026-09-13 02:00:00,150,Airbus A320neo,Economy,28 in,f,"['"Below average legroom (28 in)'", '"In-seat USB outlet'", '"Stream media to your device'", '"Carbon emissions estimate: 113 kg'"]",2026-09-12 18:37:52.746651
330,254,Air India,,AI 2883,DEL,Indira Gandhi International Airport,COK,Cochin International Airport,2026-09-13 22:10:00,2026-09-14 01:20:00,190,Airbus A320neo,Economy,28 in,f,"['"Below average legroom (28 in)'", '"In-seat USB outlet'", '"Stream media to your device'", '"Carbon emissions estimate: 164 kg'"]",2026-09-12 18:37:52.746651
331,255,Air India,,AI 2776,HYD,Rajiv Gandhi International Airport,DEL,Indira Gandhi International Airport,2026-09-12 23:30:00,2026-09-13 02:00:00,150,Airbus A320neo,Economy,28 in,f,"['"Below average legroom (28 in)'", '"In-seat USB outlet'", '"Stream media to your device'", '"Carbon emissions estimate: 113 kg'"]",2026-09-12 18:37:52.75076
332,255,Air India Express,,IX 1815,DEL,Indira Gandhi International Airport,COK,Cochin International Airport,2026-09-13 19:20:00,2026-09-13 22:30:00,190,Airbus A321,Economy,28 in,t,"['"Below average legroom (28 in)'", '"Carbon emissions estimate: 183 kg'"]",2026-09-12 18:37:52.75076
333,256,Air India,,AI 2699,HYD,Rajiv Gandhi International Airport,BOM,Chhatrapati Shivaji Maharaj International Airport Mumbai,2026-09-12 22:20:00,2026-09-13 00:15:00,115,Airbus A320neo,Economy,28 in,f,"['"Below average legroom (28 in)'", '"In-seat USB outlet'", '"Stream media to your device'", '"Carbon emissions estimate: 71 kg'"]",2026-09-12 18:37:52.754185
334,256,Air India,,AI 2787,BOM,Chhatrapati Shivaji Maharaj International Airport Mumbai,COK,Cochin International Airport,2026-09-13 06:35:00,2026-09-13 08:35:00,120,Airbus A320neo,Economy,28 in,f,"['"Below average legroom (28 in)'", '"In-seat USB outlet'", '"Stream media to your device'", '"Carbon emissions estimate: 96 kg'"]",2026-09-12 18:37:52.754185
335,257,Air India,,AI 2699,HYD,Rajiv Gandhi International Airport,BOM,Chhatrapati Shivaji Maharaj International Airport Mumbai,2026-09-12 22:20:00,2026-09-13 00:15:00,115,Airbus A320neo,Economy,28 in,f,"['"Below average legroom (28 in)'", '"In-seat USB outlet'", '"Stream media to your device'", '"Carbon emissions estimate: 71 kg'"]",2026-09-12 18:37:52.757404
336,257,Air India Express,,IX 1797,BOM,Chhatrapati Shivaji Maharaj International Airport Mumbai,COK,Cochin International Airport,2026-09-13 05:05:00,2026-09-13 07:05:00,120,Airbus A320,Economy,28 in,f,"['"Below average legroom (28 in)'", '"Carbon emissions estimate: 111 kg'"]",2026-09-12 18:37:52.757404
337,258,IndiGo,,6E 6505,HYD,Rajiv Gandhi International Airport,BLR,Kempegowda International Airport Bengaluru,2026-09-12 21:25:00,2026-09-12 22:45:00,80,Airbus A321neo,Economy,28 in,f,"['"Below average legroom (28 in)'", '"Carbon emissions estimate: 48 kg'"]",2026-09-12 18:37:57.314252
338,258,IndiGo,,6E 194,BLR,Kempegowda International Airport Bengaluru,GOI,Goa Dabolim International Airport,2026-09-13 06:05:00,2026-09-13 07:20:00,75,Airbus A321neo,Economy,28 in,f,"['"Below average legroom (28 in)'", '"Carbon emissions estimate: 48 kg'"]",2026-09-12 18:37:57.314252
339,259,IndiGo,,6E 6487,MAA,Chennai International Airport,HYD,Rajiv Gandhi International Airport,2026-09-12 21:25:00,2026-09-12 22:40:00,75,Airbus A321neo,Economy,28 in,f,"['"Below average legroom (28 in)'", '"Carbon emissions estimate: 50 kg'"]",2026-09-12 18:38:10.655636
340,259,IndiGo,,6E 413,HYD,Rajiv Gandhi International Airport,BLR,Kempegowda International Airport Bengaluru,2026-09-13 06:25:00,2026-09-13 07:40:00,75,Airbus A321neo,Economy,28 in,f,"['"Below average legroom (28 in)'", '"Carbon emissions estimate: 48 kg'"]",2026-09-12 18:38:10.655636
341,260,IndiGo,,6E 796,MAA,Chennai International Airport,BLR,Kempegowda International Airport Bengaluru,2026-09-12 22:00:00,2026-09-12 23:00:00,60,Airbus A320neo,Economy,28 in,f,"['"Below average legroom (28 in)'", '"Carbon emissions estimate: 40 kg'"]",2026-09-12 18:38:10.658851
342,261,Air India,,AI 436,MAA,Chennai International Airport,BOM,Chhatrapati Shivaji Maharaj International Airport Mumbai,2026-09-12 21:10:00,2026-09-12 23:30:00,140,Airbus A320neo,Economy,28 in,f,"['"Below average legroom (28 in)'", '"In-seat USB outlet'", '"Stream media to your device'", '"Carbon emissions estimate: 95 kg'"]",2026-09-12 18:38:10.661331
343,261,Air India,,AI 2857,BOM,Chhatrapati Shivaji Maharaj International Airport Mumbai,BLR,Kempegowda International Airport Bengaluru,2026-09-13 23:30:00,2026-09-14 01:35:00,125,Airbus A320neo,Economy,28 in,f,"['"Below average legroom (28 in)'", '"In-seat USB outlet'", '"Stream media to your device'", '"Carbon emissions estimate: 83 kg'"]",2026-09-12 18:38:10.661331
344,262,Air India Express,,IX 2661,MAA,Chennai International Airport,PNQ,Pune International Airport,2026-09-12 22:05:00,2026-09-12 23:45:00,100,Boeing 737,Economy,30 in,f,"['"Average legroom (30 in)'", '"In-seat USB outlet'", '"Carbon emissions estimate: 88 kg'"]",2026-09-12 18:38:10.664186
345,262,Air India Express,,IX 2706,PNQ,Pune International Airport,BLR,Kempegowda International Airport Bengaluru,2026-09-13 05:40:00,2026-09-13 07:25:00,105,Airbus A320,Economy,28 in,f,"['"Below average legroom (28 in)'", '"In-seat USB outlet'", '"Carbon emissions estimate: 72 kg'"]",2026-09-12 18:38:10.664186
346,263,Air India,,AI 436,MAA,Chennai International Airport,BOM,Chhatrapati Shivaji Maharaj International Airport Mumbai,2026-09-12 21:10:00,2026-09-12 23:30:00,140,Airbus A320neo,Economy,28 in,f,"['"Below average legroom (28 in)'", '"In-seat USB outlet'", '"Stream media to your device'", '"Carbon emissions estimate: 95 kg'"]",2026-09-12 18:38:10.667067
347,263,Air India,,AI 2812,BOM,Chhatrapati Shivaji Maharaj International Airport Mumbai,BLR,Kempegowda International Airport Bengaluru,2026-09-13 02:05:00,2026-09-13 04:10:00,125,Airbus A320neo,Economy,28 in,f,"['"Below average legroom (28 in)'", '"In-seat USB outlet'", '"Stream media to your device'", '"Carbon emissions estimate: 83 kg'"]",2026-09-12 18:38:10.667067
348,264,Air India Express,,IX 2662,MAA,Chennai International Airport,BLR,Kempegowda International Airport Bengaluru,2026-09-12 21:25:00,2026-09-12 22:35:00,70,Airbus A320neo,Economy,28 in,f,"['"Below average legroom (28 in)'", '"In-seat USB outlet'", '"Carbon emissions estimate: 43 kg'"]",2026-09-12 18:38:10.669223
349,265,IndiGo,,6E 561,MAA,Chennai International Airport,PNQ,Pune International Airport,2026-09-12 22:20:00,2026-09-13 00:05:00,105,Airbus A321neo,Economy,28 in,f,"['"Below average legroom (28 in)'", '"Carbon emissions estimate: 72 kg'"]",2026-09-12 18:38:15.632484
350,265,IndiGo,,6E 2418,PNQ,Pune International Airport,DEL,Indira Gandhi International Airport,2026-09-13 01:45:00,2026-09-13 04:00:00,135,Airbus A321neo,Economy,28 in,f,"['"Below average legroom (28 in)'", '"Carbon emissions estimate: 96 kg'"]",2026-09-12 18:38:15.632484
351,266,IndiGo,,6E 2369,MAA,Chennai International Airport,DEL,Indira Gandhi International Airport,2026-09-12 23:45:00,2026-09-13 02:40:00,175,Airbus A321neo,Economy,28 in,f,"['"Below average legroom (28 in)'", '"Carbon emissions estimate: 125 kg'"]",2026-09-12 18:38:15.635672
352,267,Air India,,AI 2838,MAA,Chennai International Airport,DEL,Indira Gandhi International Airport,2026-09-12 21:40:00,2026-09-13 00:40:00,180,Airbus A320neo,Economy,28 in,f,"['"Below average legroom (28 in)'", '"In-seat USB outlet'", '"Stream media to your device'", '"Carbon emissions estimate: 145 kg'"]",2026-09-12 18:38:15.638209
353,268,Air India,,AI 538,MAA,Chennai International Airport,DEL,Indira Gandhi International Airport,2026-09-12 20:10:00,2026-09-12 23:00:00,170,Boeing 777,Economy,33 in,f,"['"Above average legroom (33 in)'", '"In-seat power & USB outlets'", '"Stream media to your device'", '"Carbon emissions estimate: 168 kg'"]",2026-09-12 18:38:15.640723
354,269,IndiGo,,6E 6487,MAA,Chennai International Airport,HYD,Rajiv Gandhi International Airport,2026-09-12 21:25:00,2026-09-12 22:40:00,75,Airbus A321neo,Business Class,,f,"['"Carbon emissions estimate: 75 kg'"]",2026-09-12 18:38:15.64328
355,269,IndiGo,,6E 6025,HYD,Rajiv Gandhi International Airport,DEL,Indira Gandhi International Airport,2026-09-12 23:50:00,2026-09-13 02:05:00,135,Airbus A321neo,Business Class,,f,"['"Standard recliner seat'", '"In-seat power & USB outlets'", '"Carbon emissions estimate: 146 kg'"]",2026-09-12 18:38:15.64328
356,270,IndiGo,,6E 6225,MAA,Chennai International Airport,BOM,Chhatrapati Shivaji Maharaj International Airport Mumbai,2026-09-12 22:30:00,2026-09-13 00:30:00,120,Airbus A321neo,Economy,28 in,f,"['"Below average legroom (28 in)'", '"Carbon emissions estimate: 82 kg'"]",2026-09-12 18:38:20.039278
357,271,Air India,,AI 436,MAA,Chennai International Airport,BOM,Chhatrapati Shivaji Maharaj International Airport Mumbai,2026-09-12 21:10:00,2026-09-12 23:30:00,140,Airbus A320neo,Economy,28 in,f,"['"Below average legroom (28 in)'", '"In-seat USB outlet'", '"Stream media to your device'", '"Carbon emissions estimate: 95 kg'"]",2026-09-12 18:38:20.04214
358,272,IndiGo,,6E 561,MAA,Chennai International Airport,PNQ,Pune International Airport,2026-09-12 22:20:00,2026-09-13 00:05:00,105,Airbus A321neo,Economy,28 in,f,"['"Below average legroom (28 in)'", '"Carbon emissions estimate: 72 kg'"]",2026-09-12 18:38:33.450529
359,272,IndiGo,,6E 336,PNQ,Pune International Airport,HYD,Rajiv Gandhi International Airport,2026-09-13 01:50:00,2026-09-13 03:10:00,80,Airbus A321neo,Economy,28 in,f,"['"Below average legroom (28 in)'", '"Carbon emissions estimate: 50 kg'"]",2026-09-12 18:38:33.450529
360,273,IndiGo,,6E 193,MAA,Chennai International Airport,HYD,Rajiv Gandhi International Airport,2026-09-12 20:00:00,2026-09-12 21:25:00,85,Airbus A321neo,Economy,28 in,f,"['"Below average legroom (28 in)'", '"Carbon emissions estimate: 50 kg'"]",2026-09-12 18:38:33.453889
361,274,IndiGo,,6E 6487,MAA,Chennai International Airport,HYD,Rajiv Gandhi International Airport,2026-09-12 21:25:00,2026-09-12 22:40:00,75,Airbus A321neo,Economy,28 in,f,"['"Below average legroom (28 in)'", '"Carbon emissions estimate: 50 kg'"]",2026-09-12 18:38:33.4564
362,275,Air India,,AI 436,MAA,Chennai International Airport,BOM,Chhatrapati Shivaji Maharaj International Airport Mumbai,2026-09-12 21:10:00,2026-09-12 23:30:00,140,Airbus A320neo,Economy,28 in,f,"['"Below average legroom (28 in)'", '"In-seat USB outlet'", '"Stream media to your device'", '"Carbon emissions estimate: 95 kg'"]",2026-09-12 18:38:33.458839
363,275,Air India,,AI 2869,BOM,Chhatrapati Shivaji Maharaj International Airport Mumbai,HYD,Rajiv Gandhi International Airport,2026-09-13 21:25:00,2026-09-13 23:05:00,100,Airbus A320neo,Economy,28 in,f,"['"Below average legroom (28 in)'", '"In-seat USB outlet'", '"Stream media to your device'", '"Carbon emissions estimate: 70 kg'"]",2026-09-12 18:38:33.458839
364,276,Air India,,AI 2838,MAA,Chennai International Airport,DEL,Indira Gandhi International Airport,2026-09-12 21:40:00,2026-09-13 00:40:00,180,Airbus A320neo,Economy,28 in,f,"['"Below average legroom (28 in)'", '"In-seat USB outlet'", '"Stream media to your device'", '"Carbon emissions estimate: 145 kg'"]",2026-09-12 18:38:33.46254
365,276,Air India,,AI 2577,DEL,Indira Gandhi International Airport,HYD,Rajiv Gandhi International Airport,2026-09-13 02:00:00,2026-09-13 04:20:00,140,Airbus A320neo,Economy,28 in,f,"['"Below average legroom (28 in)'", '"In-seat USB outlet'", '"Stream media to your device'", '"Carbon emissions estimate: 114 kg'"]",2026-09-12 18:38:33.46254
366,277,IndiGo,,6E 923,MAA,Chennai International Airport,CCU,Netaji Subhash Chandra Bose International Airport,2026-09-12 21:10:00,2026-09-12 23:30:00,140,Airbus A321neo,Economy,28 in,f,"['"Below average legroom (28 in)'", '"Carbon emissions estimate: 101 kg'"]",2026-09-12 18:38:37.993746
367,278,Air India Express,,IX 1577,MAA,Chennai International Airport,CCU,Netaji Subhash Chandra Bose International Airport,2026-09-12 19:40:00,2026-09-12 22:10:00,150,Airbus A320neo,Economy,28 in,f,"['"Below average legroom (28 in)'", '"In-seat USB outlet'", '"Carbon emissions estimate: 118 kg'"]",2026-09-12 18:38:37.997169
368,279,IndiGo,,6E 6225,MAA,Chennai International Airport,BOM,Chhatrapati Shivaji Maharaj International Airport Mumbai,2026-09-12 22:30:00,2026-09-13 00:30:00,120,Airbus A321neo,Business Class,,f,"['"Standard recliner seat'", '"In-seat power & USB outlets'", '"Carbon emissions estimate: 123 kg'"]",2026-09-12 18:38:37.999537
369,279,IndiGo,,6E 6367,BOM,Chhatrapati Shivaji Maharaj International Airport Mumbai,CCU,Netaji Subhash Chandra Bose International Airport,2026-09-13 05:30:00,2026-09-13 08:15:00,165,Airbus A321neo,Business Class,,f,"['"Standard recliner seat'", '"In-seat power & USB outlets'", '"Carbon emissions estimate: 180 kg'"]",2026-09-12 18:38:37.999537
370,280,IndiGo,,6E 796,MAA,Chennai International Airport,BLR,Kempegowda International Airport Bengaluru,2026-09-12 22:00:00,2026-09-12 23:00:00,60,Airbus A320neo,Economy,28 in,f,"['"Below average legroom (28 in)'", '"Carbon emissions estimate: 40 kg'"]",2026-09-12 18:38:45.761806
371,280,IndiGo,,6E 408,BLR,Kempegowda International Airport Bengaluru,PNQ,Pune International Airport,2026-09-13 04:30:00,2026-09-13 06:00:00,90,Airbus A321neo,Economy,28 in,f,"['"Below average legroom (28 in)'", '"Carbon emissions estimate: 61 kg'"]",2026-09-12 18:38:45.761806
372,281,IndiGo,,6E 796,MAA,Chennai International Airport,BLR,Kempegowda International Airport Bengaluru,2026-09-12 22:00:00,2026-09-12 23:00:00,60,Airbus A320neo,Economy,28 in,f,"['"Below average legroom (28 in)'", '"Carbon emissions estimate: 40 kg'"]",2026-09-12 18:38:45.766077
374,282,IndiGo,,6E 561,MAA,Chennai International Airport,PNQ,Pune International Airport,2026-09-12 22:20:00,2026-09-13 00:05:00,105,Airbus A321neo,Economy,28 in,f,"['"Below average legroom (28 in)'", '"Carbon emissions estimate: 72 kg'"]",2026-09-12 18:38:45.770136
375,283,Air India Express,,IX 2661,MAA,Chennai International Airport,PNQ,Pune International Airport,2026-09-12 22:05:00,2026-09-12 23:45:00,100,Boeing 737MAX 8 Passenger,Economy,30 in,f,"['"Average legroom (30 in)'", '"In-seat USB outlet'", '"Carbon emissions estimate: 88 kg'"]",2026-09-12 18:38:45.772781
376,284,IndiGo,,6E 561,MAA,Chennai International Airport,PNQ,Pune International Airport,2026-09-12 22:20:00,2026-09-13 00:05:00,105,Airbus A321neo,Economy,28 in,f,"['"Below average legroom (28 in)'", '"Carbon emissions estimate: 72 kg'"]",2026-09-12 18:38:53.74073
377,284,IndiGo,,6E 819,PNQ,Pune International Airport,AMD,Sardar Vallabhbhai Patel International Airport,2026-09-13 04:40:00,2026-09-13 06:10:00,90,Airbus A321neo,Economy,28 in,f,"['"Below average legroom (28 in)'", '"Carbon emissions estimate: 52 kg'"]",2026-09-12 18:38:53.74073
378,285,IndiGo,,6E 6225,MAA,Chennai International Airport,BOM,Chhatrapati Shivaji Maharaj International Airport Mumbai,2026-09-12 22:30:00,2026-09-13 00:30:00,120,Airbus A321neo,Business Class,,f,"['"Standard recliner seat'", '"In-seat power & USB outlets'", '"Carbon emissions estimate: 123 kg'"]",2026-09-12 18:38:53.74319
379,285,IndiGo,,6E 5144,BOM,Chhatrapati Shivaji Maharaj International Airport Mumbai,AMD,Sardar Vallabhbhai Patel International Airport,2026-09-13 06:10:00,2026-09-13 07:25:00,75,Airbus A320,Business Class,,f,"['"Carbon emissions estimate: 89 kg'"]",2026-09-12 18:38:53.74319
380,286,IndiGo,,6E 6225,MAA,Chennai International Airport,BOM,Chhatrapati Shivaji Maharaj International Airport Mumbai,2026-09-12 22:30:00,2026-09-13 00:30:00,120,Airbus A321neo,Business Class,,f,"['"Standard recliner seat'", '"In-seat power & USB outlets'", '"Carbon emissions estimate: 123 kg'"]",2026-09-12 18:38:53.745346
381,286,IndiGo,,6E 632,BOM,Chhatrapati Shivaji Maharaj International Airport Mumbai,AMD,Sardar Vallabhbhai Patel International Airport,2026-09-13 04:00:00,2026-09-13 05:20:00,80,Airbus A320neo,Business Class,,f,"['"Carbon emissions estimate: 77 kg'"]",2026-09-12 18:38:53.745346
382,287,IndiGo,,6E 6225,MAA,Chennai International Airport,BOM,Chhatrapati Shivaji Maharaj International Airport Mumbai,2026-09-12 22:30:00,2026-09-13 00:30:00,120,Airbus A321neo,Business Class,,f,"['"Standard recliner seat'", '"In-seat power & USB outlets'", '"Carbon emissions estimate: 123 kg'"]",2026-09-12 18:38:53.747947
383,287,IndiGo,,6E 911,BOM,Chhatrapati Shivaji Maharaj International Airport Mumbai,AMD,Sardar Vallabhbhai Patel International Airport,2026-09-13 01:30:00,2026-09-13 02:50:00,80,Airbus A320neo,Business Class,,f,"['"Carbon emissions estimate: 77 kg'"]",2026-09-12 18:38:53.747947
384,288,Air India,,AI 436,MAA,Chennai International Airport,BOM,Chhatrapati Shivaji Maharaj International Airport Mumbai,2026-09-12 21:10:00,2026-09-12 23:30:00,140,Airbus A320neo,Economy,28 in,f,"['"Below average legroom (28 in)'", '"In-seat USB outlet'", '"Stream media to your device'", '"Carbon emissions estimate: 95 kg'"]",2026-09-12 18:38:53.750384
385,288,Air India,,AI 2847,BOM,Chhatrapati Shivaji Maharaj International Airport Mumbai,AMD,Sardar Vallabhbhai Patel International Airport,2026-09-13 09:55:00,2026-09-13 11:25:00,90,Airbus A320neo,Economy,28 in,f,"['"Below average legroom (28 in)'", '"In-seat USB outlet'", '"Stream media to your device'", '"Carbon emissions estimate: 57 kg'"]",2026-09-12 18:38:53.750384
386,289,Air India,,AI 2838,MAA,Chennai International Airport,DEL,Indira Gandhi International Airport,2026-09-12 21:40:00,2026-09-13 00:40:00,180,Airbus A320neo,Economy,28 in,f,"['"Below average legroom (28 in)'", '"In-seat USB outlet'", '"Stream media to your device'", '"Carbon emissions estimate: 145 kg'"]",2026-09-12 18:38:53.754714
387,289,Air India,,AI 817,DEL,Indira Gandhi International Airport,AMD,Sardar Vallabhbhai Patel International Airport,2026-09-13 05:55:00,2026-09-13 07:35:00,100,Airbus A321,Economy,31 in,f,"['"Average legroom (31 in)'", '"Stream media to your device'", '"Carbon emissions estimate: 100 kg'"]",2026-09-12 18:38:53.754714
388,290,IndiGo,,6E 156,MAA,Chennai International Airport,COK,Cochin International Airport,2026-09-12 21:40:00,2026-09-12 22:55:00,75,Airbus A320neo,Economy,28 in,f,"['"Below average legroom (28 in)'", '"Carbon emissions estimate: 55 kg'"]",2026-09-12 18:38:59.159018
389,291,Air India,,AI 436,MAA,Chennai International Airport,BOM,Chhatrapati Shivaji Maharaj International Airport Mumbai,2026-09-12 21:10:00,2026-09-12 23:30:00,140,Airbus A320neo,Economy,28 in,f,"['"Below average legroom (28 in)'", '"In-seat USB outlet'", '"Stream media to your device'", '"Carbon emissions estimate: 95 kg'"]",2026-09-12 18:38:59.162364
390,291,Air India Express,,IX 1797,BOM,Chhatrapati Shivaji Maharaj International Airport Mumbai,COK,Cochin International Airport,2026-09-13 05:05:00,2026-09-13 07:05:00,120,Airbus A320,Economy,28 in,f,"['"Below average legroom (28 in)'", '"Carbon emissions estimate: 111 kg'"]",2026-09-12 18:38:59.162364
391,292,IndiGo,,6E 796,MAA,Chennai International Airport,BLR,Kempegowda International Airport Bengaluru,2026-09-12 22:00:00,2026-09-12 23:00:00,60,Airbus A320neo,Economy,28 in,f,"['"Below average legroom (28 in)'", '"Carbon emissions estimate: 40 kg'"]",2026-09-12 18:39:03.169676
392,292,IndiGo,,6E 194,BLR,Kempegowda International Airport Bengaluru,GOI,Goa Dabolim International Airport,2026-09-13 06:05:00,2026-09-13 07:20:00,75,Airbus A321neo,Economy,28 in,f,"['"Below average legroom (28 in)'", '"Carbon emissions estimate: 48 kg'"]",2026-09-12 18:39:03.169676
393,293,Air India,,AI 436,MAA,Chennai International Airport,BOM,Chhatrapati Shivaji Maharaj International Airport Mumbai,2026-09-12 21:10:00,2026-09-12 23:30:00,140,Airbus A320neo,Business Class,,f,"['"Extra reclining seat'", '"In-seat power & USB outlets'", '"Stream media to your device'", '"Carbon emissions estimate: 143 kg'"]",2026-09-12 18:39:03.172786
394,293,Air India,,AI 603,BOM,Chhatrapati Shivaji Maharaj International Airport Mumbai,GOI,Goa Dabolim International Airport,2026-09-13 05:10:00,2026-09-13 06:30:00,80,Airbus A320neo,Business Class,,f,"['"Extra reclining seat'", '"In-seat power & USB outlets'", '"Stream media to your device'", '"Carbon emissions estimate: 83 kg'"]",2026-09-12 18:39:03.172786
395,294,Air India Express,,IX 1371,CCU,Netaji Subhash Chandra Bose International Airport,BLR,Kempegowda International Airport Bengaluru,2026-09-12 18:50:00,2026-09-12 21:30:00,160,Airbus A320neo,Economy,28 in,f,"['"Below average legroom (28 in)'", '"In-seat USB outlet'", '"Carbon emissions estimate: 130 kg'"]",2026-09-12 18:39:06.691811
396,295,Akasa Air,,QP 1564,CCU,Netaji Subhash Chandra Bose International Airport,BLR,Kempegowda International Airport Bengaluru,2026-09-12 20:25:00,2026-09-12 23:05:00,160,Boeing 737MAX 8 Passenger,Economy,28 in,f,"['"Below average legroom (28 in)'", '"In-seat USB outlet'", '"Carbon emissions estimate: 111 kg'"]",2026-09-12 18:39:06.696084
397,296,IndiGo,,6E 476,CCU,Netaji Subhash Chandra Bose International Airport,PNQ,Pune International Airport,2026-09-12 20:00:00,2026-09-12 22:30:00,150,Airbus A321neo,Economy,28 in,f,"['"Below average legroom (28 in)'", '"Carbon emissions estimate: 111 kg'"]",2026-09-12 18:39:06.699188
398,296,IndiGo,,6E 6055,PNQ,Pune International Airport,BLR,Kempegowda International Airport Bengaluru,2026-09-12 23:50:00,2026-09-13 01:30:00,100,Airbus A321neo,Economy,28 in,f,"['"Below average legroom (28 in)'", '"Carbon emissions estimate: 63 kg'"]",2026-09-12 18:39:06.699188
399,297,IndiGo,,6E 573,CCU,Netaji Subhash Chandra Bose International Airport,BLR,Kempegowda International Airport Bengaluru,2026-09-12 22:00:00,2026-09-13 00:40:00,160,Airbus A320,Economy,28 in,f,"['"Below average legroom (28 in)'", '"Carbon emissions estimate: 137 kg'"]",2026-09-12 18:39:06.702623
400,298,Air India,,AI 2710,CCU,Netaji Subhash Chandra Bose International Airport,DEL,Indira Gandhi International Airport,2026-09-12 22:30:00,2026-09-13 01:05:00,155,Airbus A320neo,Economy,28 in,f,"['"Below average legroom (28 in)'", '"In-seat USB outlet'", '"Stream media to your device'", '"Carbon emissions estimate: 115 kg'"]",2026-09-12 18:39:15.19037
401,299,IndiGo,,6E 5190,CCU,Netaji Subhash Chandra Bose International Airport,DEL,Indira Gandhi International Airport,2026-09-12 22:30:00,2026-09-13 00:55:00,145,Airbus A321neo,Economy,28 in,f,"['"Below average legroom (28 in)'", '"Carbon emissions estimate: 99 kg'"]",2026-09-12 18:39:15.205333
402,300,Air India,,AI 2708,CCU,Netaji Subhash Chandra Bose International Airport,DEL,Indira Gandhi International Airport,2026-09-12 21:00:00,2026-09-12 23:35:00,155,Airbus A320neo,Economy,28 in,f,"['"Below average legroom (28 in)'", '"In-seat USB outlet'", '"Stream media to your device'", '"Carbon emissions estimate: 115 kg'"]",2026-09-12 18:39:15.207879
403,301,Akasa Air,,QP 1804,CCU,Netaji Subhash Chandra Bose International Airport,DEL,Indira Gandhi International Airport,2026-09-12 20:05:00,2026-09-12 22:25:00,140,Boeing 737MAX 8 Passenger,Economy,28 in,t,"['"Below average legroom (28 in)'", '"In-seat USB outlet'", '"Carbon emissions estimate: 97 kg'"]",2026-09-12 18:39:15.210219
404,302,Akasa Air,,QP 1126,CCU,Netaji Subhash Chandra Bose International Airport,BOM,Chhatrapati Shivaji Maharaj International Airport Mumbai,2026-09-12 23:00:00,2026-09-13 01:40:00,160,Boeing 737MAX 8 Passenger,Economy,28 in,f,"['"Below average legroom (28 in)'", '"In-seat USB outlet'", '"Carbon emissions estimate: 115 kg'"]",2026-09-12 18:39:19.529294
405,303,IndiGo,,6E 115,CCU,Netaji Subhash Chandra Bose International Airport,BOM,Chhatrapati Shivaji Maharaj International Airport Mumbai,2026-09-12 21:40:00,2026-09-13 00:25:00,165,Airbus A321neo,Economy,28 in,f,"['"Below average legroom (28 in)'", '"Carbon emissions estimate: 119 kg'"]",2026-09-12 18:39:19.531511
406,304,Air India,,AI 2482,CCU,Netaji Subhash Chandra Bose International Airport,BOM,Chhatrapati Shivaji Maharaj International Airport Mumbai,2026-09-12 20:35:00,2026-09-12 23:45:00,190,Airbus A320neo,Economy,28 in,f,"['"Below average legroom (28 in)'", '"In-seat USB outlet'", '"Stream media to your device'", '"Carbon emissions estimate: 137 kg'"]",2026-09-12 18:39:19.533324
407,305,Air India,,AI 2710,CCU,Netaji Subhash Chandra Bose International Airport,DEL,Indira Gandhi International Airport,2026-09-12 22:30:00,2026-09-13 01:05:00,155,Airbus A320neo,Economy,28 in,f,"['"Below average legroom (28 in)'", '"In-seat USB outlet'", '"Stream media to your device'", '"Carbon emissions estimate: 115 kg'"]",2026-09-12 18:39:19.535636
408,305,Air India,,AI 1745,DEL,Indira Gandhi International Airport,BOM,Chhatrapati Shivaji Maharaj International Airport Mumbai,2026-09-13 05:00:00,2026-09-13 07:20:00,140,Airbus A320neo,Economy,28 in,f,"['"Below average legroom (28 in)'", '"In-seat USB outlet'", '"Stream media to your device'", '"Carbon emissions estimate: 102 kg'"]",2026-09-12 18:39:19.535636
409,306,Air India,,AI 2710,CCU,Netaji Subhash Chandra Bose International Airport,DEL,Indira Gandhi International Airport,2026-09-12 22:30:00,2026-09-13 01:05:00,155,Airbus A320neo,Economy,28 in,f,"['"Below average legroom (28 in)'", '"In-seat USB outlet'", '"Stream media to your device'", '"Carbon emissions estimate: 115 kg'"]",2026-09-12 18:39:29.456772
410,306,Air India,,AI 2577,DEL,Indira Gandhi International Airport,HYD,Rajiv Gandhi International Airport,2026-09-13 02:00:00,2026-09-13 04:20:00,140,Airbus A320neo,Economy,28 in,f,"['"Below average legroom (28 in)'", '"In-seat USB outlet'", '"Stream media to your device'", '"Carbon emissions estimate: 114 kg'"]",2026-09-12 18:39:29.456772
411,307,IndiGo,,6E 6154,CCU,Netaji Subhash Chandra Bose International Airport,HYD,Rajiv Gandhi International Airport,2026-09-12 20:45:00,2026-09-12 22:55:00,130,Airbus A321neo,Economy,28 in,f,"['"Below average legroom (28 in)'", '"Carbon emissions estimate: 92 kg'"]",2026-09-12 18:39:29.461764
412,308,IndiGo,,6E 723,CCU,Netaji Subhash Chandra Bose International Airport,MAA,Chennai International Airport,2026-09-12 21:15:00,2026-09-12 23:30:00,135,Airbus A321neo,Economy,28 in,f,"['"Below average legroom (28 in)'", '"Carbon emissions estimate: 100 kg'"]",2026-09-12 18:39:42.424839
413,309,Air India Express,,IX 1371,CCU,Netaji Subhash Chandra Bose International Airport,BLR,Kempegowda International Airport Bengaluru,2026-09-12 18:50:00,2026-09-12 21:30:00,160,Airbus A320neo,Economy,28 in,f,"['"Below average legroom (28 in)'", '"In-seat USB outlet'", '"Carbon emissions estimate: 130 kg'"]",2026-09-12 18:39:42.426673
414,309,Air India Express,,IX 2926,BLR,Kempegowda International Airport Bengaluru,MAA,Chennai International Airport,2026-09-13 08:40:00,2026-09-13 09:50:00,70,Boeing 737MAX 8 Passenger,Economy,30 in,f,"['"Average legroom (30 in)'", '"In-seat USB outlet'", '"Carbon emissions estimate: 45 kg'"]",2026-09-12 18:39:42.426673
415,310,Air India,,AI 2710,CCU,Netaji Subhash Chandra Bose International Airport,DEL,Indira Gandhi International Airport,2026-09-12 22:30:00,2026-09-13 01:05:00,155,Airbus A320neo,Economy,28 in,f,"['"Below average legroom (28 in)'", '"In-seat USB outlet'", '"Stream media to your device'", '"Carbon emissions estimate: 115 kg'"]",2026-09-12 18:39:42.429464
416,310,Air India,,AI 2833,DEL,Indira Gandhi International Airport,MAA,Chennai International Airport,2026-09-13 07:30:00,2026-09-13 10:20:00,170,Airbus A320neo,Economy,28 in,f,"['"Below average legroom (28 in)'", '"In-seat USB outlet'", '"Stream media to your device'", '"Carbon emissions estimate: 145 kg'"]",2026-09-12 18:39:42.429464
417,311,IndiGo,,6E 6154,CCU,Netaji Subhash Chandra Bose International Airport,HYD,Rajiv Gandhi International Airport,2026-09-12 20:45:00,2026-09-12 22:55:00,130,Airbus A321neo,Economy,28 in,f,"['"Below average legroom (28 in)'", '"Carbon emissions estimate: 92 kg'"]",2026-09-12 18:39:49.946015
418,311,IndiGo,,6E 351,HYD,Rajiv Gandhi International Airport,PNQ,Pune International Airport,2026-09-13 04:35:00,2026-09-13 05:45:00,70,Airbus A321neo,Economy,28 in,f,"['"Below average legroom (28 in)'", '"Carbon emissions estimate: 48 kg'"]",2026-09-12 18:39:49.946015
419,312,IndiGo,,6E 476,CCU,Netaji Subhash Chandra Bose International Airport,PNQ,Pune International Airport,2026-09-12 20:00:00,2026-09-12 22:30:00,150,Airbus A321neo,Economy,28 in,f,"['"Below average legroom (28 in)'", '"Carbon emissions estimate: 111 kg'"]",2026-09-12 18:39:49.948551
420,313,Air India,,AI 2710,CCU,Netaji Subhash Chandra Bose International Airport,DEL,Indira Gandhi International Airport,2026-09-12 22:30:00,2026-09-13 01:05:00,155,Airbus A320neo,Economy,28 in,f,"['"Below average legroom (28 in)'", '"In-seat USB outlet'", '"Stream media to your device'", '"Carbon emissions estimate: 115 kg'"]",2026-09-12 18:39:49.950332
421,313,Air India,,AI 2711,DEL,Indira Gandhi International Airport,PNQ,Pune International Airport,2026-09-13 02:00:00,2026-09-13 04:15:00,135,Airbus A320neo,Economy,28 in,f,"['"Below average legroom (28 in)'", '"In-seat USB outlet'", '"Stream media to your device'", '"Carbon emissions estimate: 105 kg'"]",2026-09-12 18:39:49.950332
422,314,IndiGo,,6E 862,CCU,Netaji Subhash Chandra Bose International Airport,NAG,Dr. Babasaheb Ambedkar International Airport,2026-09-12 20:40:00,2026-09-12 22:30:00,110,Airbus A320neo,Economy,28 in,f,"['"Below average legroom (28 in)'", '"Carbon emissions estimate: 80 kg'"]",2026-09-12 18:39:49.952637
423,314,IndiGo,,6E 6659,NAG,Dr. Babasaheb Ambedkar International Airport,PNQ,Pune International Airport,2026-09-13 03:40:00,2026-09-13 04:55:00,75,Airbus A320neo,Economy,28 in,f,"['"Below average legroom (28 in)'", '"Carbon emissions estimate: 59 kg'"]",2026-09-12 18:39:49.952637
424,315,IndiGo,,6E 6154,CCU,Netaji Subhash Chandra Bose International Airport,HYD,Rajiv Gandhi International Airport,2026-09-12 20:45:00,2026-09-12 22:55:00,130,Airbus A321neo,Economy,28 in,f,"['"Below average legroom (28 in)'", '"Carbon emissions estimate: 92 kg'"]",2026-09-12 18:39:49.955534
425,315,IndiGo,,6E 337,HYD,Rajiv Gandhi International Airport,PNQ,Pune International Airport,2026-09-13 01:10:00,2026-09-13 02:20:00,70,Airbus A321neo,Economy,28 in,f,"['"Below average legroom (28 in)'", '"Carbon emissions estimate: 48 kg'"]",2026-09-12 18:39:49.955534
426,316,Air India,,AI 2708,CCU,Netaji Subhash Chandra Bose International Airport,DEL,Indira Gandhi International Airport,2026-09-12 21:00:00,2026-09-12 23:35:00,155,Airbus A320neo,Economy,28 in,f,"['"Below average legroom (28 in)'", '"In-seat USB outlet'", '"Stream media to your device'", '"Carbon emissions estimate: 115 kg'"]",2026-09-12 18:40:02.561344
427,316,Air India,,AI 2959,DEL,Indira Gandhi International Airport,AMD,Sardar Vallabhbhai Patel International Airport,2026-09-13 07:10:00,2026-09-13 08:50:00,100,Airbus A320neo,Economy,28 in,f,"['"Below average legroom (28 in)'", '"In-seat USB outlet'", '"Stream media to your device'", '"Carbon emissions estimate: 76 kg'"]",2026-09-12 18:40:02.561344
428,317,Air India,,AI 2710,CCU,Netaji Subhash Chandra Bose International Airport,DEL,Indira Gandhi International Airport,2026-09-12 22:30:00,2026-09-13 01:05:00,155,Airbus A320neo,Economy,28 in,f,"['"Below average legroom (28 in)'", '"In-seat USB outlet'", '"Stream media to your device'", '"Carbon emissions estimate: 115 kg'"]",2026-09-12 18:40:02.564708
429,317,Air India,,AI 2959,DEL,Indira Gandhi International Airport,AMD,Sardar Vallabhbhai Patel International Airport,2026-09-13 07:10:00,2026-09-13 08:50:00,100,Airbus A320neo,Economy,28 in,f,"['"Below average legroom (28 in)'", '"In-seat USB outlet'", '"Stream media to your device'", '"Carbon emissions estimate: 76 kg'"]",2026-09-12 18:40:02.564708
430,318,Air India,,AI 2710,CCU,Netaji Subhash Chandra Bose International Airport,DEL,Indira Gandhi International Airport,2026-09-12 22:30:00,2026-09-13 01:05:00,155,Airbus A320neo,Economy,28 in,f,"['"Below average legroom (28 in)'", '"In-seat USB outlet'", '"Stream media to your device'", '"Carbon emissions estimate: 115 kg'"]",2026-09-12 18:40:02.569291
431,318,Air India,,AI 817,DEL,Indira Gandhi International Airport,AMD,Sardar Vallabhbhai Patel International Airport,2026-09-13 05:55:00,2026-09-13 07:35:00,100,Airbus A321,Economy,31 in,f,"['"Average legroom (31 in)'", '"Stream media to your device'", '"Carbon emissions estimate: 100 kg'"]",2026-09-12 18:40:02.569291
432,319,IndiGo,,6E 573,CCU,Netaji Subhash Chandra Bose International Airport,BLR,Kempegowda International Airport Bengaluru,2026-09-12 22:00:00,2026-09-13 00:40:00,160,Airbus A320,Economy,28 in,f,"['"Below average legroom (28 in)'", '"Carbon emissions estimate: 137 kg'"]",2026-09-12 18:40:12.683008
433,319,IndiGo,,6E 763,BLR,Kempegowda International Airport Bengaluru,COK,Cochin International Airport,2026-09-13 07:05:00,2026-09-13 08:05:00,60,Airbus A320neo,Economy,28 in,f,"['"Below average legroom (28 in)'", '"Carbon emissions estimate: 46 kg'"]",2026-09-12 18:40:12.683008
434,320,Air India,,AI 2710,CCU,Netaji Subhash Chandra Bose International Airport,DEL,Indira Gandhi International Airport,2026-09-12 22:30:00,2026-09-13 01:05:00,155,Airbus A320neo,Economy,28 in,f,"['"Below average legroom (28 in)'", '"In-seat USB outlet'", '"Stream media to your device'", '"Carbon emissions estimate: 115 kg'"]",2026-09-12 18:40:37.265328
435,320,Air India,,AI 2627,DEL,Indira Gandhi International Airport,GOI,Goa Dabolim International Airport,2026-09-13 10:45:00,2026-09-13 13:30:00,165,Airbus A320neo,Economy,28 in,f,"['"Below average legroom (28 in)'", '"In-seat USB outlet'", '"Stream media to your device'", '"Carbon emissions estimate: 130 kg'"]",2026-09-12 18:40:37.265328
436,321,Air India,,AI 2710,CCU,Netaji Subhash Chandra Bose International Airport,DEL,Indira Gandhi International Airport,2026-09-12 22:30:00,2026-09-13 01:05:00,155,Airbus A320neo,Economy,28 in,f,"['"Below average legroom (28 in)'", '"In-seat USB outlet'", '"Stream media to your device'", '"Carbon emissions estimate: 115 kg'"]",2026-09-12 18:40:37.268718
437,321,Air India Express,,IX 1108,DEL,Indira Gandhi International Airport,GOI,Goa Dabolim International Airport,2026-09-13 05:00:00,2026-09-13 07:25:00,145,Airbus A321,Economy,28 in,f,"['"Below average legroom (28 in)'", '"Carbon emissions estimate: 145 kg'"]",2026-09-12 18:40:37.268718
438,322,Air India,,AI 2482,CCU,Netaji Subhash Chandra Bose International Airport,BOM,Chhatrapati Shivaji Maharaj International Airport Mumbai,2026-09-12 20:35:00,2026-09-12 23:45:00,190,Airbus A320neo,Economy,28 in,f,"['"Below average legroom (28 in)'", '"In-seat USB outlet'", '"Stream media to your device'", '"Carbon emissions estimate: 137 kg'"]",2026-09-12 18:40:37.271886
439,322,Air India,,AI 2420,BOM,Chhatrapati Shivaji Maharaj International Airport Mumbai,GOI,Goa Dabolim International Airport,2026-09-13 11:20:00,2026-09-13 12:40:00,80,Airbus A321,Economy,29 in,f,"['"Below average legroom (29 in)'", '"Wi-Fi for a fee'", '"In-seat power & USB outlets'", '"On-demand video'", '"Carbon emissions estimate: 70 kg'"]",2026-09-12 18:40:37.271886
440,323,Air India,,AI 2482,CCU,Netaji Subhash Chandra Bose International Airport,BOM,Chhatrapati Shivaji Maharaj International Airport Mumbai,2026-09-12 20:35:00,2026-09-12 23:45:00,190,Airbus A320neo,Economy,28 in,f,"['"Below average legroom (28 in)'", '"In-seat USB outlet'", '"Stream media to your device'", '"Carbon emissions estimate: 137 kg'"]",2026-09-12 18:40:37.275279
441,323,Air India,,AI 603,BOM,Chhatrapati Shivaji Maharaj International Airport Mumbai,GOI,Goa Dabolim International Airport,2026-09-13 05:10:00,2026-09-13 06:30:00,80,Airbus A320neo,Economy,28 in,f,"['"Below average legroom (28 in)'", '"In-seat USB outlet'", '"Stream media to your device'", '"Carbon emissions estimate: 55 kg'"]",2026-09-12 18:40:37.275279
442,324,IndiGo,,6E 6055,PNQ,Pune International Airport,BLR,Kempegowda International Airport Bengaluru,2026-09-12 23:50:00,2026-09-13 01:30:00,100,Airbus A321neo,Economy,28 in,f,"['"Below average legroom (28 in)'", '"Carbon emissions estimate: 63 kg'"]",2026-09-12 18:40:48.125023
443,325,Akasa Air,,QP 1318,PNQ,Pune International Airport,BLR,Kempegowda International Airport Bengaluru,2026-09-12 22:10:00,2026-09-12 23:55:00,105,Boeing 737MAX 8 Passenger,Economy,28 in,f,"['"Below average legroom (28 in)'", '"In-seat USB outlet'", '"Carbon emissions estimate: 68 kg'"]",2026-09-12 18:40:48.127697
444,326,IndiGo,,6E 107,PNQ,Pune International Airport,BLR,Kempegowda International Airport Bengaluru,2026-09-12 20:55:00,2026-09-12 22:35:00,100,Airbus A321neo,Economy,28 in,f,"['"Below average legroom (28 in)'", '"Carbon emissions estimate: 63 kg'"]",2026-09-12 18:40:48.13038
445,327,Air India Express,,IX 2874,PNQ,Pune International Airport,BLR,Kempegowda International Airport Bengaluru,2026-09-12 18:55:00,2026-09-12 20:40:00,105,Boeing 737MAX 8 Passenger,Economy,30 in,f,"['"Average legroom (30 in)'", '"In-seat USB outlet'", '"Carbon emissions estimate: 78 kg'"]",2026-09-12 18:40:48.132806
446,328,IndiGo,,6E 547,PNQ,Pune International Airport,AMD,Sardar Vallabhbhai Patel International Airport,2026-09-12 22:40:00,2026-09-13 00:00:00,80,Airbus A320neo,Economy,28 in,f,"['"Below average legroom (28 in)'", '"Carbon emissions estimate: 56 kg'"]",2026-09-12 18:40:55.625461
447,328,IndiGo,,6E 2209,AMD,Sardar Vallabhbhai Patel International Airport,DEL,Indira Gandhi International Airport,2026-09-13 05:00:00,2026-09-13 06:45:00,105,Airbus A321neo,Economy,28 in,f,"['"Below average legroom (28 in)'", '"Carbon emissions estimate: 65 kg'"]",2026-09-12 18:40:55.625461
448,329,Akasa Air,,QP 1810,PNQ,Pune International Airport,DEL,Indira Gandhi International Airport,2026-09-12 21:05:00,2026-09-12 23:30:00,145,Boeing 737MAX 8 Passenger,Economy,28 in,f,"['"Below average legroom (28 in)'", '"In-seat USB outlet'", '"Carbon emissions estimate: 98 kg'"]",2026-09-12 18:40:55.628115
449,330,IndiGo,,6E 2624,PNQ,Pune International Airport,DEL,Indira Gandhi International Airport,2026-09-12 21:00:00,2026-09-12 23:15:00,135,Airbus A321neo,Economy,28 in,f,"['"Below average legroom (28 in)'", '"Carbon emissions estimate: 96 kg'"]",2026-09-12 18:40:55.630149
450,331,IndiGo,,6E 6117,PNQ,Pune International Airport,JAI,Jaipur International Airport,2026-09-12 23:30:00,2026-09-13 01:20:00,110,Airbus A321neo,Economy,28 in,f,"['"Below average legroom (28 in)'", '"Carbon emissions estimate: 77 kg'"]",2026-09-12 18:40:55.632001
451,331,IndiGo,,6E 2165,JAI,Jaipur International Airport,DEL,Indira Gandhi International Airport,2026-09-13 09:10:00,2026-09-13 10:10:00,60,Airbus A321neo,Economy,28 in,f,"['"Below average legroom (28 in)'", '"Carbon emissions estimate: 35 kg'"]",2026-09-12 18:40:55.632001
452,332,Air India Express,,IX 1231,PNQ,Pune International Airport,DEL,Indira Gandhi International Airport,2026-09-12 18:50:00,2026-09-12 21:20:00,150,Boeing 737MAX 8 Passenger,Economy,30 in,f,"['"Average legroom (30 in)'", '"In-seat USB outlet'", '"Carbon emissions estimate: 113 kg'"]",2026-09-12 18:40:55.634906
453,333,Air India,,AI 1804,PNQ,Pune International Airport,DEL,Indira Gandhi International Airport,2026-09-12 22:00:00,2026-09-13 00:25:00,145,Airbus A320neo,Economy,28 in,f,"['"Below average legroom (28 in)'", '"In-seat USB outlet'", '"Stream media to your device'", '"Carbon emissions estimate: 111 kg'"]",2026-09-12 18:40:55.637352
454,334,Air India,,AI 2972,PNQ,Pune International Airport,DEL,Indira Gandhi International Airport,2026-09-12 18:45:00,2026-09-12 21:10:00,145,Airbus A320neo,Economy,28 in,f,"['"Below average legroom (28 in)'", '"In-seat USB outlet'", '"Stream media to your device'", '"Carbon emissions estimate: 111 kg'"]",2026-09-12 18:40:55.639781
455,335,Air India,,AI 2548,PNQ,Pune International Airport,DEL,Indira Gandhi International Airport,2026-09-12 20:30:00,2026-09-12 23:00:00,150,Airbus A320neo,Economy,28 in,f,"['"Below average legroom (28 in)'", '"In-seat USB outlet'", '"Stream media to your device'", '"Carbon emissions estimate: 111 kg'"]",2026-09-12 18:40:55.642298
456,336,IndiGo,,6E 103,PNQ,Pune International Airport,HYD,Rajiv Gandhi International Airport,2026-09-12 22:20:00,2026-09-12 23:40:00,80,Airbus A321neo,Economy,28 in,f,"['"Below average legroom (28 in)'", '"Carbon emissions estimate: 50 kg'"]",2026-09-12 18:41:23.074001
457,337,Star Air,,S5 174,PNQ,Pune International Airport,HYD,Rajiv Gandhi International Airport,2026-09-12 20:35:00,2026-09-12 21:45:00,70,Embraer 175,Economy,,f,"['"Carbon emissions estimate: 92 kg'"]",2026-09-12 18:41:23.077139
458,338,Alliance Air,,9I 868,PNQ,Pune International Airport,HYD,Rajiv Gandhi International Airport,2026-09-12 20:05:00,2026-09-12 22:05:00,120,ATR 72,Economy,,f,"['"Carbon emissions estimate: 68 kg'"]",2026-09-12 18:41:23.078664
459,339,IndiGo,,6E 6055,PNQ,Pune International Airport,BLR,Kempegowda International Airport Bengaluru,2026-09-12 23:50:00,2026-09-13 01:30:00,100,Airbus A321neo,Economy,28 in,f,"['"Below average legroom (28 in)'", '"Carbon emissions estimate: 63 kg'"]",2026-09-12 18:41:30.499244
460,339,IndiGo,,6E 6269,BLR,Kempegowda International Airport Bengaluru,MAA,Chennai International Airport,2026-09-13 07:15:00,2026-09-13 08:15:00,60,Airbus A321neo,Economy,28 in,f,"['"Below average legroom (28 in)'", '"Carbon emissions estimate: 35 kg'"]",2026-09-12 18:41:30.499244
461,340,IndiGo,,6E 238,PNQ,Pune International Airport,MAA,Chennai International Airport,2026-09-12 22:45:00,2026-09-13 00:35:00,110,Airbus A320neo,Economy,28 in,f,"['"Below average legroom (28 in)'", '"Carbon emissions estimate: 79 kg'"]",2026-09-12 18:41:30.501634
462,341,Air India,,AI 1804,PNQ,Pune International Airport,DEL,Indira Gandhi International Airport,2026-09-12 22:00:00,2026-09-13 00:25:00,145,Airbus A320neo,Economy,28 in,f,"['"Below average legroom (28 in)'", '"In-seat USB outlet'", '"Stream media to your device'", '"Carbon emissions estimate: 111 kg'"]",2026-09-12 18:41:30.503909
463,341,Air India,,AI 2833,DEL,Indira Gandhi International Airport,MAA,Chennai International Airport,2026-09-13 07:30:00,2026-09-13 10:20:00,170,Airbus A320neo,Economy,28 in,f,"['"Below average legroom (28 in)'", '"In-seat USB outlet'", '"Stream media to your device'", '"Carbon emissions estimate: 145 kg'"]",2026-09-12 18:41:30.503909
464,342,IndiGo,,6E 103,PNQ,Pune International Airport,HYD,Rajiv Gandhi International Airport,2026-09-12 22:20:00,2026-09-12 23:40:00,80,Airbus A321neo,Economy,28 in,f,"['"Below average legroom (28 in)'", '"Carbon emissions estimate: 50 kg'"]",2026-09-12 18:41:38.475879
465,342,IndiGo,,6E 6494,HYD,Rajiv Gandhi International Airport,CCU,Netaji Subhash Chandra Bose International Airport,2026-09-13 05:55:00,2026-09-13 08:05:00,130,Airbus A321neo,Economy,28 in,f,"['"Below average legroom (28 in)'", '"Carbon emissions estimate: 92 kg'"]",2026-09-12 18:41:38.475879
466,343,IndiGo,,6E 6921,PNQ,Pune International Airport,CCU,Netaji Subhash Chandra Bose International Airport,2026-09-12 23:45:00,2026-09-13 02:20:00,155,Airbus A321neo,Economy,28 in,f,"['"Below average legroom (28 in)'", '"Carbon emissions estimate: 113 kg'"]",2026-09-12 18:41:38.478837
467,344,Air India,,AI 1804,PNQ,Pune International Airport,DEL,Indira Gandhi International Airport,2026-09-12 22:00:00,2026-09-13 00:25:00,145,Airbus A320neo,Economy,28 in,f,"['"Below average legroom (28 in)'", '"In-seat USB outlet'", '"Stream media to your device'", '"Carbon emissions estimate: 111 kg'"]",2026-09-12 18:41:38.480328
468,344,Air India,,AI 2702,DEL,Indira Gandhi International Airport,CCU,Netaji Subhash Chandra Bose International Airport,2026-09-13 02:30:00,2026-09-13 04:50:00,140,Airbus A320neo,Economy,28 in,f,"['"Below average legroom (28 in)'", '"In-seat USB outlet'", '"Stream media to your device'", '"Carbon emissions estimate: 114 kg'"]",2026-09-12 18:41:38.480328
469,345,IndiGo,,6E 547,PNQ,Pune International Airport,AMD,Sardar Vallabhbhai Patel International Airport,2026-09-12 22:40:00,2026-09-13 00:00:00,80,Airbus A320neo,Economy,28 in,f,"['"Below average legroom (28 in)'", '"Carbon emissions estimate: 56 kg'"]",2026-09-12 18:41:46.632111
470,346,Akasa Air,,QP 1918,PNQ,Pune International Airport,AMD,Sardar Vallabhbhai Patel International Airport,2026-09-12 22:50:00,2026-09-13 00:15:00,85,Boeing 737MAX 8 Passenger,Economy,28 in,f,"['"Below average legroom (28 in)'", '"In-seat USB outlet'", '"Carbon emissions estimate: 54 kg'"]",2026-09-12 18:41:46.634413
471,347,IndiGo,,6E 6055,PNQ,Pune International Airport,BLR,Kempegowda International Airport Bengaluru,2026-09-12 23:50:00,2026-09-13 01:30:00,100,Airbus A321neo,Economy,28 in,f,"['"Below average legroom (28 in)'", '"Carbon emissions estimate: 63 kg'"]",2026-09-12 18:41:53.228731
472,347,IndiGo,,6E 763,BLR,Kempegowda International Airport Bengaluru,COK,Cochin International Airport,2026-09-13 07:05:00,2026-09-13 08:05:00,60,Airbus A320neo,Economy,28 in,f,"['"Below average legroom (28 in)'", '"Carbon emissions estimate: 46 kg'"]",2026-09-12 18:41:53.228731
473,348,Air India,,AI 1804,PNQ,Pune International Airport,DEL,Indira Gandhi International Airport,2026-09-12 22:00:00,2026-09-13 00:25:00,145,Airbus A320neo,Economy,28 in,f,"['"Below average legroom (28 in)'", '"In-seat USB outlet'", '"Stream media to your device'", '"Carbon emissions estimate: 111 kg'"]",2026-09-12 18:41:53.232267
474,348,Air India Express,,IX 1815,DEL,Indira Gandhi International Airport,COK,Cochin International Airport,2026-09-13 19:20:00,2026-09-13 22:30:00,190,Airbus A320,Economy,28 in,t,"['"Below average legroom (28 in)'", '"Carbon emissions estimate: 183 kg'"]",2026-09-12 18:41:53.232267
475,349,Air India,,AI 1804,PNQ,Pune International Airport,DEL,Indira Gandhi International Airport,2026-09-12 22:00:00,2026-09-13 00:25:00,145,Airbus A320neo,Economy,28 in,f,"['"Below average legroom (28 in)'", '"In-seat USB outlet'", '"Stream media to your device'", '"Carbon emissions estimate: 111 kg'"]",2026-09-12 18:41:53.238845
476,349,Air India,,AI 1738,DEL,Indira Gandhi International Airport,COK,Cochin International Airport,2026-09-13 17:00:00,2026-09-13 20:15:00,195,Airbus A320neo,Economy,28 in,f,"['"Below average legroom (28 in)'", '"In-seat USB outlet'", '"Stream media to your device'", '"Carbon emissions estimate: 164 kg'"]",2026-09-12 18:41:53.238845
477,350,Air India,,AI 1804,PNQ,Pune International Airport,DEL,Indira Gandhi International Airport,2026-09-12 22:00:00,2026-09-13 00:25:00,145,Airbus A320neo,Economy,28 in,f,"['"Below average legroom (28 in)'", '"In-seat USB outlet'", '"Stream media to your device'", '"Carbon emissions estimate: 111 kg'"]",2026-09-12 18:41:53.24289
478,350,Air India,,AI 2458,DEL,Indira Gandhi International Airport,COK,Cochin International Airport,2026-09-13 11:55:00,2026-09-13 15:20:00,205,Airbus A320neo,Economy,28 in,f,"['"Below average legroom (28 in)'", '"In-seat USB outlet'", '"Stream media to your device'", '"Carbon emissions estimate: 164 kg'"]",2026-09-12 18:41:53.24289
479,351,Air India,,AI 1804,PNQ,Pune International Airport,DEL,Indira Gandhi International Airport,2026-09-12 22:00:00,2026-09-13 00:25:00,145,Airbus A320neo,Economy,28 in,f,"['"Below average legroom (28 in)'", '"In-seat USB outlet'", '"Stream media to your device'", '"Carbon emissions estimate: 111 kg'"]",2026-09-12 18:41:53.246258
480,351,Air India Express,,IX 1812,DEL,Indira Gandhi International Airport,COK,Cochin International Airport,2026-09-13 11:15:00,2026-09-13 14:25:00,190,Airbus A320,Economy,28 in,f,"['"Below average legroom (28 in)'", '"Carbon emissions estimate: 183 kg'"]",2026-09-12 18:41:53.246258
481,352,Air India,,AI 1804,PNQ,Pune International Airport,DEL,Indira Gandhi International Airport,2026-09-12 22:00:00,2026-09-13 00:25:00,145,Airbus A320neo,Economy,28 in,f,"['"Below average legroom (28 in)'", '"In-seat USB outlet'", '"Stream media to your device'", '"Carbon emissions estimate: 111 kg'"]",2026-09-12 18:42:10.990209
482,352,Air India Express,,IX 1108,DEL,Indira Gandhi International Airport,GOI,Goa Dabolim International Airport,2026-09-13 05:00:00,2026-09-13 07:25:00,145,Airbus A321,Economy,28 in,f,"['"Below average legroom (28 in)'", '"Carbon emissions estimate: 145 kg'"]",2026-09-12 18:42:10.990209
483,353,Air India,,AI 1804,PNQ,Pune International Airport,DEL,Indira Gandhi International Airport,2026-09-12 22:00:00,2026-09-13 00:25:00,145,Airbus A320neo,Economy,28 in,f,"['"Below average legroom (28 in)'", '"In-seat USB outlet'", '"Stream media to your device'", '"Carbon emissions estimate: 111 kg'"]",2026-09-12 18:42:10.992783
484,353,Air India,,AI 487,DEL,Indira Gandhi International Airport,GOI,Goa Dabolim International Airport,2026-09-13 16:00:00,2026-09-13 18:30:00,150,Airbus A320neo,Economy,28 in,t,"['"Below average legroom (28 in)'", '"In-seat USB outlet'", '"Stream media to your device'", '"Carbon emissions estimate: 130 kg'"]",2026-09-12 18:42:10.992783
485,354,Air India,,AI 1804,PNQ,Pune International Airport,DEL,Indira Gandhi International Airport,2026-09-12 22:00:00,2026-09-13 00:25:00,145,Airbus A320neo,Economy,28 in,f,"['"Below average legroom (28 in)'", '"In-seat USB outlet'", '"Stream media to your device'", '"Carbon emissions estimate: 111 kg'"]",2026-09-12 18:42:10.995421
486,354,Air India,,AI 2627,DEL,Indira Gandhi International Airport,GOI,Goa Dabolim International Airport,2026-09-13 10:45:00,2026-09-13 13:30:00,165,Airbus A320neo,Economy,28 in,f,"['"Below average legroom (28 in)'", '"In-seat USB outlet'", '"Stream media to your device'", '"Carbon emissions estimate: 130 kg'"]",2026-09-12 18:42:10.995421
487,355,IndiGo,,6E 996,AMD,Sardar Vallabhbhai Patel International Airport,BLR,Kempegowda International Airport Bengaluru,2026-09-12 23:00:00,2026-09-13 01:10:00,130,Airbus A321neo,Economy,28 in,f,"['"Below average legroom (28 in)'", '"Carbon emissions estimate: 94 kg'"]",2026-09-12 18:42:22.673177
488,356,Air India,,AI 2546,AMD,Sardar Vallabhbhai Patel International Airport,DEL,Indira Gandhi International Airport,2026-09-12 23:00:00,2026-09-13 00:45:00,105,Airbus A320neo,Economy,28 in,f,"['"Below average legroom (28 in)'", '"In-seat USB outlet'", '"Stream media to your device'", '"Carbon emissions estimate: 78 kg'"]",2026-09-12 18:42:22.676447
489,356,Air India,,AI 2409,DEL,Indira Gandhi International Airport,BLR,Kempegowda International Airport Bengaluru,2026-09-13 06:00:00,2026-09-13 08:55:00,175,Airbus A320neo,Economy,28 in,f,"['"Below average legroom (28 in)'", '"In-seat USB outlet'", '"Stream media to your device'", '"Carbon emissions estimate: 143 kg'"]",2026-09-12 18:42:22.676447
490,357,IndiGo,,6E 6351,AMD,Sardar Vallabhbhai Patel International Airport,BOM,Chhatrapati Shivaji Maharaj International Airport Mumbai,2026-09-12 23:15:00,2026-09-13 00:30:00,75,Airbus A320neo,Business Class,,f,"['"Carbon emissions estimate: 79 kg'"]",2026-09-12 18:42:22.679984
491,357,IndiGo,,6E 5294,BOM,Chhatrapati Shivaji Maharaj International Airport Mumbai,BLR,Kempegowda International Airport Bengaluru,2026-09-13 04:30:00,2026-09-13 06:25:00,115,Airbus A321neo,Business Class,,f,"['"Standard recliner seat'", '"In-seat power & USB outlets'", '"Carbon emissions estimate: 107 kg'"]",2026-09-12 18:42:22.679984
492,358,Air India,,AI 2494,AMD,Sardar Vallabhbhai Patel International Airport,BOM,Chhatrapati Shivaji Maharaj International Airport Mumbai,2026-09-12 21:00:00,2026-09-12 22:40:00,100,Airbus A321,Business Class,,f,"['"Standard recliner seat'", '"In-seat power & USB outlets'", '"Stream media to your device'", '"Carbon emissions estimate: 117 kg'"]",2026-09-12 18:42:22.683314
493,358,Air India,,AI 2857,BOM,Chhatrapati Shivaji Maharaj International Airport Mumbai,BLR,Kempegowda International Airport Bengaluru,2026-09-12 23:30:00,2026-09-13 01:35:00,125,Airbus A320neo,Premium Economy,32 in,f,"['"Below average legroom (32 in)'", '"In-seat USB outlet'", '"Stream media to your device'", '"Carbon emissions estimate: 83 kg'"]",2026-09-12 18:42:22.683314
494,359,IndiGo,,6E 932,AMD,Sardar Vallabhbhai Patel International Airport,DEL,Indira Gandhi International Airport,2026-09-12 21:50:00,2026-09-12 23:30:00,100,Airbus A321neo,Economy,28 in,t,"['"Below average legroom (28 in)'", '"Carbon emissions estimate: 65 kg'"]",2026-09-12 18:42:27.139882
495,360,Air India,,AI 532,AMD,Sardar Vallabhbhai Patel International Airport,DEL,Indira Gandhi International Airport,2026-09-12 21:30:00,2026-09-12 23:40:00,130,Airbus A321,Economy,31 in,f,"['"Average legroom (31 in)'", '"Stream media to your device'", '"Carbon emissions estimate: 103 kg'"]",2026-09-12 18:42:27.142471
496,361,Air India,,AI 1121,AMD,Sardar Vallabhbhai Patel International Airport,DEL,Indira Gandhi International Airport,2026-09-12 20:10:00,2026-09-12 21:55:00,105,Airbus A320neo,Economy,31 in,f,"['"Average legroom (31 in)'", '"Stream media to your device'", '"Carbon emissions estimate: 103 kg'"]",2026-09-12 18:42:27.145055
497,362,Air India,,AI 2546,AMD,Sardar Vallabhbhai Patel International Airport,DEL,Indira Gandhi International Airport,2026-09-12 23:00:00,2026-09-13 00:45:00,105,Airbus A320neo,Economy,28 in,f,"['"Below average legroom (28 in)'", '"In-seat USB outlet'", '"Stream media to your device'", '"Carbon emissions estimate: 78 kg'"]",2026-09-12 18:42:27.147725
498,363,IndiGo,,6E 868,AMD,Sardar Vallabhbhai Patel International Airport,BOM,Chhatrapati Shivaji Maharaj International Airport Mumbai,2026-09-12 21:25:00,2026-09-12 23:00:00,95,Airbus A321neo,Economy,28 in,f,"['"Below average legroom (28 in)'", '"Carbon emissions estimate: 48 kg'"]",2026-09-12 18:42:34.963556
499,364,IndiGo,,6E 6351,AMD,Sardar Vallabhbhai Patel International Airport,BOM,Chhatrapati Shivaji Maharaj International Airport Mumbai,2026-09-12 23:15:00,2026-09-13 00:30:00,75,Airbus A320neo,Economy,28 in,f,"['"Below average legroom (28 in)'", '"Carbon emissions estimate: 53 kg'"]",2026-09-12 18:42:34.966468
500,365,Air India,,AI 2494,AMD,Sardar Vallabhbhai Patel International Airport,BOM,Chhatrapati Shivaji Maharaj International Airport Mumbai,2026-09-12 21:00:00,2026-09-12 22:40:00,100,Airbus A321,Economy,31 in,f,"['"Average legroom (31 in)'", '"Stream media to your device'", '"Carbon emissions estimate: 78 kg'"]",2026-09-12 18:42:34.969088
501,366,Air India,,AI 2546,AMD,Sardar Vallabhbhai Patel International Airport,DEL,Indira Gandhi International Airport,2026-09-12 23:00:00,2026-09-13 00:45:00,105,Airbus A320neo,Economy,28 in,f,"['"Below average legroom (28 in)'", '"In-seat USB outlet'", '"Stream media to your device'", '"Carbon emissions estimate: 78 kg'"]",2026-09-12 18:42:34.971546
502,366,Air India,,AI 1745,DEL,Indira Gandhi International Airport,BOM,Chhatrapati Shivaji Maharaj International Airport Mumbai,2026-09-13 05:00:00,2026-09-13 07:20:00,140,Airbus A320neo,Economy,28 in,f,"['"Below average legroom (28 in)'", '"In-seat USB outlet'", '"Stream media to your device'", '"Carbon emissions estimate: 102 kg'"]",2026-09-12 18:42:34.971546
503,367,IndiGo,,6E 6728,AMD,Sardar Vallabhbhai Patel International Airport,HYD,Rajiv Gandhi International Airport,2026-09-12 20:55:00,2026-09-12 22:30:00,95,Airbus A321neo,Economy,28 in,f,"['"Below average legroom (28 in)'", '"Carbon emissions estimate: 75 kg'"]",2026-09-12 18:42:43.44564
504,368,IndiGo,,6E 868,AMD,Sardar Vallabhbhai Patel International Airport,BOM,Chhatrapati Shivaji Maharaj International Airport Mumbai,2026-09-12 21:25:00,2026-09-12 23:00:00,95,Airbus A321neo,Economy,28 in,f,"['"Below average legroom (28 in)'", '"Carbon emissions estimate: 48 kg'"]",2026-09-12 18:42:43.44826
505,368,IndiGo,,6E 6187,BOM,Chhatrapati Shivaji Maharaj International Airport Mumbai,HYD,Rajiv Gandhi International Airport,2026-09-13 00:30:00,2026-09-13 02:10:00,100,Airbus A320,Economy,28 in,f,"['"Below average legroom (28 in)'", '"Carbon emissions estimate: 72 kg'"]",2026-09-12 18:42:43.44826
506,369,Air India,,AI 532,AMD,Sardar Vallabhbhai Patel International Airport,DEL,Indira Gandhi International Airport,2026-09-12 21:30:00,2026-09-12 23:40:00,130,Airbus A321,Economy,31 in,f,"['"Average legroom (31 in)'", '"Stream media to your device'", '"Carbon emissions estimate: 103 kg'"]",2026-09-12 18:42:43.451371
507,369,Air India,,AI 2577,DEL,Indira Gandhi International Airport,HYD,Rajiv Gandhi International Airport,2026-09-13 02:00:00,2026-09-13 04:20:00,140,Airbus A320neo,Economy,28 in,f,"['"Below average legroom (28 in)'", '"In-seat USB outlet'", '"Stream media to your device'", '"Carbon emissions estimate: 114 kg'"]",2026-09-12 18:42:43.451371
508,370,Air India,,AI 2546,AMD,Sardar Vallabhbhai Patel International Airport,DEL,Indira Gandhi International Airport,2026-09-12 23:00:00,2026-09-13 00:45:00,105,Airbus A320neo,Economy,28 in,f,"['"Below average legroom (28 in)'", '"In-seat USB outlet'", '"Stream media to your device'", '"Carbon emissions estimate: 78 kg'"]",2026-09-12 18:42:43.454473
509,370,Air India,,AI 2577,DEL,Indira Gandhi International Airport,HYD,Rajiv Gandhi International Airport,2026-09-13 02:00:00,2026-09-13 04:20:00,140,Airbus A320neo,Economy,28 in,f,"['"Below average legroom (28 in)'", '"In-seat USB outlet'", '"Stream media to your device'", '"Carbon emissions estimate: 114 kg'"]",2026-09-12 18:42:43.454473
510,371,IndiGo,,6E 6351,AMD,Sardar Vallabhbhai Patel International Airport,BOM,Chhatrapati Shivaji Maharaj International Airport Mumbai,2026-09-12 23:15:00,2026-09-13 00:30:00,75,Airbus A320neo,Business Class,,f,"['"Carbon emissions estimate: 79 kg'"]",2026-09-12 18:42:43.457712
511,371,IndiGo,,6E 6362,BOM,Chhatrapati Shivaji Maharaj International Airport Mumbai,HYD,Rajiv Gandhi International Airport,2026-09-13 05:45:00,2026-09-13 07:20:00,95,Airbus A321neo,Business Class,,f,"['"Standard recliner seat'", '"In-seat power & USB outlets'", '"Carbon emissions estimate: 89 kg'"]",2026-09-12 18:42:43.457712
512,372,IndiGo,,6E 996,AMD,Sardar Vallabhbhai Patel International Airport,BLR,Kempegowda International Airport Bengaluru,2026-09-12 23:00:00,2026-09-13 01:10:00,130,Airbus A321neo,Economy,28 in,f,"['"Below average legroom (28 in)'", '"Carbon emissions estimate: 94 kg'"]",2026-09-12 18:42:48.04792
513,372,IndiGo,,6E 6269,BLR,Kempegowda International Airport Bengaluru,MAA,Chennai International Airport,2026-09-13 07:15:00,2026-09-13 08:15:00,60,Airbus A321neo,Economy,28 in,f,"['"Below average legroom (28 in)'", '"Carbon emissions estimate: 35 kg'"]",2026-09-12 18:42:48.04792
514,373,IndiGo,,6E 348,AMD,Sardar Vallabhbhai Patel International Airport,MAA,Chennai International Airport,2026-09-12 21:45:00,2026-09-13 00:15:00,150,Airbus A320neo,Economy,28 in,f,"['"Below average legroom (28 in)'", '"Carbon emissions estimate: 109 kg'"]",2026-09-12 18:42:48.051645
515,374,IndiGo,,6E 6351,AMD,Sardar Vallabhbhai Patel International Airport,BOM,Chhatrapati Shivaji Maharaj International Airport Mumbai,2026-09-12 23:15:00,2026-09-13 00:30:00,75,Airbus A320neo,Business Class,,f,"['"Carbon emissions estimate: 79 kg'"]",2026-09-12 18:42:48.054423
516,374,IndiGo,,6E 5188,BOM,Chhatrapati Shivaji Maharaj International Airport Mumbai,MAA,Chennai International Airport,2026-09-13 06:15:00,2026-09-13 08:20:00,125,Airbus A321neo,Business Class,,f,"['"Standard recliner seat'", '"In-seat power & USB outlets'", '"Carbon emissions estimate: 124 kg'"]",2026-09-12 18:42:48.054423
517,375,IndiGo,,6E 319,AMD,Sardar Vallabhbhai Patel International Airport,CCU,Netaji Subhash Chandra Bose International Airport,2026-09-12 22:00:00,2026-09-13 00:40:00,160,Airbus A321neo,Economy,28 in,f,"['"Below average legroom (28 in)'", '"Carbon emissions estimate: 113 kg'"]",2026-09-12 18:43:00.755255
518,376,Air India,,AI 2546,AMD,Sardar Vallabhbhai Patel International Airport,DEL,Indira Gandhi International Airport,2026-09-12 23:00:00,2026-09-13 00:45:00,105,Airbus A320neo,Economy,28 in,f,"['"Below average legroom (28 in)'", '"In-seat USB outlet'", '"Stream media to your device'", '"Carbon emissions estimate: 78 kg'"]",2026-09-12 18:43:00.757219
519,376,Air India,,AI 2535,DEL,Indira Gandhi International Airport,CCU,Netaji Subhash Chandra Bose International Airport,2026-09-13 06:40:00,2026-09-13 08:50:00,130,Airbus A320neo,Economy,28 in,f,"['"Below average legroom (28 in)'", '"In-seat USB outlet'", '"Stream media to your device'", '"Carbon emissions estimate: 114 kg'"]",2026-09-12 18:43:00.757219
520,377,Air India,,AI 2546,AMD,Sardar Vallabhbhai Patel International Airport,DEL,Indira Gandhi International Airport,2026-09-12 23:00:00,2026-09-13 00:45:00,105,Airbus A320neo,Economy,28 in,f,"['"Below average legroom (28 in)'", '"In-seat USB outlet'", '"Stream media to your device'", '"Carbon emissions estimate: 78 kg'"]",2026-09-12 18:43:00.759876
521,377,Air India,,AI 2702,DEL,Indira Gandhi International Airport,CCU,Netaji Subhash Chandra Bose International Airport,2026-09-13 02:30:00,2026-09-13 04:50:00,140,Airbus A320neo,Economy,28 in,f,"['"Below average legroom (28 in)'", '"In-seat USB outlet'", '"Stream media to your device'", '"Carbon emissions estimate: 114 kg'"]",2026-09-12 18:43:00.759876
522,378,IndiGo,,6E 7187,AMD,Sardar Vallabhbhai Patel International Airport,IDR,"Devi Ahilyabai Holkar International Airport, Indore",2026-09-12 20:10:00,2026-09-12 21:30:00,80,ATR 72,Economy,28 in,f,"['"Below average legroom (28 in)'", '"Carbon emissions estimate: 37 kg'"]",2026-09-12 18:43:04.946862
523,378,IndiGo,,6E 120,IDR,"Devi Ahilyabai Holkar International Airport, Indore",PNQ,Pune International Airport,2026-09-13 03:20:00,2026-09-13 04:35:00,75,Airbus A320neo,Economy,28 in,f,"['"Below average legroom (28 in)'", '"Carbon emissions estimate: 53 kg'"]",2026-09-12 18:43:04.946862
524,379,Akasa Air,,QP 1917,AMD,Sardar Vallabhbhai Patel International Airport,PNQ,Pune International Airport,2026-09-12 20:40:00,2026-09-12 22:10:00,90,Boeing 737MAX 8 Passenger,Economy,28 in,f,"['"Below average legroom (28 in)'", '"In-seat USB outlet'", '"Carbon emissions estimate: 53 kg'"]",2026-09-12 18:43:04.949984
525,380,IndiGo,,6E 794,AMD,Sardar Vallabhbhai Patel International Airport,PNQ,Pune International Airport,2026-09-12 20:45:00,2026-09-12 22:00:00,75,Airbus A320neo,Economy,28 in,f,"['"Below average legroom (28 in)'", '"Carbon emissions estimate: 54 kg'"]",2026-09-12 18:43:04.952485
526,381,Air India,,AI 2546,AMD,Sardar Vallabhbhai Patel International Airport,DEL,Indira Gandhi International Airport,2026-09-12 23:00:00,2026-09-13 00:45:00,105,Airbus A320neo,Economy,28 in,f,"['"Below average legroom (28 in)'", '"In-seat USB outlet'", '"Stream media to your device'", '"Carbon emissions estimate: 78 kg'"]",2026-09-12 18:43:04.955099
527,381,Air India,,AI 2711,DEL,Indira Gandhi International Airport,PNQ,Pune International Airport,2026-09-13 02:00:00,2026-09-13 04:15:00,135,Airbus A320neo,Economy,28 in,f,"['"Below average legroom (28 in)'", '"In-seat USB outlet'", '"Stream media to your device'", '"Carbon emissions estimate: 105 kg'"]",2026-09-12 18:43:04.955099
528,382,IndiGo,,6E 868,AMD,Sardar Vallabhbhai Patel International Airport,BOM,Chhatrapati Shivaji Maharaj International Airport Mumbai,2026-09-12 21:25:00,2026-09-12 23:00:00,95,Airbus A321neo,Economy,28 in,f,"['"Below average legroom (28 in)'", '"Carbon emissions estimate: 48 kg'"]",2026-09-12 18:43:09.868809
529,382,IndiGo,,6E 6701,BOM,Chhatrapati Shivaji Maharaj International Airport Mumbai,COK,Cochin International Airport,2026-09-13 05:35:00,2026-09-13 07:30:00,115,Airbus A321neo,Economy,28 in,f,"['"Below average legroom (28 in)'", '"Carbon emissions estimate: 80 kg'"]",2026-09-12 18:43:09.868809
530,383,IndiGo,,6E 6351,AMD,Sardar Vallabhbhai Patel International Airport,BOM,Chhatrapati Shivaji Maharaj International Airport Mumbai,2026-09-12 23:15:00,2026-09-13 00:30:00,75,Airbus A320neo,Economy,28 in,f,"['"Below average legroom (28 in)'", '"Carbon emissions estimate: 53 kg'"]",2026-09-12 18:43:09.872703
531,383,IndiGo,,6E 6701,BOM,Chhatrapati Shivaji Maharaj International Airport Mumbai,COK,Cochin International Airport,2026-09-13 05:35:00,2026-09-13 07:30:00,115,Airbus A321neo,Economy,28 in,f,"['"Below average legroom (28 in)'", '"Carbon emissions estimate: 80 kg'"]",2026-09-12 18:43:09.872703
532,384,IndiGo,,6E 794,AMD,Sardar Vallabhbhai Patel International Airport,PNQ,Pune International Airport,2026-09-12 20:45:00,2026-09-12 22:00:00,75,Airbus A320neo,Economy,28 in,f,"['"Below average legroom (28 in)'", '"Carbon emissions estimate: 54 kg'"]",2026-09-12 18:43:09.876209
533,384,IndiGo,,6E 6129,PNQ,Pune International Airport,COK,Cochin International Airport,2026-09-13 03:05:00,2026-09-13 04:50:00,105,Airbus A320neo,Economy,28 in,f,"['"Below average legroom (28 in)'", '"Carbon emissions estimate: 80 kg'"]",2026-09-12 18:43:09.876209
534,385,IndiGo,,6E 868,AMD,Sardar Vallabhbhai Patel International Airport,BOM,Chhatrapati Shivaji Maharaj International Airport Mumbai,2026-09-12 21:25:00,2026-09-12 23:00:00,95,Airbus A321neo,Economy,28 in,f,"['"Below average legroom (28 in)'", '"Carbon emissions estimate: 48 kg'"]",2026-09-12 18:43:19.139651
535,385,IndiGo,,6E 6361,BOM,Chhatrapati Shivaji Maharaj International Airport Mumbai,GOI,Goa Dabolim International Airport,2026-09-13 05:00:00,2026-09-13 06:05:00,65,Airbus A321neo,Economy,28 in,f,"['"Below average legroom (28 in)'", '"Carbon emissions estimate: 44 kg'"]",2026-09-12 18:43:19.139651
536,386,IndiGo,,6E 6351,AMD,Sardar Vallabhbhai Patel International Airport,BOM,Chhatrapati Shivaji Maharaj International Airport Mumbai,2026-09-12 23:15:00,2026-09-13 00:30:00,75,Airbus A320neo,Economy,28 in,f,"['"Below average legroom (28 in)'", '"Carbon emissions estimate: 53 kg'"]",2026-09-12 18:43:19.145658
537,386,IndiGo,,6E 6361,BOM,Chhatrapati Shivaji Maharaj International Airport Mumbai,GOI,Goa Dabolim International Airport,2026-09-13 05:00:00,2026-09-13 06:05:00,65,Airbus A321neo,Economy,28 in,f,"['"Below average legroom (28 in)'", '"Carbon emissions estimate: 44 kg'"]",2026-09-12 18:43:19.145658
538,387,Air India,,AI 2546,AMD,Sardar Vallabhbhai Patel International Airport,DEL,Indira Gandhi International Airport,2026-09-12 23:00:00,2026-09-13 00:45:00,105,Airbus A320neo,Economy,28 in,f,"['"Below average legroom (28 in)'", '"In-seat USB outlet'", '"Stream media to your device'", '"Carbon emissions estimate: 78 kg'"]",2026-09-12 18:43:19.149296
539,387,Air India Express,,IX 1108,DEL,Indira Gandhi International Airport,GOI,Goa Dabolim International Airport,2026-09-13 05:00:00,2026-09-13 07:25:00,145,Airbus A321,Economy,28 in,f,"['"Below average legroom (28 in)'", '"Carbon emissions estimate: 145 kg'"]",2026-09-12 18:43:19.149296
540,388,Air India,,AI 2494,AMD,Sardar Vallabhbhai Patel International Airport,BOM,Chhatrapati Shivaji Maharaj International Airport Mumbai,2026-09-12 21:00:00,2026-09-12 22:40:00,100,Airbus A321,Economy,31 in,f,"['"Average legroom (31 in)'", '"Stream media to your device'", '"Carbon emissions estimate: 78 kg'"]",2026-09-12 18:43:19.152899
541,388,Air India Express,,IX 1238,BOM,Chhatrapati Shivaji Maharaj International Airport Mumbai,GOI,Goa Dabolim International Airport,2026-09-13 12:25:00,2026-09-13 13:45:00,80,Boeing 737,Economy,30 in,f,"['"Average legroom (30 in)'", '"Carbon emissions estimate: 55 kg'"]",2026-09-12 18:43:19.152899
542,389,Air India,,AI 532,AMD,Sardar Vallabhbhai Patel International Airport,DEL,Indira Gandhi International Airport,2026-09-12 21:30:00,2026-09-12 23:40:00,130,Airbus A321,Economy,31 in,f,"['"Average legroom (31 in)'", '"Stream media to your device'", '"Carbon emissions estimate: 103 kg'"]",2026-09-12 18:43:19.157032
543,389,Air India Express,,IX 1108,DEL,Indira Gandhi International Airport,GOI,Goa Dabolim International Airport,2026-09-13 05:00:00,2026-09-13 07:25:00,145,Airbus A321,Economy,28 in,f,"['"Below average legroom (28 in)'", '"Carbon emissions estimate: 145 kg'"]",2026-09-12 18:43:19.157032
544,390,Air India,,AI 532,AMD,Sardar Vallabhbhai Patel International Airport,DEL,Indira Gandhi International Airport,2026-09-12 21:30:00,2026-09-12 23:40:00,130,Airbus A321,Economy,31 in,f,"['"Average legroom (31 in)'", '"Stream media to your device'", '"Carbon emissions estimate: 103 kg'"]",2026-09-12 18:43:19.161049
545,390,Air India,,AI 487,DEL,Indira Gandhi International Airport,GOI,Goa Dabolim International Airport,2026-09-13 16:00:00,2026-09-13 18:30:00,150,Airbus A320neo,Economy,28 in,t,"['"Below average legroom (28 in)'", '"In-seat USB outlet'", '"Stream media to your device'", '"Carbon emissions estimate: 130 kg'"]",2026-09-12 18:43:19.161049
546,391,Air India,,AI 2494,AMD,Sardar Vallabhbhai Patel International Airport,BOM,Chhatrapati Shivaji Maharaj International Airport Mumbai,2026-09-12 21:00:00,2026-09-12 22:40:00,100,Airbus A321,Economy,31 in,f,"['"Average legroom (31 in)'", '"Stream media to your device'", '"Carbon emissions estimate: 78 kg'"]",2026-09-12 18:43:19.163852
547,391,Air India,,AI 603,BOM,Chhatrapati Shivaji Maharaj International Airport Mumbai,GOI,Goa Dabolim International Airport,2026-09-13 05:10:00,2026-09-13 06:30:00,80,Airbus A320neo,Economy,28 in,f,"['"Below average legroom (28 in)'", '"In-seat USB outlet'", '"Stream media to your device'", '"Carbon emissions estimate: 55 kg'"]",2026-09-12 18:43:19.163852
548,392,Air India,,AI 2546,AMD,Sardar Vallabhbhai Patel International Airport,DEL,Indira Gandhi International Airport,2026-09-12 23:00:00,2026-09-13 00:45:00,105,Airbus A320neo,Economy,28 in,f,"['"Below average legroom (28 in)'", '"In-seat USB outlet'", '"Stream media to your device'", '"Carbon emissions estimate: 78 kg'"]",2026-09-12 18:43:19.166882
549,392,Air India,,AI 2627,DEL,Indira Gandhi International Airport,GOI,Goa Dabolim International Airport,2026-09-13 10:45:00,2026-09-13 13:30:00,165,Airbus A320neo,Economy,28 in,f,"['"Below average legroom (28 in)'", '"In-seat USB outlet'", '"Stream media to your device'", '"Carbon emissions estimate: 130 kg'"]",2026-09-12 18:43:19.166882
550,393,IndiGo,,6E 472,COK,Cochin International Airport,BLR,Kempegowda International Airport Bengaluru,2026-09-12 21:40:00,2026-09-12 22:50:00,70,Airbus A321neo,Economy,28 in,f,"['"Below average legroom (28 in)'", '"Carbon emissions estimate: 42 kg'"]",2026-09-12 18:43:23.858013
551,394,Air India,,AI 699,COK,Cochin International Airport,BOM,Chhatrapati Shivaji Maharaj International Airport Mumbai,2026-09-12 20:00:00,2026-09-12 22:25:00,145,Airbus A319,Economy,31 in,f,"['"Average legroom (31 in)'", '"Stream media to your device'", '"Carbon emissions estimate: 143 kg'"]",2026-09-12 18:43:23.860981
552,394,Air India,,AI 2857,BOM,Chhatrapati Shivaji Maharaj International Airport Mumbai,BLR,Kempegowda International Airport Bengaluru,2026-09-12 23:30:00,2026-09-13 01:35:00,125,Airbus A320neo,Economy,28 in,f,"['"Below average legroom (28 in)'", '"In-seat USB outlet'", '"Stream media to your device'", '"Carbon emissions estimate: 83 kg'"]",2026-09-12 18:43:23.860981
553,395,Air India Express,,IX 1816,COK,Cochin International Airport,DEL,Indira Gandhi International Airport,2026-09-12 23:00:00,2026-09-13 02:20:00,200,Airbus A321,Economy,28 in,t,"['"Below average legroom (28 in)'", '"Carbon emissions estimate: 184 kg'"]",2026-09-12 18:43:31.149815
554,396,IndiGo,,6E 2382,COK,Cochin International Airport,DEL,Indira Gandhi International Airport,2026-09-12 21:00:00,2026-09-13 00:15:00,195,Airbus A320neo,Economy,28 in,f,"['"Below average legroom (28 in)'", '"Carbon emissions estimate: 147 kg'"]",2026-09-12 18:43:31.15278
555,397,Air India,,AI 1828,COK,Cochin International Airport,DEL,Indira Gandhi International Airport,2026-09-12 21:05:00,2026-09-13 00:30:00,205,Airbus A320neo,Economy,28 in,f,"['"Below average legroom (28 in)'", '"In-seat USB outlet'", '"Stream media to your device'", '"Carbon emissions estimate: 165 kg'"]",2026-09-12 18:43:31.155339
556,398,Air India Express,,IX 2720,COK,Cochin International Airport,PNQ,Pune International Airport,2026-09-12 23:05:00,2026-09-13 01:00:00,115,Boeing 737,Economy,29 in,f,"['"Below average legroom (29 in)'", '"Carbon emissions estimate: 109 kg'"]",2026-09-12 18:43:31.158078
557,398,Air India Express,,IX 1672,PNQ,Pune International Airport,DEL,Indira Gandhi International Airport,2026-09-13 07:40:00,2026-09-13 10:10:00,150,Boeing 737MAX 8 Passenger,Economy,30 in,f,"['"Average legroom (30 in)'", '"In-seat USB outlet'", '"Carbon emissions estimate: 113 kg'"]",2026-09-12 18:43:31.158078
558,399,Air India Express,,IX 2720,COK,Cochin International Airport,PNQ,Pune International Airport,2026-09-12 23:05:00,2026-09-13 01:00:00,115,Boeing 737,Economy,29 in,f,"['"Below average legroom (29 in)'", '"Carbon emissions estimate: 109 kg'"]",2026-09-12 18:43:31.161468
559,399,Air India,,AI 2712,PNQ,Pune International Airport,DEL,Indira Gandhi International Airport,2026-09-13 04:55:00,2026-09-13 07:15:00,140,Airbus A320neo,Economy,28 in,f,"['"Below average legroom (28 in)'", '"In-seat USB outlet'", '"Stream media to your device'", '"Carbon emissions estimate: 111 kg'"]",2026-09-12 18:43:31.161468
560,400,Air India Express,,IX 1802,COK,Cochin International Airport,BOM,Chhatrapati Shivaji Maharaj International Airport Mumbai,2026-09-12 22:50:00,2026-09-13 01:15:00,145,Airbus A320,Economy,28 in,f,"['"Below average legroom (28 in)'", '"Carbon emissions estimate: 117 kg'"]",2026-09-12 18:43:42.829657
561,401,Air India Express,,IX 1816,COK,Cochin International Airport,DEL,Indira Gandhi International Airport,2026-09-12 23:00:00,2026-09-13 02:20:00,200,Airbus A320,Economy,28 in,t,"['"Below average legroom (28 in)'", '"Carbon emissions estimate: 184 kg'"]",2026-09-12 18:43:42.832074
562,401,Air India Express,,IX 1056,DEL,Indira Gandhi International Airport,BOM,Chhatrapati Shivaji Maharaj International Airport Mumbai,2026-09-13 05:35:00,2026-09-13 08:05:00,150,Boeing 737,Economy,29 in,t,"['"Below average legroom (29 in)'", '"In-seat USB outlet'", '"Carbon emissions estimate: 100 kg'"]",2026-09-12 18:43:42.832074
563,402,IndiGo,,6E 2094,COK,Cochin International Airport,BOM,Chhatrapati Shivaji Maharaj International Airport Mumbai,2026-09-12 19:55:00,2026-09-12 22:00:00,125,Airbus A321neo,Economy,28 in,f,"['"Below average legroom (28 in)'", '"Carbon emissions estimate: 85 kg'"]",2026-09-12 18:43:42.834939
564,403,Air India,,AI 699,COK,Cochin International Airport,BOM,Chhatrapati Shivaji Maharaj International Airport Mumbai,2026-09-12 20:00:00,2026-09-12 22:25:00,145,Airbus A319,Economy,31 in,f,"['"Average legroom (31 in)'", '"Stream media to your device'", '"Carbon emissions estimate: 143 kg'"]",2026-09-12 18:43:42.83733
565,404,Air India Express,,IX 1816,COK,Cochin International Airport,DEL,Indira Gandhi International Airport,2026-09-12 23:00:00,2026-09-13 02:20:00,200,Airbus A320,Economy,28 in,t,"['"Below average legroom (28 in)'", '"Carbon emissions estimate: 184 kg'"]",2026-09-12 18:43:42.838981
566,404,Air India,,AI 2678,DEL,Indira Gandhi International Airport,BOM,Chhatrapati Shivaji Maharaj International Airport Mumbai,2026-09-13 08:30:00,2026-09-13 10:45:00,135,Airbus A320neo,Economy,28 in,f,"['"Below average legroom (28 in)'", '"In-seat USB outlet'", '"Stream media to your device'", '"Carbon emissions estimate: 102 kg'"]",2026-09-12 18:43:42.838981
567,405,Air India Express,,IX 1816,COK,Cochin International Airport,DEL,Indira Gandhi International Airport,2026-09-12 23:00:00,2026-09-13 02:20:00,200,Airbus A320,Economy,28 in,t,"['"Below average legroom (28 in)'", '"Carbon emissions estimate: 184 kg'"]",2026-09-12 18:43:42.840716
568,405,Air India,,AI 1745,DEL,Indira Gandhi International Airport,BOM,Chhatrapati Shivaji Maharaj International Airport Mumbai,2026-09-13 05:00:00,2026-09-13 07:20:00,140,Airbus A320neo,Economy,28 in,f,"['"Below average legroom (28 in)'", '"In-seat USB outlet'", '"Stream media to your device'", '"Carbon emissions estimate: 102 kg'"]",2026-09-12 18:43:42.840716
569,406,Air India,,AI 1828,COK,Cochin International Airport,DEL,Indira Gandhi International Airport,2026-09-12 21:05:00,2026-09-13 00:30:00,205,Airbus A320neo,Economy,28 in,f,"['"Below average legroom (28 in)'", '"In-seat USB outlet'", '"Stream media to your device'", '"Carbon emissions estimate: 165 kg'"]",2026-09-12 18:43:56.405383
570,406,Air India,,AI 2577,DEL,Indira Gandhi International Airport,HYD,Rajiv Gandhi International Airport,2026-09-13 02:00:00,2026-09-13 04:20:00,140,Airbus A320neo,Economy,28 in,f,"['"Below average legroom (28 in)'", '"In-seat USB outlet'", '"Stream media to your device'", '"Carbon emissions estimate: 114 kg'"]",2026-09-12 18:43:56.405383
571,407,Etihad,,EY 335,COK,Cochin International Airport,AUH,Zayed International Airport,2026-09-12 22:10:00,2026-09-13 00:35:00,235,Airbus A321,Economy,30 in,f,"['"Average legroom (30 in)'", '"Wi-Fi for a fee'", '"In-seat USB outlet'", '"Stream media to your device'", '"Carbon emissions estimate: 247 kg'"]",2026-09-12 18:44:04.706774
572,407,Akasa Air,,QP 587,AUH,Zayed International Airport,MAA,Chennai International Airport,2026-09-13 08:45:00,2026-09-13 14:40:00,265,Boeing 737MAX 8 Passenger,Economy,,f,"['"Carbon emissions estimate: 196 kg'"]",2026-09-12 18:44:04.706774
573,408,Air India Express,,IX 1816,COK,Cochin International Airport,DEL,Indira Gandhi International Airport,2026-09-12 23:00:00,2026-09-13 02:20:00,200,Airbus A321,Economy,28 in,t,"['"Below average legroom (28 in)'", '"Carbon emissions estimate: 184 kg'"]",2026-09-12 18:44:04.711805
574,408,Air India,,AI 2833,DEL,Indira Gandhi International Airport,MAA,Chennai International Airport,2026-09-13 07:30:00,2026-09-13 10:20:00,170,Airbus A320neo,Economy,28 in,f,"['"Below average legroom (28 in)'", '"In-seat USB outlet'", '"Stream media to your device'", '"Carbon emissions estimate: 145 kg'"]",2026-09-12 18:44:04.711805
575,409,IndiGo,,6E 6922,COK,Cochin International Airport,BLR,Kempegowda International Airport Bengaluru,2026-09-12 19:35:00,2026-09-12 20:50:00,75,Airbus A321neo,Economy,28 in,f,"['"Below average legroom (28 in)'", '"Carbon emissions estimate: 42 kg'"]",2026-09-12 18:44:07.841129
576,409,IndiGo,,6E 952,BLR,Kempegowda International Airport Bengaluru,CCU,Netaji Subhash Chandra Bose International Airport,2026-09-12 22:20:00,2026-09-13 01:00:00,160,Airbus A321neo,Economy,28 in,f,"['"Below average legroom (28 in)'", '"Carbon emissions estimate: 111 kg'"]",2026-09-12 18:44:07.841129
577,410,Air India,,AI 1828,COK,Cochin International Airport,DEL,Indira Gandhi International Airport,2026-09-12 21:05:00,2026-09-13 00:30:00,205,Airbus A320neo,Economy,28 in,f,"['"Below average legroom (28 in)'", '"In-seat USB outlet'", '"Stream media to your device'", '"Carbon emissions estimate: 165 kg'"]",2026-09-12 18:44:07.842589
578,410,Air India,,AI 2702,DEL,Indira Gandhi International Airport,CCU,Netaji Subhash Chandra Bose International Airport,2026-09-13 02:30:00,2026-09-13 04:50:00,140,Airbus A320neo,Economy,28 in,f,"['"Below average legroom (28 in)'", '"In-seat USB outlet'", '"Stream media to your device'", '"Carbon emissions estimate: 114 kg'"]",2026-09-12 18:44:07.842589
579,411,IndiGo,,6E 472,COK,Cochin International Airport,BLR,Kempegowda International Airport Bengaluru,2026-09-12 21:40:00,2026-09-12 22:50:00,70,Airbus A321neo,Economy,28 in,f,"['"Below average legroom (28 in)'", '"Carbon emissions estimate: 42 kg'"]",2026-09-12 18:44:11.645202
580,411,IndiGo,,6E 408,BLR,Kempegowda International Airport Bengaluru,PNQ,Pune International Airport,2026-09-13 04:30:00,2026-09-13 06:00:00,90,Airbus A321neo,Economy,28 in,f,"['"Below average legroom (28 in)'", '"Carbon emissions estimate: 61 kg'"]",2026-09-12 18:44:11.645202
581,412,IndiGo,,6E 472,COK,Cochin International Airport,BLR,Kempegowda International Airport Bengaluru,2026-09-12 21:40:00,2026-09-12 22:50:00,70,Airbus A321neo,Economy,28 in,f,"['"Below average legroom (28 in)'", '"Carbon emissions estimate: 42 kg'"]",2026-09-12 18:44:11.650158
582,412,IndiGo,,6E 6876,BLR,Kempegowda International Airport Bengaluru,PNQ,Pune International Airport,2026-09-13 02:40:00,2026-09-13 04:05:00,85,Airbus A321neo,Economy,28 in,f,"['"Below average legroom (28 in)'", '"Carbon emissions estimate: 61 kg'"]",2026-09-12 18:44:11.650158
583,413,IndiGo,,6E 472,COK,Cochin International Airport,BLR,Kempegowda International Airport Bengaluru,2026-09-12 21:40:00,2026-09-12 22:50:00,70,Airbus A321neo,Economy,28 in,f,"['"Below average legroom (28 in)'", '"Carbon emissions estimate: 42 kg'"]",2026-09-12 18:44:11.653461
584,413,IndiGo,,6E 6563,BLR,Kempegowda International Airport Bengaluru,PNQ,Pune International Airport,2026-09-13 01:05:00,2026-09-13 02:35:00,90,Airbus A321neo,Economy,28 in,f,"['"Below average legroom (28 in)'", '"Carbon emissions estimate: 61 kg'"]",2026-09-12 18:44:11.653461
585,414,Air India Express,,IX 2720,COK,Cochin International Airport,PNQ,Pune International Airport,2026-09-12 23:05:00,2026-09-13 01:00:00,115,Boeing 737,Economy,29 in,f,"['"Below average legroom (29 in)'", '"Carbon emissions estimate: 109 kg'"]",2026-09-12 18:44:11.656714
586,415,IndiGo,,6E 472,COK,Cochin International Airport,BLR,Kempegowda International Airport Bengaluru,2026-09-12 21:40:00,2026-09-12 22:50:00,70,Airbus A321neo,Economy,28 in,f,"['"Below average legroom (28 in)'", '"Carbon emissions estimate: 42 kg'"]",2026-09-12 18:44:17.811554
587,415,IndiGo,,6E 586,BLR,Kempegowda International Airport Bengaluru,AMD,Sardar Vallabhbhai Patel International Airport,2026-09-13 05:10:00,2026-09-13 07:20:00,130,Airbus A321neo,Economy,28 in,f,"['"Below average legroom (28 in)'", '"Carbon emissions estimate: 92 kg'"]",2026-09-12 18:44:17.811554
588,416,Air India Express,,IX 1816,COK,Cochin International Airport,DEL,Indira Gandhi International Airport,2026-09-12 23:00:00,2026-09-13 02:20:00,200,Airbus A320,Economy,28 in,t,"['"Below average legroom (28 in)'", '"Carbon emissions estimate: 184 kg'"]",2026-09-12 18:44:17.815316
589,416,Air India,,AI 817,DEL,Indira Gandhi International Airport,AMD,Sardar Vallabhbhai Patel International Airport,2026-09-13 05:55:00,2026-09-13 07:35:00,100,Airbus A321,Economy,31 in,f,"['"Average legroom (31 in)'", '"Stream media to your device'", '"Carbon emissions estimate: 100 kg'"]",2026-09-12 18:44:17.815316
590,417,IndiGo,,6E 472,COK,Cochin International Airport,BLR,Kempegowda International Airport Bengaluru,2026-09-12 21:40:00,2026-09-12 22:50:00,70,Airbus A321neo,Economy,28 in,f,"['"Below average legroom (28 in)'", '"Carbon emissions estimate: 42 kg'"]",2026-09-12 18:44:21.460136
591,417,IndiGo,,6E 194,BLR,Kempegowda International Airport Bengaluru,GOI,Goa Dabolim International Airport,2026-09-13 06:05:00,2026-09-13 07:20:00,75,Airbus A321neo,Economy,28 in,f,"['"Below average legroom (28 in)'", '"Carbon emissions estimate: 48 kg'"]",2026-09-12 18:44:21.460136
592,418,Air India Express,,IX 1802,COK,Cochin International Airport,BOM,Chhatrapati Shivaji Maharaj International Airport Mumbai,2026-09-12 22:50:00,2026-09-13 01:15:00,145,Airbus A320,Economy,28 in,f,"['"Below average legroom (28 in)'", '"Carbon emissions estimate: 117 kg'"]",2026-09-12 18:44:21.46399
593,418,Air India,,AI 603,BOM,Chhatrapati Shivaji Maharaj International Airport Mumbai,GOI,Goa Dabolim International Airport,2026-09-13 05:10:00,2026-09-13 06:30:00,80,Airbus A320neo,Business Class,,f,"['"Extra reclining seat'", '"In-seat power & USB outlets'", '"Stream media to your device'", '"Carbon emissions estimate: 83 kg'"]",2026-09-12 18:44:21.46399
594,419,IndiGo,,6E 6557,GOI,Goa Dabolim International Airport,BLR,Kempegowda International Airport Bengaluru,2026-09-12 20:55:00,2026-09-12 22:15:00,80,Airbus A321neo,Economy,28 in,f,"['"Below average legroom (28 in)'", '"Carbon emissions estimate: 48 kg'"]",2026-09-12 18:44:35.120442
595,420,Air India,,AI 2506,GOI,Goa Dabolim International Airport,BOM,Chhatrapati Shivaji Maharaj International Airport Mumbai,2026-09-12 21:30:00,2026-09-12 23:10:00,100,Airbus A320neo,Economy,28 in,f,"['"Below average legroom (28 in)'", '"In-seat USB outlet'", '"Stream media to your device'", '"Carbon emissions estimate: 55 kg'"]",2026-09-12 18:44:35.123348
596,420,Air India,,AI 2603,BOM,Chhatrapati Shivaji Maharaj International Airport Mumbai,BLR,Kempegowda International Airport Bengaluru,2026-09-13 06:35:00,2026-09-13 08:35:00,120,Airbus A320neo,Economy,28 in,f,"['"Below average legroom (28 in)'", '"In-seat USB outlet'", '"Stream media to your device'", '"Carbon emissions estimate: 83 kg'"]",2026-09-12 18:44:35.123348
597,421,Air India,,AI 2506,GOI,Goa Dabolim International Airport,BOM,Chhatrapati Shivaji Maharaj International Airport Mumbai,2026-09-12 21:30:00,2026-09-12 23:10:00,100,Airbus A320neo,Economy,28 in,f,"['"Below average legroom (28 in)'", '"In-seat USB outlet'", '"Stream media to your device'", '"Carbon emissions estimate: 55 kg'"]",2026-09-12 18:44:35.126208
598,421,Air India,,AI 2812,BOM,Chhatrapati Shivaji Maharaj International Airport Mumbai,BLR,Kempegowda International Airport Bengaluru,2026-09-13 02:05:00,2026-09-13 04:10:00,125,Airbus A320neo,Economy,28 in,f,"['"Below average legroom (28 in)'", '"In-seat USB outlet'", '"Stream media to your device'", '"Carbon emissions estimate: 83 kg'"]",2026-09-12 18:44:35.126208
599,422,Air India Express,,IX 2004,GOI,Goa Dabolim International Airport,BLR,Kempegowda International Airport Bengaluru,2026-09-12 19:00:00,2026-09-12 20:10:00,70,Boeing 737MAX 8 Passenger,Economy,29 in,t,"['"Below average legroom (29 in)'", '"In-seat USB outlet'", '"Carbon emissions estimate: 58 kg'"]",2026-09-12 18:44:35.12911
600,423,IndiGo,,6E 5008,GOI,Goa Dabolim International Airport,DEL,Indira Gandhi International Airport,2026-09-12 22:30:00,2026-09-13 01:10:00,160,Airbus A321neo,Economy,28 in,f,"['"Below average legroom (28 in)'", '"Carbon emissions estimate: 109 kg'"]",2026-09-12 18:44:48.846454
601,424,IndiGo,,6E 6177,GOI,Goa Dabolim International Airport,HYD,Rajiv Gandhi International Airport,2026-09-12 20:05:00,2026-09-12 21:15:00,70,Airbus A321neo,Economy,28 in,f,"['"Below average legroom (28 in)'", '"Carbon emissions estimate: 51 kg'"]",2026-09-12 18:44:52.63849
602,424,IndiGo,,6E 5143,HYD,Rajiv Gandhi International Airport,BOM,Chhatrapati Shivaji Maharaj International Airport Mumbai,2026-09-13 03:00:00,2026-09-13 04:35:00,95,Airbus A320,Economy,28 in,f,"['"Below average legroom (28 in)'", '"Carbon emissions estimate: 74 kg'"]",2026-09-12 18:44:52.63849
603,425,IndiGo,,6E 6177,GOI,Goa Dabolim International Airport,HYD,Rajiv Gandhi International Airport,2026-09-12 20:05:00,2026-09-12 21:15:00,70,Airbus A321neo,Economy,28 in,f,"['"Below average legroom (28 in)'", '"Carbon emissions estimate: 51 kg'"]",2026-09-12 18:44:52.642384
604,425,IndiGo,,6E 6363,HYD,Rajiv Gandhi International Airport,BOM,Chhatrapati Shivaji Maharaj International Airport Mumbai,2026-09-12 23:30:00,2026-09-13 01:00:00,90,Airbus A321neo,Economy,28 in,f,"['"Below average legroom (28 in)'", '"Carbon emissions estimate: 60 kg'"]",2026-09-12 18:44:52.642384
605,426,Air India,,AI 2506,GOI,Goa Dabolim International Airport,BOM,Chhatrapati Shivaji Maharaj International Airport Mumbai,2026-09-12 21:30:00,2026-09-12 23:10:00,100,Airbus A320neo,Economy,28 in,f,"['"Below average legroom (28 in)'", '"In-seat USB outlet'", '"Stream media to your device'", '"Carbon emissions estimate: 55 kg'"]",2026-09-12 18:44:52.646329
606,427,Air India Express,,IX 2004,GOI,Goa Dabolim International Airport,BLR,Kempegowda International Airport Bengaluru,2026-09-12 19:00:00,2026-09-12 20:10:00,70,Boeing 737,Economy,29 in,t,"['"Below average legroom (29 in)'", '"In-seat USB outlet'", '"Carbon emissions estimate: 58 kg'"]",2026-09-12 18:44:52.649434
607,427,Air India,,AI 2642,BLR,Kempegowda International Airport Bengaluru,BOM,Chhatrapati Shivaji Maharaj International Airport Mumbai,2026-09-12 21:30:00,2026-09-12 23:35:00,125,Airbus A320neo,Economy,28 in,f,"['"Below average legroom (28 in)'", '"In-seat USB outlet'", '"Stream media to your device'", '"Carbon emissions estimate: 83 kg'"]",2026-09-12 18:44:52.649434
608,428,Air India,,AI 2506,GOI,Goa Dabolim International Airport,BOM,Chhatrapati Shivaji Maharaj International Airport Mumbai,2026-09-12 21:30:00,2026-09-12 23:10:00,100,Airbus A320neo,Economy,28 in,f,"['"Below average legroom (28 in)'", '"In-seat USB outlet'", '"Stream media to your device'", '"Carbon emissions estimate: 55 kg'"]",2026-09-12 18:45:07.885339
609,428,Air India,,AI 2869,BOM,Chhatrapati Shivaji Maharaj International Airport Mumbai,HYD,Rajiv Gandhi International Airport,2026-09-13 21:25:00,2026-09-13 23:05:00,100,Airbus A320neo,Economy,28 in,f,"['"Below average legroom (28 in)'", '"In-seat USB outlet'", '"Stream media to your device'", '"Carbon emissions estimate: 70 kg'"]",2026-09-12 18:45:07.885339
610,429,Air India,,AI 2506,GOI,Goa Dabolim International Airport,BOM,Chhatrapati Shivaji Maharaj International Airport Mumbai,2026-09-12 21:30:00,2026-09-12 23:10:00,100,Airbus A320neo,Economy,28 in,f,"['"Below average legroom (28 in)'", '"In-seat USB outlet'", '"Stream media to your device'", '"Carbon emissions estimate: 55 kg'"]",2026-09-12 18:45:07.888245
611,429,Air India,,AI 2625,BOM,Chhatrapati Shivaji Maharaj International Airport Mumbai,HYD,Rajiv Gandhi International Airport,2026-09-13 06:00:00,2026-09-13 07:35:00,95,Airbus A320neo,Economy,28 in,f,"['"Below average legroom (28 in)'", '"In-seat USB outlet'", '"Stream media to your device'", '"Carbon emissions estimate: 70 kg'"]",2026-09-12 18:45:07.888245
612,430,Air India,,AI 2506,GOI,Goa Dabolim International Airport,BOM,Chhatrapati Shivaji Maharaj International Airport Mumbai,2026-09-12 21:30:00,2026-09-12 23:10:00,100,Airbus A320neo,Economy,28 in,f,"['"Below average legroom (28 in)'", '"In-seat USB outlet'", '"Stream media to your device'", '"Carbon emissions estimate: 55 kg'"]",2026-09-12 18:45:24.882113
613,430,Air India,,AI 2821,BOM,Chhatrapati Shivaji Maharaj International Airport Mumbai,MAA,Chennai International Airport,2026-09-13 06:40:00,2026-09-13 08:55:00,135,Airbus A320neo,Economy,28 in,f,"['"Below average legroom (28 in)'", '"In-seat USB outlet'", '"Stream media to your device'", '"Carbon emissions estimate: 96 kg'"]",2026-09-12 18:45:24.882113
614,431,IndiGo,,6E 985,GOI,Goa Dabolim International Airport,HYD,Rajiv Gandhi International Airport,2026-09-12 21:40:00,2026-09-12 22:50:00,70,Airbus A320neo,Economy,28 in,f,"['"Below average legroom (28 in)'", '"Carbon emissions estimate: 55 kg'"]",2026-09-12 18:45:43.457245
615,431,IndiGo,,6E 6494,HYD,Rajiv Gandhi International Airport,CCU,Netaji Subhash Chandra Bose International Airport,2026-09-13 05:55:00,2026-09-13 08:05:00,130,Airbus A321neo,Economy,28 in,f,"['"Below average legroom (28 in)'", '"Carbon emissions estimate: 92 kg'"]",2026-09-12 18:45:43.457245
616,432,Air India,,AI 2506,GOI,Goa Dabolim International Airport,BOM,Chhatrapati Shivaji Maharaj International Airport Mumbai,2026-09-12 21:30:00,2026-09-12 23:10:00,100,Airbus A320neo,Economy,28 in,f,"['"Below average legroom (28 in)'", '"In-seat USB outlet'", '"Stream media to your device'", '"Carbon emissions estimate: 55 kg'"]",2026-09-12 18:45:43.458907
617,432,Air India,,AI 2481,BOM,Chhatrapati Shivaji Maharaj International Airport Mumbai,CCU,Netaji Subhash Chandra Bose International Airport,2026-09-13 17:05:00,2026-09-13 19:55:00,170,Airbus A320neo,Economy,28 in,f,"['"Below average legroom (28 in)'", '"In-seat USB outlet'", '"Stream media to your device'", '"Carbon emissions estimate: 139 kg'"]",2026-09-12 18:45:43.458907
618,433,Air India,,AI 2506,GOI,Goa Dabolim International Airport,BOM,Chhatrapati Shivaji Maharaj International Airport Mumbai,2026-09-12 21:30:00,2026-09-12 23:10:00,100,Airbus A320neo,Economy,28 in,f,"['"Below average legroom (28 in)'", '"In-seat USB outlet'", '"Stream media to your device'", '"Carbon emissions estimate: 55 kg'"]",2026-09-12 18:45:43.46067
619,433,Air India,,AI 2471,BOM,Chhatrapati Shivaji Maharaj International Airport Mumbai,CCU,Netaji Subhash Chandra Bose International Airport,2026-09-13 11:30:00,2026-09-13 14:25:00,175,Airbus A320neo,Economy,28 in,t,"['"Below average legroom (28 in)'", '"In-seat USB outlet'", '"Stream media to your device'", '"Carbon emissions estimate: 139 kg'"]",2026-09-12 18:45:43.46067
620,434,Air India,,AI 2506,GOI,Goa Dabolim International Airport,BOM,Chhatrapati Shivaji Maharaj International Airport Mumbai,2026-09-12 21:30:00,2026-09-12 23:10:00,100,Airbus A320neo,Economy,28 in,f,"['"Below average legroom (28 in)'", '"In-seat USB outlet'", '"Stream media to your device'", '"Carbon emissions estimate: 55 kg'"]",2026-09-12 18:45:43.46287
621,434,Air India,,AI 2771,BOM,Chhatrapati Shivaji Maharaj International Airport Mumbai,CCU,Netaji Subhash Chandra Bose International Airport,2026-09-13 06:55:00,2026-09-13 09:45:00,170,Airbus A320neo,Economy,28 in,f,"['"Below average legroom (28 in)'", '"In-seat USB outlet'", '"Stream media to your device'", '"Carbon emissions estimate: 139 kg'"]",2026-09-12 18:45:43.46287
622,435,Air India,,AI 2506,GOI,Goa Dabolim International Airport,BOM,Chhatrapati Shivaji Maharaj International Airport Mumbai,2026-09-12 21:30:00,2026-09-12 23:10:00,100,Airbus A320neo,Economy,28 in,f,"['"Below average legroom (28 in)'", '"In-seat USB outlet'", '"Stream media to your device'", '"Carbon emissions estimate: 55 kg'"]",2026-09-12 18:45:58.829704
623,435,Air India,,AI 1882,BOM,Chhatrapati Shivaji Maharaj International Airport Mumbai,DEL,Indira Gandhi International Airport,2026-09-12 23:55:00,2026-09-13 02:15:00,140,Airbus A320neo,Business Class,,f,"['"Extra reclining seat'", '"In-seat power & USB outlets'", '"Stream media to your device'", '"Carbon emissions estimate: 158 kg'"]",2026-09-12 18:45:58.829704
624,435,Air India,,AI 2469,DEL,Indira Gandhi International Airport,PNQ,Pune International Airport,2026-09-13 04:45:00,2026-09-13 06:55:00,130,Airbus A321,Economy,29 in,f,"['"Below average legroom (29 in)'", '"Wi-Fi for a fee'", '"In-seat power & USB outlets'", '"On-demand video'", '"Carbon emissions estimate: 133 kg'"]",2026-09-12 18:45:58.829704
625,436,Air India,,AI 2506,GOI,Goa Dabolim International Airport,BOM,Chhatrapati Shivaji Maharaj International Airport Mumbai,2026-09-12 21:30:00,2026-09-12 23:10:00,100,Airbus A320neo,Economy,28 in,f,"['"Below average legroom (28 in)'", '"In-seat USB outlet'", '"Stream media to your device'", '"Carbon emissions estimate: 55 kg'"]",2026-09-12 18:45:58.832056
626,436,Air India,,AI 2422,BOM,Chhatrapati Shivaji Maharaj International Airport Mumbai,DEL,Indira Gandhi International Airport,2026-09-13 01:00:00,2026-09-13 03:20:00,140,Airbus A320neo,Business Class,,f,"['"Extra reclining seat'", '"In-seat power & USB outlets'", '"Stream media to your device'", '"Carbon emissions estimate: 158 kg'"]",2026-09-12 18:45:58.832056
627,436,Air India,,AI 2469,DEL,Indira Gandhi International Airport,PNQ,Pune International Airport,2026-09-13 04:45:00,2026-09-13 06:55:00,130,Airbus A321,Economy,29 in,f,"['"Below average legroom (29 in)'", '"Wi-Fi for a fee'", '"In-seat power & USB outlets'", '"On-demand video'", '"Carbon emissions estimate: 133 kg'"]",2026-09-12 18:45:58.832056
628,437,Air India,,AI 2506,GOI,Goa Dabolim International Airport,BOM,Chhatrapati Shivaji Maharaj International Airport Mumbai,2026-09-12 21:30:00,2026-09-12 23:10:00,100,Airbus A320neo,Economy,28 in,f,"['"Below average legroom (28 in)'", '"In-seat USB outlet'", '"Stream media to your device'", '"Carbon emissions estimate: 55 kg'"]",2026-09-12 18:46:15.062041
629,437,Air India,,AI 493,BOM,Chhatrapati Shivaji Maharaj International Airport Mumbai,AMD,Sardar Vallabhbhai Patel International Airport,2026-09-13 06:40:00,2026-09-13 07:50:00,70,Airbus A321,Economy,31 in,f,"['"Average legroom (31 in)'", '"Stream media to your device'", '"Carbon emissions estimate: 75 kg'"]",2026-09-12 18:46:15.062041
630,438,Air India,,AI 2506,GOI,Goa Dabolim International Airport,BOM,Chhatrapati Shivaji Maharaj International Airport Mumbai,2026-09-12 21:30:00,2026-09-12 23:10:00,100,Airbus A320neo,Economy,28 in,f,"['"Below average legroom (28 in)'", '"In-seat USB outlet'", '"Stream media to your device'", '"Carbon emissions estimate: 55 kg'"]",2026-09-12 18:46:30.445483
631,438,Air India,,AI 2787,BOM,Chhatrapati Shivaji Maharaj International Airport Mumbai,COK,Cochin International Airport,2026-09-13 06:35:00,2026-09-13 08:35:00,120,Airbus A320neo,Economy,28 in,f,"['"Below average legroom (28 in)'", '"In-seat USB outlet'", '"Stream media to your device'", '"Carbon emissions estimate: 96 kg'"]",2026-09-12 18:46:30.445483
632,439,Air India,,AI 2506,GOI,Goa Dabolim International Airport,BOM,Chhatrapati Shivaji Maharaj International Airport Mumbai,2026-09-12 21:30:00,2026-09-12 23:10:00,100,Airbus A320neo,Economy,28 in,f,"['"Below average legroom (28 in)'", '"In-seat USB outlet'", '"Stream media to your device'", '"Carbon emissions estimate: 55 kg'"]",2026-09-12 18:46:30.449238
633,439,Air India Express,,IX 1801,BOM,Chhatrapati Shivaji Maharaj International Airport Mumbai,COK,Cochin International Airport,2026-09-13 20:20:00,2026-09-13 22:20:00,120,Airbus A320,Economy,28 in,t,"['"Below average legroom (28 in)'", '"Carbon emissions estimate: 111 kg'"]",2026-09-12 18:46:30.449238
634,440,Air India,,AI 2506,GOI,Goa Dabolim International Airport,BOM,Chhatrapati Shivaji Maharaj International Airport Mumbai,2026-09-12 21:30:00,2026-09-12 23:10:00,100,Airbus A320neo,Economy,28 in,f,"['"Below average legroom (28 in)'", '"In-seat USB outlet'", '"Stream media to your device'", '"Carbon emissions estimate: 55 kg'"]",2026-09-12 18:46:30.452695
635,440,Air India Express,,IX 1810,BOM,Chhatrapati Shivaji Maharaj International Airport Mumbai,COK,Cochin International Airport,2026-09-13 13:40:00,2026-09-13 15:40:00,120,Boeing 737,Economy,30 in,t,"['"Average legroom (30 in)'", '"Carbon emissions estimate: 96 kg'"]",2026-09-12 18:46:30.452695
636,441,Air India,,AI 2506,GOI,Goa Dabolim International Airport,BOM,Chhatrapati Shivaji Maharaj International Airport Mumbai,2026-09-12 21:30:00,2026-09-12 23:10:00,100,Airbus A320neo,Economy,28 in,f,"['"Below average legroom (28 in)'", '"In-seat USB outlet'", '"Stream media to your device'", '"Carbon emissions estimate: 55 kg'"]",2026-09-12 18:46:30.455388
637,441,Air India Express,,IX 1797,BOM,Chhatrapati Shivaji Maharaj International Airport Mumbai,COK,Cochin International Airport,2026-09-13 05:05:00,2026-09-13 07:05:00,120,Airbus A320,Economy,28 in,f,"['"Below average legroom (28 in)'", '"Carbon emissions estimate: 111 kg'"]",2026-09-12 18:46:30.455388
638,442,IndiGo,,6E 2313,BLR,Kempegowda International Airport Bengaluru,DEL,Indira Gandhi International Airport,2026-09-13 23:30:00,2026-09-14 02:20:00,170,Airbus A321neo,Economy,28 in,f,"['"Below average legroom (28 in)'", '"Carbon emissions estimate: 123 kg'"]",2026-09-12 18:46:34.720281
639,443,Air India,,AI 2810,BLR,Kempegowda International Airport Bengaluru,DEL,Indira Gandhi International Airport,2026-09-13 06:00:00,2026-09-13 08:45:00,165,Airbus A320neo,Economy,28 in,f,"['"Below average legroom (28 in)'", '"In-seat USB outlet'", '"Stream media to your device'", '"Carbon emissions estimate: 143 kg'"]",2026-09-12 18:46:34.72223
640,444,Akasa Air,,QP 1823,BLR,Kempegowda International Airport Bengaluru,DEL,Indira Gandhi International Airport,2026-09-13 06:05:00,2026-09-13 08:50:00,165,Boeing 737MAX 8 Passenger,Economy,28 in,f,"['"Below average legroom (28 in)'", '"In-seat USB outlet'", '"Carbon emissions estimate: 125 kg'"]",2026-09-12 18:46:34.724033
641,445,IndiGo,,6E 836,BLR,Kempegowda International Airport Bengaluru,DEL,Indira Gandhi International Airport,2026-09-13 05:05:00,2026-09-13 07:55:00,170,Airbus A321neo,Economy,28 in,f,"['"Below average legroom (28 in)'", '"Carbon emissions estimate: 123 kg'"]",2026-09-12 18:46:34.725784
642,446,IndiGo,,6E 844,BLR,Kempegowda International Airport Bengaluru,DEL,Indira Gandhi International Airport,2026-09-13 07:00:00,2026-09-13 09:50:00,170,Airbus A321neo,Economy,28 in,f,"['"Below average legroom (28 in)'", '"Carbon emissions estimate: 123 kg'"]",2026-09-12 18:46:34.729084
643,447,IndiGo,,6E 817,BLR,Kempegowda International Airport Bengaluru,DEL,Indira Gandhi International Airport,2026-09-13 20:40:00,2026-09-13 23:30:00,170,Airbus A321neo,Economy,28 in,f,"['"Below average legroom (28 in)'", '"Carbon emissions estimate: 123 kg'"]",2026-09-12 18:46:34.731083
644,448,IndiGo,,6E 6406,BLR,Kempegowda International Airport Bengaluru,DEL,Indira Gandhi International Airport,2026-09-13 22:00:00,2026-09-14 00:50:00,170,Airbus A321neo,Economy,28 in,f,"['"Below average legroom (28 in)'", '"Carbon emissions estimate: 123 kg'"]",2026-09-12 18:46:34.733492
645,449,Air India,,AI 2414,BLR,Kempegowda International Airport Bengaluru,DEL,Indira Gandhi International Airport,2026-09-13 05:30:00,2026-09-13 08:25:00,175,Airbus A320neo,Economy,28 in,f,"['"Below average legroom (28 in)'", '"In-seat USB outlet'", '"Stream media to your device'", '"Carbon emissions estimate: 143 kg'"]",2026-09-12 18:46:34.737503
646,450,Air India,,AI 2511,BLR,Kempegowda International Airport Bengaluru,DEL,Indira Gandhi International Airport,2026-09-13 15:00:00,2026-09-13 18:00:00,180,Airbus A320neo,Economy,28 in,f,"['"Below average legroom (28 in)'", '"In-seat USB outlet'", '"Stream media to your device'", '"Carbon emissions estimate: 143 kg'"]",2026-09-12 18:46:34.740266
647,451,Air India,,AI 428,BLR,Kempegowda International Airport Bengaluru,DEL,Indira Gandhi International Airport,2026-09-13 15:30:00,2026-09-13 18:15:00,165,Boeing 787,Economy,33 in,t,"['"Above average legroom (33 in)'", '"In-seat power & USB outlets'", '"Stream media to your device'", '"Carbon emissions estimate: 143 kg'"]",2026-09-12 18:46:34.742576
648,452,Air India,,AI 2418,BLR,Kempegowda International Airport Bengaluru,DEL,Indira Gandhi International Airport,2026-09-13 16:30:00,2026-09-13 19:25:00,175,Airbus A320neo,Economy,28 in,f,"['"Below average legroom (28 in)'", '"In-seat USB outlet'", '"Stream media to your device'", '"Carbon emissions estimate: 143 kg'"]",2026-09-12 18:46:34.745231
649,453,Air India,,AI 2820,BLR,Kempegowda International Airport Bengaluru,DEL,Indira Gandhi International Airport,2026-09-13 17:25:00,2026-09-13 20:30:00,185,Airbus A320neo,Economy,28 in,f,"['"Below average legroom (28 in)'", '"In-seat USB outlet'", '"Stream media to your device'", '"Carbon emissions estimate: 143 kg'"]",2026-09-12 18:46:34.747575
650,454,Air India,,AI 2802,BLR,Kempegowda International Airport Bengaluru,DEL,Indira Gandhi International Airport,2026-09-13 18:20:00,2026-09-13 21:10:00,170,Airbus A320neo,Economy,28 in,f,"['"Below average legroom (28 in)'", '"In-seat USB outlet'", '"Stream media to your device'", '"Carbon emissions estimate: 143 kg'"]",2026-09-12 18:46:34.75013
651,455,Air India,,AI 2665,BLR,Kempegowda International Airport Bengaluru,DEL,Indira Gandhi International Airport,2026-09-13 19:40:00,2026-09-13 22:40:00,180,Airbus A321,Economy,29 in,f,"['"Below average legroom (29 in)'", '"Wi-Fi for a fee'", '"In-seat power & USB outlets'", '"On-demand video'", '"Carbon emissions estimate: 180 kg'"]",2026-09-12 18:46:34.752047
652,456,Air India,,AI 2818,BLR,Kempegowda International Airport Bengaluru,DEL,Indira Gandhi International Airport,2026-09-13 20:00:00,2026-09-13 22:45:00,165,Airbus A320neo,Economy,28 in,f,"['"Below average legroom (28 in)'", '"In-seat USB outlet'", '"Stream media to your device'", '"Carbon emissions estimate: 143 kg'"]",2026-09-12 18:46:34.75435
653,457,Air India,,AI 2488,BLR,Kempegowda International Airport Bengaluru,DEL,Indira Gandhi International Airport,2026-09-13 22:30:00,2026-09-14 01:25:00,175,Airbus A320neo,Economy,28 in,f,"['"Below average legroom (28 in)'", '"In-seat USB outlet'", '"Stream media to your device'", '"Carbon emissions estimate: 143 kg'"]",2026-09-12 18:46:34.756709
654,458,IndiGo,,6E 6034,BLR,Kempegowda International Airport Bengaluru,DEL,Indira Gandhi International Airport,2026-09-13 18:15:00,2026-09-13 21:05:00,170,Airbus A321neo,Economy,28 in,f,"['"Below average legroom (28 in)'", '"Carbon emissions estimate: 123 kg'"]",2026-09-12 18:46:34.759008
655,459,IndiGo,,6E 870,BLR,Kempegowda International Airport Bengaluru,DEL,Indira Gandhi International Airport,2026-09-13 19:30:00,2026-09-13 22:15:00,165,Airbus A321neo,Economy,28 in,f,"['"Below average legroom (28 in)'", '"Carbon emissions estimate: 123 kg'"]",2026-09-12 18:46:34.761684
656,460,Akasa Air,,QP 1811,BLR,Kempegowda International Airport Bengaluru,DEL,Indira Gandhi International Airport,2026-09-13 04:10:00,2026-09-13 07:00:00,170,Boeing 737MAX 8 Passenger,Economy,28 in,f,"['"Below average legroom (28 in)'", '"In-seat USB outlet'", '"Carbon emissions estimate: 125 kg'"]",2026-09-12 18:46:34.764512
657,461,Akasa Air,,QP 1359,BLR,Kempegowda International Airport Bengaluru,DEL,Indira Gandhi International Airport,2026-09-13 05:00:00,2026-09-13 07:50:00,170,Boeing 737MAX 8 Passenger,Economy,28 in,f,"['"Below average legroom (28 in)'", '"In-seat USB outlet'", '"Carbon emissions estimate: 120 kg'"]",2026-09-12 18:46:34.767005
658,462,Air India,,AI 2406,BLR,Kempegowda International Airport Bengaluru,DEL,Indira Gandhi International Airport,2026-09-13 11:00:00,2026-09-13 14:00:00,180,Airbus A321,Economy,29 in,f,"['"Below average legroom (29 in)'", '"Wi-Fi for a fee'", '"In-seat power & USB outlets'", '"On-demand video'", '"Carbon emissions estimate: 180 kg'"]",2026-09-12 18:46:34.76939
659,463,IndiGo,,6E 849,BLR,Kempegowda International Airport Bengaluru,DEL,Indira Gandhi International Airport,2026-09-13 08:15:00,2026-09-13 11:05:00,170,Airbus A321neo,Economy,28 in,f,"['"Below average legroom (28 in)'", '"Carbon emissions estimate: 123 kg'"]",2026-09-12 18:46:34.771854
660,464,IndiGo,,6E 830,BLR,Kempegowda International Airport Bengaluru,DEL,Indira Gandhi International Airport,2026-09-13 09:30:00,2026-09-13 12:30:00,180,Airbus A321neo,Economy,28 in,f,"['"Below average legroom (28 in)'", '"Carbon emissions estimate: 123 kg'"]",2026-09-12 18:46:34.775729
661,465,IndiGo,,6E 869,BLR,Kempegowda International Airport Bengaluru,DEL,Indira Gandhi International Airport,2026-09-13 13:10:00,2026-09-13 16:05:00,175,Airbus A321neo,Economy,28 in,f,"['"Below average legroom (28 in)'", '"Carbon emissions estimate: 123 kg'"]",2026-09-12 18:46:34.778575
662,466,IndiGo,,6E 840,BLR,Kempegowda International Airport Bengaluru,DEL,Indira Gandhi International Airport,2026-09-13 13:55:00,2026-09-13 16:45:00,170,Airbus A321neo,Economy,28 in,f,"['"Below average legroom (28 in)'", '"Carbon emissions estimate: 123 kg'"]",2026-09-12 18:46:34.781227
663,467,IndiGo,,6E 6039,BLR,Kempegowda International Airport Bengaluru,DEL,Indira Gandhi International Airport,2026-09-13 17:00:00,2026-09-13 19:50:00,170,Airbus A321neo,Economy,28 in,f,"['"Below average legroom (28 in)'", '"Carbon emissions estimate: 123 kg'"]",2026-09-12 18:46:34.783699
664,468,Akasa Air,,QP 1307,BLR,Kempegowda International Airport Bengaluru,DEL,Indira Gandhi International Airport,2026-09-13 17:20:00,2026-09-13 20:15:00,175,Boeing 737MAX 8 Passenger,Economy,28 in,f,"['"Below average legroom (28 in)'", '"In-seat USB outlet'", '"Carbon emissions estimate: 126 kg'"]",2026-09-12 18:46:34.78628
665,469,Air India Express,,IX 1040,BLR,Kempegowda International Airport Bengaluru,DEL,Indira Gandhi International Airport,2026-09-13 14:40:00,2026-09-13 17:30:00,170,Boeing 737MAX 8 Passenger,Economy,30 in,t,"['"Average legroom (30 in)'", '"In-seat USB outlet'", '"Carbon emissions estimate: 144 kg'"]",2026-09-12 18:46:34.788708
666,470,IndiGo,,6E 804,BLR,Kempegowda International Airport Bengaluru,DEL,Indira Gandhi International Airport,2026-09-13 03:00:00,2026-09-13 05:50:00,170,Airbus A321neo,Economy,28 in,f,"['"Below average legroom (28 in)'", '"Carbon emissions estimate: 123 kg'"]",2026-09-12 18:46:34.791097
667,471,IndiGo,,6E 175,BLR,Kempegowda International Airport Bengaluru,DEL,Indira Gandhi International Airport,2026-09-13 10:45:00,2026-09-13 13:35:00,170,Airbus A321neo,Economy,28 in,f,"['"Below average legroom (28 in)'", '"Carbon emissions estimate: 123 kg'"]",2026-09-12 18:46:34.793199
668,472,IndiGo,,6E 809,BLR,Kempegowda International Airport Bengaluru,DEL,Indira Gandhi International Airport,2026-09-13 12:00:00,2026-09-13 14:50:00,170,Airbus A321neo,Economy,28 in,f,"['"Below average legroom (28 in)'", '"Carbon emissions estimate: 123 kg'"]",2026-09-12 18:46:34.795469
669,473,IndiGo,,6E 860,BLR,Kempegowda International Airport Bengaluru,DEL,Indira Gandhi International Airport,2026-09-13 15:45:00,2026-09-13 18:35:00,170,Airbus A321neo,Economy,28 in,f,"['"Below average legroom (28 in)'", '"Carbon emissions estimate: 123 kg'"]",2026-09-12 18:46:34.799051
670,474,Akasa Air,,QP 1821,BLR,Kempegowda International Airport Bengaluru,DEL,Indira Gandhi International Airport,2026-09-13 13:10:00,2026-09-13 16:00:00,170,Boeing 737MAX 8 Passenger,Economy,28 in,f,"['"Below average legroom (28 in)'", '"In-seat USB outlet'", '"Carbon emissions estimate: 118 kg'"]",2026-09-12 18:46:34.8016
671,475,Air India,,AI 2804,BLR,Kempegowda International Airport Bengaluru,DEL,Indira Gandhi International Airport,2026-09-13 10:00:00,2026-09-13 13:00:00,180,Airbus A320neo,Economy,28 in,f,"['"Below average legroom (28 in)'", '"In-seat USB outlet'", '"Stream media to your device'", '"Carbon emissions estimate: 143 kg'"]",2026-09-12 18:46:34.804546
672,476,Air India Express,,IX 1480,BLR,Kempegowda International Airport Bengaluru,LKO,Chaudhary Charan Singh International Airport,2026-09-13 11:45:00,2026-09-13 14:25:00,160,Boeing 737MAX 8 Passenger,Economy,30 in,f,"['"Average legroom (30 in)'", '"In-seat USB outlet'", '"Carbon emissions estimate: 131 kg'"]",2026-09-12 18:46:34.80738
673,476,Air India Express,,IX 2173,LKO,Chaudhary Charan Singh International Airport,DEL,Indira Gandhi International Airport,2026-09-13 15:40:00,2026-09-13 16:55:00,75,Airbus A320neo,Economy,28 in,f,"['"Below average legroom (28 in)'", '"In-seat USB outlet'", '"Carbon emissions estimate: 53 kg'"]",2026-09-12 18:46:34.80738
674,477,Air India,,AI 2758,BLR,Kempegowda International Airport Bengaluru,DEL,Indira Gandhi International Airport,2026-09-13 00:15:00,2026-09-13 03:10:00,175,Airbus A320neo,Economy,28 in,f,"['"Below average legroom (28 in)'", '"In-seat USB outlet'", '"Stream media to your device'", '"Carbon emissions estimate: 143 kg'"]",2026-09-12 18:46:34.810692
675,478,Air India,,AI 2654,BLR,Kempegowda International Airport Bengaluru,DEL,Indira Gandhi International Airport,2026-09-13 07:00:00,2026-09-13 10:00:00,180,Airbus A320neo,Economy,28 in,f,"['"Below average legroom (28 in)'", '"In-seat USB outlet'", '"Stream media to your device'", '"Carbon emissions estimate: 143 kg'"]",2026-09-12 18:46:34.812979
676,479,Air India,,AI 2604,BLR,Kempegowda International Airport Bengaluru,BOM,Chhatrapati Shivaji Maharaj International Airport Mumbai,2026-09-13 09:15:00,2026-09-13 11:15:00,120,Airbus A320neo,Economy,28 in,f,"['"Below average legroom (28 in)'", '"In-seat USB outlet'", '"Stream media to your device'", '"Carbon emissions estimate: 83 kg'"]",2026-09-12 18:46:42.506742
677,480,IndiGo,,6E 5351,BLR,Kempegowda International Airport Bengaluru,BOM,Chhatrapati Shivaji Maharaj International Airport Mumbai,2026-09-13 14:20:00,2026-09-13 16:05:00,105,Airbus A321neo,Economy,28 in,f,"['"Below average legroom (28 in)'", '"Carbon emissions estimate: 71 kg'"]",2026-09-12 18:46:42.509592
678,481,Akasa Air,,QP 1528,BLR,Kempegowda International Airport Bengaluru,BOM,Chhatrapati Shivaji Maharaj International Airport Mumbai,2026-09-13 10:20:00,2026-09-13 12:10:00,110,Boeing 737MAX 8 Passenger,Economy,28 in,f,"['"Below average legroom (28 in)'", '"In-seat USB outlet'", '"Carbon emissions estimate: 73 kg'"]",2026-09-12 18:46:42.5124
679,482,Air India,,AI 2402,BLR,Kempegowda International Airport Bengaluru,BOM,Chhatrapati Shivaji Maharaj International Airport Mumbai,2026-09-13 06:35:00,2026-09-13 08:35:00,120,Airbus A320neo,Economy,28 in,f,"['"Below average legroom (28 in)'", '"In-seat USB outlet'", '"Stream media to your device'", '"Carbon emissions estimate: 83 kg'"]",2026-09-12 18:46:42.514401
680,483,Air India,,AI 2411,BLR,Kempegowda International Airport Bengaluru,BOM,Chhatrapati Shivaji Maharaj International Airport Mumbai,2026-09-13 08:20:00,2026-09-13 10:20:00,120,Airbus A321,Economy,29 in,f,"['"Below average legroom (29 in)'", '"Wi-Fi for a fee'", '"In-seat power & USB outlets'", '"On-demand video'", '"Carbon emissions estimate: 105 kg'"]",2026-09-12 18:46:42.516872
681,484,Air India,,AI 2642,BLR,Kempegowda International Airport Bengaluru,BOM,Chhatrapati Shivaji Maharaj International Airport Mumbai,2026-09-13 21:30:00,2026-09-13 23:35:00,125,Airbus A320neo,Economy,28 in,f,"['"Below average legroom (28 in)'", '"In-seat USB outlet'", '"Stream media to your device'", '"Carbon emissions estimate: 83 kg'"]",2026-09-12 18:46:42.51915
682,485,Air India,,AI 2840,BLR,Kempegowda International Airport Bengaluru,BOM,Chhatrapati Shivaji Maharaj International Airport Mumbai,2026-09-13 22:30:00,2026-09-14 00:35:00,125,Airbus A320neo,Economy,28 in,f,"['"Below average legroom (28 in)'", '"In-seat USB outlet'", '"Stream media to your device'", '"Carbon emissions estimate: 83 kg'"]",2026-09-12 18:46:42.521519
683,486,Akasa Air,,QP 1515,BLR,Kempegowda International Airport Bengaluru,BOM,Chhatrapati Shivaji Maharaj International Airport Mumbai,2026-09-13 06:20:00,2026-09-13 08:00:00,100,Boeing 737MAX 8 Passenger,Economy,28 in,f,"['"Below average legroom (28 in)'", '"In-seat USB outlet'", '"Carbon emissions estimate: 70 kg'"]",2026-09-12 18:46:42.523961
684,487,IndiGo,,6E 5216,BLR,Kempegowda International Airport Bengaluru,BOM,Chhatrapati Shivaji Maharaj International Airport Mumbai,2026-09-13 07:25:00,2026-09-13 09:10:00,105,Airbus A321neo,Economy,28 in,f,"['"Below average legroom (28 in)'", '"Carbon emissions estimate: 71 kg'"]",2026-09-12 18:46:42.527191
685,488,IndiGo,,6E 5051,BLR,Kempegowda International Airport Bengaluru,BOM,Chhatrapati Shivaji Maharaj International Airport Mumbai,2026-09-13 08:30:00,2026-09-13 10:15:00,105,Airbus A321neo,Economy,28 in,f,"['"Below average legroom (28 in)'", '"Carbon emissions estimate: 71 kg'"]",2026-09-12 18:46:42.529936
686,489,IndiGo,,6E 5094,BLR,Kempegowda International Airport Bengaluru,BOM,Chhatrapati Shivaji Maharaj International Airport Mumbai,2026-09-13 22:20:00,2026-09-14 00:05:00,105,Airbus A321neo,Economy,28 in,f,"['"Below average legroom (28 in)'", '"Carbon emissions estimate: 71 kg'"]",2026-09-12 18:46:42.533137
687,490,Air India,,AI 2852,BLR,Kempegowda International Airport Bengaluru,BOM,Chhatrapati Shivaji Maharaj International Airport Mumbai,2026-09-13 10:30:00,2026-09-13 12:35:00,125,Airbus A320neo,Economy,28 in,f,"['"Below average legroom (28 in)'", '"In-seat USB outlet'", '"Stream media to your device'", '"Carbon emissions estimate: 83 kg'"]",2026-09-12 18:46:42.535813
688,491,Air India,,AI 2850,BLR,Kempegowda International Airport Bengaluru,BOM,Chhatrapati Shivaji Maharaj International Airport Mumbai,2026-09-13 20:30:00,2026-09-13 22:40:00,130,Airbus A320neo,Economy,28 in,f,"['"Below average legroom (28 in)'", '"In-seat USB outlet'", '"Stream media to your device'", '"Carbon emissions estimate: 83 kg'"]",2026-09-12 18:46:42.538066
689,492,Akasa Air,,QP 1517,BLR,Kempegowda International Airport Bengaluru,BOM,Chhatrapati Shivaji Maharaj International Airport Mumbai,2026-09-13 07:40:00,2026-09-13 09:25:00,105,Boeing 737MAX 8 Passenger,Economy,28 in,f,"['"Below average legroom (28 in)'", '"In-seat USB outlet'", '"Carbon emissions estimate: 73 kg'"]",2026-09-12 18:46:42.539885
690,493,Akasa Air,,QP 1134,BLR,Kempegowda International Airport Bengaluru,BOM,Chhatrapati Shivaji Maharaj International Airport Mumbai,2026-09-13 22:55:00,2026-09-14 00:45:00,110,Boeing 737MAX 8 Passenger,Economy,28 in,f,"['"Below average legroom (28 in)'", '"In-seat USB outlet'", '"Carbon emissions estimate: 73 kg'"]",2026-09-12 18:46:42.541927
691,494,IndiGo,,6E 5237,BLR,Kempegowda International Airport Bengaluru,BOM,Chhatrapati Shivaji Maharaj International Airport Mumbai,2026-09-13 10:15:00,2026-09-13 12:05:00,110,Airbus A321neo,Economy,28 in,f,"['"Below average legroom (28 in)'", '"Carbon emissions estimate: 71 kg'"]",2026-09-12 18:46:42.544767
692,495,IndiGo,,6E 5069,BLR,Kempegowda International Airport Bengaluru,BOM,Chhatrapati Shivaji Maharaj International Airport Mumbai,2026-09-13 11:30:00,2026-09-13 13:20:00,110,Airbus A321neo,Economy,28 in,f,"['"Below average legroom (28 in)'", '"Carbon emissions estimate: 71 kg'"]",2026-09-12 18:46:42.547759
693,496,IndiGo,,6E 5218,BLR,Kempegowda International Airport Bengaluru,BOM,Chhatrapati Shivaji Maharaj International Airport Mumbai,2026-09-13 13:00:00,2026-09-13 14:50:00,110,Airbus A321neo,Economy,28 in,f,"['"Below average legroom (28 in)'", '"Carbon emissions estimate: 71 kg'"]",2026-09-12 18:46:42.550786
694,497,Air India,,AI 2610,BLR,Kempegowda International Airport Bengaluru,BOM,Chhatrapati Shivaji Maharaj International Airport Mumbai,2026-09-13 19:00:00,2026-09-13 21:05:00,125,Airbus A320neo,Economy,28 in,f,"['"Below average legroom (28 in)'", '"In-seat USB outlet'", '"Stream media to your device'", '"Carbon emissions estimate: 83 kg'"]",2026-09-12 18:46:42.553547
695,498,Air India,,AI 2630,BLR,Kempegowda International Airport Bengaluru,BOM,Chhatrapati Shivaji Maharaj International Airport Mumbai,2026-09-13 12:05:00,2026-09-13 14:05:00,120,Airbus A320neo,Economy,28 in,f,"['"Below average legroom (28 in)'", '"In-seat USB outlet'", '"Stream media to your device'", '"Carbon emissions estimate: 83 kg'"]",2026-09-12 18:46:42.555666
696,499,IndiGo,,6E 6753,BLR,Kempegowda International Airport Bengaluru,GOI,Goa Dabolim International Airport,2026-09-13 15:15:00,2026-09-13 16:35:00,80,Airbus A321neo,Economy,28 in,f,"['"Below average legroom (28 in)'", '"Carbon emissions estimate: 48 kg'"]",2026-09-12 18:46:42.557656
697,499,IndiGo,,6E 5242,GOI,Goa Dabolim International Airport,BOM,Chhatrapati Shivaji Maharaj International Airport Mumbai,2026-09-13 18:40:00,2026-09-13 19:55:00,75,Airbus A320,Economy,28 in,f,"['"Below average legroom (28 in)'", '"Carbon emissions estimate: 57 kg'"]",2026-09-12 18:46:42.557656
698,500,Air India,,AI 2858,BLR,Kempegowda International Airport Bengaluru,BOM,Chhatrapati Shivaji Maharaj International Airport Mumbai,2026-09-13 02:20:00,2026-09-13 04:10:00,110,Airbus A320neo,Economy,28 in,f,"['"Below average legroom (28 in)'", '"In-seat USB outlet'", '"Stream media to your device'", '"Carbon emissions estimate: 83 kg'"]",2026-09-12 18:46:42.560032
699,501,IndiGo,,6E 6283,BLR,Kempegowda International Airport Bengaluru,BOM,Chhatrapati Shivaji Maharaj International Airport Mumbai,2026-09-13 19:05:00,2026-09-13 20:40:00,95,Airbus A321neo,Economy,28 in,f,"['"Below average legroom (28 in)'", '"Carbon emissions estimate: 71 kg'"]",2026-09-12 18:46:42.562484
700,502,IndiGo,,6E 5376,BLR,Kempegowda International Airport Bengaluru,BOM,Chhatrapati Shivaji Maharaj International Airport Mumbai,2026-09-13 20:15:00,2026-09-13 22:00:00,105,Airbus A321neo,Economy,28 in,f,"['"Below average legroom (28 in)'", '"Carbon emissions estimate: 71 kg'"]",2026-09-12 18:46:42.565239
701,503,Akasa Air,,QP 1381,BLR,Kempegowda International Airport Bengaluru,BOM,Chhatrapati Shivaji Maharaj International Airport Mumbai,2026-09-13 04:50:00,2026-09-13 06:45:00,115,Boeing 737MAX 8 Passenger,Economy,28 in,f,"['"Below average legroom (28 in)'", '"In-seat USB outlet'", '"Carbon emissions estimate: 73 kg'"]",2026-09-12 18:46:42.567231
702,504,IndiGo,,6E 904,BLR,Kempegowda International Airport Bengaluru,MAA,Chennai International Airport,2026-09-13 10:50:00,2026-09-13 11:45:00,55,Airbus A321neo,Economy,28 in,f,"['"Below average legroom (28 in)'", '"Carbon emissions estimate: 35 kg'"]",2026-09-12 18:46:42.569646
703,504,IndiGo,,6E 5258,MAA,Chennai International Airport,BOM,Chhatrapati Shivaji Maharaj International Airport Mumbai,2026-09-13 12:45:00,2026-09-13 14:45:00,120,Airbus A321neo,Economy,28 in,f,"['"Below average legroom (28 in)'", '"Carbon emissions estimate: 82 kg'"]",2026-09-12 18:46:42.569646
704,505,Air India,,AI 2811,BLR,Kempegowda International Airport Bengaluru,BOM,Chhatrapati Shivaji Maharaj International Airport Mumbai,2026-09-13 23:40:00,2026-09-14 01:45:00,125,Airbus A320neo,Economy,28 in,f,"['"Below average legroom (28 in)'", '"In-seat USB outlet'", '"Stream media to your device'", '"Carbon emissions estimate: 83 kg'"]",2026-09-12 18:46:42.57219
705,506,IndiGo,,6E 5031,BLR,Kempegowda International Airport Bengaluru,BOM,Chhatrapati Shivaji Maharaj International Airport Mumbai,2026-09-13 16:00:00,2026-09-13 17:45:00,105,Airbus A321neo,Economy,28 in,f,"['"Below average legroom (28 in)'", '"Carbon emissions estimate: 71 kg'"]",2026-09-12 18:46:42.574441
706,507,IndiGo,,6E 5255,BLR,Kempegowda International Airport Bengaluru,BOM,Chhatrapati Shivaji Maharaj International Airport Mumbai,2026-09-13 17:25:00,2026-09-13 19:05:00,100,Airbus A321neo,Economy,28 in,f,"['"Below average legroom (28 in)'", '"Carbon emissions estimate: 71 kg'"]",2026-09-12 18:46:42.576426
707,508,Air India,,AI 2854,BLR,Kempegowda International Airport Bengaluru,BOM,Chhatrapati Shivaji Maharaj International Airport Mumbai,2026-09-13 18:05:00,2026-09-13 20:05:00,120,Airbus A320neo,Economy,28 in,f,"['"Below average legroom (28 in)'", '"In-seat USB outlet'", '"Stream media to your device'", '"Carbon emissions estimate: 83 kg'"]",2026-09-12 18:46:42.57858
708,509,IndiGo,,6E 5205,BLR,Kempegowda International Airport Bengaluru,BOM,Chhatrapati Shivaji Maharaj International Airport Mumbai,2026-09-13 03:45:00,2026-09-13 05:30:00,105,Airbus A321neo,Economy,28 in,f,"['"Below average legroom (28 in)'", '"Carbon emissions estimate: 71 kg'"]",2026-09-12 18:46:42.58059
709,510,IndiGo,,6E 5089,BLR,Kempegowda International Airport Bengaluru,BOM,Chhatrapati Shivaji Maharaj International Airport Mumbai,2026-09-13 05:30:00,2026-09-13 07:15:00,105,Airbus A321neo,Economy,28 in,f,"['"Below average legroom (28 in)'", '"Carbon emissions estimate: 69 kg'"]",2026-09-12 18:46:42.58238
710,511,IndiGo,,6E 5293,BLR,Kempegowda International Airport Bengaluru,BOM,Chhatrapati Shivaji Maharaj International Airport Mumbai,2026-09-13 01:00:00,2026-09-13 02:50:00,110,Airbus A321neo,Economy,28 in,f,"['"Below average legroom (28 in)'", '"Carbon emissions estimate: 71 kg'"]",2026-09-12 18:46:42.58444
711,512,Air India Express,,IX 1723,BLR,Kempegowda International Airport Bengaluru,HYD,Rajiv Gandhi International Airport,2026-09-13 22:40:00,2026-09-13 23:50:00,70,Airbus A320neo,Economy,28 in,f,"['"Below average legroom (28 in)'", '"In-seat USB outlet'", '"Carbon emissions estimate: 57 kg'"]",2026-09-12 18:46:46.52941
712,513,Air India Express,,IX 2018,BLR,Kempegowda International Airport Bengaluru,HYD,Rajiv Gandhi International Airport,2026-09-13 06:05:00,2026-09-13 07:25:00,80,Airbus A320neo,Economy,28 in,f,"['"Below average legroom (28 in)'", '"In-seat USB outlet'", '"Carbon emissions estimate: 55 kg'"]",2026-09-12 18:46:46.532048
713,514,IndiGo,,6E 484,BLR,Kempegowda International Airport Bengaluru,HYD,Rajiv Gandhi International Airport,2026-09-13 08:15:00,2026-09-13 09:30:00,75,Airbus A321neo,Economy,28 in,f,"['"Below average legroom (28 in)'", '"Carbon emissions estimate: 47 kg'"]",2026-09-12 18:46:46.534363
714,515,IndiGo,,6E 6269,BLR,Kempegowda International Airport Bengaluru,MAA,Chennai International Airport,2026-09-13 07:15:00,2026-09-13 08:15:00,60,Airbus A321neo,Economy,28 in,f,"['"Below average legroom (28 in)'", '"Carbon emissions estimate: 35 kg'"]",2026-09-12 18:46:46.536569
715,515,IndiGo,,6E 372,MAA,Chennai International Airport,HYD,Rajiv Gandhi International Airport,2026-09-13 09:55:00,2026-09-13 11:10:00,75,Airbus A320neo,Economy,28 in,f,"['"Below average legroom (28 in)'", '"Carbon emissions estimate: 54 kg'"]",2026-09-12 18:46:46.536569
716,516,IndiGo,,6E 116,BLR,Kempegowda International Airport Bengaluru,PNQ,Pune International Airport,2026-09-13 23:05:00,2026-09-14 00:45:00,100,Airbus A321neo,Economy,28 in,f,"['"Below average legroom (28 in)'", '"Carbon emissions estimate: 61 kg'"]",2026-09-12 18:46:46.539114
717,516,IndiGo,,6E 336,PNQ,Pune International Airport,HYD,Rajiv Gandhi International Airport,2026-09-14 01:50:00,2026-09-14 03:10:00,80,Airbus A321neo,Economy,28 in,f,"['"Below average legroom (28 in)'", '"Carbon emissions estimate: 50 kg'"]",2026-09-12 18:46:46.539114
718,517,IndiGo,,6E 6784,BLR,Kempegowda International Airport Bengaluru,HYD,Rajiv Gandhi International Airport,2026-09-13 21:30:00,2026-09-13 22:45:00,75,Airbus A320neo,Economy,28 in,f,"['"Below average legroom (28 in)'", '"Carbon emissions estimate: 51 kg'"]",2026-09-12 18:46:46.544667
719,518,Air India Express,,IX 2819,BLR,Kempegowda International Airport Bengaluru,HYD,Rajiv Gandhi International Airport,2026-09-13 12:30:00,2026-09-13 13:50:00,80,Boeing 737MAX 8 Passenger,Economy,30 in,f,"['"Average legroom (30 in)'", '"In-seat USB outlet'", '"Carbon emissions estimate: 60 kg'"]",2026-09-12 18:46:46.547147
720,519,IndiGo,,6E 6178,BLR,Kempegowda International Airport Bengaluru,HYD,Rajiv Gandhi International Airport,2026-09-13 06:25:00,2026-09-13 07:35:00,70,Airbus A321neo,Economy,28 in,f,"['"Below average legroom (28 in)'", '"Carbon emissions estimate: 47 kg'"]",2026-09-12 18:46:46.549152
721,520,IndiGo,,6E 312,BLR,Kempegowda International Airport Bengaluru,HYD,Rajiv Gandhi International Airport,2026-09-13 09:15:00,2026-09-13 10:30:00,75,Airbus A321neo,Economy,28 in,f,"['"Below average legroom (28 in)'", '"Carbon emissions estimate: 47 kg'"]",2026-09-12 18:46:46.551379
722,521,IndiGo,,6E 6404,BLR,Kempegowda International Airport Bengaluru,HYD,Rajiv Gandhi International Airport,2026-09-13 11:35:00,2026-09-13 12:50:00,75,Airbus A320neo,Economy,28 in,f,"['"Below average legroom (28 in)'", '"Carbon emissions estimate: 51 kg'"]",2026-09-12 18:46:46.553795
723,522,IndiGo,,6E 638,BLR,Kempegowda International Airport Bengaluru,HYD,Rajiv Gandhi International Airport,2026-09-13 18:35:00,2026-09-13 19:45:00,70,Airbus A321neo,Economy,28 in,f,"['"Below average legroom (28 in)'", '"Carbon emissions estimate: 47 kg'"]",2026-09-12 18:46:46.555806
724,523,Air India Express,,IX 2506,BLR,Kempegowda International Airport Bengaluru,HYD,Rajiv Gandhi International Airport,2026-09-13 17:15:00,2026-09-13 18:40:00,85,Boeing 737MAX 8 Passenger,Economy,29 in,f,"['"Below average legroom (29 in)'", '"In-seat USB outlet'", '"Carbon emissions estimate: 57 kg'"]",2026-09-12 18:46:46.558086
725,524,IndiGo,,6E 537,BLR,Kempegowda International Airport Bengaluru,HYD,Rajiv Gandhi International Airport,2026-09-13 10:15:00,2026-09-13 11:30:00,75,Airbus A320neo,Economy,28 in,f,"['"Below average legroom (28 in)'", '"Carbon emissions estimate: 51 kg'"]",2026-09-12 18:46:46.560839
726,525,IndiGo,,6E 855,BLR,Kempegowda International Airport Bengaluru,HYD,Rajiv Gandhi International Airport,2026-09-13 19:45:00,2026-09-13 21:00:00,75,Airbus A320neo,Economy,28 in,f,"['"Below average legroom (28 in)'", '"Carbon emissions estimate: 51 kg'"]",2026-09-12 18:46:46.563232
727,526,Air India Express,,IX 2926,BLR,Kempegowda International Airport Bengaluru,MAA,Chennai International Airport,2026-09-13 08:40:00,2026-09-13 09:50:00,70,Boeing 737MAX 8 Passenger,Economy,30 in,f,"['"Average legroom (30 in)'", '"In-seat USB outlet'", '"Carbon emissions estimate: 45 kg'"]",2026-09-12 18:46:46.565518
728,526,Air India Express,,IX 1832,MAA,Chennai International Airport,HYD,Rajiv Gandhi International Airport,2026-09-13 13:45:00,2026-09-13 15:10:00,85,Airbus A320neo,Economy,28 in,f,"['"Below average legroom (28 in)'", '"In-seat USB outlet'", '"Carbon emissions estimate: 60 kg'"]",2026-09-12 18:46:46.565518
729,527,IndiGo,,6E 6067,BLR,Kempegowda International Airport Bengaluru,HYD,Rajiv Gandhi International Airport,2026-09-13 16:30:00,2026-09-13 17:45:00,75,Airbus A321neo,Economy,28 in,f,"['"Below average legroom (28 in)'", '"Carbon emissions estimate: 47 kg'"]",2026-09-12 18:46:46.568049
730,528,IndiGo,,6E 6269,BLR,Kempegowda International Airport Bengaluru,MAA,Chennai International Airport,2026-09-13 07:15:00,2026-09-13 08:15:00,60,Airbus A321neo,Economy,28 in,f,"['"Below average legroom (28 in)'", '"Carbon emissions estimate: 35 kg'"]",2026-09-12 18:46:51.618597
731,529,IndiGo,,6E 904,BLR,Kempegowda International Airport Bengaluru,MAA,Chennai International Airport,2026-09-13 10:50:00,2026-09-13 11:45:00,55,Airbus A321neo,Economy,28 in,f,"['"Below average legroom (28 in)'", '"Carbon emissions estimate: 35 kg'"]",2026-09-12 18:46:51.621673
732,530,IndiGo,,6E 6208,BLR,Kempegowda International Airport Bengaluru,MAA,Chennai International Airport,2026-09-13 12:45:00,2026-09-13 13:55:00,70,Airbus A321neo,Economy,28 in,f,"['"Below average legroom (28 in)'", '"Carbon emissions estimate: 35 kg'"]",2026-09-12 18:46:51.624146
733,531,IndiGo,,6E 356,BLR,Kempegowda International Airport Bengaluru,MAA,Chennai International Airport,2026-09-13 17:15:00,2026-09-13 18:10:00,55,Airbus A321neo,Economy,28 in,f,"['"Below average legroom (28 in)'", '"Carbon emissions estimate: 35 kg'"]",2026-09-12 18:46:51.626997
734,532,IndiGo,,6E 6017,BLR,Kempegowda International Airport Bengaluru,MAA,Chennai International Airport,2026-09-13 18:15:00,2026-09-13 19:15:00,60,Airbus A321neo,Economy,28 in,f,"['"Below average legroom (28 in)'", '"Carbon emissions estimate: 35 kg'"]",2026-09-12 18:46:51.630566
735,533,IndiGo,,6E 6077,BLR,Kempegowda International Airport Bengaluru,MAA,Chennai International Airport,2026-09-13 20:20:00,2026-09-13 21:25:00,65,Airbus A321neo,Economy,28 in,f,"['"Below average legroom (28 in)'", '"Carbon emissions estimate: 35 kg'"]",2026-09-12 18:46:51.633265
736,534,IndiGo,,6E 6562,BLR,Kempegowda International Airport Bengaluru,MAA,Chennai International Airport,2026-09-13 21:50:00,2026-09-13 22:55:00,65,Airbus A320neo,Economy,28 in,f,"['"Below average legroom (28 in)'", '"Carbon emissions estimate: 39 kg'"]",2026-09-12 18:46:51.635854
737,535,Air India Express,,IX 2926,BLR,Kempegowda International Airport Bengaluru,MAA,Chennai International Airport,2026-09-13 08:40:00,2026-09-13 09:50:00,70,Boeing 737MAX 8 Passenger,Economy,30 in,f,"['"Average legroom (30 in)'", '"In-seat USB outlet'", '"Carbon emissions estimate: 45 kg'"]",2026-09-12 18:46:51.638019
738,536,Air India Express,,IX 2942,BLR,Kempegowda International Airport Bengaluru,MAA,Chennai International Airport,2026-09-13 12:40:00,2026-09-13 13:50:00,70,Boeing 737MAX 8 Passenger,Economy,30 in,f,"['"Average legroom (30 in)'", '"In-seat USB outlet'", '"Carbon emissions estimate: 45 kg'"]",2026-09-12 18:46:51.640768
739,537,Air India Express,,IX 2505,BLR,Kempegowda International Airport Bengaluru,MAA,Chennai International Airport,2026-09-13 14:45:00,2026-09-13 15:55:00,70,Boeing 737MAX 8 Passenger,Economy,29 in,f,"['"Below average legroom (29 in)'", '"In-seat USB outlet'", '"Carbon emissions estimate: 43 kg'"]",2026-09-12 18:46:51.643623
740,538,Air India Express,,IX 1168,BLR,Kempegowda International Airport Bengaluru,MAA,Chennai International Airport,2026-09-13 19:40:00,2026-09-13 20:50:00,70,Airbus A320neo,Economy,28 in,f,"['"Below average legroom (28 in)'", '"In-seat USB outlet'", '"Carbon emissions estimate: 42 kg'"]",2026-09-12 18:46:51.646183
741,539,Air India Express,,IX 2787,BLR,Kempegowda International Airport Bengaluru,MAA,Chennai International Airport,2026-09-13 22:10:00,2026-09-13 23:20:00,70,Boeing 737MAX 8 Passenger,Economy,30 in,f,"['"Average legroom (30 in)'", '"In-seat USB outlet'", '"Carbon emissions estimate: 45 kg'"]",2026-09-12 18:46:51.648455
742,540,IndiGo,,6E 6017,BLR,Kempegowda International Airport Bengaluru,MAA,Chennai International Airport,2026-09-13 18:15:00,2026-09-13 19:15:00,60,Airbus A321neo,Economy,28 in,f,"['"Below average legroom (28 in)'", '"Carbon emissions estimate: 35 kg'"]",2026-09-12 18:46:57.860564
743,540,IndiGo,,6E 923,MAA,Chennai International Airport,CCU,Netaji Subhash Chandra Bose International Airport,2026-09-13 21:10:00,2026-09-13 23:30:00,140,Airbus A321neo,Economy,28 in,f,"['"Below average legroom (28 in)'", '"Carbon emissions estimate: 101 kg'"]",2026-09-12 18:46:57.860564
744,541,IndiGo,,6E 952,BLR,Kempegowda International Airport Bengaluru,CCU,Netaji Subhash Chandra Bose International Airport,2026-09-13 22:20:00,2026-09-14 01:00:00,160,Airbus A321neo,Economy,28 in,f,"['"Below average legroom (28 in)'", '"Carbon emissions estimate: 111 kg'"]",2026-09-12 18:46:57.862942
745,542,Akasa Air,,QP 1561,BLR,Kempegowda International Airport Bengaluru,CCU,Netaji Subhash Chandra Bose International Airport,2026-09-13 06:15:00,2026-09-13 08:50:00,155,Boeing 737MAX 8 Passenger,Economy,28 in,f,"['"Below average legroom (28 in)'", '"In-seat USB outlet'", '"Carbon emissions estimate: 111 kg'"]",2026-09-12 18:46:57.865047
746,543,IndiGo,,6E 6653,BLR,Kempegowda International Airport Bengaluru,GOI,Goa Dabolim International Airport,2026-09-13 12:35:00,2026-09-13 13:50:00,75,Airbus A321neo,Economy,28 in,f,"['"Below average legroom (28 in)'", '"Carbon emissions estimate: 48 kg'"]",2026-09-12 18:46:57.866592
747,543,IndiGo,,6E 162,GOI,Goa Dabolim International Airport,CCU,Netaji Subhash Chandra Bose International Airport,2026-09-13 15:10:00,2026-09-13 18:10:00,180,Airbus A321neo,Economy,28 in,f,"['"Below average legroom (28 in)'", '"Carbon emissions estimate: 123 kg'"]",2026-09-12 18:46:57.866592
748,544,IndiGo,,6E 6277,BLR,Kempegowda International Airport Bengaluru,PAT,Jay Prakash Narayan International Airport,2026-09-13 14:45:00,2026-09-13 17:20:00,155,Airbus A320,Economy,28 in,f,"['"Below average legroom (28 in)'", '"Carbon emissions estimate: 139 kg'"]",2026-09-12 18:46:57.868722
749,544,IndiGo,,6E 342,PAT,Jay Prakash Narayan International Airport,CCU,Netaji Subhash Chandra Bose International Airport,2026-09-13 19:45:00,2026-09-13 21:05:00,80,Airbus A320neo,Economy,28 in,f,"['"Below average legroom (28 in)'", '"Carbon emissions estimate: 52 kg'"]",2026-09-12 18:46:57.868722
750,545,IndiGo,,6E 6876,BLR,Kempegowda International Airport Bengaluru,PNQ,Pune International Airport,2026-09-13 02:40:00,2026-09-13 04:05:00,85,Airbus A321neo,Economy,28 in,f,"['"Below average legroom (28 in)'", '"Carbon emissions estimate: 61 kg'"]",2026-09-12 18:46:57.870779
751,545,IndiGo,,6E 6359,PNQ,Pune International Airport,CCU,Netaji Subhash Chandra Bose International Airport,2026-09-13 05:35:00,2026-09-13 08:10:00,155,Airbus A320neo,Economy,28 in,f,"['"Below average legroom (28 in)'", '"Carbon emissions estimate: 120 kg'"]",2026-09-12 18:46:57.870779
752,546,IndiGo,,6E 441,BLR,Kempegowda International Airport Bengaluru,PNQ,Pune International Airport,2026-09-13 20:40:00,2026-09-13 22:05:00,85,Airbus A320neo,Economy,28 in,f,"['"Below average legroom (28 in)'", '"Carbon emissions estimate: 65 kg'"]",2026-09-12 18:46:57.874032
753,546,IndiGo,,6E 6921,PNQ,Pune International Airport,CCU,Netaji Subhash Chandra Bose International Airport,2026-09-13 23:45:00,2026-09-14 02:20:00,155,Airbus A321neo,Economy,28 in,f,"['"Below average legroom (28 in)'", '"Carbon emissions estimate: 113 kg'"]",2026-09-12 18:46:57.874032
754,547,IndiGo,,6E 586,BLR,Kempegowda International Airport Bengaluru,AMD,Sardar Vallabhbhai Patel International Airport,2026-09-13 05:10:00,2026-09-13 07:20:00,130,Airbus A321neo,Economy,28 in,f,"['"Below average legroom (28 in)'", '"Carbon emissions estimate: 92 kg'"]",2026-09-12 18:46:57.875764
755,547,IndiGo,,6E 751,AMD,Sardar Vallabhbhai Patel International Airport,CCU,Netaji Subhash Chandra Bose International Airport,2026-09-13 09:20:00,2026-09-13 12:00:00,160,Airbus A321neo,Economy,28 in,f,"['"Below average legroom (28 in)'", '"Carbon emissions estimate: 113 kg'"]",2026-09-12 18:46:57.875764
756,548,IndiGo,,6E 537,BLR,Kempegowda International Airport Bengaluru,HYD,Rajiv Gandhi International Airport,2026-09-13 10:15:00,2026-09-13 11:30:00,75,Airbus A320neo,Economy,28 in,f,"['"Below average legroom (28 in)'", '"Carbon emissions estimate: 51 kg'"]",2026-09-12 18:46:57.877737
757,548,IndiGo,,6E 6907,HYD,Rajiv Gandhi International Airport,CCU,Netaji Subhash Chandra Bose International Airport,2026-09-13 14:00:00,2026-09-13 16:20:00,140,Airbus A321neo,Economy,28 in,f,"['"Below average legroom (28 in)'", '"Carbon emissions estimate: 92 kg'"]",2026-09-12 18:46:57.877737
758,549,IndiGo,,6E 6801,BLR,Kempegowda International Airport Bengaluru,PAT,Jay Prakash Narayan International Airport,2026-09-13 08:25:00,2026-09-13 11:00:00,155,Airbus A320,Economy,28 in,f,"['"Below average legroom (28 in)'", '"Carbon emissions estimate: 139 kg'"]",2026-09-12 18:46:57.880304
759,549,IndiGo,,6E 663,PAT,Jay Prakash Narayan International Airport,CCU,Netaji Subhash Chandra Bose International Airport,2026-09-13 12:40:00,2026-09-13 13:45:00,65,Airbus A320neo,Economy,28 in,f,"['"Below average legroom (28 in)'", '"Carbon emissions estimate: 52 kg'"]",2026-09-12 18:46:57.880304
760,550,IndiGo,,6E 6404,BLR,Kempegowda International Airport Bengaluru,HYD,Rajiv Gandhi International Airport,2026-09-13 11:35:00,2026-09-13 12:50:00,75,Airbus A320neo,Economy,28 in,f,"['"Below average legroom (28 in)'", '"Carbon emissions estimate: 51 kg'"]",2026-09-12 18:46:57.881934
761,550,IndiGo,,6E 6907,HYD,Rajiv Gandhi International Airport,CCU,Netaji Subhash Chandra Bose International Airport,2026-09-13 14:00:00,2026-09-13 16:20:00,140,Airbus A321neo,Economy,28 in,f,"['"Below average legroom (28 in)'", '"Carbon emissions estimate: 92 kg'"]",2026-09-12 18:46:57.881934
762,551,IndiGo,,6E 975,BLR,Kempegowda International Airport Bengaluru,CCU,Netaji Subhash Chandra Bose International Airport,2026-09-13 20:20:00,2026-09-13 23:00:00,160,Airbus A321neo,Economy,28 in,f,"['"Below average legroom (28 in)'", '"Carbon emissions estimate: 111 kg'"]",2026-09-12 18:46:57.883629
763,552,IndiGo,,6E 223,BLR,Kempegowda International Airport Bengaluru,CCU,Netaji Subhash Chandra Bose International Airport,2026-09-13 17:05:00,2026-09-13 19:55:00,170,Airbus A321neo,Economy,28 in,f,"['"Below average legroom (28 in)'", '"Carbon emissions estimate: 111 kg'"]",2026-09-12 18:46:57.88532
764,553,IndiGo,,6E 676,BLR,Kempegowda International Airport Bengaluru,CCU,Netaji Subhash Chandra Bose International Airport,2026-09-13 18:30:00,2026-09-13 21:10:00,160,Airbus A320,Economy,28 in,f,"['"Below average legroom (28 in)'", '"Carbon emissions estimate: 137 kg'"]",2026-09-12 18:46:57.887016
765,554,Air India Express,,IX 2787,BLR,Kempegowda International Airport Bengaluru,MAA,Chennai International Airport,2026-09-13 22:10:00,2026-09-13 23:20:00,70,Boeing 737MAX 8 Passenger,Economy,30 in,f,"['"Average legroom (30 in)'", '"In-seat USB outlet'", '"Carbon emissions estimate: 45 kg'"]",2026-09-12 18:46:57.888635
766,554,Air India Express,,IX 1256,MAA,Chennai International Airport,CCU,Netaji Subhash Chandra Bose International Airport,2026-09-14 09:40:00,2026-09-14 12:10:00,150,Airbus A320neo,Economy,28 in,f,"['"Below average legroom (28 in)'", '"In-seat USB outlet'", '"Carbon emissions estimate: 118 kg'"]",2026-09-12 18:46:57.888635
767,555,IndiGo,,6E 6439,BLR,Kempegowda International Airport Bengaluru,CCU,Netaji Subhash Chandra Bose International Airport,2026-09-13 06:30:00,2026-09-13 09:10:00,160,Airbus A321neo,Economy,28 in,f,"['"Below average legroom (28 in)'", '"Carbon emissions estimate: 111 kg'"]",2026-09-12 18:46:57.890425
768,556,IndiGo,,6E 172,BLR,Kempegowda International Airport Bengaluru,CCU,Netaji Subhash Chandra Bose International Airport,2026-09-13 13:40:00,2026-09-13 16:20:00,160,Airbus A321neo,Economy,28 in,f,"['"Below average legroom (28 in)'", '"Carbon emissions estimate: 111 kg'"]",2026-09-12 18:46:57.892266
769,557,IndiGo,,6E 6572,BLR,Kempegowda International Airport Bengaluru,CCU,Netaji Subhash Chandra Bose International Airport,2026-09-13 15:05:00,2026-09-13 17:45:00,160,Airbus A321neo,Economy,28 in,f,"['"Below average legroom (28 in)'", '"Carbon emissions estimate: 111 kg'"]",2026-09-12 18:46:57.893985
770,558,IndiGo,,6E 442,BLR,Kempegowda International Airport Bengaluru,CCU,Netaji Subhash Chandra Bose International Airport,2026-09-13 08:10:00,2026-09-13 10:35:00,145,Airbus A321neo,Economy,28 in,f,"['"Below average legroom (28 in)'", '"Carbon emissions estimate: 111 kg'"]",2026-09-12 18:46:57.895965
771,559,IndiGo,,6E 503,BLR,Kempegowda International Airport Bengaluru,CCU,Netaji Subhash Chandra Bose International Airport,2026-09-13 10:00:00,2026-09-13 12:35:00,155,Airbus A321neo,Economy,28 in,f,"['"Below average legroom (28 in)'", '"Carbon emissions estimate: 111 kg'"]",2026-09-12 18:46:57.898931
772,560,Air India Express,,IX 1370,BLR,Kempegowda International Airport Bengaluru,CCU,Netaji Subhash Chandra Bose International Airport,2026-09-13 22:15:00,2026-09-14 00:50:00,155,Airbus A320neo,Economy,28 in,f,"['"Below average legroom (28 in)'", '"In-seat USB outlet'", '"Carbon emissions estimate: 130 kg'"]",2026-09-12 18:46:57.900404
773,561,Air India Express,,IX 1131,BLR,Kempegowda International Airport Bengaluru,CCU,Netaji Subhash Chandra Bose International Airport,2026-09-13 07:05:00,2026-09-13 09:45:00,160,Boeing 737MAX 8 Passenger,Economy,30 in,f,"['"Average legroom (30 in)'", '"In-seat USB outlet'", '"Carbon emissions estimate: 133 kg'"]",2026-09-12 18:46:57.901705
774,562,Air India Express,,IX 1537,BLR,Kempegowda International Airport Bengaluru,CCU,Netaji Subhash Chandra Bose International Airport,2026-09-13 12:00:00,2026-09-13 14:40:00,160,Boeing 737MAX 8 Passenger,Economy,30 in,f,"['"Average legroom (30 in)'", '"Carbon emissions estimate: 130 kg'"]",2026-09-12 18:46:57.902943
775,563,IndiGo,,6E 116,BLR,Kempegowda International Airport Bengaluru,PNQ,Pune International Airport,2026-09-13 23:05:00,2026-09-14 00:45:00,100,Airbus A321neo,Economy,28 in,f,"['"Below average legroom (28 in)'", '"Carbon emissions estimate: 61 kg'"]",2026-09-12 18:47:04.715887
776,564,Air India Express,,IX 2680,BLR,Kempegowda International Airport Bengaluru,PNQ,Pune International Airport,2026-09-13 21:50:00,2026-09-13 23:30:00,100,Boeing 737MAX 8 Passenger,Economy,30 in,f,"['"Average legroom (30 in)'", '"In-seat USB outlet'", '"Carbon emissions estimate: 76 kg'"]",2026-09-12 18:47:04.718518
777,565,IndiGo,,6E 408,BLR,Kempegowda International Airport Bengaluru,PNQ,Pune International Airport,2026-09-13 04:30:00,2026-09-13 06:00:00,90,Airbus A321neo,Economy,28 in,f,"['"Below average legroom (28 in)'", '"Carbon emissions estimate: 61 kg'"]",2026-09-12 18:47:04.721175
778,566,Akasa Air,,QP 1313,BLR,Kempegowda International Airport Bengaluru,PNQ,Pune International Airport,2026-09-13 10:10:00,2026-09-13 11:50:00,100,Boeing 737MAX 8 Passenger,Economy,28 in,f,"['"Below average legroom (28 in)'", '"In-seat USB outlet'", '"Carbon emissions estimate: 63 kg'"]",2026-09-12 18:47:04.724102
779,567,IndiGo,,6E 528,BLR,Kempegowda International Airport Bengaluru,PNQ,Pune International Airport,2026-09-13 21:40:00,2026-09-13 23:10:00,90,Airbus A321neo,Economy,28 in,f,"['"Below average legroom (28 in)'", '"Carbon emissions estimate: 61 kg'"]",2026-09-12 18:47:04.726644
780,568,IndiGo,,6E 105,BLR,Kempegowda International Airport Bengaluru,PNQ,Pune International Airport,2026-09-13 18:50:00,2026-09-13 20:15:00,85,Airbus A321neo,Economy,28 in,f,"['"Below average legroom (28 in)'", '"Carbon emissions estimate: 61 kg'"]",2026-09-12 18:47:04.729941
781,569,IndiGo,,6E 6876,BLR,Kempegowda International Airport Bengaluru,PNQ,Pune International Airport,2026-09-13 02:40:00,2026-09-13 04:05:00,85,Airbus A321neo,Economy,28 in,f,"['"Below average legroom (28 in)'", '"Carbon emissions estimate: 61 kg'"]",2026-09-12 18:47:04.732565
782,570,IndiGo,,6E 441,BLR,Kempegowda International Airport Bengaluru,PNQ,Pune International Airport,2026-09-13 20:40:00,2026-09-13 22:05:00,85,Airbus A320neo,Economy,28 in,f,"['"Below average legroom (28 in)'", '"Carbon emissions estimate: 65 kg'"]",2026-09-12 18:47:04.734979
783,571,Air India Express,,IX 2873,BLR,Kempegowda International Airport Bengaluru,PNQ,Pune International Airport,2026-09-13 04:00:00,2026-09-13 05:35:00,95,Boeing 737MAX 8 Passenger,Economy,30 in,f,"['"Average legroom (30 in)'", '"In-seat USB outlet'", '"Carbon emissions estimate: 76 kg'"]",2026-09-12 18:47:04.737406
784,572,Air India Express,,IX 1971,BLR,Kempegowda International Airport Bengaluru,PNQ,Pune International Airport,2026-09-13 12:45:00,2026-09-13 14:20:00,95,Boeing 737MAX 8 Passenger,Economy,30 in,f,"['"Average legroom (30 in)'", '"In-seat USB outlet'", '"Carbon emissions estimate: 76 kg'"]",2026-09-12 18:47:04.73966
785,573,Air India Express,,IX 2913,BLR,Kempegowda International Airport Bengaluru,PNQ,Pune International Airport,2026-09-13 17:25:00,2026-09-13 19:00:00,95,Boeing 737MAX 8 Passenger,Economy,30 in,f,"['"Average legroom (30 in)'", '"In-seat USB outlet'", '"Carbon emissions estimate: 76 kg'"]",2026-09-12 18:47:04.741988
786,574,Akasa Air,,QP 1325,BLR,Kempegowda International Airport Bengaluru,PNQ,Pune International Airport,2026-09-13 14:30:00,2026-09-13 16:05:00,95,Boeing 737MAX 8 Passenger,Economy,28 in,f,"['"Below average legroom (28 in)'", '"In-seat USB outlet'", '"Carbon emissions estimate: 66 kg'"]",2026-09-12 18:47:04.745502
787,575,Akasa Air,,QP 1315,BLR,Kempegowda International Airport Bengaluru,PNQ,Pune International Airport,2026-09-13 15:20:00,2026-09-13 16:55:00,95,Boeing 737MAX 8 Passenger,Economy,28 in,f,"['"Below average legroom (28 in)'", '"In-seat USB outlet'", '"Carbon emissions estimate: 63 kg'"]",2026-09-12 18:47:04.747715
788,576,Akasa Air,,QP 1311,BLR,Kempegowda International Airport Bengaluru,PNQ,Pune International Airport,2026-09-13 05:10:00,2026-09-13 06:50:00,100,Boeing 737MAX 8 Passenger,Economy,28 in,f,"['"Below average legroom (28 in)'", '"In-seat USB outlet'", '"Carbon emissions estimate: 63 kg'"]",2026-09-12 18:47:04.75045
789,577,IndiGo,,6E 6563,BLR,Kempegowda International Airport Bengaluru,PNQ,Pune International Airport,2026-09-13 01:05:00,2026-09-13 02:35:00,90,Airbus A321neo,Economy,28 in,f,"['"Below average legroom (28 in)'", '"Carbon emissions estimate: 61 kg'"]",2026-09-12 18:47:04.752834
790,578,IndiGo,,6E 173,BLR,Kempegowda International Airport Bengaluru,PNQ,Pune International Airport,2026-09-13 15:30:00,2026-09-13 17:00:00,90,Airbus A320neo,Economy,28 in,f,"['"Below average legroom (28 in)'", '"Carbon emissions estimate: 65 kg'"]",2026-09-12 18:47:04.755084
791,579,IndiGo,,6E 6104,BLR,Kempegowda International Airport Bengaluru,PNQ,Pune International Airport,2026-09-13 11:40:00,2026-09-13 13:10:00,90,Airbus A320neo,Economy,28 in,f,"['"Below average legroom (28 in)'", '"Carbon emissions estimate: 65 kg'"]",2026-09-12 18:47:04.757426
792,580,IndiGo,,6E 116,BLR,Kempegowda International Airport Bengaluru,PNQ,Pune International Airport,2026-09-13 23:05:00,2026-09-14 00:45:00,100,Airbus A321neo,Economy,28 in,f,"['"Below average legroom (28 in)'", '"Carbon emissions estimate: 61 kg'"]",2026-09-12 18:47:13.142507
793,580,IndiGo,,6E 819,PNQ,Pune International Airport,AMD,Sardar Vallabhbhai Patel International Airport,2026-09-14 04:40:00,2026-09-14 06:10:00,90,Airbus A321neo,Economy,28 in,f,"['"Below average legroom (28 in)'", '"Carbon emissions estimate: 52 kg'"]",2026-09-12 18:47:13.142507
794,581,IndiGo,,6E 6423,BLR,Kempegowda International Airport Bengaluru,AMD,Sardar Vallabhbhai Patel International Airport,2026-09-13 20:00:00,2026-09-13 22:10:00,130,Airbus A321neo,Economy,28 in,f,"['"Below average legroom (28 in)'", '"Carbon emissions estimate: 92 kg'"]",2026-09-12 18:47:13.164167
795,582,Akasa Air,,QP 1906,BLR,Kempegowda International Airport Bengaluru,AMD,Sardar Vallabhbhai Patel International Airport,2026-09-13 21:40:00,2026-09-13 23:50:00,130,Boeing 737MAX 8 Passenger,Economy,28 in,f,"['"Below average legroom (28 in)'", '"In-seat USB outlet'", '"Carbon emissions estimate: 95 kg'"]",2026-09-12 18:47:13.166338
796,583,Air India,,AI 2854,BLR,Kempegowda International Airport Bengaluru,BOM,Chhatrapati Shivaji Maharaj International Airport Mumbai,2026-09-13 18:05:00,2026-09-13 20:05:00,120,Airbus A320neo,Economy,28 in,f,"['"Below average legroom (28 in)'", '"In-seat USB outlet'", '"Stream media to your device'", '"Carbon emissions estimate: 83 kg'"]",2026-09-12 18:47:13.168794
797,583,Air India,,AI 2919,BOM,Chhatrapati Shivaji Maharaj International Airport Mumbai,AMD,Sardar Vallabhbhai Patel International Airport,2026-09-13 21:35:00,2026-09-13 22:55:00,80,Airbus A320neo,Economy,28 in,f,"['"Below average legroom (28 in)'", '"In-seat USB outlet'", '"Stream media to your device'", '"Carbon emissions estimate: 57 kg'"]",2026-09-12 18:47:13.168794
798,584,IndiGo,,6E 312,BLR,Kempegowda International Airport Bengaluru,HYD,Rajiv Gandhi International Airport,2026-09-13 09:15:00,2026-09-13 10:30:00,75,Airbus A321neo,Economy,28 in,f,"['"Below average legroom (28 in)'", '"Carbon emissions estimate: 47 kg'"]",2026-09-12 18:47:13.171789
799,584,IndiGo,,6E 6099,HYD,Rajiv Gandhi International Airport,AMD,Sardar Vallabhbhai Patel International Airport,2026-09-13 12:30:00,2026-09-13 14:20:00,110,Airbus A320neo,Economy,28 in,f,"['"Below average legroom (28 in)'", '"Carbon emissions estimate: 79 kg'"]",2026-09-12 18:47:13.171789
800,585,IndiGo,,6E 5069,BLR,Kempegowda International Airport Bengaluru,BOM,Chhatrapati Shivaji Maharaj International Airport Mumbai,2026-09-13 11:30:00,2026-09-13 13:20:00,110,Airbus A321neo,Economy,28 in,f,"['"Below average legroom (28 in)'", '"Carbon emissions estimate: 71 kg'"]",2026-09-12 18:47:13.174645
801,585,IndiGo,,6E 5201,BOM,Chhatrapati Shivaji Maharaj International Airport Mumbai,AMD,Sardar Vallabhbhai Patel International Airport,2026-09-13 14:55:00,2026-09-13 16:20:00,85,Airbus A320neo,Economy,28 in,f,"['"Below average legroom (28 in)'", '"Carbon emissions estimate: 51 kg'"]",2026-09-12 18:47:13.174645
802,586,IndiGo,,6E 6595,BLR,Kempegowda International Airport Bengaluru,AMD,Sardar Vallabhbhai Patel International Airport,2026-09-13 13:55:00,2026-09-13 16:00:00,125,Airbus A321neo,Economy,28 in,f,"['"Below average legroom (28 in)'", '"Carbon emissions estimate: 92 kg'"]",2026-09-12 18:47:13.1776
803,587,IndiGo,,6E 239,BLR,Kempegowda International Airport Bengaluru,AMD,Sardar Vallabhbhai Patel International Airport,2026-09-13 16:50:00,2026-09-13 19:00:00,130,Airbus A321neo,Economy,28 in,f,"['"Below average legroom (28 in)'", '"Carbon emissions estimate: 92 kg'"]",2026-09-12 18:47:13.179745
804,588,IndiGo,,6E 586,BLR,Kempegowda International Airport Bengaluru,AMD,Sardar Vallabhbhai Patel International Airport,2026-09-13 05:10:00,2026-09-13 07:20:00,130,Airbus A321neo,Economy,28 in,f,"['"Below average legroom (28 in)'", '"Carbon emissions estimate: 92 kg'"]",2026-09-12 18:47:13.18185
805,589,Air India Express,,IX 2001,BLR,Kempegowda International Airport Bengaluru,AMD,Sardar Vallabhbhai Patel International Airport,2026-09-13 06:15:00,2026-09-13 08:20:00,125,Boeing 737MAX 8 Passenger,Economy,30 in,f,"['"Average legroom (30 in)'", '"Carbon emissions estimate: 109 kg'"]",2026-09-12 18:47:13.184026
806,590,Air India Express,,IX 2608,BLR,Kempegowda International Airport Bengaluru,COK,Cochin International Airport,2026-09-13 16:15:00,2026-09-13 17:30:00,75,Boeing 737MAX 8 Passenger,Economy,30 in,f,"['"Average legroom (30 in)'", '"In-seat USB outlet'", '"Carbon emissions estimate: 53 kg'"]",2026-09-12 18:47:17.526369
807,591,IndiGo,,6E 144,BLR,Kempegowda International Airport Bengaluru,COK,Cochin International Airport,2026-09-13 18:00:00,2026-09-13 19:05:00,65,Airbus A321neo,Economy,28 in,f,"['"Below average legroom (28 in)'", '"Carbon emissions estimate: 41 kg'"]",2026-09-12 18:47:17.529115
808,592,IndiGo,,6E 435,BLR,Kempegowda International Airport Bengaluru,COK,Cochin International Airport,2026-09-13 20:25:00,2026-09-13 21:30:00,65,Airbus A320neo,Economy,28 in,f,"['"Below average legroom (28 in)'", '"Carbon emissions estimate: 46 kg'"]",2026-09-12 18:47:17.531045
809,593,IndiGo,,6E 703,BLR,Kempegowda International Airport Bengaluru,COK,Cochin International Airport,2026-09-13 12:55:00,2026-09-13 14:00:00,65,Airbus A321neo,Economy,28 in,f,"['"Below average legroom (28 in)'", '"Carbon emissions estimate: 41 kg'"]",2026-09-12 18:47:17.532841
810,594,Air India Express,,IX 2116,BLR,Kempegowda International Airport Bengaluru,COK,Cochin International Airport,2026-09-13 21:00:00,2026-09-13 22:05:00,65,Boeing 737,Economy,29 in,f,"['"Below average legroom (29 in)'", '"Carbon emissions estimate: 60 kg'"]",2026-09-12 18:47:17.534903
811,595,IndiGo,,6E 763,BLR,Kempegowda International Airport Bengaluru,COK,Cochin International Airport,2026-09-13 07:05:00,2026-09-13 08:05:00,60,Airbus A320neo,Economy,28 in,f,"['"Below average legroom (28 in)'", '"Carbon emissions estimate: 46 kg'"]",2026-09-12 18:47:17.536511
812,596,IndiGo,,6E 602,BLR,Kempegowda International Airport Bengaluru,COK,Cochin International Airport,2026-09-13 14:25:00,2026-09-13 15:35:00,70,Airbus A321neo,Economy,28 in,f,"['"Below average legroom (28 in)'", '"Carbon emissions estimate: 41 kg'"]",2026-09-12 18:47:17.538173
813,597,Air India Express,,IX 1893,BLR,Kempegowda International Airport Bengaluru,COK,Cochin International Airport,2026-09-13 08:40:00,2026-09-13 09:55:00,75,Boeing 737MAX 8 Passenger,Economy,30 in,f,"['"Average legroom (30 in)'", '"In-seat USB outlet'", '"Carbon emissions estimate: 53 kg'"]",2026-09-12 18:47:17.540404
814,598,IndiGo,,6E 6445,BLR,Kempegowda International Airport Bengaluru,COK,Cochin International Airport,2026-09-13 10:25:00,2026-09-13 11:30:00,65,Airbus A321neo,Economy,28 in,f,"['"Below average legroom (28 in)'", '"Carbon emissions estimate: 41 kg'"]",2026-09-12 18:47:17.542694
815,599,IndiGo,,6E 7005,BLR,Kempegowda International Airport Bengaluru,COK,Cochin International Airport,2026-09-13 08:05:00,2026-09-13 09:25:00,80,ATR 72,Economy,28 in,f,"['"Below average legroom (28 in)'", '"Carbon emissions estimate: 43 kg'"]",2026-09-12 18:47:17.544787
816,600,Malaysia Airlines,,MH 105,BLR,Kempegowda International Airport Bengaluru,KUL,Kuala Lumpur International Airport,2026-09-13 11:55:00,2026-09-13 18:45:00,260,Boeing 737,Economy,30 in,f,"['"Average legroom (30 in)'", '"In-seat USB outlet'", '"Stream media to your device'", '"Carbon emissions estimate: 231 kg'"]",2026-09-12 18:47:17.547172
817,600,Malaysia Airlines,,MH 108,KUL,Kuala Lumpur International Airport,COK,Cochin International Airport,2026-09-13 22:00:00,2026-09-13 23:20:00,230,Boeing 737,Economy,30 in,f,"['"Average legroom (30 in)'", '"In-seat USB outlet'", '"Stream media to your device'", '"Carbon emissions estimate: 228 kg'"]",2026-09-12 18:47:17.547172
818,601,Air India Express,,IX 2678,BLR,Kempegowda International Airport Bengaluru,COK,Cochin International Airport,2026-09-13 05:30:00,2026-09-13 06:40:00,70,Boeing 737MAX 8 Passenger,Economy,30 in,f,"['"Average legroom (30 in)'", '"In-seat USB outlet'", '"Carbon emissions estimate: 53 kg'"]",2026-09-12 18:47:17.549834
819,602,IndiGo,,6E 6554,BLR,Kempegowda International Airport Bengaluru,GOI,Goa Dabolim International Airport,2026-09-13 19:15:00,2026-09-13 20:25:00,70,Airbus A321neo,Economy,28 in,f,"['"Below average legroom (28 in)'", '"Carbon emissions estimate: 48 kg'"]",2026-09-12 18:47:24.285921
820,603,IndiGo,,6E 6168,BLR,Kempegowda International Airport Bengaluru,GOI,Goa Dabolim International Airport,2026-09-13 17:40:00,2026-09-13 18:55:00,75,Airbus A321neo,Economy,28 in,f,"['"Below average legroom (28 in)'", '"Carbon emissions estimate: 48 kg'"]",2026-09-12 18:47:24.289444
821,604,Air India Express,,IX 1538,BLR,Kempegowda International Airport Bengaluru,GOI,Goa Dabolim International Airport,2026-09-13 17:15:00,2026-09-13 18:30:00,75,Boeing 737MAX 8 Passenger,Economy,29 in,f,"['"Below average legroom (29 in)'", '"In-seat USB outlet'", '"Carbon emissions estimate: 58 kg'"]",2026-09-12 18:47:24.292195
822,605,IndiGo,,6E 6753,BLR,Kempegowda International Airport Bengaluru,GOI,Goa Dabolim International Airport,2026-09-13 15:15:00,2026-09-13 16:35:00,80,Airbus A321neo,Economy,28 in,f,"['"Below average legroom (28 in)'", '"Carbon emissions estimate: 48 kg'"]",2026-09-12 18:47:24.294663
823,606,Air India Express,,IX 1386,BLR,Kempegowda International Airport Bengaluru,GOI,Goa Dabolim International Airport,2026-09-13 13:05:00,2026-09-13 14:15:00,70,Boeing 737MAX 8 Passenger,Economy,29 in,f,"['"Below average legroom (29 in)'", '"In-seat USB outlet'", '"Carbon emissions estimate: 58 kg'"]",2026-09-12 18:47:24.29856
824,607,IndiGo,,6E 194,BLR,Kempegowda International Airport Bengaluru,GOI,Goa Dabolim International Airport,2026-09-13 06:05:00,2026-09-13 07:20:00,75,Airbus A321neo,Economy,28 in,f,"['"Below average legroom (28 in)'", '"Carbon emissions estimate: 48 kg'"]",2026-09-12 18:47:24.300285
825,608,IndiGo,,6E 6653,BLR,Kempegowda International Airport Bengaluru,GOI,Goa Dabolim International Airport,2026-09-13 12:35:00,2026-09-13 13:50:00,75,Airbus A321neo,Economy,28 in,f,"['"Below average legroom (28 in)'", '"Carbon emissions estimate: 48 kg'"]",2026-09-12 18:47:24.302222
826,609,IndiGo,,6E 846,DEL,Indira Gandhi International Airport,BLR,Kempegowda International Airport Bengaluru,2026-09-13 22:00:00,2026-09-14 00:55:00,175,Airbus A321neo,Economy,28 in,f,"['"Below average legroom (28 in)'", '"Carbon emissions estimate: 124 kg'"]",2026-09-12 18:47:31.76264
827,610,Air India,,AI 427,DEL,Indira Gandhi International Airport,BLR,Kempegowda International Airport Bengaluru,2026-09-13 08:30:00,2026-09-13 11:20:00,170,Boeing 787,Economy,33 in,f,"['"Above average legroom (33 in)'", '"In-seat power & USB outlets'", '"Stream media to your device'", '"Carbon emissions estimate: 143 kg'"]",2026-09-12 18:47:31.765369
828,611,Akasa Air,,QP 1812,DEL,Indira Gandhi International Airport,BLR,Kempegowda International Airport Bengaluru,2026-09-13 22:55:00,2026-09-14 01:45:00,170,Boeing 737MAX 8 Passenger,Economy,28 in,f,"['"Below average legroom (28 in)'", '"In-seat USB outlet'", '"Carbon emissions estimate: 125 kg'"]",2026-09-12 18:47:31.76787
829,612,IndiGo,,6E 2314,DEL,Indira Gandhi International Airport,BLR,Kempegowda International Airport Bengaluru,2026-09-13 05:45:00,2026-09-13 08:40:00,175,Airbus A321neo,Economy,28 in,f,"['"Below average legroom (28 in)'", '"Carbon emissions estimate: 124 kg'"]",2026-09-12 18:47:31.770295
830,613,IndiGo,,6E 810,DEL,Indira Gandhi International Airport,BLR,Kempegowda International Airport Bengaluru,2026-09-13 07:05:00,2026-09-13 10:00:00,175,Airbus A321neo,Economy,28 in,f,"['"Below average legroom (28 in)'", '"Carbon emissions estimate: 124 kg'"]",2026-09-12 18:47:31.772795
831,614,IndiGo,,6E 6515,DEL,Indira Gandhi International Airport,BLR,Kempegowda International Airport Bengaluru,2026-09-13 20:45:00,2026-09-13 23:40:00,175,Airbus A321neo,Economy,28 in,f,"['"Below average legroom (28 in)'", '"Carbon emissions estimate: 124 kg'"]",2026-09-12 18:47:31.775237
832,615,IndiGo,,6E 871,DEL,Indira Gandhi International Airport,BLR,Kempegowda International Airport Bengaluru,2026-09-13 23:30:00,2026-09-14 02:25:00,175,Airbus A321neo,Economy,28 in,f,"['"Below average legroom (28 in)'", '"Carbon emissions estimate: 124 kg'"]",2026-09-12 18:47:31.777845
833,616,Air India,,AI 2757,DEL,Indira Gandhi International Airport,BLR,Kempegowda International Airport Bengaluru,2026-09-13 00:15:00,2026-09-13 03:10:00,175,Airbus A320neo,Economy,28 in,f,"['"Below average legroom (28 in)'", '"In-seat USB outlet'", '"Stream media to your device'", '"Carbon emissions estimate: 143 kg'"]",2026-09-12 18:47:31.780403
834,617,Air India,,AI 2409,DEL,Indira Gandhi International Airport,BLR,Kempegowda International Airport Bengaluru,2026-09-13 06:00:00,2026-09-13 08:55:00,175,Airbus A320neo,Economy,28 in,f,"['"Below average legroom (28 in)'", '"In-seat USB outlet'", '"Stream media to your device'", '"Carbon emissions estimate: 143 kg'"]",2026-09-12 18:47:31.782812
835,618,Air India,,AI 2803,DEL,Indira Gandhi International Airport,BLR,Kempegowda International Airport Bengaluru,2026-09-13 06:30:00,2026-09-13 09:25:00,175,Airbus A320neo,Economy,28 in,f,"['"Below average legroom (28 in)'", '"In-seat USB outlet'", '"Stream media to your device'", '"Carbon emissions estimate: 143 kg'"]",2026-09-12 18:47:31.785279
836,619,Air India,,AI 2815,DEL,Indira Gandhi International Airport,BLR,Kempegowda International Airport Bengaluru,2026-09-13 07:00:00,2026-09-13 09:55:00,175,Airbus A321,Economy,29 in,f,"['"Below average legroom (29 in)'", '"Wi-Fi for a fee'", '"In-seat power & USB outlets'", '"On-demand video'", '"Carbon emissions estimate: 181 kg'"]",2026-09-12 18:47:31.7874
837,620,Air India,,AI 2412,DEL,Indira Gandhi International Airport,BLR,Kempegowda International Airport Bengaluru,2026-09-13 21:30:00,2026-09-14 00:25:00,175,Airbus A320neo,Economy,28 in,f,"['"Below average legroom (28 in)'", '"In-seat USB outlet'", '"Stream media to your device'", '"Carbon emissions estimate: 143 kg'"]",2026-09-12 18:47:31.789683
838,621,Air India Express,,IX 5975,DEL,Indira Gandhi International Airport,BLR,Kempegowda International Airport Bengaluru,2026-09-13 21:00:00,2026-09-13 23:55:00,175,Airbus A320neo,Economy,28 in,t,"['"Below average legroom (28 in)'", '"In-seat USB outlet'", '"Carbon emissions estimate: 136 kg'"]",2026-09-12 18:47:31.791835
839,622,IndiGo,,6E 873,DEL,Indira Gandhi International Airport,BLR,Kempegowda International Airport Bengaluru,2026-09-13 08:20:00,2026-09-13 11:10:00,170,Airbus A321neo,Economy,28 in,f,"['"Below average legroom (28 in)'", '"Carbon emissions estimate: 124 kg'"]",2026-09-12 18:47:31.79517
840,623,IndiGo,,6E 826,DEL,Indira Gandhi International Airport,BLR,Kempegowda International Airport Bengaluru,2026-09-13 09:30:00,2026-09-13 12:25:00,175,Airbus A321neo,Economy,28 in,f,"['"Below average legroom (28 in)'", '"Carbon emissions estimate: 124 kg'"]",2026-09-12 18:47:31.797714
841,624,IndiGo,,6E 842,DEL,Indira Gandhi International Airport,BLR,Kempegowda International Airport Bengaluru,2026-09-13 10:45:00,2026-09-13 13:40:00,175,Airbus A321neo,Economy,28 in,f,"['"Below average legroom (28 in)'", '"Carbon emissions estimate: 124 kg'"]",2026-09-12 18:47:31.800213
842,625,IndiGo,,6E 811,DEL,Indira Gandhi International Airport,BLR,Kempegowda International Airport Bengaluru,2026-09-13 18:20:00,2026-09-13 21:10:00,170,Airbus A321neo,Economy,28 in,f,"['"Below average legroom (28 in)'", '"Carbon emissions estimate: 124 kg'"]",2026-09-12 18:47:31.80262
843,626,IndiGo,,6E 861,DEL,Indira Gandhi International Airport,BLR,Kempegowda International Airport Bengaluru,2026-09-13 19:30:00,2026-09-13 22:25:00,175,Airbus A321neo,Economy,28 in,f,"['"Below average legroom (28 in)'", '"Carbon emissions estimate: 124 kg'"]",2026-09-12 18:47:31.804924
844,627,Akasa Air,,QP 1308,DEL,Indira Gandhi International Airport,BLR,Kempegowda International Airport Bengaluru,2026-09-13 20:55:00,2026-09-13 23:50:00,175,Boeing 737MAX 8 Passenger,Economy,28 in,f,"['"Below average legroom (28 in)'", '"In-seat USB outlet'", '"Carbon emissions estimate: 126 kg'"]",2026-09-12 18:47:31.807212
845,628,Akasa Air,,QP 1350,DEL,Indira Gandhi International Airport,BLR,Kempegowda International Airport Bengaluru,2026-09-13 21:55:00,2026-09-14 00:50:00,175,Boeing 737MAX 8 Passenger,Economy,28 in,f,"['"Below average legroom (28 in)'", '"In-seat USB outlet'", '"Carbon emissions estimate: 120 kg'"]",2026-09-12 18:47:31.809583
846,629,Air India,,AI 2809,DEL,Indira Gandhi International Airport,BLR,Kempegowda International Airport Bengaluru,2026-09-13 19:30:00,2026-09-13 22:20:00,170,Airbus A320neo,Economy,28 in,f,"['"Below average legroom (28 in)'", '"In-seat USB outlet'", '"Stream media to your device'", '"Carbon emissions estimate: 143 kg'"]",2026-09-12 18:47:31.811876
847,630,IndiGo,,6E 176,DEL,Indira Gandhi International Airport,BLR,Kempegowda International Airport Bengaluru,2026-09-13 13:15:00,2026-09-13 16:10:00,175,Airbus A321neo,Economy,28 in,f,"['"Below average legroom (28 in)'", '"Carbon emissions estimate: 124 kg'"]",2026-09-12 18:47:31.814107
848,631,IndiGo,,6E 837,DEL,Indira Gandhi International Airport,BLR,Kempegowda International Airport Bengaluru,2026-09-13 17:00:00,2026-09-13 19:55:00,175,Airbus A321neo,Economy,28 in,f,"['"Below average legroom (28 in)'", '"Carbon emissions estimate: 124 kg'"]",2026-09-12 18:47:31.81654
849,632,Air India,,AI 2415,DEL,Indira Gandhi International Airport,BLR,Kempegowda International Airport Bengaluru,2026-09-13 09:30:00,2026-09-13 12:25:00,175,Airbus A320neo,Economy,28 in,f,"['"Below average legroom (28 in)'", '"In-seat USB outlet'", '"Stream media to your device'", '"Carbon emissions estimate: 143 kg'"]",2026-09-12 18:47:31.818837
850,633,Air India Express,,IX 1070,DEL,Indira Gandhi International Airport,BLR,Kempegowda International Airport Bengaluru,2026-09-13 18:20:00,2026-09-13 21:15:00,175,Boeing 737MAX 8 Passenger,Economy,30 in,t,"['"Average legroom (30 in)'", '"In-seat USB outlet'", '"Carbon emissions estimate: 144 kg'"]",2026-09-12 18:47:31.821274
851,634,Akasa Air,,QP 1824,DEL,Indira Gandhi International Airport,BLR,Kempegowda International Airport Bengaluru,2026-09-13 20:10:00,2026-09-13 23:10:00,180,Boeing 737MAX 8 Passenger,Economy,28 in,f,"['"Below average legroom (28 in)'", '"In-seat USB outlet'", '"Carbon emissions estimate: 125 kg'"]",2026-09-12 18:47:31.823745
852,635,Air India,,AI 2487,DEL,Indira Gandhi International Airport,BLR,Kempegowda International Airport Bengaluru,2026-09-13 18:30:00,2026-09-13 21:25:00,175,Airbus A320neo,Economy,28 in,f,"['"Below average legroom (28 in)'", '"In-seat USB outlet'", '"Stream media to your device'", '"Carbon emissions estimate: 143 kg'"]",2026-09-12 18:47:31.826275
853,636,Air India,,AI 2512,DEL,Indira Gandhi International Airport,BLR,Kempegowda International Airport Bengaluru,2026-09-13 19:00:00,2026-09-13 21:55:00,175,Airbus A320neo,Economy,28 in,f,"['"Below average legroom (28 in)'", '"In-seat USB outlet'", '"Stream media to your device'", '"Carbon emissions estimate: 143 kg'"]",2026-09-12 18:47:31.828534
854,637,IndiGo,,6E 820,DEL,Indira Gandhi International Airport,BLR,Kempegowda International Airport Bengaluru,2026-09-13 03:00:00,2026-09-13 05:55:00,175,Airbus A321neo,Economy,28 in,f,"['"Below average legroom (28 in)'", '"Carbon emissions estimate: 124 kg'"]",2026-09-12 18:47:31.830876
855,638,IndiGo,,6E 828,DEL,Indira Gandhi International Airport,BLR,Kempegowda International Airport Bengaluru,2026-09-13 14:30:00,2026-09-13 17:25:00,175,Airbus A321neo,Economy,28 in,f,"['"Below average legroom (28 in)'", '"Carbon emissions estimate: 124 kg'"]",2026-09-12 18:47:31.832929
856,639,Air India,,AI 2653,DEL,Indira Gandhi International Airport,BLR,Kempegowda International Airport Bengaluru,2026-09-13 04:30:00,2026-09-13 07:20:00,170,Airbus A320neo,Economy,28 in,f,"['"Below average legroom (28 in)'", '"In-seat USB outlet'", '"Stream media to your device'", '"Carbon emissions estimate: 143 kg'"]",2026-09-12 18:47:31.835256
857,640,Air India,,AI 2485,DEL,Indira Gandhi International Airport,BLR,Kempegowda International Airport Bengaluru,2026-09-13 10:30:00,2026-09-13 13:20:00,170,Airbus A320neo,Economy,28 in,f,"['"Below average legroom (28 in)'", '"In-seat USB outlet'", '"Stream media to your device'", '"Carbon emissions estimate: 143 kg'"]",2026-09-12 18:47:31.837252
858,641,Air India,,AI 2664,DEL,Indira Gandhi International Airport,BLR,Kempegowda International Airport Bengaluru,2026-09-13 15:50:00,2026-09-13 18:45:00,175,Airbus A321,Economy,29 in,t,"['"Below average legroom (29 in)'", '"Wi-Fi for a fee'", '"In-seat power & USB outlets'", '"On-demand video'", '"Carbon emissions estimate: 181 kg'"]",2026-09-12 18:47:31.83924
859,642,Air India,,AI 2817,DEL,Indira Gandhi International Airport,BLR,Kempegowda International Airport Bengaluru,2026-09-13 16:30:00,2026-09-13 19:15:00,165,Airbus A320neo,Economy,28 in,f,"['"Below average legroom (28 in)'", '"In-seat USB outlet'", '"Stream media to your device'", '"Carbon emissions estimate: 143 kg'"]",2026-09-12 18:47:31.841587
860,643,IndiGo,,6E 880,DEL,Indira Gandhi International Airport,BLR,Kempegowda International Airport Bengaluru,2026-09-13 15:45:00,2026-09-13 18:40:00,175,Airbus A321neo,Economy,28 in,f,"['"Below average legroom (28 in)'", '"Carbon emissions estimate: 124 kg'"]",2026-09-12 18:47:31.843789
861,644,Air India,,AI 2819,DEL,Indira Gandhi International Airport,BLR,Kempegowda International Airport Bengaluru,2026-09-13 15:00:00,2026-09-13 17:55:00,175,Airbus A320neo,Economy,28 in,f,"['"Below average legroom (28 in)'", '"In-seat USB outlet'", '"Stream media to your device'", '"Carbon emissions estimate: 143 kg'"]",2026-09-12 18:47:31.846048
862,645,Akasa Air,,QP 1822,DEL,Indira Gandhi International Airport,BLR,Kempegowda International Airport Bengaluru,2026-09-13 16:40:00,2026-09-13 19:40:00,180,Boeing 737MAX 8 Passenger,Economy,28 in,f,"['"Below average legroom (28 in)'", '"In-seat USB outlet'", '"Carbon emissions estimate: 118 kg'"]",2026-09-12 18:47:31.848152
863,646,IndiGo,,6E 850,DEL,Indira Gandhi International Airport,BLR,Kempegowda International Airport Bengaluru,2026-09-13 12:20:00,2026-09-13 15:20:00,180,Airbus A321neo,Economy,28 in,f,"['"Below average legroom (28 in)'", '"Carbon emissions estimate: 124 kg'"]",2026-09-12 18:47:31.85033
864,647,Air India,,AI 2417,DEL,Indira Gandhi International Airport,BLR,Kempegowda International Airport Bengaluru,2026-09-13 13:00:00,2026-09-13 15:55:00,175,Airbus A320neo,Economy,28 in,f,"['"Below average legroom (28 in)'", '"In-seat USB outlet'", '"Stream media to your device'", '"Carbon emissions estimate: 143 kg'"]",2026-09-12 18:47:31.85255
865,648,Air India,,AI 2963,DEL,Indira Gandhi International Airport,BOM,Chhatrapati Shivaji Maharaj International Airport Mumbai,2026-09-13 09:00:00,2026-09-13 11:15:00,135,Airbus A320neo,Economy,28 in,f,"['"Below average legroom (28 in)'", '"In-seat USB outlet'", '"Stream media to your device'", '"Carbon emissions estimate: 102 kg'"]",2026-09-12 18:47:36.361529
866,649,IndiGo,,6E 675,DEL,Indira Gandhi International Airport,BOM,Chhatrapati Shivaji Maharaj International Airport Mumbai,2026-09-13 08:45:00,2026-09-13 11:00:00,135,Airbus A321neo,Economy,28 in,f,"['"Below average legroom (28 in)'", '"Carbon emissions estimate: 88 kg'"]",2026-09-12 18:47:36.364377
867,650,Air India Express,,IX 1056,DEL,Indira Gandhi International Airport,BOM,Chhatrapati Shivaji Maharaj International Airport Mumbai,2026-09-13 05:35:00,2026-09-13 08:05:00,150,Boeing 737MAX 8 Passenger,Economy,29 in,t,"['"Below average legroom (29 in)'", '"In-seat USB outlet'", '"Carbon emissions estimate: 100 kg'"]",2026-09-12 18:47:36.366783
868,651,Akasa Air,,QP 1112,DEL,Indira Gandhi International Airport,BOM,Chhatrapati Shivaji Maharaj International Airport Mumbai,2026-09-13 09:20:00,2026-09-13 11:40:00,140,Boeing 737MAX 8 Passenger,Economy,28 in,f,"['"Below average legroom (28 in)'", '"In-seat USB outlet'", '"Carbon emissions estimate: 87 kg'"]",2026-09-12 18:47:36.369287
869,652,Air India,,AI 1745,DEL,Indira Gandhi International Airport,BOM,Chhatrapati Shivaji Maharaj International Airport Mumbai,2026-09-13 05:00:00,2026-09-13 07:20:00,140,Airbus A320neo,Economy,28 in,f,"['"Below average legroom (28 in)'", '"In-seat USB outlet'", '"Stream media to your device'", '"Carbon emissions estimate: 102 kg'"]",2026-09-12 18:47:36.37356
870,653,Air India,,AI 2943,DEL,Indira Gandhi International Airport,BOM,Chhatrapati Shivaji Maharaj International Airport Mumbai,2026-09-13 07:30:00,2026-09-13 09:55:00,145,Airbus A350,Economy,31 in,f,"['"Average legroom (31 in)'", '"Wi-Fi for a fee'", '"In-seat power & USB outlets'", '"On-demand video'", '"Carbon emissions estimate: 100 kg'"]",2026-09-12 18:47:36.376755
871,654,Air India,,AI 2678,DEL,Indira Gandhi International Airport,BOM,Chhatrapati Shivaji Maharaj International Airport Mumbai,2026-09-13 08:30:00,2026-09-13 10:45:00,135,Airbus A320neo,Economy,28 in,f,"['"Below average legroom (28 in)'", '"In-seat USB outlet'", '"Stream media to your device'", '"Carbon emissions estimate: 102 kg'"]",2026-09-12 18:47:36.379471
872,655,Air India,,AI 2927,DEL,Indira Gandhi International Airport,BOM,Chhatrapati Shivaji Maharaj International Airport Mumbai,2026-09-13 09:30:00,2026-09-13 12:00:00,150,Airbus A320neo,Economy,28 in,f,"['"Below average legroom (28 in)'", '"In-seat USB outlet'", '"Stream media to your device'", '"Carbon emissions estimate: 102 kg'"]",2026-09-12 18:47:36.382095
972,748,IndiGo,,6E 6245,DEL,Indira Gandhi International Airport,PAT,Jay Prakash Narayan International Airport,2026-09-13 06:20:00,2026-09-13 07:55:00,95,Airbus A320neo,Economy,28 in,f,"['"Below average legroom (28 in)'", '"Carbon emissions estimate: 74 kg'"]",2026-09-12 18:48:03.060416
873,656,Air India,,AI 2995,DEL,Indira Gandhi International Airport,BOM,Chhatrapati Shivaji Maharaj International Airport Mumbai,2026-09-13 10:00:00,2026-09-13 12:25:00,145,Airbus A320neo,Economy,28 in,f,"['"Below average legroom (28 in)'", '"In-seat USB outlet'", '"Stream media to your device'", '"Carbon emissions estimate: 102 kg'"]",2026-09-12 18:47:36.384501
874,657,Air India,,AI 2945,DEL,Indira Gandhi International Airport,BOM,Chhatrapati Shivaji Maharaj International Airport Mumbai,2026-09-13 11:00:00,2026-09-13 13:25:00,145,Boeing 787,Economy,33 in,f,"['"Above average legroom (33 in)'", '"In-seat power & USB outlets'", '"Stream media to your device'", '"Carbon emissions estimate: 103 kg'"]",2026-09-12 18:47:36.386911
875,658,Air India,,AI 1777,DEL,Indira Gandhi International Airport,BOM,Chhatrapati Shivaji Maharaj International Airport Mumbai,2026-09-13 16:00:00,2026-09-13 18:25:00,145,Airbus A320neo,Economy,28 in,f,"['"Below average legroom (28 in)'", '"In-seat USB outlet'", '"Stream media to your device'", '"Carbon emissions estimate: 102 kg'"]",2026-09-12 18:47:36.389235
876,659,Air India,,AI 2941,DEL,Indira Gandhi International Airport,BOM,Chhatrapati Shivaji Maharaj International Airport Mumbai,2026-09-13 16:30:00,2026-09-13 18:50:00,140,Airbus A320neo,Economy,28 in,f,"['"Below average legroom (28 in)'", '"In-seat USB outlet'", '"Stream media to your device'", '"Carbon emissions estimate: 102 kg'"]",2026-09-12 18:47:36.391893
877,660,Air India,,AI 441,DEL,Indira Gandhi International Airport,BOM,Chhatrapati Shivaji Maharaj International Airport Mumbai,2026-09-13 17:00:00,2026-09-13 19:25:00,145,Boeing 777,Economy,31 in,f,"['"Average legroom (31 in)'", '"In-seat power & USB outlets'", '"Stream media to your device'", '"Carbon emissions estimate: 115 kg'"]",2026-09-12 18:47:36.394294
878,661,Air India,,AI 2955,DEL,Indira Gandhi International Airport,BOM,Chhatrapati Shivaji Maharaj International Airport Mumbai,2026-09-13 18:00:00,2026-09-13 20:25:00,145,Airbus A320neo,Economy,28 in,f,"['"Below average legroom (28 in)'", '"In-seat USB outlet'", '"Stream media to your device'", '"Carbon emissions estimate: 102 kg'"]",2026-09-12 18:47:36.396759
879,662,Air India,,AI 2977,DEL,Indira Gandhi International Airport,BOM,Chhatrapati Shivaji Maharaj International Airport Mumbai,2026-09-13 19:00:00,2026-09-13 21:25:00,145,Airbus A320neo,Economy,28 in,f,"['"Below average legroom (28 in)'", '"In-seat USB outlet'", '"Stream media to your device'", '"Carbon emissions estimate: 102 kg'"]",2026-09-12 18:47:36.399057
880,663,Air India,,AI 2985,DEL,Indira Gandhi International Airport,BOM,Chhatrapati Shivaji Maharaj International Airport Mumbai,2026-09-13 19:30:00,2026-09-13 21:55:00,145,Airbus A320neo,Economy,28 in,f,"['"Below average legroom (28 in)'", '"In-seat USB outlet'", '"Stream media to your device'", '"Carbon emissions estimate: 102 kg'"]",2026-09-12 18:47:36.401362
881,664,Air India,,AI 2805,DEL,Indira Gandhi International Airport,BOM,Chhatrapati Shivaji Maharaj International Airport Mumbai,2026-09-13 20:00:00,2026-09-13 22:25:00,145,Airbus A321,Economy,29 in,f,"['"Below average legroom (29 in)'", '"Wi-Fi for a fee'", '"In-seat power & USB outlets'", '"On-demand video'", '"Carbon emissions estimate: 130 kg'"]",2026-09-12 18:47:36.403689
882,665,Air India,,AI 2957,DEL,Indira Gandhi International Airport,BOM,Chhatrapati Shivaji Maharaj International Airport Mumbai,2026-09-13 20:30:00,2026-09-13 23:05:00,155,Airbus A320neo,Economy,28 in,f,"['"Below average legroom (28 in)'", '"In-seat USB outlet'", '"Stream media to your device'", '"Carbon emissions estimate: 102 kg'"]",2026-09-12 18:47:36.405925
883,666,Air India,,AI 2981,DEL,Indira Gandhi International Airport,BOM,Chhatrapati Shivaji Maharaj International Airport Mumbai,2026-09-13 21:00:00,2026-09-13 23:20:00,140,Airbus A320neo,Economy,28 in,f,"['"Below average legroom (28 in)'", '"In-seat USB outlet'", '"Stream media to your device'", '"Carbon emissions estimate: 102 kg'"]",2026-09-12 18:47:36.408401
884,667,IndiGo,,6E 6218,DEL,Indira Gandhi International Airport,BOM,Chhatrapati Shivaji Maharaj International Airport Mumbai,2026-09-13 06:05:00,2026-09-13 08:20:00,135,Airbus A321neo,Economy,28 in,f,"['"Below average legroom (28 in)'", '"Carbon emissions estimate: 88 kg'"]",2026-09-12 18:47:36.411151
885,668,IndiGo,,6E 320,DEL,Indira Gandhi International Airport,BOM,Chhatrapati Shivaji Maharaj International Airport Mumbai,2026-09-13 08:00:00,2026-09-13 10:20:00,140,Airbus A321neo,Economy,28 in,f,"['"Below average legroom (28 in)'", '"Carbon emissions estimate: 88 kg'"]",2026-09-12 18:47:36.413485
886,669,IndiGo,,6E 6107,DEL,Indira Gandhi International Airport,BOM,Chhatrapati Shivaji Maharaj International Airport Mumbai,2026-09-13 09:30:00,2026-09-13 11:55:00,145,Airbus A321neo,Economy,28 in,f,"['"Below average legroom (28 in)'", '"Carbon emissions estimate: 88 kg'"]",2026-09-12 18:47:36.415766
887,670,IndiGo,,6E 6047,DEL,Indira Gandhi International Airport,BOM,Chhatrapati Shivaji Maharaj International Airport Mumbai,2026-09-13 11:00:00,2026-09-13 13:15:00,135,Airbus A321neo,Economy,28 in,f,"['"Below average legroom (28 in)'", '"Carbon emissions estimate: 88 kg'"]",2026-09-12 18:47:36.418018
888,671,IndiGo,,6E 6022,DEL,Indira Gandhi International Airport,BOM,Chhatrapati Shivaji Maharaj International Airport Mumbai,2026-09-13 14:00:00,2026-09-13 16:25:00,145,Airbus A321neo,Economy,28 in,f,"['"Below average legroom (28 in)'", '"Carbon emissions estimate: 88 kg'"]",2026-09-12 18:47:36.420385
889,672,IndiGo,,6E 6318,DEL,Indira Gandhi International Airport,BOM,Chhatrapati Shivaji Maharaj International Airport Mumbai,2026-09-13 14:45:00,2026-09-13 17:00:00,135,Airbus A321neo,Economy,28 in,f,"['"Below average legroom (28 in)'", '"Carbon emissions estimate: 88 kg'"]",2026-09-12 18:47:36.423203
890,673,IndiGo,,6E 864,DEL,Indira Gandhi International Airport,BOM,Chhatrapati Shivaji Maharaj International Airport Mumbai,2026-09-13 15:30:00,2026-09-13 17:45:00,135,Airbus A321neo,Economy,28 in,f,"['"Below average legroom (28 in)'", '"Carbon emissions estimate: 88 kg'"]",2026-09-12 18:47:36.425559
891,674,IndiGo,,6E 327,DEL,Indira Gandhi International Airport,BOM,Chhatrapati Shivaji Maharaj International Airport Mumbai,2026-09-13 16:15:00,2026-09-13 18:35:00,140,Airbus A321neo,Economy,28 in,f,"['"Below average legroom (28 in)'", '"Carbon emissions estimate: 88 kg'"]",2026-09-12 18:47:36.427996
892,675,IndiGo,,6E 6706,DEL,Indira Gandhi International Airport,BOM,Chhatrapati Shivaji Maharaj International Airport Mumbai,2026-09-13 17:00:00,2026-09-13 19:15:00,135,Airbus A321neo,Economy,28 in,f,"['"Below average legroom (28 in)'", '"Carbon emissions estimate: 88 kg'"]",2026-09-12 18:47:36.430256
893,676,IndiGo,,6E 329,DEL,Indira Gandhi International Airport,BOM,Chhatrapati Shivaji Maharaj International Airport Mumbai,2026-09-13 18:00:00,2026-09-13 20:15:00,135,Airbus A321neo,Economy,28 in,f,"['"Below average legroom (28 in)'", '"Carbon emissions estimate: 88 kg'"]",2026-09-12 18:47:36.432386
894,677,IndiGo,,6E 354,DEL,Indira Gandhi International Airport,BOM,Chhatrapati Shivaji Maharaj International Airport Mumbai,2026-09-13 19:00:00,2026-09-13 21:25:00,145,Airbus A321neo,Economy,28 in,f,"['"Below average legroom (28 in)'", '"Carbon emissions estimate: 88 kg'"]",2026-09-12 18:47:36.4348
895,678,IndiGo,,6E 303,DEL,Indira Gandhi International Airport,BOM,Chhatrapati Shivaji Maharaj International Airport Mumbai,2026-09-13 20:00:00,2026-09-13 22:10:00,130,Airbus A321neo,Economy,28 in,f,"['"Below average legroom (28 in)'", '"Carbon emissions estimate: 88 kg'"]",2026-09-12 18:47:36.437248
896,679,IndiGo,,6E 853,DEL,Indira Gandhi International Airport,BOM,Chhatrapati Shivaji Maharaj International Airport Mumbai,2026-09-13 20:45:00,2026-09-13 23:00:00,135,Airbus A321neo,Economy,28 in,f,"['"Below average legroom (28 in)'", '"Carbon emissions estimate: 88 kg'"]",2026-09-12 18:47:36.439653
897,680,IndiGo,,6E 395,DEL,Indira Gandhi International Airport,BOM,Chhatrapati Shivaji Maharaj International Airport Mumbai,2026-09-13 21:45:00,2026-09-14 00:05:00,140,Airbus A321neo,Economy,28 in,f,"['"Below average legroom (28 in)'", '"Carbon emissions estimate: 88 kg'"]",2026-09-12 18:47:36.441762
898,681,IndiGo,,6E 6114,DEL,Indira Gandhi International Airport,BOM,Chhatrapati Shivaji Maharaj International Airport Mumbai,2026-09-13 22:45:00,2026-09-14 01:05:00,140,Airbus A321neo,Economy,28 in,f,"['"Below average legroom (28 in)'", '"Carbon emissions estimate: 88 kg'"]",2026-09-12 18:47:36.444087
899,682,IndiGo,,6E 322,DEL,Indira Gandhi International Airport,BOM,Chhatrapati Shivaji Maharaj International Airport Mumbai,2026-09-13 23:30:00,2026-09-14 01:45:00,135,Airbus A321neo,Economy,28 in,f,"['"Below average legroom (28 in)'", '"Carbon emissions estimate: 88 kg'"]",2026-09-12 18:47:36.446135
900,683,Air India,,AI 1785,DEL,Indira Gandhi International Airport,BOM,Chhatrapati Shivaji Maharaj International Airport Mumbai,2026-09-13 12:00:00,2026-09-13 14:25:00,145,Airbus A320neo,Economy,28 in,f,"['"Below average legroom (28 in)'", '"In-seat USB outlet'", '"Stream media to your device'", '"Carbon emissions estimate: 102 kg'"]",2026-09-12 18:47:36.447977
901,684,Air India,,AI 2439,DEL,Indira Gandhi International Airport,BOM,Chhatrapati Shivaji Maharaj International Airport Mumbai,2026-09-13 23:00:00,2026-09-14 01:25:00,145,Airbus A320neo,Economy,28 in,f,"['"Below average legroom (28 in)'", '"In-seat USB outlet'", '"Stream media to your device'", '"Carbon emissions estimate: 102 kg'"]",2026-09-12 18:47:36.450014
902,685,IndiGo,,6E 6328,DEL,Indira Gandhi International Airport,BOM,Chhatrapati Shivaji Maharaj International Airport Mumbai,2026-09-13 10:15:00,2026-09-13 12:35:00,140,Airbus A321neo,Economy,28 in,f,"['"Below average legroom (28 in)'", '"Carbon emissions estimate: 88 kg'"]",2026-09-12 18:47:36.451584
903,686,IndiGo,,6E 6676,DEL,Indira Gandhi International Airport,BOM,Chhatrapati Shivaji Maharaj International Airport Mumbai,2026-09-13 12:00:00,2026-09-13 14:15:00,135,Airbus A321neo,Economy,28 in,f,"['"Below average legroom (28 in)'", '"Carbon emissions estimate: 88 kg'"]",2026-09-12 18:47:36.45323
904,687,Air India Express,,IX 1235,DEL,Indira Gandhi International Airport,BOM,Chhatrapati Shivaji Maharaj International Airport Mumbai,2026-09-13 23:25:00,2026-09-14 01:50:00,145,Boeing 737MAX 8 Passenger,Economy,29 in,f,"['"Below average legroom (29 in)'", '"In-seat USB outlet'", '"Carbon emissions estimate: 100 kg'"]",2026-09-12 18:47:36.4549
905,688,IndiGo,,6E 324,DEL,Indira Gandhi International Airport,BOM,Chhatrapati Shivaji Maharaj International Airport Mumbai,2026-09-13 13:00:00,2026-09-13 15:10:00,130,Airbus A321neo,Economy,28 in,f,"['"Below average legroom (28 in)'", '"Carbon emissions estimate: 88 kg'"]",2026-09-12 18:47:36.45663
906,689,Akasa Air,,QP 1833,DEL,Indira Gandhi International Airport,BOM,Chhatrapati Shivaji Maharaj International Airport Mumbai,2026-09-13 06:50:00,2026-09-13 09:10:00,140,Boeing 737MAX 8 Passenger,Economy,28 in,f,"['"Below average legroom (28 in)'", '"In-seat USB outlet'", '"Carbon emissions estimate: 91 kg'"]",2026-09-12 18:47:36.458129
907,690,Akasa Air,,QP 1119,DEL,Indira Gandhi International Airport,BOM,Chhatrapati Shivaji Maharaj International Airport Mumbai,2026-09-13 08:40:00,2026-09-13 11:05:00,145,Boeing 737MAX 8 Passenger,Economy,28 in,f,"['"Below average legroom (28 in)'", '"In-seat USB outlet'", '"Carbon emissions estimate: 87 kg'"]",2026-09-12 18:47:36.459726
908,691,Akasa Air,,QP 1110,DEL,Indira Gandhi International Airport,BOM,Chhatrapati Shivaji Maharaj International Airport Mumbai,2026-09-13 10:30:00,2026-09-13 12:45:00,135,Boeing 737MAX 8 Passenger,Economy,28 in,f,"['"Below average legroom (28 in)'", '"In-seat USB outlet'", '"Carbon emissions estimate: 87 kg'"]",2026-09-12 18:47:36.462345
909,692,Akasa Air,,QP 1128,DEL,Indira Gandhi International Airport,BOM,Chhatrapati Shivaji Maharaj International Airport Mumbai,2026-09-13 16:00:00,2026-09-13 18:20:00,140,Boeing 737MAX 8 Passenger,Economy,28 in,f,"['"Below average legroom (28 in)'", '"In-seat USB outlet'", '"Carbon emissions estimate: 87 kg'"]",2026-09-12 18:47:36.464512
910,693,Akasa Air,,QP 1820,DEL,Indira Gandhi International Airport,BOM,Chhatrapati Shivaji Maharaj International Airport Mumbai,2026-09-13 17:30:00,2026-09-13 19:45:00,135,Boeing 737MAX 8 Passenger,Economy,28 in,f,"['"Below average legroom (28 in)'", '"In-seat USB outlet'", '"Carbon emissions estimate: 91 kg'"]",2026-09-12 18:47:36.466133
911,694,Akasa Air,,QP 1826,DEL,Indira Gandhi International Airport,BOM,Chhatrapati Shivaji Maharaj International Airport Mumbai,2026-09-13 19:55:00,2026-09-13 22:20:00,145,Boeing 737MAX 8 Passenger,Economy,28 in,f,"['"Below average legroom (28 in)'", '"In-seat USB outlet'", '"Carbon emissions estimate: 87 kg'"]",2026-09-12 18:47:36.467864
912,695,Air India,,AI 2933,DEL,Indira Gandhi International Airport,BOM,Chhatrapati Shivaji Maharaj International Airport Mumbai,2026-09-13 15:30:00,2026-09-13 17:55:00,145,Airbus A320neo,Economy,28 in,f,"['"Below average legroom (28 in)'", '"In-seat USB outlet'", '"Stream media to your device'", '"Carbon emissions estimate: 102 kg'"]",2026-09-12 18:47:36.469674
913,696,Air India,,AI 2951,DEL,Indira Gandhi International Airport,BOM,Chhatrapati Shivaji Maharaj International Airport Mumbai,2026-09-13 13:30:00,2026-09-13 15:50:00,140,Airbus A320neo,Economy,28 in,f,"['"Below average legroom (28 in)'", '"In-seat USB outlet'", '"Stream media to your device'", '"Carbon emissions estimate: 102 kg'"]",2026-09-12 18:47:36.471795
914,697,Akasa Air,,QP 1836,DEL,Indira Gandhi International Airport,BOM,Chhatrapati Shivaji Maharaj International Airport Mumbai,2026-09-13 12:30:00,2026-09-13 14:55:00,145,Boeing 737MAX 8 Passenger,Economy,28 in,f,"['"Below average legroom (28 in)'", '"In-seat USB outlet'", '"Carbon emissions estimate: 87 kg'"]",2026-09-12 18:47:36.473911
915,698,SpiceJet,,SG 2802,DEL,Indira Gandhi International Airport,BOM,Chhatrapati Shivaji Maharaj International Airport Mumbai,2026-09-13 22:45:00,2026-09-14 01:25:00,160,De Havilland-Bombardier Dash-8,Economy,28 in,f,"['"Below average legroom (28 in)'", '"Stream media to your device'", '"Carbon emissions estimate: 119 kg'"]",2026-09-12 18:47:36.475577
916,699,IndiGo,,6E 203,DEL,Indira Gandhi International Airport,HYD,Rajiv Gandhi International Airport,2026-09-13 07:10:00,2026-09-13 09:20:00,130,Airbus A321neo,Economy,28 in,f,"['"Below average legroom (28 in)'", '"Carbon emissions estimate: 98 kg'"]",2026-09-12 18:47:46.019111
917,700,Air India,,AI 1706,DEL,Indira Gandhi International Airport,HYD,Rajiv Gandhi International Airport,2026-09-13 23:00:00,2026-09-14 01:20:00,140,Airbus A320neo,Economy,28 in,f,"['"Below average legroom (28 in)'", '"In-seat USB outlet'", '"Stream media to your device'", '"Carbon emissions estimate: 114 kg'"]",2026-09-12 18:47:46.021857
918,701,Akasa Air,,QP 1406,DEL,Indira Gandhi International Airport,HYD,Rajiv Gandhi International Airport,2026-09-13 14:10:00,2026-09-13 16:30:00,140,Boeing 737MAX 8 Passenger,Economy,28 in,f,"['"Below average legroom (28 in)'", '"In-seat USB outlet'", '"Carbon emissions estimate: 99 kg'"]",2026-09-12 18:47:46.024608
919,702,IndiGo,,6E 5119,DEL,Indira Gandhi International Airport,AMD,Sardar Vallabhbhai Patel International Airport,2026-09-13 05:10:00,2026-09-13 06:35:00,85,Airbus A321neo,Economy,28 in,f,"['"Below average legroom (28 in)'", '"Carbon emissions estimate: 63 kg'"]",2026-09-12 18:47:46.02716
920,702,IndiGo,,6E 879,AMD,Sardar Vallabhbhai Patel International Airport,HYD,Rajiv Gandhi International Airport,2026-09-13 08:30:00,2026-09-13 10:15:00,105,Airbus A320neo,Economy,28 in,f,"['"Below average legroom (28 in)'", '"Carbon emissions estimate: 80 kg'"]",2026-09-12 18:47:46.02716
921,703,IndiGo,,6E 5073,DEL,Indira Gandhi International Airport,AMD,Sardar Vallabhbhai Patel International Airport,2026-09-13 17:05:00,2026-09-13 18:35:00,90,Airbus A321neo,Economy,28 in,f,"['"Below average legroom (28 in)'", '"Carbon emissions estimate: 63 kg'"]",2026-09-12 18:47:46.030045
922,703,IndiGo,,6E 6728,AMD,Sardar Vallabhbhai Patel International Airport,HYD,Rajiv Gandhi International Airport,2026-09-13 20:55:00,2026-09-13 22:30:00,95,Airbus A321neo,Economy,28 in,f,"['"Below average legroom (28 in)'", '"Carbon emissions estimate: 75 kg'"]",2026-09-12 18:47:46.030045
923,704,IndiGo,,6E 705,DEL,Indira Gandhi International Airport,HYD,Rajiv Gandhi International Airport,2026-09-13 08:30:00,2026-09-13 10:45:00,135,Airbus A321neo,Economy,28 in,f,"['"Below average legroom (28 in)'", '"Carbon emissions estimate: 98 kg'"]",2026-09-12 18:47:46.033234
924,705,IndiGo,,6E 6293,DEL,Indira Gandhi International Airport,HYD,Rajiv Gandhi International Airport,2026-09-13 09:55:00,2026-09-13 12:20:00,145,Airbus A321neo,Economy,28 in,f,"['"Below average legroom (28 in)'", '"Carbon emissions estimate: 98 kg'"]",2026-09-12 18:47:46.035623
925,706,IndiGo,,6E 6282,DEL,Indira Gandhi International Airport,HYD,Rajiv Gandhi International Airport,2026-09-13 13:30:00,2026-09-13 15:45:00,135,Airbus A321neo,Economy,28 in,f,"['"Below average legroom (28 in)'", '"Carbon emissions estimate: 98 kg'"]",2026-09-12 18:47:46.038178
926,707,IndiGo,,6E 6212,DEL,Indira Gandhi International Airport,HYD,Rajiv Gandhi International Airport,2026-09-13 14:45:00,2026-09-13 17:05:00,140,Airbus A321neo,Economy,28 in,f,"['"Below average legroom (28 in)'", '"Carbon emissions estimate: 98 kg'"]",2026-09-12 18:47:46.041064
927,708,IndiGo,,6E 6217,DEL,Indira Gandhi International Airport,HYD,Rajiv Gandhi International Airport,2026-09-13 16:15:00,2026-09-13 18:30:00,135,Airbus A321neo,Economy,28 in,f,"['"Below average legroom (28 in)'", '"Carbon emissions estimate: 98 kg'"]",2026-09-12 18:47:46.043287
928,709,IndiGo,,6E 717,DEL,Indira Gandhi International Airport,HYD,Rajiv Gandhi International Airport,2026-09-13 17:55:00,2026-09-13 20:15:00,140,Airbus A321neo,Economy,28 in,f,"['"Below average legroom (28 in)'", '"Carbon emissions estimate: 98 kg'"]",2026-09-12 18:47:46.045724
929,710,IndiGo,,6E 6601,DEL,Indira Gandhi International Airport,HYD,Rajiv Gandhi International Airport,2026-09-13 19:45:00,2026-09-13 22:05:00,140,Airbus A321neo,Economy,28 in,f,"['"Below average legroom (28 in)'", '"Carbon emissions estimate: 98 kg'"]",2026-09-12 18:47:46.047748
930,711,IndiGo,,6E 382,DEL,Indira Gandhi International Airport,HYD,Rajiv Gandhi International Airport,2026-09-13 21:00:00,2026-09-13 23:15:00,135,Airbus A321neo,Economy,28 in,f,"['"Below average legroom (28 in)'", '"Carbon emissions estimate: 98 kg'"]",2026-09-12 18:47:46.049954
931,712,IndiGo,,6E 882,DEL,Indira Gandhi International Airport,HYD,Rajiv Gandhi International Airport,2026-09-13 23:15:00,2026-09-14 01:30:00,135,Airbus A321neo,Economy,28 in,f,"['"Below average legroom (28 in)'", '"Carbon emissions estimate: 98 kg'"]",2026-09-12 18:47:46.052389
932,713,Air India,,AI 2577,DEL,Indira Gandhi International Airport,HYD,Rajiv Gandhi International Airport,2026-09-13 02:00:00,2026-09-13 04:20:00,140,Airbus A320neo,Economy,28 in,f,"['"Below average legroom (28 in)'", '"In-seat USB outlet'", '"Stream media to your device'", '"Carbon emissions estimate: 114 kg'"]",2026-09-12 18:47:46.054808
933,714,Air India,,AI 2449,DEL,Indira Gandhi International Airport,HYD,Rajiv Gandhi International Airport,2026-09-13 22:00:00,2026-09-14 00:20:00,140,Airbus A320neo,Economy,28 in,f,"['"Below average legroom (28 in)'", '"In-seat USB outlet'", '"Stream media to your device'", '"Carbon emissions estimate: 114 kg'"]",2026-09-12 18:47:46.057274
934,715,Air India,,AI 1793,DEL,Indira Gandhi International Airport,HYD,Rajiv Gandhi International Airport,2026-09-13 06:00:00,2026-09-13 08:20:00,140,Airbus A320neo,Economy,28 in,f,"['"Below average legroom (28 in)'", '"In-seat USB outlet'", '"Stream media to your device'", '"Carbon emissions estimate: 114 kg'"]",2026-09-12 18:47:46.059567
935,716,Air India,,AI 2542,DEL,Indira Gandhi International Airport,HYD,Rajiv Gandhi International Airport,2026-09-13 09:40:00,2026-09-13 12:00:00,140,Airbus A320neo,Economy,28 in,f,"['"Below average legroom (28 in)'", '"In-seat USB outlet'", '"Stream media to your device'", '"Carbon emissions estimate: 114 kg'"]",2026-09-12 18:47:46.061844
936,717,Air India,,AI 2859,DEL,Indira Gandhi International Airport,HYD,Rajiv Gandhi International Airport,2026-09-13 10:30:00,2026-09-13 12:50:00,140,Airbus A320neo,Economy,28 in,f,"['"Below average legroom (28 in)'", '"In-seat USB outlet'", '"Stream media to your device'", '"Carbon emissions estimate: 114 kg'"]",2026-09-12 18:47:46.063993
937,718,Air India,,AI 2899,DEL,Indira Gandhi International Airport,HYD,Rajiv Gandhi International Airport,2026-09-13 12:30:00,2026-09-13 14:45:00,135,Airbus A320neo,Economy,28 in,f,"['"Below average legroom (28 in)'", '"In-seat USB outlet'", '"Stream media to your device'", '"Carbon emissions estimate: 114 kg'"]",2026-09-12 18:47:46.066434
938,719,Air India,,AI 2519,DEL,Indira Gandhi International Airport,HYD,Rajiv Gandhi International Airport,2026-09-13 15:30:00,2026-09-13 17:55:00,145,Airbus A350,Economy,31 in,f,"['"Average legroom (31 in)'", '"Wi-Fi for a fee'", '"In-seat power & USB outlets'", '"On-demand video'", '"Carbon emissions estimate: 111 kg'"]",2026-09-12 18:47:46.068503
939,720,Air India,,AI 2879,DEL,Indira Gandhi International Airport,HYD,Rajiv Gandhi International Airport,2026-09-13 18:00:00,2026-09-13 20:20:00,140,Airbus A320neo,Economy,28 in,f,"['"Below average legroom (28 in)'", '"In-seat USB outlet'", '"Stream media to your device'", '"Carbon emissions estimate: 114 kg'"]",2026-09-12 18:47:46.070777
940,721,Air India,,AI 1708,DEL,Indira Gandhi International Airport,HYD,Rajiv Gandhi International Airport,2026-09-13 19:30:00,2026-09-13 21:50:00,140,Airbus A320neo,Economy,28 in,t,"['"Below average legroom (28 in)'", '"In-seat USB outlet'", '"Stream media to your device'", '"Carbon emissions estimate: 114 kg'"]",2026-09-12 18:47:46.073269
941,722,Air India,,AI 2871,DEL,Indira Gandhi International Airport,HYD,Rajiv Gandhi International Airport,2026-09-13 20:30:00,2026-09-13 22:50:00,140,Airbus A320neo,Economy,28 in,f,"['"Below average legroom (28 in)'", '"In-seat USB outlet'", '"Stream media to your device'", '"Carbon emissions estimate: 114 kg'"]",2026-09-12 18:47:46.075401
942,723,IndiGo,,6E 884,DEL,Indira Gandhi International Airport,HYD,Rajiv Gandhi International Airport,2026-09-13 11:45:00,2026-09-13 14:00:00,135,Airbus A321neo,Economy,28 in,f,"['"Below average legroom (28 in)'", '"Carbon emissions estimate: 98 kg'"]",2026-09-12 18:47:46.077558
943,724,Akasa Air,,QP 1409,DEL,Indira Gandhi International Airport,HYD,Rajiv Gandhi International Airport,2026-09-13 20:40:00,2026-09-13 23:10:00,150,Boeing 737MAX 8 Passenger,Economy,28 in,f,"['"Below average legroom (28 in)'", '"In-seat USB outlet'", '"Carbon emissions estimate: 99 kg'"]",2026-09-12 18:47:46.079739
944,725,Air India,,AI 441,DEL,Indira Gandhi International Airport,BOM,Chhatrapati Shivaji Maharaj International Airport Mumbai,2026-09-13 17:00:00,2026-09-13 19:25:00,145,Boeing 777,Economy,31 in,f,"['"Average legroom (31 in)'", '"In-seat power & USB outlets'", '"Stream media to your device'", '"Carbon emissions estimate: 115 kg'"]",2026-09-12 18:47:54.789256
945,725,Air India,,AI 2827,BOM,Chhatrapati Shivaji Maharaj International Airport Mumbai,MAA,Chennai International Airport,2026-09-13 20:30:00,2026-09-13 22:35:00,125,Airbus A320neo,Economy,28 in,f,"['"Below average legroom (28 in)'", '"In-seat USB outlet'", '"Stream media to your device'", '"Carbon emissions estimate: 96 kg'"]",2026-09-12 18:47:54.789256
946,726,Air India,,AI 2467,DEL,Indira Gandhi International Airport,MAA,Chennai International Airport,2026-09-13 10:00:00,2026-09-13 12:45:00,165,Airbus A320neo,Economy,28 in,f,"['"Below average legroom (28 in)'", '"In-seat USB outlet'", '"Stream media to your device'", '"Carbon emissions estimate: 145 kg'"]",2026-09-12 18:47:54.791503
947,727,IndiGo,,6E 940,DEL,Indira Gandhi International Airport,MAA,Chennai International Airport,2026-09-13 09:15:00,2026-09-13 12:05:00,170,Airbus A321neo,Economy,28 in,f,"['"Below average legroom (28 in)'", '"Carbon emissions estimate: 126 kg'"]",2026-09-12 18:47:54.79299
948,728,Air India,,AI 1745,DEL,Indira Gandhi International Airport,BOM,Chhatrapati Shivaji Maharaj International Airport Mumbai,2026-09-13 05:00:00,2026-09-13 07:20:00,140,Airbus A320neo,Economy,28 in,f,"['"Below average legroom (28 in)'", '"In-seat USB outlet'", '"Stream media to your device'", '"Carbon emissions estimate: 102 kg'"]",2026-09-12 18:47:54.794291
949,728,Air India,,AI 2739,BOM,Chhatrapati Shivaji Maharaj International Airport Mumbai,MAA,Chennai International Airport,2026-09-13 09:00:00,2026-09-13 11:10:00,130,Airbus A320neo,Economy,28 in,f,"['"Below average legroom (28 in)'", '"In-seat USB outlet'", '"Stream media to your device'", '"Carbon emissions estimate: 96 kg'"]",2026-09-12 18:47:54.794291
950,729,Air India,,AI 2833,DEL,Indira Gandhi International Airport,MAA,Chennai International Airport,2026-09-13 07:30:00,2026-09-13 10:20:00,170,Airbus A320neo,Economy,28 in,f,"['"Below average legroom (28 in)'", '"In-seat USB outlet'", '"Stream media to your device'", '"Carbon emissions estimate: 145 kg'"]",2026-09-12 18:47:54.796181
951,730,Air India,,AI 2895,DEL,Indira Gandhi International Airport,MAA,Chennai International Airport,2026-09-13 21:55:00,2026-09-14 00:40:00,165,Airbus A320neo,Economy,28 in,f,"['"Below average legroom (28 in)'", '"In-seat USB outlet'", '"Stream media to your device'", '"Carbon emissions estimate: 145 kg'"]",2026-09-12 18:47:54.79726
952,731,Air India,,AI 2483,DEL,Indira Gandhi International Airport,MAA,Chennai International Airport,2026-09-13 12:20:00,2026-09-13 15:10:00,170,Airbus A320neo,Economy,28 in,t,"['"Below average legroom (28 in)'", '"In-seat USB outlet'", '"Stream media to your device'", '"Carbon emissions estimate: 145 kg'"]",2026-09-12 18:47:54.798311
953,732,Air India,,AI 537,DEL,Indira Gandhi International Airport,MAA,Chennai International Airport,2026-09-13 15:45:00,2026-09-13 18:40:00,175,Boeing 777,Economy,33 in,f,"['"Above average legroom (33 in)'", '"In-seat power & USB outlets'", '"Stream media to your device'", '"Carbon emissions estimate: 169 kg'"]",2026-09-12 18:47:54.799314
954,733,Air India,,AI 2837,DEL,Indira Gandhi International Airport,MAA,Chennai International Airport,2026-09-13 18:00:00,2026-09-13 20:55:00,175,Airbus A320neo,Economy,28 in,f,"['"Below average legroom (28 in)'", '"In-seat USB outlet'", '"Stream media to your device'", '"Carbon emissions estimate: 145 kg'"]",2026-09-12 18:47:54.800305
955,734,IndiGo,,6E 2368,DEL,Indira Gandhi International Airport,MAA,Chennai International Airport,2026-09-13 07:15:00,2026-09-13 10:05:00,170,Airbus A321neo,Economy,28 in,f,"['"Below average legroom (28 in)'", '"Carbon emissions estimate: 126 kg'"]",2026-09-12 18:47:54.802133
956,735,IndiGo,,6E 434,DEL,Indira Gandhi International Airport,MAA,Chennai International Airport,2026-09-13 11:00:00,2026-09-13 13:50:00,170,Airbus A321neo,Economy,28 in,f,"['"Below average legroom (28 in)'", '"Carbon emissions estimate: 126 kg'"]",2026-09-12 18:47:54.80381
957,736,IndiGo,,6E 6115,DEL,Indira Gandhi International Airport,MAA,Chennai International Airport,2026-09-13 13:10:00,2026-09-13 16:00:00,170,Airbus A321neo,Economy,28 in,f,"['"Below average legroom (28 in)'", '"Carbon emissions estimate: 126 kg'"]",2026-09-12 18:47:54.806073
958,737,IndiGo,,6E 6091,DEL,Indira Gandhi International Airport,MAA,Chennai International Airport,2026-09-13 15:15:00,2026-09-13 18:05:00,170,Airbus A321neo,Economy,28 in,f,"['"Below average legroom (28 in)'", '"Carbon emissions estimate: 126 kg'"]",2026-09-12 18:47:54.807689
959,738,IndiGo,,6E 947,DEL,Indira Gandhi International Airport,MAA,Chennai International Airport,2026-09-13 16:40:00,2026-09-13 19:30:00,170,Airbus A321neo,Economy,28 in,f,"['"Below average legroom (28 in)'", '"Carbon emissions estimate: 126 kg'"]",2026-09-12 18:47:54.809207
960,739,IndiGo,,6E 950,DEL,Indira Gandhi International Airport,MAA,Chennai International Airport,2026-09-13 18:15:00,2026-09-13 20:55:00,160,Airbus A321neo,Economy,28 in,t,"['"Below average legroom (28 in)'", '"Carbon emissions estimate: 126 kg'"]",2026-09-12 18:47:54.810849
961,740,IndiGo,,6E 6341,DEL,Indira Gandhi International Airport,MAA,Chennai International Airport,2026-09-13 20:30:00,2026-09-13 23:20:00,170,Airbus A321neo,Economy,28 in,t,"['"Below average legroom (28 in)'", '"Carbon emissions estimate: 126 kg'"]",2026-09-12 18:47:54.812966
962,741,IndiGo,,6E 6061,DEL,Indira Gandhi International Airport,MAA,Chennai International Airport,2026-09-13 22:55:00,2026-09-14 01:50:00,175,Airbus A321neo,Economy,28 in,f,"['"Below average legroom (28 in)'", '"Carbon emissions estimate: 126 kg'"]",2026-09-12 18:47:54.814755
963,742,IndiGo,,6E 910,DEL,Indira Gandhi International Airport,CCU,Netaji Subhash Chandra Bose International Airport,2026-09-13 14:25:00,2026-09-13 16:45:00,140,Airbus A321neo,Economy,28 in,f,"['"Below average legroom (28 in)'", '"Carbon emissions estimate: 99 kg'"]",2026-09-12 18:47:54.816519
964,742,IndiGo,,6E 234,CCU,Netaji Subhash Chandra Bose International Airport,MAA,Chennai International Airport,2026-09-13 18:10:00,2026-09-13 20:30:00,140,Airbus A321neo,Economy,28 in,f,"['"Below average legroom (28 in)'", '"Carbon emissions estimate: 100 kg'"]",2026-09-12 18:47:54.816519
965,743,IndiGo,,6E 354,DEL,Indira Gandhi International Airport,BOM,Chhatrapati Shivaji Maharaj International Airport Mumbai,2026-09-13 19:00:00,2026-09-13 21:25:00,145,Airbus A321neo,Economy,28 in,f,"['"Below average legroom (28 in)'", '"Carbon emissions estimate: 88 kg'"]",2026-09-12 18:47:54.818294
966,743,IndiGo,,6E 6137,BOM,Chhatrapati Shivaji Maharaj International Airport Mumbai,MAA,Chennai International Airport,2026-09-13 23:00:00,2026-09-14 01:05:00,125,Airbus A320neo,Economy,28 in,f,"['"Below average legroom (28 in)'", '"Carbon emissions estimate: 86 kg'"]",2026-09-12 18:47:54.818294
967,744,IndiGo,,6E 176,DEL,Indira Gandhi International Airport,BLR,Kempegowda International Airport Bengaluru,2026-09-13 13:15:00,2026-09-13 16:10:00,175,Airbus A321neo,Business Class,,f,"['"Standard recliner seat'", '"In-seat power & USB outlets'", '"Carbon emissions estimate: 186 kg'"]",2026-09-12 18:47:54.820754
968,744,IndiGo,,6E 356,BLR,Kempegowda International Airport Bengaluru,MAA,Chennai International Airport,2026-09-13 17:15:00,2026-09-13 18:10:00,55,Airbus A321neo,Business Class,,f,"['"Carbon emissions estimate: 53 kg'"]",2026-09-12 18:47:54.820754
969,745,IndiGo,,6E 5191,DEL,Indira Gandhi International Airport,CCU,Netaji Subhash Chandra Bose International Airport,2026-09-13 05:00:00,2026-09-13 07:15:00,135,Airbus A321neo,Economy,28 in,f,"['"Below average legroom (28 in)'", '"Carbon emissions estimate: 99 kg'"]",2026-09-12 18:48:03.052241
970,746,Air India,,AI 1733,DEL,Indira Gandhi International Airport,CCU,Netaji Subhash Chandra Bose International Airport,2026-09-13 16:15:00,2026-09-13 18:35:00,140,Airbus A320neo,Economy,28 in,f,"['"Below average legroom (28 in)'", '"In-seat USB outlet'", '"Stream media to your device'", '"Carbon emissions estimate: 114 kg'"]",2026-09-12 18:48:03.054754
971,747,Akasa Air,,QP 1801,DEL,Indira Gandhi International Airport,CCU,Netaji Subhash Chandra Bose International Airport,2026-09-13 05:55:00,2026-09-13 08:15:00,140,Boeing 737MAX 8 Passenger,Economy,28 in,f,"['"Below average legroom (28 in)'", '"In-seat USB outlet'", '"Carbon emissions estimate: 97 kg'"]",2026-09-12 18:48:03.057658
973,748,IndiGo,,6E 663,PAT,Jay Prakash Narayan International Airport,CCU,Netaji Subhash Chandra Bose International Airport,2026-09-13 12:40:00,2026-09-13 13:45:00,65,Airbus A320neo,Economy,28 in,f,"['"Below average legroom (28 in)'", '"Carbon emissions estimate: 52 kg'"]",2026-09-12 18:48:03.060416
974,749,IndiGo,,6E 2453,DEL,Indira Gandhi International Airport,PAT,Jay Prakash Narayan International Airport,2026-09-13 13:35:00,2026-09-13 15:15:00,100,Airbus A320neo,Economy,28 in,f,"['"Below average legroom (28 in)'", '"Carbon emissions estimate: 74 kg'"]",2026-09-12 18:48:03.06364
975,749,IndiGo,,6E 342,PAT,Jay Prakash Narayan International Airport,CCU,Netaji Subhash Chandra Bose International Airport,2026-09-13 19:45:00,2026-09-13 21:05:00,80,Airbus A320neo,Economy,28 in,f,"['"Below average legroom (28 in)'", '"Carbon emissions estimate: 52 kg'"]",2026-09-12 18:48:03.06364
976,750,IndiGo,,6E 5298,DEL,Indira Gandhi International Airport,DED,Jolly Grant Airport - Dehradun,2026-09-13 09:00:00,2026-09-13 09:50:00,50,Airbus A320neo,Economy,28 in,f,"['"Below average legroom (28 in)'", '"Carbon emissions estimate: 35 kg'"]",2026-09-12 18:48:03.068388
977,750,IndiGo,,6E 6344,DED,Jolly Grant Airport - Dehradun,CCU,Netaji Subhash Chandra Bose International Airport,2026-09-13 12:55:00,2026-09-13 15:15:00,140,Airbus A320neo,Economy,28 in,f,"['"Below average legroom (28 in)'", '"Carbon emissions estimate: 104 kg'"]",2026-09-12 18:48:03.068388
978,751,IndiGo,,6E 2614,DEL,Indira Gandhi International Airport,IXR,"Birsa Munda Airport, Ranchi",2026-09-13 14:40:00,2026-09-13 16:35:00,115,Airbus A321neo,Economy,28 in,t,"['"Below average legroom (28 in)'", '"Carbon emissions estimate: 77 kg'"]",2026-09-12 18:48:03.071464
979,751,IndiGo,,6E 7326,IXR,"Birsa Munda Airport, Ranchi",CCU,Netaji Subhash Chandra Bose International Airport,2026-09-13 17:50:00,2026-09-13 19:05:00,75,ATR 72,Economy,28 in,f,"['"Below average legroom (28 in)'", '"Carbon emissions estimate: 39 kg'"]",2026-09-12 18:48:03.071464
980,752,IndiGo,,6E 389,DEL,Indira Gandhi International Airport,CCU,Netaji Subhash Chandra Bose International Airport,2026-09-13 21:50:00,2026-09-14 00:05:00,135,Airbus A321neo,Economy,28 in,f,"['"Below average legroom (28 in)'", '"Carbon emissions estimate: 99 kg'"]",2026-09-12 18:48:03.074699
981,753,IndiGo,,6E 247,DEL,Indira Gandhi International Airport,CCU,Netaji Subhash Chandra Bose International Airport,2026-09-13 23:30:00,2026-09-14 01:45:00,135,Airbus A321neo,Economy,28 in,f,"['"Below average legroom (28 in)'", '"Carbon emissions estimate: 99 kg'"]",2026-09-12 18:48:03.076758
982,754,IndiGo,,6E 2276,DEL,Indira Gandhi International Airport,CCU,Netaji Subhash Chandra Bose International Airport,2026-09-13 17:55:00,2026-09-13 20:15:00,140,Airbus A321neo,Economy,28 in,f,"['"Below average legroom (28 in)'", '"Carbon emissions estimate: 99 kg'"]",2026-09-12 18:48:03.079525
983,755,Air India,,AI 2707,DEL,Indira Gandhi International Airport,CCU,Netaji Subhash Chandra Bose International Airport,2026-09-13 18:00:00,2026-09-13 20:20:00,140,Airbus A320neo,Economy,28 in,f,"['"Below average legroom (28 in)'", '"In-seat USB outlet'", '"Stream media to your device'", '"Carbon emissions estimate: 114 kg'"]",2026-09-12 18:48:03.082427
984,756,Air India,,AI 1714,DEL,Indira Gandhi International Airport,CCU,Netaji Subhash Chandra Bose International Airport,2026-09-13 21:00:00,2026-09-13 23:20:00,140,Airbus A320neo,Economy,28 in,t,"['"Below average legroom (28 in)'", '"In-seat USB outlet'", '"Stream media to your device'", '"Carbon emissions estimate: 114 kg'"]",2026-09-12 18:48:03.084818
985,757,Air India,,AI 2709,DEL,Indira Gandhi International Airport,CCU,Netaji Subhash Chandra Bose International Airport,2026-09-13 19:40:00,2026-09-13 21:50:00,130,Airbus A320neo,Economy,28 in,f,"['"Below average legroom (28 in)'", '"In-seat USB outlet'", '"Stream media to your device'", '"Carbon emissions estimate: 114 kg'"]",2026-09-12 18:48:03.087353
986,758,IndiGo,,6E 340,DEL,Indira Gandhi International Airport,CCU,Netaji Subhash Chandra Bose International Airport,2026-09-13 07:20:00,2026-09-13 09:40:00,140,Airbus A321neo,Economy,28 in,f,"['"Below average legroom (28 in)'", '"Carbon emissions estimate: 99 kg'"]",2026-09-12 18:48:03.090036
987,759,IndiGo,,6E 6517,DEL,Indira Gandhi International Airport,CCU,Netaji Subhash Chandra Bose International Airport,2026-09-13 19:30:00,2026-09-13 21:45:00,135,Airbus A321neo,Economy,28 in,f,"['"Below average legroom (28 in)'", '"Carbon emissions estimate: 99 kg'"]",2026-09-12 18:48:03.0924
988,760,Akasa Air,,QP 1803,DEL,Indira Gandhi International Airport,CCU,Netaji Subhash Chandra Bose International Airport,2026-09-13 17:05:00,2026-09-13 19:25:00,140,Boeing 737MAX 8 Passenger,Economy,28 in,f,"['"Below average legroom (28 in)'", '"In-seat USB outlet'", '"Carbon emissions estimate: 97 kg'"]",2026-09-12 18:48:03.095152
989,761,IndiGo,,6E 6415,DEL,Indira Gandhi International Airport,CCU,Netaji Subhash Chandra Bose International Airport,2026-09-13 16:00:00,2026-09-13 18:15:00,135,Airbus A321neo,Economy,28 in,f,"['"Below average legroom (28 in)'", '"Carbon emissions estimate: 99 kg'"]",2026-09-12 18:48:03.097581
990,762,IndiGo,,6E 894,DEL,Indira Gandhi International Airport,CCU,Netaji Subhash Chandra Bose International Airport,2026-09-13 10:15:00,2026-09-13 12:30:00,135,Airbus A321neo,Economy,28 in,f,"['"Below average legroom (28 in)'", '"Carbon emissions estimate: 99 kg'"]",2026-09-12 18:48:03.099922
991,763,IndiGo,,6E 897,DEL,Indira Gandhi International Airport,CCU,Netaji Subhash Chandra Bose International Airport,2026-09-13 12:45:00,2026-09-13 15:05:00,140,Airbus A321neo,Economy,28 in,f,"['"Below average legroom (28 in)'", '"Carbon emissions estimate: 99 kg'"]",2026-09-12 18:48:03.102111
992,764,IndiGo,,6E 910,DEL,Indira Gandhi International Airport,CCU,Netaji Subhash Chandra Bose International Airport,2026-09-13 14:25:00,2026-09-13 16:45:00,140,Airbus A321neo,Economy,28 in,f,"['"Below average legroom (28 in)'", '"Carbon emissions estimate: 99 kg'"]",2026-09-12 18:48:03.105621
993,765,Air India,,AI 2767,DEL,Indira Gandhi International Airport,CCU,Netaji Subhash Chandra Bose International Airport,2026-09-13 13:00:00,2026-09-13 15:20:00,140,Airbus A320neo,Economy,28 in,f,"['"Below average legroom (28 in)'", '"In-seat USB outlet'", '"Stream media to your device'", '"Carbon emissions estimate: 114 kg'"]",2026-09-12 18:48:03.108112
994,766,Air India,,AI 2702,DEL,Indira Gandhi International Airport,CCU,Netaji Subhash Chandra Bose International Airport,2026-09-13 02:30:00,2026-09-13 04:50:00,140,Airbus A320neo,Economy,28 in,f,"['"Below average legroom (28 in)'", '"In-seat USB outlet'", '"Stream media to your device'", '"Carbon emissions estimate: 114 kg'"]",2026-09-12 18:48:03.110583
995,767,SpiceJet,,SG 905,DEL,Indira Gandhi International Airport,CCU,Netaji Subhash Chandra Bose International Airport,2026-09-13 20:10:00,2026-09-13 22:30:00,140,Airbus A320,Economy,28 in,f,"['"Below average legroom (28 in)'", '"Carbon emissions estimate: 120 kg'"]",2026-09-12 18:48:03.11312
996,768,Air India,,AI 1735,DEL,Indira Gandhi International Airport,PNQ,Pune International Airport,2026-09-13 13:00:00,2026-09-13 15:15:00,135,Airbus A320neo,Economy,28 in,f,"['"Below average legroom (28 in)'", '"In-seat USB outlet'", '"Stream media to your device'", '"Carbon emissions estimate: 105 kg'"]",2026-09-12 18:48:07.842544
997,769,Air India,,AI 2971,DEL,Indira Gandhi International Airport,PNQ,Pune International Airport,2026-09-13 16:00:00,2026-09-13 18:15:00,135,Airbus A320neo,Economy,28 in,f,"['"Below average legroom (28 in)'", '"In-seat USB outlet'", '"Stream media to your device'", '"Carbon emissions estimate: 105 kg'"]",2026-09-12 18:48:07.845592
1098,867,IndiGo,,6E 6052,BOM,Chhatrapati Shivaji Maharaj International Airport Mumbai,DEL,Indira Gandhi International Airport,2026-09-13 10:00:00,2026-09-13 12:30:00,150,Airbus A321neo,Economy,28 in,f,"['"Below average legroom (28 in)'", '"Carbon emissions estimate: 91 kg'"]",2026-09-12 18:48:34.8512
998,770,Air India,,AI 2547,DEL,Indira Gandhi International Airport,PNQ,Pune International Airport,2026-09-13 17:40:00,2026-09-13 19:50:00,130,Airbus A320neo,Economy,28 in,f,"['"Below average legroom (28 in)'", '"In-seat USB outlet'", '"Stream media to your device'", '"Carbon emissions estimate: 105 kg'"]",2026-09-12 18:48:07.847625
999,771,Air India,,AI 1730,DEL,Indira Gandhi International Airport,PNQ,Pune International Airport,2026-09-13 19:10:00,2026-09-13 21:15:00,125,Airbus A320neo,Economy,28 in,f,"['"Below average legroom (28 in)'", '"In-seat USB outlet'", '"Stream media to your device'", '"Carbon emissions estimate: 105 kg'"]",2026-09-12 18:48:07.850619
1000,772,Akasa Air,,QP 1608,DEL,Indira Gandhi International Airport,PNQ,Pune International Airport,2026-09-13 15:00:00,2026-09-13 17:15:00,135,Boeing 737MAX 8 Passenger,Economy,28 in,f,"['"Below average legroom (28 in)'", '"In-seat USB outlet'", '"Carbon emissions estimate: 88 kg'"]",2026-09-12 18:48:07.853213
1001,773,Air India,,AI 2469,DEL,Indira Gandhi International Airport,PNQ,Pune International Airport,2026-09-13 04:45:00,2026-09-13 06:55:00,130,Airbus A321,Economy,29 in,f,"['"Below average legroom (29 in)'", '"Wi-Fi for a fee'", '"In-seat power & USB outlets'", '"On-demand video'", '"Carbon emissions estimate: 133 kg'"]",2026-09-12 18:48:07.855163
1002,774,Air India,,AI 1797,DEL,Indira Gandhi International Airport,PNQ,Pune International Airport,2026-09-13 05:45:00,2026-09-13 08:05:00,140,Airbus A320neo,Economy,28 in,f,"['"Below average legroom (28 in)'", '"In-seat USB outlet'", '"Stream media to your device'", '"Carbon emissions estimate: 105 kg'"]",2026-09-12 18:48:07.857803
1003,775,Air India,,AI 2973,DEL,Indira Gandhi International Airport,PNQ,Pune International Airport,2026-09-13 20:50:00,2026-09-13 23:05:00,135,Airbus A320neo,Economy,28 in,f,"['"Below average legroom (28 in)'", '"In-seat USB outlet'", '"Stream media to your device'", '"Carbon emissions estimate: 105 kg'"]",2026-09-12 18:48:07.859918
1004,776,Air India,,AI 2609,DEL,Indira Gandhi International Airport,PNQ,Pune International Airport,2026-09-13 23:50:00,2026-09-14 02:05:00,135,Airbus A320neo,Economy,28 in,f,"['"Below average legroom (28 in)'", '"In-seat USB outlet'", '"Stream media to your device'", '"Carbon emissions estimate: 105 kg'"]",2026-09-12 18:48:07.86185
1005,777,Air India,,AI 2711,DEL,Indira Gandhi International Airport,PNQ,Pune International Airport,2026-09-13 02:00:00,2026-09-13 04:15:00,135,Airbus A320neo,Economy,28 in,f,"['"Below average legroom (28 in)'", '"In-seat USB outlet'", '"Stream media to your device'", '"Carbon emissions estimate: 105 kg'"]",2026-09-12 18:48:07.863952
1006,778,IndiGo,,6E 5322,DEL,Indira Gandhi International Airport,PNQ,Pune International Airport,2026-09-13 04:40:00,2026-09-13 06:45:00,125,Airbus A321neo,Economy,28 in,f,"['"Below average legroom (28 in)'", '"Carbon emissions estimate: 88 kg'"]",2026-09-12 18:48:07.866356
1007,779,IndiGo,,6E 2262,DEL,Indira Gandhi International Airport,PNQ,Pune International Airport,2026-09-13 06:10:00,2026-09-13 08:10:00,120,Airbus A321neo,Economy,28 in,f,"['"Below average legroom (28 in)'", '"Carbon emissions estimate: 90 kg'"]",2026-09-12 18:48:07.868948
1008,780,IndiGo,,6E 2618,DEL,Indira Gandhi International Airport,PNQ,Pune International Airport,2026-09-13 23:00:00,2026-09-14 01:05:00,125,Airbus A321neo,Economy,28 in,f,"['"Below average legroom (28 in)'", '"Carbon emissions estimate: 90 kg'"]",2026-09-12 18:48:07.870571
1009,781,IndiGo,,6E 2343,DEL,Indira Gandhi International Airport,PNQ,Pune International Airport,2026-09-13 02:20:00,2026-09-13 04:25:00,125,Airbus A321neo,Economy,28 in,f,"['"Below average legroom (28 in)'", '"Carbon emissions estimate: 90 kg'"]",2026-09-12 18:48:07.872374
1010,782,IndiGo,,6E 6673,DEL,Indira Gandhi International Airport,PNQ,Pune International Airport,2026-09-13 21:15:00,2026-09-13 23:20:00,125,Airbus A321neo,Economy,28 in,f,"['"Below average legroom (28 in)'", '"Carbon emissions estimate: 88 kg'"]",2026-09-12 18:48:07.874643
1011,783,Akasa Air,,QP 1809,DEL,Indira Gandhi International Airport,PNQ,Pune International Airport,2026-09-13 18:10:00,2026-09-13 20:25:00,135,Boeing 737MAX 8 Passenger,Economy,28 in,f,"['"Below average legroom (28 in)'", '"In-seat USB outlet'", '"Carbon emissions estimate: 93 kg'"]",2026-09-12 18:48:07.876372
1012,784,Air India Express,,IX 1230,DEL,Indira Gandhi International Airport,PNQ,Pune International Airport,2026-09-13 03:55:00,2026-09-13 06:40:00,165,Boeing 737MAX 8 Passenger,Economy,30 in,f,"['"Average legroom (30 in)'", '"In-seat USB outlet'", '"Carbon emissions estimate: 107 kg'"]",2026-09-12 18:48:07.878082
1013,785,Air India Express,,IX 1257,DEL,Indira Gandhi International Airport,PNQ,Pune International Airport,2026-09-13 22:25:00,2026-09-14 00:40:00,135,Boeing 737MAX 8 Passenger,Economy,30 in,f,"['"Average legroom (30 in)'", '"In-seat USB outlet'", '"Carbon emissions estimate: 107 kg'"]",2026-09-12 18:48:07.880278
1014,786,IndiGo,,6E 2623,DEL,Indira Gandhi International Airport,PNQ,Pune International Airport,2026-09-13 18:15:00,2026-09-13 20:20:00,125,Airbus A321neo,Economy,28 in,f,"['"Below average legroom (28 in)'", '"Carbon emissions estimate: 90 kg'"]",2026-09-12 18:48:07.881922
1015,787,IndiGo,,6E 2132,DEL,Indira Gandhi International Airport,PNQ,Pune International Airport,2026-09-13 09:40:00,2026-09-13 11:45:00,125,Airbus A321neo,Economy,28 in,f,"['"Below average legroom (28 in)'", '"Carbon emissions estimate: 90 kg'"]",2026-09-12 18:48:07.883601
1016,788,IndiGo,,6E 2487,DEL,Indira Gandhi International Airport,PNQ,Pune International Airport,2026-09-13 11:50:00,2026-09-13 14:05:00,135,Airbus A321neo,Economy,28 in,f,"['"Below average legroom (28 in)'", '"Carbon emissions estimate: 90 kg'"]",2026-09-12 18:48:07.892037
1017,789,SpiceJet,,SG 939,DEL,Indira Gandhi International Airport,PNQ,Pune International Airport,2026-09-13 16:55:00,2026-09-13 19:25:00,150,Boeing 737,Economy,29 in,f,"['"Below average legroom (29 in)'", '"Stream media to your device'", '"Carbon emissions estimate: 105 kg'"]",2026-09-12 18:48:07.893634
1018,790,IndiGo,,6E 6437,DEL,Indira Gandhi International Airport,PNQ,Pune International Airport,2026-09-13 16:25:00,2026-09-13 18:30:00,125,Airbus A321neo,Economy,28 in,f,"['"Below average legroom (28 in)'", '"Carbon emissions estimate: 90 kg'"]",2026-09-12 18:48:07.895068
1019,791,Akasa Air,,QP 1871,DEL,Indira Gandhi International Airport,PNQ,Pune International Airport,2026-09-13 10:50:00,2026-09-13 13:05:00,135,Boeing 737MAX 8 Passenger,Economy,28 in,f,"['"Below average legroom (28 in)'", '"In-seat USB outlet'", '"Carbon emissions estimate: 89 kg'"]",2026-09-12 18:48:07.897
1020,792,IndiGo,,6E 5119,DEL,Indira Gandhi International Airport,AMD,Sardar Vallabhbhai Patel International Airport,2026-09-13 05:10:00,2026-09-13 06:35:00,85,Airbus A321neo,Economy,28 in,f,"['"Below average legroom (28 in)'", '"Carbon emissions estimate: 63 kg'"]",2026-09-12 18:48:11.901394
1021,793,IndiGo,,6E 6261,DEL,Indira Gandhi International Airport,AMD,Sardar Vallabhbhai Patel International Airport,2026-09-13 00:15:00,2026-09-13 01:50:00,95,Airbus A321neo,Economy,28 in,f,"['"Below average legroom (28 in)'", '"Carbon emissions estimate: 63 kg'"]",2026-09-12 18:48:11.904568
1022,794,IndiGo,,6E 2076,DEL,Indira Gandhi International Airport,AMD,Sardar Vallabhbhai Patel International Airport,2026-09-13 07:30:00,2026-09-13 09:05:00,95,Airbus A321neo,Economy,28 in,f,"['"Below average legroom (28 in)'", '"Carbon emissions estimate: 63 kg'"]",2026-09-12 18:48:11.905943
1023,795,Air India,,AI 817,DEL,Indira Gandhi International Airport,AMD,Sardar Vallabhbhai Patel International Airport,2026-09-13 05:55:00,2026-09-13 07:35:00,100,Airbus A321,Economy,31 in,f,"['"Average legroom (31 in)'", '"Stream media to your device'", '"Carbon emissions estimate: 100 kg'"]",2026-09-12 18:48:11.907195
1024,796,Air India,,AI 2959,DEL,Indira Gandhi International Airport,AMD,Sardar Vallabhbhai Patel International Airport,2026-09-13 07:10:00,2026-09-13 08:50:00,100,Airbus A320neo,Economy,28 in,f,"['"Below average legroom (28 in)'", '"In-seat USB outlet'", '"Stream media to your device'", '"Carbon emissions estimate: 76 kg'"]",2026-09-12 18:48:11.908715
1025,797,Air India,,AI 881,DEL,Indira Gandhi International Airport,AMD,Sardar Vallabhbhai Patel International Airport,2026-09-13 13:35:00,2026-09-13 15:15:00,100,Airbus A320neo,Economy,31 in,f,"['"Average legroom (31 in)'", '"Stream media to your device'", '"Carbon emissions estimate: 100 kg'"]",2026-09-12 18:48:11.910262
1026,798,Air India,,AI 2715,DEL,Indira Gandhi International Airport,AMD,Sardar Vallabhbhai Patel International Airport,2026-09-13 11:40:00,2026-09-13 13:20:00,100,Airbus A320neo,Economy,28 in,f,"['"Below average legroom (28 in)'", '"In-seat USB outlet'", '"Stream media to your device'", '"Carbon emissions estimate: 76 kg'"]",2026-09-12 18:48:11.912103
1027,799,IndiGo,,6E 2331,DEL,Indira Gandhi International Airport,AMD,Sardar Vallabhbhai Patel International Airport,2026-09-13 12:20:00,2026-09-13 13:55:00,95,Airbus A321neo,Economy,28 in,f,"['"Below average legroom (28 in)'", '"Carbon emissions estimate: 63 kg'"]",2026-09-12 18:48:11.913522
1028,800,IndiGo,,6E 2341,DEL,Indira Gandhi International Airport,AMD,Sardar Vallabhbhai Patel International Airport,2026-09-13 14:50:00,2026-09-13 16:20:00,90,Airbus A321neo,Economy,28 in,f,"['"Below average legroom (28 in)'", '"Carbon emissions estimate: 63 kg'"]",2026-09-12 18:48:11.914709
1029,801,IndiGo,,6E 5073,DEL,Indira Gandhi International Airport,AMD,Sardar Vallabhbhai Patel International Airport,2026-09-13 17:05:00,2026-09-13 18:35:00,90,Airbus A321neo,Economy,28 in,f,"['"Below average legroom (28 in)'", '"Carbon emissions estimate: 63 kg'"]",2026-09-12 18:48:11.916823
1030,802,IndiGo,,6E 931,DEL,Indira Gandhi International Airport,AMD,Sardar Vallabhbhai Patel International Airport,2026-09-13 19:35:00,2026-09-13 21:10:00,95,Airbus A321neo,Economy,28 in,t,"['"Below average legroom (28 in)'", '"Carbon emissions estimate: 63 kg'"]",2026-09-12 18:48:11.917972
1031,803,IndiGo,,6E 2013,DEL,Indira Gandhi International Airport,AMD,Sardar Vallabhbhai Patel International Airport,2026-09-13 21:50:00,2026-09-13 23:25:00,95,Airbus A321neo,Economy,28 in,f,"['"Below average legroom (28 in)'", '"Carbon emissions estimate: 63 kg'"]",2026-09-12 18:48:11.918821
1032,804,Air India,,AI 809,DEL,Indira Gandhi International Airport,AMD,Sardar Vallabhbhai Patel International Airport,2026-09-13 17:40:00,2026-09-13 19:20:00,100,Airbus A321,Economy,31 in,f,"['"Average legroom (31 in)'", '"Stream media to your device'", '"Carbon emissions estimate: 100 kg'"]",2026-09-12 18:48:11.91988
1033,805,Air India,,AI 2939,DEL,Indira Gandhi International Airport,AMD,Sardar Vallabhbhai Patel International Airport,2026-09-13 16:40:00,2026-09-13 18:15:00,95,Airbus A321,Economy,31 in,f,"['"Average legroom (31 in)'", '"Stream media to your device'", '"Carbon emissions estimate: 100 kg'"]",2026-09-12 18:48:11.921254
1034,806,Air India,,AI 531,DEL,Indira Gandhi International Airport,AMD,Sardar Vallabhbhai Patel International Airport,2026-09-13 19:20:00,2026-09-13 20:50:00,90,Airbus A320neo,Economy,31 in,f,"['"Average legroom (31 in)'", '"Stream media to your device'", '"Carbon emissions estimate: 100 kg'"]",2026-09-12 18:48:11.922637
1035,807,Air India,,AI 2545,DEL,Indira Gandhi International Airport,AMD,Sardar Vallabhbhai Patel International Airport,2026-09-13 20:30:00,2026-09-13 22:10:00,100,Airbus A320neo,Economy,28 in,f,"['"Below average legroom (28 in)'", '"In-seat USB outlet'", '"Stream media to your device'", '"Carbon emissions estimate: 76 kg'"]",2026-09-12 18:48:11.924102
1036,808,Air India,,AI 2909,DEL,Indira Gandhi International Airport,AMD,Sardar Vallabhbhai Patel International Airport,2026-09-13 22:30:00,2026-09-14 00:15:00,105,Airbus A320neo,Economy,28 in,f,"['"Below average legroom (28 in)'", '"In-seat USB outlet'", '"Stream media to your device'", '"Carbon emissions estimate: 76 kg'"]",2026-09-12 18:48:11.925451
1037,809,IndiGo,,6E 5303,DEL,Indira Gandhi International Airport,COK,Cochin International Airport,2026-09-13 05:55:00,2026-09-13 09:05:00,190,Airbus A321neo,Economy,28 in,f,"['"Below average legroom (28 in)'", '"Carbon emissions estimate: 139 kg'"]",2026-09-12 18:48:20.501282
1038,810,IndiGo,,6E 6050,DEL,Indira Gandhi International Airport,COK,Cochin International Airport,2026-09-13 08:15:00,2026-09-13 11:25:00,190,Airbus A321neo,Economy,28 in,f,"['"Below average legroom (28 in)'", '"Carbon emissions estimate: 139 kg'"]",2026-09-12 18:48:20.503204
1039,811,Air India,,AI 2883,DEL,Indira Gandhi International Airport,COK,Cochin International Airport,2026-09-13 22:10:00,2026-09-14 01:20:00,190,Airbus A320neo,Economy,28 in,f,"['"Below average legroom (28 in)'", '"In-seat USB outlet'", '"Stream media to your device'", '"Carbon emissions estimate: 164 kg'"]",2026-09-12 18:48:20.505559
1040,812,Air India Express,,IX 1812,DEL,Indira Gandhi International Airport,COK,Cochin International Airport,2026-09-13 11:15:00,2026-09-13 14:25:00,190,Airbus A321,Economy,28 in,f,"['"Below average legroom (28 in)'", '"Carbon emissions estimate: 183 kg'"]",2026-09-12 18:48:20.508672
1041,813,IndiGo,,6E 754,DEL,Indira Gandhi International Airport,COK,Cochin International Airport,2026-09-13 17:10:00,2026-09-13 20:20:00,190,Airbus A320neo,Economy,28 in,f,"['"Below average legroom (28 in)'", '"Carbon emissions estimate: 146 kg'"]",2026-09-12 18:48:20.510798
1042,814,Air India,,AI 1738,DEL,Indira Gandhi International Airport,COK,Cochin International Airport,2026-09-13 17:00:00,2026-09-13 20:15:00,195,Airbus A320neo,Economy,28 in,f,"['"Below average legroom (28 in)'", '"In-seat USB outlet'", '"Stream media to your device'", '"Carbon emissions estimate: 164 kg'"]",2026-09-12 18:48:20.513533
1043,815,Air India Express,,IX 1815,DEL,Indira Gandhi International Airport,COK,Cochin International Airport,2026-09-13 19:20:00,2026-09-13 22:30:00,190,Airbus A321,Economy,28 in,t,"['"Below average legroom (28 in)'", '"Carbon emissions estimate: 183 kg'"]",2026-09-12 18:48:20.516235
1044,816,Air India,,AI 2458,DEL,Indira Gandhi International Airport,COK,Cochin International Airport,2026-09-13 11:55:00,2026-09-13 15:20:00,205,Airbus A320neo,Economy,28 in,f,"['"Below average legroom (28 in)'", '"In-seat USB outlet'", '"Stream media to your device'", '"Carbon emissions estimate: 164 kg'"]",2026-09-12 18:48:20.51991
1045,817,Air India Express,,IX 1257,DEL,Indira Gandhi International Airport,PNQ,Pune International Airport,2026-09-13 22:25:00,2026-09-14 00:40:00,135,Boeing 737MAX 8 Passenger,Economy,30 in,f,"['"Average legroom (30 in)'", '"In-seat USB outlet'", '"Carbon emissions estimate: 107 kg'"]",2026-09-12 18:48:20.522733
1046,817,Air India Express,,IX 2739,PNQ,Pune International Airport,COK,Cochin International Airport,2026-09-14 01:35:00,2026-09-14 03:30:00,115,Boeing 737,Economy,29 in,f,"['"Below average legroom (29 in)'", '"Carbon emissions estimate: 109 kg'"]",2026-09-12 18:48:20.522733
1047,818,Air India,,AI 2473,DEL,Indira Gandhi International Airport,COK,Cochin International Airport,2026-09-13 15:25:00,2026-09-13 18:40:00,195,Airbus A320neo,Economy,28 in,f,"['"Below average legroom (28 in)'", '"In-seat USB outlet'", '"Stream media to your device'", '"Carbon emissions estimate: 164 kg'"]",2026-09-12 18:48:20.525911
1048,819,IndiGo,,6E 5341,DEL,Indira Gandhi International Airport,GOI,Goa Dabolim International Airport,2026-09-13 05:10:00,2026-09-13 07:40:00,150,Airbus A321neo,Economy,28 in,f,"['"Below average legroom (28 in)'", '"Carbon emissions estimate: 109 kg'"]",2026-09-12 18:48:25.074005
1049,820,Air India Express,,IX 1108,DEL,Indira Gandhi International Airport,GOI,Goa Dabolim International Airport,2026-09-13 05:00:00,2026-09-13 07:25:00,145,Airbus A321,Economy,28 in,f,"['"Below average legroom (28 in)'", '"Carbon emissions estimate: 145 kg'"]",2026-09-12 18:48:25.076905
1050,821,Air India,,AI 487,DEL,Indira Gandhi International Airport,GOI,Goa Dabolim International Airport,2026-09-13 16:00:00,2026-09-13 18:30:00,150,Airbus A320neo,Economy,28 in,t,"['"Below average legroom (28 in)'", '"In-seat USB outlet'", '"Stream media to your device'", '"Carbon emissions estimate: 130 kg'"]",2026-09-12 18:48:25.0793
1051,822,Air India Express,,IX 1068,DEL,Indira Gandhi International Airport,GOI,Goa Dabolim International Airport,2026-09-13 11:55:00,2026-09-13 14:30:00,155,Boeing 737MAX 8 Passenger,Economy,30 in,f,"['"Average legroom (30 in)'", '"In-seat USB outlet'", '"Carbon emissions estimate: 132 kg'"]",2026-09-12 18:48:25.082013
1052,823,IndiGo,,6E 358,DEL,Indira Gandhi International Airport,GOI,Goa Dabolim International Airport,2026-09-13 12:15:00,2026-09-13 14:40:00,145,Airbus A321neo,Economy,28 in,f,"['"Below average legroom (28 in)'", '"Carbon emissions estimate: 109 kg'"]",2026-09-12 18:48:25.084524
1053,824,IndiGo,,6E 2235,DEL,Indira Gandhi International Airport,GOI,Goa Dabolim International Airport,2026-09-13 19:30:00,2026-09-13 22:00:00,150,Airbus A321neo,Economy,28 in,f,"['"Below average legroom (28 in)'", '"Carbon emissions estimate: 109 kg'"]",2026-09-12 18:48:25.086973
1054,825,IndiGo,,6E 2277,DEL,Indira Gandhi International Airport,GOI,Goa Dabolim International Airport,2026-09-13 10:25:00,2026-09-13 12:55:00,150,Airbus A321neo,Economy,28 in,f,"['"Below average legroom (28 in)'", '"Carbon emissions estimate: 109 kg'"]",2026-09-12 18:48:25.089536
1055,826,IndiGo,,6E 2341,DEL,Indira Gandhi International Airport,AMD,Sardar Vallabhbhai Patel International Airport,2026-09-13 14:50:00,2026-09-13 16:20:00,90,Airbus A321neo,Economy,28 in,f,"['"Below average legroom (28 in)'", '"Carbon emissions estimate: 63 kg'"]",2026-09-12 18:48:25.092577
1056,826,IndiGo,,6E 992,AMD,Sardar Vallabhbhai Patel International Airport,GOI,Goa Dabolim International Airport,2026-09-13 19:30:00,2026-09-13 21:05:00,95,Airbus A321neo,Economy,28 in,f,"['"Below average legroom (28 in)'", '"Carbon emissions estimate: 70 kg'"]",2026-09-12 18:48:25.092577
1057,827,Air India,,AI 2627,DEL,Indira Gandhi International Airport,GOI,Goa Dabolim International Airport,2026-09-13 10:45:00,2026-09-13 13:30:00,165,Airbus A320neo,Economy,28 in,f,"['"Below average legroom (28 in)'", '"In-seat USB outlet'", '"Stream media to your device'", '"Carbon emissions estimate: 130 kg'"]",2026-09-12 18:48:25.095498
1058,828,Air India,,AI 2857,BOM,Chhatrapati Shivaji Maharaj International Airport Mumbai,BLR,Kempegowda International Airport Bengaluru,2026-09-13 23:30:00,2026-09-14 01:35:00,125,Airbus A320neo,Economy,28 in,f,"['"Below average legroom (28 in)'", '"In-seat USB outlet'", '"Stream media to your device'", '"Carbon emissions estimate: 83 kg'"]",2026-09-12 18:48:30.223186
1059,829,Air India,,AI 3305,BOM,Chhatrapati Shivaji Maharaj International Airport Mumbai,BLR,Kempegowda International Airport Bengaluru,2026-09-13 23:40:00,2026-09-14 01:40:00,120,Airbus A321,Economy,31 in,f,"['"Average legroom (31 in)'", '"Stream media to your device'", '"Carbon emissions estimate: 109 kg'"]",2026-09-12 18:48:30.226046
1060,830,IndiGo,,6E 5032,BOM,Chhatrapati Shivaji Maharaj International Airport Mumbai,BLR,Kempegowda International Airport Bengaluru,2026-09-13 19:55:00,2026-09-13 21:45:00,110,Airbus A321neo,Economy,28 in,f,"['"Below average legroom (28 in)'", '"Carbon emissions estimate: 71 kg'"]",2026-09-12 18:48:30.229337
1061,831,Akasa Air,,QP 1382,BOM,Chhatrapati Shivaji Maharaj International Airport Mumbai,BLR,Kempegowda International Airport Bengaluru,2026-09-13 18:25:00,2026-09-13 20:20:00,115,Boeing 737MAX 8 Passenger,Economy,28 in,f,"['"Below average legroom (28 in)'", '"In-seat USB outlet'", '"Carbon emissions estimate: 73 kg'"]",2026-09-12 18:48:30.231871
1062,832,Air India,,AI 2603,BOM,Chhatrapati Shivaji Maharaj International Airport Mumbai,BLR,Kempegowda International Airport Bengaluru,2026-09-13 06:35:00,2026-09-13 08:35:00,120,Airbus A320neo,Economy,28 in,f,"['"Below average legroom (28 in)'", '"In-seat USB outlet'", '"Stream media to your device'", '"Carbon emissions estimate: 83 kg'"]",2026-09-12 18:48:30.234503
1063,833,Air India,,AI 2865,BOM,Chhatrapati Shivaji Maharaj International Airport Mumbai,BLR,Kempegowda International Airport Bengaluru,2026-09-13 19:45:00,2026-09-13 21:50:00,125,Airbus A320neo,Economy,28 in,f,"['"Below average legroom (28 in)'", '"In-seat USB outlet'", '"Stream media to your device'", '"Carbon emissions estimate: 83 kg'"]",2026-09-12 18:48:30.237463
1064,834,Air India,,AI 2401,BOM,Chhatrapati Shivaji Maharaj International Airport Mumbai,BLR,Kempegowda International Airport Bengaluru,2026-09-13 20:45:00,2026-09-13 22:45:00,120,Airbus A320neo,Economy,28 in,f,"['"Below average legroom (28 in)'", '"In-seat USB outlet'", '"Stream media to your device'", '"Carbon emissions estimate: 83 kg'"]",2026-09-12 18:48:30.240016
1065,835,IndiGo,,6E 5296,BOM,Chhatrapati Shivaji Maharaj International Airport Mumbai,BLR,Kempegowda International Airport Bengaluru,2026-09-13 06:30:00,2026-09-13 08:25:00,115,Airbus A321neo,Economy,28 in,f,"['"Below average legroom (28 in)'", '"Carbon emissions estimate: 71 kg'"]",2026-09-12 18:48:30.242575
1066,836,IndiGo,,6E 5047,BOM,Chhatrapati Shivaji Maharaj International Airport Mumbai,BLR,Kempegowda International Airport Bengaluru,2026-09-13 18:30:00,2026-09-13 20:25:00,115,Airbus A321neo,Economy,28 in,f,"['"Below average legroom (28 in)'", '"Carbon emissions estimate: 71 kg'"]",2026-09-12 18:48:30.244833
1067,837,IndiGo,,6E 6188,BOM,Chhatrapati Shivaji Maharaj International Airport Mumbai,BLR,Kempegowda International Airport Bengaluru,2026-09-13 21:30:00,2026-09-13 23:25:00,115,Airbus A321neo,Economy,28 in,f,"['"Below average legroom (28 in)'", '"Carbon emissions estimate: 71 kg'"]",2026-09-12 18:48:30.247363
1068,838,IndiGo,,6E 5388,BOM,Chhatrapati Shivaji Maharaj International Airport Mumbai,BLR,Kempegowda International Airport Bengaluru,2026-09-13 22:20:00,2026-09-14 00:20:00,120,Airbus A321neo,Economy,28 in,f,"['"Below average legroom (28 in)'", '"Carbon emissions estimate: 71 kg'"]",2026-09-12 18:48:30.249911
1069,839,Air India,,AI 2849,BOM,Chhatrapati Shivaji Maharaj International Airport Mumbai,BLR,Kempegowda International Airport Bengaluru,2026-09-13 17:30:00,2026-09-13 19:35:00,125,Airbus A320neo,Economy,28 in,f,"['"Below average legroom (28 in)'", '"In-seat USB outlet'", '"Stream media to your device'", '"Carbon emissions estimate: 83 kg'"]",2026-09-12 18:48:30.252351
1070,840,Air India,,AI 2641,BOM,Chhatrapati Shivaji Maharaj International Airport Mumbai,BLR,Kempegowda International Airport Bengaluru,2026-09-13 18:30:00,2026-09-13 20:35:00,125,Airbus A320neo,Economy,28 in,f,"['"Below average legroom (28 in)'", '"In-seat USB outlet'", '"Stream media to your device'", '"Carbon emissions estimate: 83 kg'"]",2026-09-12 18:48:30.254395
1071,841,Air India,,AI 2851,BOM,Chhatrapati Shivaji Maharaj International Airport Mumbai,BLR,Kempegowda International Airport Bengaluru,2026-09-13 07:55:00,2026-09-13 10:05:00,130,Airbus A320neo,Economy,28 in,f,"['"Below average legroom (28 in)'", '"In-seat USB outlet'", '"Stream media to your device'", '"Carbon emissions estimate: 83 kg'"]",2026-09-12 18:48:30.256977
1072,842,Air India,,AI 2863,BOM,Chhatrapati Shivaji Maharaj International Airport Mumbai,BLR,Kempegowda International Airport Bengaluru,2026-09-13 10:00:00,2026-09-13 12:05:00,125,Airbus A320neo,Economy,28 in,f,"['"Below average legroom (28 in)'", '"In-seat USB outlet'", '"Stream media to your device'", '"Carbon emissions estimate: 83 kg'"]",2026-09-12 18:48:30.259071
1073,843,IndiGo,,6E 5294,BOM,Chhatrapati Shivaji Maharaj International Airport Mumbai,BLR,Kempegowda International Airport Bengaluru,2026-09-13 04:30:00,2026-09-13 06:25:00,115,Airbus A321neo,Economy,28 in,f,"['"Below average legroom (28 in)'", '"Carbon emissions estimate: 71 kg'"]",2026-09-12 18:48:30.260953
1074,844,Akasa Air,,QP 1133,BOM,Chhatrapati Shivaji Maharaj International Airport Mumbai,BLR,Kempegowda International Airport Bengaluru,2026-09-13 19:40:00,2026-09-13 21:45:00,125,Boeing 737MAX 8 Passenger,Economy,28 in,f,"['"Below average legroom (28 in)'", '"In-seat USB outlet'", '"Carbon emissions estimate: 70 kg'"]",2026-09-12 18:48:30.2632
1075,845,Akasa Air,,QP 1518,BOM,Chhatrapati Shivaji Maharaj International Airport Mumbai,BLR,Kempegowda International Airport Bengaluru,2026-09-13 21:45:00,2026-09-13 23:45:00,120,Boeing 737MAX 8 Passenger,Economy,28 in,f,"['"Below average legroom (28 in)'", '"In-seat USB outlet'", '"Carbon emissions estimate: 73 kg'"]",2026-09-12 18:48:30.265282
1076,846,IndiGo,,6E 5193,BOM,Chhatrapati Shivaji Maharaj International Airport Mumbai,BLR,Kempegowda International Airport Bengaluru,2026-09-13 08:05:00,2026-09-13 09:55:00,110,Airbus A321neo,Economy,28 in,f,"['"Below average legroom (28 in)'", '"Carbon emissions estimate: 69 kg'"]",2026-09-12 18:48:30.268736
1077,847,IndiGo,,6E 5221,BOM,Chhatrapati Shivaji Maharaj International Airport Mumbai,BLR,Kempegowda International Airport Bengaluru,2026-09-13 17:00:00,2026-09-13 18:55:00,115,Airbus A321neo,Economy,28 in,f,"['"Below average legroom (28 in)'", '"Carbon emissions estimate: 71 kg'"]",2026-09-12 18:48:30.271145
1078,848,Akasa Air,,QP 1527,BOM,Chhatrapati Shivaji Maharaj International Airport Mumbai,BLR,Kempegowda International Airport Bengaluru,2026-09-13 07:35:00,2026-09-13 09:35:00,120,Boeing 737MAX 8 Passenger,Economy,28 in,f,"['"Below average legroom (28 in)'", '"In-seat USB outlet'", '"Carbon emissions estimate: 73 kg'"]",2026-09-12 18:48:30.273872
1079,849,Air India,,AI 2853,BOM,Chhatrapati Shivaji Maharaj International Airport Mumbai,BLR,Kempegowda International Airport Bengaluru,2026-09-13 15:25:00,2026-09-13 17:35:00,130,Airbus A320neo,Economy,28 in,f,"['"Below average legroom (28 in)'", '"In-seat USB outlet'", '"Stream media to your device'", '"Carbon emissions estimate: 83 kg'"]",2026-09-12 18:48:30.27657
1080,850,IndiGo,,6E 5092,BOM,Chhatrapati Shivaji Maharaj International Airport Mumbai,BLR,Kempegowda International Airport Bengaluru,2026-09-13 09:50:00,2026-09-13 11:55:00,125,Airbus A321neo,Economy,28 in,f,"['"Below average legroom (28 in)'", '"Carbon emissions estimate: 71 kg'"]",2026-09-12 18:48:30.279201
1081,851,IndiGo,,6E 5217,BOM,Chhatrapati Shivaji Maharaj International Airport Mumbai,BLR,Kempegowda International Airport Bengaluru,2026-09-13 11:00:00,2026-09-13 12:55:00,115,Airbus A321neo,Economy,28 in,f,"['"Below average legroom (28 in)'", '"Carbon emissions estimate: 71 kg'"]",2026-09-12 18:48:30.281354
1082,852,Air India,,AI 2632,BOM,Chhatrapati Shivaji Maharaj International Airport Mumbai,BLR,Kempegowda International Airport Bengaluru,2026-09-13 12:00:00,2026-09-13 14:05:00,125,Airbus A320neo,Economy,28 in,f,"['"Below average legroom (28 in)'", '"In-seat USB outlet'", '"Stream media to your device'", '"Carbon emissions estimate: 83 kg'"]",2026-09-12 18:48:30.284213
1083,853,IndiGo,,6E 5323,BOM,Chhatrapati Shivaji Maharaj International Airport Mumbai,BLR,Kempegowda International Airport Bengaluru,2026-09-13 01:10:00,2026-09-13 03:05:00,115,Airbus A321neo,Economy,28 in,f,"['"Below average legroom (28 in)'", '"Carbon emissions estimate: 71 kg'"]",2026-09-12 18:48:30.286534
1084,854,IndiGo,,6E 5184,BOM,Chhatrapati Shivaji Maharaj International Airport Mumbai,BLR,Kempegowda International Airport Bengaluru,2026-09-13 12:30:00,2026-09-13 14:25:00,115,Airbus A321neo,Economy,28 in,f,"['"Below average legroom (28 in)'", '"Carbon emissions estimate: 71 kg'"]",2026-09-12 18:48:30.288521
1085,855,IndiGo,,6E 5382,BOM,Chhatrapati Shivaji Maharaj International Airport Mumbai,BLR,Kempegowda International Airport Bengaluru,2026-09-13 14:30:00,2026-09-13 16:25:00,115,Airbus A321neo,Economy,28 in,f,"['"Below average legroom (28 in)'", '"Carbon emissions estimate: 71 kg'"]",2026-09-12 18:48:30.290913
1086,856,IndiGo,,6E 5071,BOM,Chhatrapati Shivaji Maharaj International Airport Mumbai,BLR,Kempegowda International Airport Bengaluru,2026-09-13 15:35:00,2026-09-13 17:25:00,110,Airbus A321neo,Economy,28 in,f,"['"Below average legroom (28 in)'", '"Carbon emissions estimate: 71 kg'"]",2026-09-12 18:48:30.293025
1087,857,Air India,,AI 2812,BOM,Chhatrapati Shivaji Maharaj International Airport Mumbai,BLR,Kempegowda International Airport Bengaluru,2026-09-13 02:05:00,2026-09-13 04:10:00,125,Airbus A320neo,Economy,28 in,f,"['"Below average legroom (28 in)'", '"In-seat USB outlet'", '"Stream media to your device'", '"Carbon emissions estimate: 83 kg'"]",2026-09-12 18:48:30.295501
1088,858,Air India,,AI 2410,BOM,Chhatrapati Shivaji Maharaj International Airport Mumbai,BLR,Kempegowda International Airport Bengaluru,2026-09-13 05:30:00,2026-09-13 07:35:00,125,Airbus A321,Economy,29 in,f,"['"Below average legroom (29 in)'", '"Wi-Fi for a fee'", '"In-seat power & USB outlets'", '"On-demand video'", '"Carbon emissions estimate: 106 kg'"]",2026-09-12 18:48:30.298112
1089,859,Akasa Air,,QP 1516,BOM,Chhatrapati Shivaji Maharaj International Airport Mumbai,BLR,Kempegowda International Airport Bengaluru,2026-09-13 00:35:00,2026-09-13 02:25:00,110,Boeing 737MAX 8 Passenger,Economy,28 in,f,"['"Below average legroom (28 in)'", '"In-seat USB outlet'", '"Carbon emissions estimate: 73 kg'"]",2026-09-12 18:48:30.300311
1090,860,Air India,,AI 2821,BOM,Chhatrapati Shivaji Maharaj International Airport Mumbai,MAA,Chennai International Airport,2026-09-13 06:40:00,2026-09-13 08:55:00,135,Airbus A320neo,Economy,28 in,f,"['"Below average legroom (28 in)'", '"In-seat USB outlet'", '"Stream media to your device'", '"Carbon emissions estimate: 96 kg'"]",2026-09-12 18:48:30.302528
1091,860,Air India Express,,IX 2971,MAA,Chennai International Airport,BLR,Kempegowda International Airport Bengaluru,2026-09-13 10:45:00,2026-09-13 11:55:00,70,Boeing 737,Economy,30 in,f,"['"Average legroom (30 in)'", '"In-seat USB outlet'", '"Carbon emissions estimate: 46 kg'"]",2026-09-12 18:48:30.302528
1092,861,Air India,,AI 1882,BOM,Chhatrapati Shivaji Maharaj International Airport Mumbai,DEL,Indira Gandhi International Airport,2026-09-13 23:55:00,2026-09-14 02:15:00,140,Airbus A320neo,Economy,28 in,f,"['"Below average legroom (28 in)'", '"In-seat USB outlet'", '"Stream media to your device'", '"Carbon emissions estimate: 105 kg'"]",2026-09-12 18:48:34.835843
1093,862,IndiGo,,6E 333,BOM,Chhatrapati Shivaji Maharaj International Airport Mumbai,DEL,Indira Gandhi International Airport,2026-09-13 08:00:00,2026-09-13 10:05:00,125,Airbus A321neo,Economy,28 in,f,"['"Below average legroom (28 in)'", '"Carbon emissions estimate: 91 kg'"]",2026-09-12 18:48:34.838774
1094,863,Akasa Air,,QP 1111,BOM,Chhatrapati Shivaji Maharaj International Airport Mumbai,DEL,Indira Gandhi International Airport,2026-09-13 05:25:00,2026-09-13 07:40:00,135,Boeing 737MAX 8 Passenger,Economy,28 in,f,"['"Below average legroom (28 in)'", '"In-seat USB outlet'", '"Carbon emissions estimate: 90 kg'"]",2026-09-12 18:48:34.841453
1095,864,Air India,,AI 2986,BOM,Chhatrapati Shivaji Maharaj International Airport Mumbai,DEL,Indira Gandhi International Airport,2026-09-13 22:35:00,2026-09-14 00:55:00,140,Airbus A320neo,Economy,28 in,f,"['"Below average legroom (28 in)'", '"In-seat USB outlet'", '"Stream media to your device'", '"Carbon emissions estimate: 105 kg'"]",2026-09-12 18:48:34.844201
1096,865,IndiGo,,6E 762,BOM,Chhatrapati Shivaji Maharaj International Airport Mumbai,DEL,Indira Gandhi International Airport,2026-09-13 06:00:00,2026-09-13 08:10:00,130,Airbus A321neo,Economy,28 in,f,"['"Below average legroom (28 in)'", '"Carbon emissions estimate: 91 kg'"]",2026-09-12 18:48:34.846421
1097,866,IndiGo,,6E 355,BOM,Chhatrapati Shivaji Maharaj International Airport Mumbai,DEL,Indira Gandhi International Airport,2026-09-13 09:00:00,2026-09-13 11:15:00,135,Airbus A321neo,Economy,28 in,f,"['"Below average legroom (28 in)'", '"Carbon emissions estimate: 91 kg'"]",2026-09-12 18:48:34.848781
1099,868,IndiGo,,6E 310,BOM,Chhatrapati Shivaji Maharaj International Airport Mumbai,DEL,Indira Gandhi International Airport,2026-09-13 10:35:00,2026-09-13 13:00:00,145,Airbus A321neo,Economy,28 in,f,"['"Below average legroom (28 in)'", '"Carbon emissions estimate: 91 kg'"]",2026-09-12 18:48:34.854234
1100,869,IndiGo,,6E 6827,BOM,Chhatrapati Shivaji Maharaj International Airport Mumbai,DEL,Indira Gandhi International Airport,2026-09-13 11:30:00,2026-09-13 13:45:00,135,Airbus A321neo,Economy,28 in,f,"['"Below average legroom (28 in)'", '"Carbon emissions estimate: 91 kg'"]",2026-09-12 18:48:34.858046
1101,870,IndiGo,,6E 6028,BOM,Chhatrapati Shivaji Maharaj International Airport Mumbai,DEL,Indira Gandhi International Airport,2026-09-13 12:15:00,2026-09-13 14:25:00,130,Airbus A321neo,Economy,28 in,f,"['"Below average legroom (28 in)'", '"Carbon emissions estimate: 91 kg'"]",2026-09-12 18:48:34.860638
1102,871,IndiGo,,6E 615,BOM,Chhatrapati Shivaji Maharaj International Airport Mumbai,DEL,Indira Gandhi International Airport,2026-09-13 13:00:00,2026-09-13 15:15:00,135,Airbus A321neo,Economy,28 in,f,"['"Below average legroom (28 in)'", '"Carbon emissions estimate: 91 kg'"]",2026-09-12 18:48:34.863283
1103,872,IndiGo,,6E 6704,BOM,Chhatrapati Shivaji Maharaj International Airport Mumbai,DEL,Indira Gandhi International Airport,2026-09-13 14:00:00,2026-09-13 16:15:00,135,Airbus A321neo,Economy,28 in,f,"['"Below average legroom (28 in)'", '"Carbon emissions estimate: 91 kg'"]",2026-09-12 18:48:34.865675
1104,873,IndiGo,,6E 349,BOM,Chhatrapati Shivaji Maharaj International Airport Mumbai,DEL,Indira Gandhi International Airport,2026-09-13 15:00:00,2026-09-13 17:15:00,135,Airbus A321neo,Economy,28 in,f,"['"Below average legroom (28 in)'", '"Carbon emissions estimate: 91 kg'"]",2026-09-12 18:48:34.868027
1105,874,IndiGo,,6E 313,BOM,Chhatrapati Shivaji Maharaj International Airport Mumbai,DEL,Indira Gandhi International Airport,2026-09-13 16:00:00,2026-09-13 18:15:00,135,Airbus A321neo,Economy,28 in,f,"['"Below average legroom (28 in)'", '"Carbon emissions estimate: 91 kg'"]",2026-09-12 18:48:34.870826
1106,875,IndiGo,,6E 6082,BOM,Chhatrapati Shivaji Maharaj International Airport Mumbai,DEL,Indira Gandhi International Airport,2026-09-13 16:45:00,2026-09-13 18:55:00,130,Airbus A321neo,Economy,28 in,f,"['"Below average legroom (28 in)'", '"Carbon emissions estimate: 91 kg'"]",2026-09-12 18:48:34.873416
1107,876,IndiGo,,6E 315,BOM,Chhatrapati Shivaji Maharaj International Airport Mumbai,DEL,Indira Gandhi International Airport,2026-09-13 17:20:00,2026-09-13 19:45:00,145,Airbus A321neo,Economy,28 in,f,"['"Below average legroom (28 in)'", '"Carbon emissions estimate: 91 kg'"]",2026-09-12 18:48:34.877014
1108,877,IndiGo,,6E 6613,BOM,Chhatrapati Shivaji Maharaj International Airport Mumbai,DEL,Indira Gandhi International Airport,2026-09-13 18:15:00,2026-09-13 20:30:00,135,Airbus A321neo,Economy,28 in,f,"['"Below average legroom (28 in)'", '"Carbon emissions estimate: 91 kg'"]",2026-09-12 18:48:34.879626
1109,878,IndiGo,,6E 317,BOM,Chhatrapati Shivaji Maharaj International Airport Mumbai,DEL,Indira Gandhi International Airport,2026-09-13 19:00:00,2026-09-13 21:15:00,135,Airbus A321neo,Economy,28 in,f,"['"Below average legroom (28 in)'", '"Carbon emissions estimate: 91 kg'"]",2026-09-12 18:48:34.882111
1110,879,IndiGo,,6E 6049,BOM,Chhatrapati Shivaji Maharaj International Airport Mumbai,DEL,Indira Gandhi International Airport,2026-09-13 19:45:00,2026-09-13 21:55:00,130,Airbus A321neo,Economy,28 in,f,"['"Below average legroom (28 in)'", '"Carbon emissions estimate: 91 kg'"]",2026-09-12 18:48:34.884785
1111,880,IndiGo,,6E 330,BOM,Chhatrapati Shivaji Maharaj International Airport Mumbai,DEL,Indira Gandhi International Airport,2026-09-13 20:20:00,2026-09-13 22:45:00,145,Airbus A321neo,Economy,28 in,f,"['"Below average legroom (28 in)'", '"Carbon emissions estimate: 91 kg'"]",2026-09-12 18:48:34.887457
1112,881,IndiGo,,6E 102,BOM,Chhatrapati Shivaji Maharaj International Airport Mumbai,DEL,Indira Gandhi International Airport,2026-09-13 21:15:00,2026-09-13 23:30:00,135,Airbus A321neo,Economy,28 in,f,"['"Below average legroom (28 in)'", '"Carbon emissions estimate: 91 kg'"]",2026-09-12 18:48:34.889938
1113,882,IndiGo,,6E 651,BOM,Chhatrapati Shivaji Maharaj International Airport Mumbai,DEL,Indira Gandhi International Airport,2026-09-13 22:15:00,2026-09-14 00:30:00,135,Airbus A321neo,Economy,28 in,f,"['"Below average legroom (28 in)'", '"Carbon emissions estimate: 91 kg'"]",2026-09-12 18:48:34.892449
1114,883,IndiGo,,6E 350,BOM,Chhatrapati Shivaji Maharaj International Airport Mumbai,DEL,Indira Gandhi International Airport,2026-09-13 23:45:00,2026-09-14 02:00:00,135,Airbus A321neo,Economy,28 in,f,"['"Below average legroom (28 in)'", '"Carbon emissions estimate: 91 kg'"]",2026-09-12 18:48:34.894905
1115,884,Air India,,AI 2928,BOM,Chhatrapati Shivaji Maharaj International Airport Mumbai,DEL,Indira Gandhi International Airport,2026-09-13 06:30:00,2026-09-13 08:40:00,130,Airbus A320neo,Economy,28 in,f,"['"Below average legroom (28 in)'", '"In-seat USB outlet'", '"Stream media to your device'", '"Carbon emissions estimate: 105 kg'"]",2026-09-12 18:48:34.897224
1116,885,Air India,,AI 2424,BOM,Chhatrapati Shivaji Maharaj International Airport Mumbai,DEL,Indira Gandhi International Airport,2026-09-13 07:00:00,2026-09-13 09:15:00,135,Airbus A320neo,Economy,28 in,f,"['"Below average legroom (28 in)'", '"In-seat USB outlet'", '"Stream media to your device'", '"Carbon emissions estimate: 105 kg'"]",2026-09-12 18:48:34.900042
1117,886,Air India,,AI 2428,BOM,Chhatrapati Shivaji Maharaj International Airport Mumbai,DEL,Indira Gandhi International Airport,2026-09-13 08:00:00,2026-09-13 10:20:00,140,Airbus A320neo,Economy,28 in,f,"['"Below average legroom (28 in)'", '"In-seat USB outlet'", '"Stream media to your device'", '"Carbon emissions estimate: 105 kg'"]",2026-09-12 18:48:34.902441
1118,887,Air India,,AI 2970,BOM,Chhatrapati Shivaji Maharaj International Airport Mumbai,DEL,Indira Gandhi International Airport,2026-09-13 08:30:00,2026-09-13 10:50:00,140,Airbus A320neo,Economy,28 in,f,"['"Below average legroom (28 in)'", '"In-seat USB outlet'", '"Stream media to your device'", '"Carbon emissions estimate: 105 kg'"]",2026-09-12 18:48:34.905005
1119,888,Air India,,AI 2432,BOM,Chhatrapati Shivaji Maharaj International Airport Mumbai,DEL,Indira Gandhi International Airport,2026-09-13 09:30:00,2026-09-13 11:50:00,140,Airbus A320neo,Economy,28 in,f,"['"Below average legroom (28 in)'", '"In-seat USB outlet'", '"Stream media to your device'", '"Carbon emissions estimate: 105 kg'"]",2026-09-12 18:48:34.907025
1120,889,Air India,,AI 2430,BOM,Chhatrapati Shivaji Maharaj International Airport Mumbai,DEL,Indira Gandhi International Airport,2026-09-13 10:00:00,2026-09-13 12:20:00,140,Airbus A320neo,Economy,28 in,f,"['"Below average legroom (28 in)'", '"In-seat USB outlet'", '"Stream media to your device'", '"Carbon emissions estimate: 105 kg'"]",2026-09-12 18:48:34.909149
1121,890,Air India,,AI 2952,BOM,Chhatrapati Shivaji Maharaj International Airport Mumbai,DEL,Indira Gandhi International Airport,2026-09-13 11:25:00,2026-09-13 13:45:00,140,Airbus A350,Economy,31 in,f,"['"Average legroom (31 in)'", '"Wi-Fi for a fee'", '"In-seat power & USB outlets'", '"On-demand video'", '"Carbon emissions estimate: 103 kg'"]",2026-09-12 18:48:34.911098
1122,891,Air India,,AI 2944,BOM,Chhatrapati Shivaji Maharaj International Airport Mumbai,DEL,Indira Gandhi International Airport,2026-09-13 14:35:00,2026-09-13 16:55:00,140,Airbus A320neo,Economy,28 in,f,"['"Below average legroom (28 in)'", '"In-seat USB outlet'", '"Stream media to your device'", '"Carbon emissions estimate: 105 kg'"]",2026-09-12 18:48:34.912927
1292,1041,IndiGo,,6E 706,HYD,Rajiv Gandhi International Airport,DEL,Indira Gandhi International Airport,2026-09-13 02:15:00,2026-09-13 04:40:00,145,Airbus A321neo,Economy,28 in,f,"['"Below average legroom (28 in)'", '"Carbon emissions estimate: 97 kg'"]",2026-09-12 18:49:50.223455
1123,892,Air India,,AI 2442,BOM,Chhatrapati Shivaji Maharaj International Airport Mumbai,DEL,Indira Gandhi International Airport,2026-09-13 15:00:00,2026-09-13 17:20:00,140,Airbus A320neo,Economy,28 in,f,"['"Below average legroom (28 in)'", '"In-seat USB outlet'", '"Stream media to your device'", '"Carbon emissions estimate: 105 kg'"]",2026-09-12 18:48:34.914967
1124,893,Air India,,AI 1851,BOM,Chhatrapati Shivaji Maharaj International Airport Mumbai,DEL,Indira Gandhi International Airport,2026-09-13 15:30:00,2026-09-13 17:50:00,140,Airbus A320neo,Economy,28 in,f,"['"Below average legroom (28 in)'", '"In-seat USB outlet'", '"Stream media to your device'", '"Carbon emissions estimate: 105 kg'"]",2026-09-12 18:48:34.917132
1125,894,Air India,,AI 2687,BOM,Chhatrapati Shivaji Maharaj International Airport Mumbai,DEL,Indira Gandhi International Airport,2026-09-13 16:35:00,2026-09-13 19:00:00,145,Airbus A321,Economy,29 in,f,"['"Below average legroom (29 in)'", '"Wi-Fi for a fee'", '"In-seat power & USB outlets'", '"On-demand video'", '"Carbon emissions estimate: 134 kg'"]",2026-09-12 18:48:34.918945
1126,895,Air India,,AI 2940,BOM,Chhatrapati Shivaji Maharaj International Airport Mumbai,DEL,Indira Gandhi International Airport,2026-09-13 20:00:00,2026-09-13 22:20:00,140,Airbus A320neo,Economy,28 in,f,"['"Below average legroom (28 in)'", '"In-seat USB outlet'", '"Stream media to your device'", '"Carbon emissions estimate: 105 kg'"]",2026-09-12 18:48:34.921021
1127,896,Air India,,AI 2988,BOM,Chhatrapati Shivaji Maharaj International Airport Mumbai,DEL,Indira Gandhi International Airport,2026-09-13 20:30:00,2026-09-13 22:50:00,140,Airbus A320neo,Economy,28 in,f,"['"Below average legroom (28 in)'", '"In-seat USB outlet'", '"Stream media to your device'", '"Carbon emissions estimate: 105 kg'"]",2026-09-12 18:48:34.923022
1128,897,Air India,,AI 816,BOM,Chhatrapati Shivaji Maharaj International Airport Mumbai,DEL,Indira Gandhi International Airport,2026-09-13 21:00:00,2026-09-13 23:15:00,135,Boeing 777,Economy,31 in,f,"['"Average legroom (31 in)'", '"In-seat power & USB outlets'", '"Stream media to your device'", '"Carbon emissions estimate: 119 kg'"]",2026-09-12 18:48:34.924785
1129,898,Air India,,AI 1895,BOM,Chhatrapati Shivaji Maharaj International Airport Mumbai,DEL,Indira Gandhi International Airport,2026-09-13 21:30:00,2026-09-13 23:45:00,135,Airbus A320neo,Economy,28 in,f,"['"Below average legroom (28 in)'", '"In-seat USB outlet'", '"Stream media to your device'", '"Carbon emissions estimate: 105 kg'"]",2026-09-12 18:48:34.926675
1130,899,Air India,,AI 2419,BOM,Chhatrapati Shivaji Maharaj International Airport Mumbai,DEL,Indira Gandhi International Airport,2026-09-13 12:00:00,2026-09-13 14:20:00,140,Airbus A320neo,Economy,28 in,f,"['"Below average legroom (28 in)'", '"In-seat USB outlet'", '"Stream media to your device'", '"Carbon emissions estimate: 105 kg'"]",2026-09-12 18:48:34.92842
1131,900,Air India,,AI 2677,BOM,Chhatrapati Shivaji Maharaj International Airport Mumbai,DEL,Indira Gandhi International Airport,2026-09-13 13:00:00,2026-09-13 15:15:00,135,Airbus A320neo,Economy,28 in,f,"['"Below average legroom (28 in)'", '"In-seat USB outlet'", '"Stream media to your device'", '"Carbon emissions estimate: 105 kg'"]",2026-09-12 18:48:34.930348
1132,901,Air India,,AI 2440,BOM,Chhatrapati Shivaji Maharaj International Airport Mumbai,DEL,Indira Gandhi International Airport,2026-09-13 18:00:00,2026-09-13 20:20:00,140,Airbus A320neo,Economy,28 in,f,"['"Below average legroom (28 in)'", '"In-seat USB outlet'", '"Stream media to your device'", '"Carbon emissions estimate: 105 kg'"]",2026-09-12 18:48:34.932336
1133,902,Air India,,AI 2408,BOM,Chhatrapati Shivaji Maharaj International Airport Mumbai,DEL,Indira Gandhi International Airport,2026-09-13 19:30:00,2026-09-13 21:45:00,135,Airbus A320neo,Economy,28 in,f,"['"Below average legroom (28 in)'", '"In-seat USB outlet'", '"Stream media to your device'", '"Carbon emissions estimate: 105 kg'"]",2026-09-12 18:48:34.93398
1134,903,Air India Express,,IX 1050,BOM,Chhatrapati Shivaji Maharaj International Airport Mumbai,DEL,Indira Gandhi International Airport,2026-09-13 08:55:00,2026-09-13 11:10:00,135,Boeing 737MAX 8 Passenger,Economy,29 in,t,"['"Below average legroom (29 in)'", '"In-seat USB outlet'", '"Carbon emissions estimate: 103 kg'"]",2026-09-12 18:48:34.935344
1135,904,Air India Express,,IX 1671,BOM,Chhatrapati Shivaji Maharaj International Airport Mumbai,DEL,Indira Gandhi International Airport,2026-09-13 16:45:00,2026-09-13 19:05:00,140,Boeing 737MAX 8 Passenger,Economy,30 in,f,"['"Average legroom (30 in)'", '"Carbon emissions estimate: 105 kg'"]",2026-09-12 18:48:34.936616
1136,905,Akasa Air,,QP 1109,BOM,Chhatrapati Shivaji Maharaj International Airport Mumbai,DEL,Indira Gandhi International Airport,2026-09-13 07:00:00,2026-09-13 09:20:00,140,Boeing 737MAX 8 Passenger,Economy,28 in,f,"['"Below average legroom (28 in)'", '"In-seat USB outlet'", '"Carbon emissions estimate: 90 kg'"]",2026-09-12 18:48:34.937964
1137,906,Akasa Air,,QP 1835,BOM,Chhatrapati Shivaji Maharaj International Airport Mumbai,DEL,Indira Gandhi International Airport,2026-09-13 11:50:00,2026-09-13 14:20:00,150,Boeing 737MAX 8 Passenger,Economy,28 in,f,"['"Below average legroom (28 in)'", '"In-seat USB outlet'", '"Carbon emissions estimate: 88 kg'"]",2026-09-12 18:48:34.939328
1138,907,Akasa Air,,QP 1127,BOM,Chhatrapati Shivaji Maharaj International Airport Mumbai,DEL,Indira Gandhi International Airport,2026-09-13 13:00:00,2026-09-13 15:20:00,140,Boeing 737MAX 8 Passenger,Economy,28 in,f,"['"Below average legroom (28 in)'", '"In-seat USB outlet'", '"Carbon emissions estimate: 90 kg'"]",2026-09-12 18:48:34.940491
1139,908,Akasa Air,,QP 1819,BOM,Chhatrapati Shivaji Maharaj International Airport Mumbai,DEL,Indira Gandhi International Airport,2026-09-13 14:30:00,2026-09-13 16:50:00,140,Boeing 737MAX 8 Passenger,Economy,28 in,f,"['"Below average legroom (28 in)'", '"In-seat USB outlet'", '"Carbon emissions estimate: 93 kg'"]",2026-09-12 18:48:34.941694
1140,909,Akasa Air,,QP 1825,BOM,Chhatrapati Shivaji Maharaj International Airport Mumbai,DEL,Indira Gandhi International Airport,2026-09-13 16:50:00,2026-09-13 19:15:00,145,Boeing 737MAX 8 Passenger,Economy,28 in,f,"['"Below average legroom (28 in)'", '"In-seat USB outlet'", '"Carbon emissions estimate: 90 kg'"]",2026-09-12 18:48:34.942838
1141,910,Akasa Air,,QP 1120,BOM,Chhatrapati Shivaji Maharaj International Airport Mumbai,DEL,Indira Gandhi International Airport,2026-09-13 18:55:00,2026-09-13 21:15:00,140,Boeing 737MAX 8 Passenger,Economy,28 in,f,"['"Below average legroom (28 in)'", '"In-seat USB outlet'", '"Carbon emissions estimate: 90 kg'"]",2026-09-12 18:48:34.94545
1142,911,IndiGo,,6E 5059,BOM,Chhatrapati Shivaji Maharaj International Airport Mumbai,BDQ,Vadodara International Airport,2026-09-13 05:45:00,2026-09-13 06:55:00,70,Airbus A321neo,Economy,28 in,f,"['"Below average legroom (28 in)'", '"Carbon emissions estimate: 41 kg'"]",2026-09-12 18:48:34.946668
1143,911,IndiGo,,6E 6221,BDQ,Vadodara International Airport,DEL,Indira Gandhi International Airport,2026-09-13 08:45:00,2026-09-13 10:25:00,100,Airbus A320neo,Economy,28 in,f,"['"Below average legroom (28 in)'", '"Carbon emissions estimate: 72 kg'"]",2026-09-12 18:48:34.946668
1144,912,IndiGo,,6E 6027,BOM,Chhatrapati Shivaji Maharaj International Airport Mumbai,UDR,Maharana Pratap Airport Udaipur,2026-09-13 17:35:00,2026-09-13 19:00:00,85,Airbus A320,Economy,28 in,f,"['"Below average legroom (28 in)'", '"Carbon emissions estimate: 69 kg'"]",2026-09-12 18:48:34.948347
1145,912,IndiGo,,6E 6229,UDR,Maharana Pratap Airport Udaipur,DEL,Indira Gandhi International Airport,2026-09-13 20:00:00,2026-09-13 21:20:00,80,Airbus A321neo,Economy,28 in,f,"['"Below average legroom (28 in)'", '"Carbon emissions estimate: 53 kg'"]",2026-09-12 18:48:34.948347
1146,913,Akasa Air,,QP 1834,BOM,Chhatrapati Shivaji Maharaj International Airport Mumbai,DEL,Indira Gandhi International Airport,2026-09-13 10:20:00,2026-09-13 12:45:00,145,Boeing 737MAX 8 Passenger,Economy,28 in,f,"['"Below average legroom (28 in)'", '"In-seat USB outlet'", '"Carbon emissions estimate: 93 kg'"]",2026-09-12 18:48:34.949758
1147,914,SpiceJet,,SG 164,BOM,Chhatrapati Shivaji Maharaj International Airport Mumbai,DEL,Indira Gandhi International Airport,2026-09-13 23:25:00,2026-09-14 01:50:00,145,Boeing 737,Economy,29 in,f,"['"Below average legroom (29 in)'", '"Stream media to your device'", '"Carbon emissions estimate: 127 kg'"]",2026-09-12 18:48:34.951319
1148,915,SpiceJet,,SG 2803,BOM,Chhatrapati Shivaji Maharaj International Airport Mumbai,DEL,Indira Gandhi International Airport,2026-09-13 01:55:00,2026-09-13 04:35:00,160,De Havilland-Bombardier Dash-8,Economy,28 in,f,"['"Below average legroom (28 in)'", '"Stream media to your device'", '"Carbon emissions estimate: 123 kg'"]",2026-09-12 18:48:34.95266
1149,916,Air India,,AI 2422,BOM,Chhatrapati Shivaji Maharaj International Airport Mumbai,DEL,Indira Gandhi International Airport,2026-09-13 01:00:00,2026-09-13 03:20:00,140,Airbus A320neo,Economy,28 in,f,"['"Below average legroom (28 in)'", '"In-seat USB outlet'", '"Stream media to your device'", '"Carbon emissions estimate: 105 kg'"]",2026-09-12 18:48:34.954082
1150,917,IndiGo,,6E 6187,BOM,Chhatrapati Shivaji Maharaj International Airport Mumbai,HYD,Rajiv Gandhi International Airport,2026-09-13 00:30:00,2026-09-13 02:10:00,100,Airbus A320,Economy,28 in,f,"['"Below average legroom (28 in)'", '"Carbon emissions estimate: 72 kg'"]",2026-09-12 18:48:43.953471
1151,918,Air India,,AI 2625,BOM,Chhatrapati Shivaji Maharaj International Airport Mumbai,HYD,Rajiv Gandhi International Airport,2026-09-13 06:00:00,2026-09-13 07:35:00,95,Airbus A320neo,Economy,28 in,f,"['"Below average legroom (28 in)'", '"In-seat USB outlet'", '"Stream media to your device'", '"Carbon emissions estimate: 70 kg'"]",2026-09-12 18:48:43.95807
1152,919,Air India,,AI 2531,BOM,Chhatrapati Shivaji Maharaj International Airport Mumbai,HYD,Rajiv Gandhi International Airport,2026-09-13 15:05:00,2026-09-13 16:35:00,90,Airbus A320neo,Economy,28 in,f,"['"Below average legroom (28 in)'", '"In-seat USB outlet'", '"Stream media to your device'", '"Carbon emissions estimate: 70 kg'"]",2026-09-12 18:48:43.96227
1153,920,IndiGo,,6E 5318,BOM,Chhatrapati Shivaji Maharaj International Airport Mumbai,HYD,Rajiv Gandhi International Airport,2026-09-13 10:15:00,2026-09-13 11:40:00,85,Airbus A321neo,Economy,28 in,f,"['"Below average legroom (28 in)'", '"Carbon emissions estimate: 59 kg'"]",2026-09-12 18:48:43.965097
1154,921,Air India,,AI 2869,BOM,Chhatrapati Shivaji Maharaj International Airport Mumbai,HYD,Rajiv Gandhi International Airport,2026-09-13 21:25:00,2026-09-13 23:05:00,100,Airbus A320neo,Economy,28 in,f,"['"Below average legroom (28 in)'", '"In-seat USB outlet'", '"Stream media to your device'", '"Carbon emissions estimate: 70 kg'"]",2026-09-12 18:48:43.967656
1155,922,IndiGo,,6E 5326,BOM,Chhatrapati Shivaji Maharaj International Airport Mumbai,HYD,Rajiv Gandhi International Airport,2026-09-13 19:40:00,2026-09-13 21:20:00,100,Airbus A321neo,Economy,28 in,f,"['"Below average legroom (28 in)'", '"Carbon emissions estimate: 59 kg'"]",2026-09-12 18:48:43.970147
1156,923,IndiGo,,6E 5056,BOM,Chhatrapati Shivaji Maharaj International Airport Mumbai,HYD,Rajiv Gandhi International Airport,2026-09-13 21:10:00,2026-09-13 22:45:00,95,Airbus A321neo,Economy,28 in,f,"['"Below average legroom (28 in)'", '"Carbon emissions estimate: 59 kg'"]",2026-09-12 18:48:43.972684
1157,924,IndiGo,,6E 6195,BOM,Chhatrapati Shivaji Maharaj International Airport Mumbai,HYD,Rajiv Gandhi International Airport,2026-09-13 23:00:00,2026-09-14 00:35:00,95,Airbus A321neo,Economy,28 in,f,"['"Below average legroom (28 in)'", '"Carbon emissions estimate: 59 kg'"]",2026-09-12 18:48:43.975236
1158,925,Air India,,AI 2619,BOM,Chhatrapati Shivaji Maharaj International Airport Mumbai,HYD,Rajiv Gandhi International Airport,2026-09-13 18:00:00,2026-09-13 19:35:00,95,Airbus A320neo,Economy,28 in,f,"['"Below average legroom (28 in)'", '"In-seat USB outlet'", '"Stream media to your device'", '"Carbon emissions estimate: 70 kg'"]",2026-09-12 18:48:43.977778
1159,926,Air India,,AI 2875,BOM,Chhatrapati Shivaji Maharaj International Airport Mumbai,HYD,Rajiv Gandhi International Airport,2026-09-13 19:35:00,2026-09-13 21:05:00,90,Airbus A320neo,Economy,28 in,f,"['"Below average legroom (28 in)'", '"In-seat USB outlet'", '"Stream media to your device'", '"Carbon emissions estimate: 70 kg'"]",2026-09-12 18:48:43.980169
1160,927,IndiGo,,6E 6362,BOM,Chhatrapati Shivaji Maharaj International Airport Mumbai,HYD,Rajiv Gandhi International Airport,2026-09-13 05:45:00,2026-09-13 07:20:00,95,Airbus A321neo,Economy,28 in,f,"['"Below average legroom (28 in)'", '"Carbon emissions estimate: 59 kg'"]",2026-09-12 18:48:43.982533
1161,928,IndiGo,,6E 5246,BOM,Chhatrapati Shivaji Maharaj International Airport Mumbai,HYD,Rajiv Gandhi International Airport,2026-09-13 07:15:00,2026-09-13 08:50:00,95,Airbus A321neo,Economy,28 in,f,"['"Below average legroom (28 in)'", '"Carbon emissions estimate: 59 kg'"]",2026-09-12 18:48:43.984864
1162,929,IndiGo,,6E 5178,BOM,Chhatrapati Shivaji Maharaj International Airport Mumbai,HYD,Rajiv Gandhi International Airport,2026-09-13 11:45:00,2026-09-13 13:20:00,95,Airbus A321neo,Economy,28 in,f,"['"Below average legroom (28 in)'", '"Carbon emissions estimate: 59 kg'"]",2026-09-12 18:48:43.986998
1163,930,IndiGo,,6E 5386,BOM,Chhatrapati Shivaji Maharaj International Airport Mumbai,HYD,Rajiv Gandhi International Airport,2026-09-13 15:10:00,2026-09-13 16:45:00,95,Airbus A321neo,Economy,28 in,f,"['"Below average legroom (28 in)'", '"Carbon emissions estimate: 59 kg'"]",2026-09-12 18:48:43.989389
1164,931,IndiGo,,6E 5228,BOM,Chhatrapati Shivaji Maharaj International Airport Mumbai,HYD,Rajiv Gandhi International Airport,2026-09-13 16:45:00,2026-09-13 18:20:00,95,Airbus A321neo,Economy,28 in,f,"['"Below average legroom (28 in)'", '"Carbon emissions estimate: 59 kg'"]",2026-09-12 18:48:43.992783
1165,932,Air India,,AI 417,BOM,Chhatrapati Shivaji Maharaj International Airport Mumbai,HYD,Rajiv Gandhi International Airport,2026-09-13 08:55:00,2026-09-13 10:35:00,100,Airbus A320neo,Economy,28 in,f,"['"Below average legroom (28 in)'", '"In-seat USB outlet'", '"Stream media to your device'", '"Carbon emissions estimate: 70 kg'"]",2026-09-12 18:48:43.995151
1166,933,Air India,,AI 2444,BOM,Chhatrapati Shivaji Maharaj International Airport Mumbai,HYD,Rajiv Gandhi International Airport,2026-09-13 10:50:00,2026-09-13 12:25:00,95,Airbus A320neo,Economy,28 in,f,"['"Below average legroom (28 in)'", '"In-seat USB outlet'", '"Stream media to your device'", '"Carbon emissions estimate: 70 kg'"]",2026-09-12 18:48:43.997458
1167,934,IndiGo,,6E 5313,BOM,Chhatrapati Shivaji Maharaj International Airport Mumbai,MAA,Chennai International Airport,2026-09-13 09:50:00,2026-09-13 12:00:00,130,Airbus A321neo,Economy,28 in,f,"['"Below average legroom (28 in)'", '"Carbon emissions estimate: 83 kg'"]",2026-09-12 18:48:52.657336
1168,935,Air India,,AI 2821,BOM,Chhatrapati Shivaji Maharaj International Airport Mumbai,MAA,Chennai International Airport,2026-09-13 06:40:00,2026-09-13 08:55:00,135,Airbus A320neo,Economy,28 in,f,"['"Below average legroom (28 in)'", '"In-seat USB outlet'", '"Stream media to your device'", '"Carbon emissions estimate: 96 kg'"]",2026-09-12 18:48:52.659901
1169,936,Akasa Air,,QP 1145,BOM,Chhatrapati Shivaji Maharaj International Airport Mumbai,MAA,Chennai International Airport,2026-09-13 04:55:00,2026-09-13 07:00:00,125,Boeing 737MAX 8 Passenger,Economy,28 in,f,"['"Below average legroom (28 in)'", '"In-seat USB outlet'", '"Carbon emissions estimate: 82 kg'"]",2026-09-12 18:48:52.662414
1170,937,IndiGo,,6E 136,BOM,Chhatrapati Shivaji Maharaj International Airport Mumbai,MAA,Chennai International Airport,2026-09-13 04:05:00,2026-09-13 06:05:00,120,Airbus A321neo,Economy,28 in,f,"['"Below average legroom (28 in)'", '"Carbon emissions estimate: 83 kg'"]",2026-09-12 18:48:52.664795
1171,938,IndiGo,,6E 5188,BOM,Chhatrapati Shivaji Maharaj International Airport Mumbai,MAA,Chennai International Airport,2026-09-13 06:15:00,2026-09-13 08:20:00,125,Airbus A321neo,Economy,28 in,f,"['"Below average legroom (28 in)'", '"Carbon emissions estimate: 83 kg'"]",2026-09-12 18:48:52.667363
1172,939,IndiGo,,6E 6349,BOM,Chhatrapati Shivaji Maharaj International Airport Mumbai,MAA,Chennai International Airport,2026-09-13 11:40:00,2026-09-13 13:45:00,125,Airbus A321neo,Economy,28 in,f,"['"Below average legroom (28 in)'", '"Carbon emissions estimate: 83 kg'"]",2026-09-12 18:48:52.669756
1173,940,IndiGo,,6E 5337,BOM,Chhatrapati Shivaji Maharaj International Airport Mumbai,MAA,Chennai International Airport,2026-09-13 13:45:00,2026-09-13 15:50:00,125,Airbus A321neo,Economy,28 in,f,"['"Below average legroom (28 in)'", '"Carbon emissions estimate: 83 kg'"]",2026-09-12 18:48:52.672159
1174,941,IndiGo,,6E 5196,BOM,Chhatrapati Shivaji Maharaj International Airport Mumbai,MAA,Chennai International Airport,2026-09-13 15:25:00,2026-09-13 17:30:00,125,Airbus A321neo,Economy,28 in,f,"['"Below average legroom (28 in)'", '"Carbon emissions estimate: 83 kg'"]",2026-09-12 18:48:52.674534
1175,942,IndiGo,,6E 5048,BOM,Chhatrapati Shivaji Maharaj International Airport Mumbai,MAA,Chennai International Airport,2026-09-13 17:25:00,2026-09-13 19:35:00,130,Airbus A321neo,Economy,28 in,f,"['"Below average legroom (28 in)'", '"Carbon emissions estimate: 83 kg'"]",2026-09-12 18:48:52.67716
1176,943,IndiGo,,6E 5105,BOM,Chhatrapati Shivaji Maharaj International Airport Mumbai,MAA,Chennai International Airport,2026-09-13 19:25:00,2026-09-13 21:30:00,125,Airbus A321neo,Economy,28 in,f,"['"Below average legroom (28 in)'", '"Carbon emissions estimate: 83 kg'"]",2026-09-12 18:48:52.679485
1177,944,IndiGo,,6E 5291,BOM,Chhatrapati Shivaji Maharaj International Airport Mumbai,MAA,Chennai International Airport,2026-09-13 21:00:00,2026-09-13 23:05:00,125,Airbus A321neo,Economy,28 in,f,"['"Below average legroom (28 in)'", '"Carbon emissions estimate: 83 kg'"]",2026-09-12 18:48:52.681833
1178,945,IndiGo,,6E 6137,BOM,Chhatrapati Shivaji Maharaj International Airport Mumbai,MAA,Chennai International Airport,2026-09-13 23:00:00,2026-09-14 01:05:00,125,Airbus A320neo,Economy,28 in,f,"['"Below average legroom (28 in)'", '"Carbon emissions estimate: 86 kg'"]",2026-09-12 18:48:52.684011
1179,946,Air India,,AI 2827,BOM,Chhatrapati Shivaji Maharaj International Airport Mumbai,MAA,Chennai International Airport,2026-09-13 20:30:00,2026-09-13 22:35:00,125,Airbus A320neo,Economy,28 in,f,"['"Below average legroom (28 in)'", '"In-seat USB outlet'", '"Stream media to your device'", '"Carbon emissions estimate: 96 kg'"]",2026-09-12 18:48:52.687333
1180,947,Air India,,AI 639,BOM,Chhatrapati Shivaji Maharaj International Airport Mumbai,MAA,Chennai International Airport,2026-09-13 22:55:00,2026-09-14 01:05:00,130,Airbus A320neo,Economy,28 in,f,"['"Below average legroom (28 in)'", '"In-seat USB outlet'", '"Stream media to your device'", '"Carbon emissions estimate: 96 kg'"]",2026-09-12 18:48:52.689788
1181,948,Air India,,AI 2780,BOM,Chhatrapati Shivaji Maharaj International Airport Mumbai,MAA,Chennai International Airport,2026-09-13 14:00:00,2026-09-13 16:10:00,130,Airbus A320neo,Economy,28 in,f,"['"Below average legroom (28 in)'", '"In-seat USB outlet'", '"Stream media to your device'", '"Carbon emissions estimate: 96 kg'"]",2026-09-12 18:48:52.692106
1182,949,Air India,,AI 435,BOM,Chhatrapati Shivaji Maharaj International Airport Mumbai,MAA,Chennai International Airport,2026-09-13 18:10:00,2026-09-13 20:30:00,140,Airbus A320neo,Economy,28 in,f,"['"Below average legroom (28 in)'", '"In-seat USB outlet'", '"Stream media to your device'", '"Carbon emissions estimate: 96 kg'"]",2026-09-12 18:48:52.694349
1183,950,Air India,,AI 2739,BOM,Chhatrapati Shivaji Maharaj International Airport Mumbai,MAA,Chennai International Airport,2026-09-13 09:00:00,2026-09-13 11:10:00,130,Airbus A320neo,Economy,28 in,f,"['"Below average legroom (28 in)'", '"In-seat USB outlet'", '"Stream media to your device'", '"Carbon emissions estimate: 96 kg'"]",2026-09-12 18:48:52.69674
1184,951,Air India,,AI 3305,BOM,Chhatrapati Shivaji Maharaj International Airport Mumbai,BLR,Kempegowda International Airport Bengaluru,2026-09-13 23:40:00,2026-09-14 01:40:00,120,Airbus A321,Economy,31 in,f,"['"Average legroom (31 in)'", '"Stream media to your device'", '"Carbon emissions estimate: 109 kg'"]",2026-09-12 18:48:52.699009
1185,951,Air India Express,,IX 1472,BLR,Kempegowda International Airport Bengaluru,MAA,Chennai International Airport,2026-09-14 07:05:00,2026-09-14 08:10:00,65,Airbus A320,Economy,28 in,f,"['"Below average legroom (28 in)'", '"In-seat USB outlet'", '"Carbon emissions estimate: 42 kg'"]",2026-09-12 18:48:52.699009
1186,952,Air India,,AI 2641,BOM,Chhatrapati Shivaji Maharaj International Airport Mumbai,BLR,Kempegowda International Airport Bengaluru,2026-09-13 18:30:00,2026-09-13 20:35:00,125,Airbus A320neo,Economy,28 in,f,"['"Below average legroom (28 in)'", '"In-seat USB outlet'", '"Stream media to your device'", '"Carbon emissions estimate: 83 kg'"]",2026-09-12 18:48:52.701749
1187,952,Air India Express,,IX 2787,BLR,Kempegowda International Airport Bengaluru,MAA,Chennai International Airport,2026-09-13 22:10:00,2026-09-13 23:20:00,70,Boeing 737,Economy,30 in,f,"['"Average legroom (30 in)'", '"In-seat USB outlet'", '"Carbon emissions estimate: 45 kg'"]",2026-09-12 18:48:52.701749
1188,953,Akasa Air,,QP 1107,BOM,Chhatrapati Shivaji Maharaj International Airport Mumbai,CCU,Netaji Subhash Chandra Bose International Airport,2026-09-13 20:55:00,2026-09-13 23:50:00,175,Boeing 737MAX 8 Passenger,Economy,28 in,f,"['"Below average legroom (28 in)'", '"In-seat USB outlet'", '"Carbon emissions estimate: 117 kg'"]",2026-09-12 18:49:01.666359
1189,954,IndiGo,,6E 6367,BOM,Chhatrapati Shivaji Maharaj International Airport Mumbai,CCU,Netaji Subhash Chandra Bose International Airport,2026-09-13 05:30:00,2026-09-13 08:15:00,165,Airbus A321neo,Economy,28 in,f,"['"Below average legroom (28 in)'", '"Carbon emissions estimate: 120 kg'"]",2026-09-12 18:49:01.669113
1190,955,Air India,,AI 2771,BOM,Chhatrapati Shivaji Maharaj International Airport Mumbai,CCU,Netaji Subhash Chandra Bose International Airport,2026-09-13 06:55:00,2026-09-13 09:45:00,170,Airbus A320neo,Economy,28 in,f,"['"Below average legroom (28 in)'", '"In-seat USB outlet'", '"Stream media to your device'", '"Carbon emissions estimate: 139 kg'"]",2026-09-12 18:49:01.673386
1191,956,Akasa Air,,QP 1125,BOM,Chhatrapati Shivaji Maharaj International Airport Mumbai,CCU,Netaji Subhash Chandra Bose International Airport,2026-09-13 19:25:00,2026-09-13 22:20:00,175,Boeing 737MAX 8 Passenger,Economy,28 in,f,"['"Below average legroom (28 in)'", '"In-seat USB outlet'", '"Carbon emissions estimate: 117 kg'"]",2026-09-12 18:49:01.676273
1192,957,Air India,,AI 2481,BOM,Chhatrapati Shivaji Maharaj International Airport Mumbai,CCU,Netaji Subhash Chandra Bose International Airport,2026-09-13 17:05:00,2026-09-13 19:55:00,170,Airbus A320neo,Economy,28 in,f,"['"Below average legroom (28 in)'", '"In-seat USB outlet'", '"Stream media to your device'", '"Carbon emissions estimate: 139 kg'"]",2026-09-12 18:49:01.679831
1193,958,IndiGo,,6E 5086,BOM,Chhatrapati Shivaji Maharaj International Airport Mumbai,CCU,Netaji Subhash Chandra Bose International Airport,2026-09-13 18:00:00,2026-09-13 20:50:00,170,Airbus A321neo,Economy,28 in,f,"['"Below average legroom (28 in)'", '"Carbon emissions estimate: 120 kg'"]",2026-09-12 18:49:01.683326
1194,959,IndiGo,,6E 6287,BOM,Chhatrapati Shivaji Maharaj International Airport Mumbai,CCU,Netaji Subhash Chandra Bose International Airport,2026-09-13 19:50:00,2026-09-13 22:45:00,175,Airbus A321neo,Economy,28 in,f,"['"Below average legroom (28 in)'", '"Carbon emissions estimate: 120 kg'"]",2026-09-12 18:49:01.687294
1195,960,Air India,,AI 2643,BOM,Chhatrapati Shivaji Maharaj International Airport Mumbai,CCU,Netaji Subhash Chandra Bose International Airport,2026-09-13 21:05:00,2026-09-14 00:10:00,185,Airbus A320neo,Economy,28 in,f,"['"Below average legroom (28 in)'", '"In-seat USB outlet'", '"Stream media to your device'", '"Carbon emissions estimate: 139 kg'"]",2026-09-12 18:49:01.695375
1196,961,Air India,,AI 2471,BOM,Chhatrapati Shivaji Maharaj International Airport Mumbai,CCU,Netaji Subhash Chandra Bose International Airport,2026-09-13 11:30:00,2026-09-13 14:25:00,175,Airbus A320neo,Economy,28 in,t,"['"Below average legroom (28 in)'", '"In-seat USB outlet'", '"Stream media to your device'", '"Carbon emissions estimate: 139 kg'"]",2026-09-12 18:49:01.70192
1197,962,IndiGo,,6E 5329,BOM,Chhatrapati Shivaji Maharaj International Airport Mumbai,CCU,Netaji Subhash Chandra Bose International Airport,2026-09-13 07:45:00,2026-09-13 10:30:00,165,Airbus A321neo,Economy,28 in,f,"['"Below average legroom (28 in)'", '"Carbon emissions estimate: 120 kg'"]",2026-09-12 18:49:01.706191
1198,963,IndiGo,,6E 5354,BOM,Chhatrapati Shivaji Maharaj International Airport Mumbai,CCU,Netaji Subhash Chandra Bose International Airport,2026-09-13 15:15:00,2026-09-13 18:00:00,165,Airbus A321neo,Economy,28 in,f,"['"Below average legroom (28 in)'", '"Carbon emissions estimate: 120 kg'"]",2026-09-12 18:49:01.709903
1199,964,IndiGo,,6E 5239,BOM,Chhatrapati Shivaji Maharaj International Airport Mumbai,CCU,Netaji Subhash Chandra Bose International Airport,2026-09-13 12:45:00,2026-09-13 15:30:00,165,Airbus A321neo,Economy,28 in,f,"['"Below average legroom (28 in)'", '"Carbon emissions estimate: 120 kg'"]",2026-09-12 18:49:01.713025
1200,965,IndiGo,,6E 5165,BOM,Chhatrapati Shivaji Maharaj International Airport Mumbai,CCU,Netaji Subhash Chandra Bose International Airport,2026-09-13 10:05:00,2026-09-13 12:55:00,170,Airbus A321neo,Economy,28 in,f,"['"Below average legroom (28 in)'", '"Carbon emissions estimate: 120 kg'"]",2026-09-12 18:49:01.715486
1201,966,IndiGo,,6E 2237,BOM,Chhatrapati Shivaji Maharaj International Airport Mumbai,AMD,Sardar Vallabhbhai Patel International Airport,2026-09-13 18:40:00,2026-09-13 20:00:00,80,Airbus A321neo,Economy,28 in,f,"['"Below average legroom (28 in)'", '"Carbon emissions estimate: 47 kg'"]",2026-09-12 18:49:01.718415
1202,966,IndiGo,,6E 319,AMD,Sardar Vallabhbhai Patel International Airport,CCU,Netaji Subhash Chandra Bose International Airport,2026-09-13 22:00:00,2026-09-14 00:40:00,160,Airbus A321neo,Economy,28 in,f,"['"Below average legroom (28 in)'", '"Carbon emissions estimate: 113 kg'"]",2026-09-12 18:49:01.718415
1203,967,Akasa Air,,QP 1135,BOM,Chhatrapati Shivaji Maharaj International Airport Mumbai,CCU,Netaji Subhash Chandra Bose International Airport,2026-09-13 00:35:00,2026-09-13 03:25:00,170,Boeing 737MAX 8 Passenger,Economy,28 in,f,"['"Below average legroom (28 in)'", '"In-seat USB outlet'", '"Carbon emissions estimate: 122 kg'"]",2026-09-12 18:49:01.72159
1204,968,IndiGo,,6E 5386,BOM,Chhatrapati Shivaji Maharaj International Airport Mumbai,HYD,Rajiv Gandhi International Airport,2026-09-13 15:10:00,2026-09-13 16:45:00,95,Airbus A321neo,Economy,28 in,f,"['"Below average legroom (28 in)'", '"Carbon emissions estimate: 59 kg'"]",2026-09-12 18:49:01.723628
1205,968,IndiGo,,6E 283,HYD,Rajiv Gandhi International Airport,CCU,Netaji Subhash Chandra Bose International Airport,2026-09-13 17:55:00,2026-09-13 20:05:00,130,Airbus A320neo,Economy,28 in,f,"['"Below average legroom (28 in)'", '"Carbon emissions estimate: 98 kg'"]",2026-09-12 18:49:01.723628
1206,969,Air India,,AI 3305,BOM,Chhatrapati Shivaji Maharaj International Airport Mumbai,BLR,Kempegowda International Airport Bengaluru,2026-09-13 23:40:00,2026-09-14 01:40:00,120,Airbus A321,Economy,31 in,f,"['"Average legroom (31 in)'", '"Stream media to your device'", '"Carbon emissions estimate: 109 kg'"]",2026-09-12 18:49:15.915412
1207,969,Air India Express,,IX 2873,BLR,Kempegowda International Airport Bengaluru,PNQ,Pune International Airport,2026-09-14 04:00:00,2026-09-14 05:35:00,95,Boeing 737,Economy,30 in,f,"['"Average legroom (30 in)'", '"In-seat USB outlet'", '"Carbon emissions estimate: 76 kg'"]",2026-09-12 18:49:15.915412
1208,970,Air India,,AI 2944,BOM,Chhatrapati Shivaji Maharaj International Airport Mumbai,DEL,Indira Gandhi International Airport,2026-09-13 14:35:00,2026-09-13 16:55:00,140,Airbus A320neo,Economy,28 in,f,"['"Below average legroom (28 in)'", '"In-seat USB outlet'", '"Stream media to your device'", '"Carbon emissions estimate: 105 kg'"]",2026-09-12 18:49:15.930071
1209,970,Air India,,AI 2547,DEL,Indira Gandhi International Airport,PNQ,Pune International Airport,2026-09-13 17:40:00,2026-09-13 19:50:00,130,Airbus A320neo,Economy,28 in,f,"['"Below average legroom (28 in)'", '"In-seat USB outlet'", '"Stream media to your device'", '"Carbon emissions estimate: 105 kg'"]",2026-09-12 18:49:15.930071
1210,971,Air India,,AI 2988,BOM,Chhatrapati Shivaji Maharaj International Airport Mumbai,DEL,Indira Gandhi International Airport,2026-09-13 20:30:00,2026-09-13 22:50:00,140,Airbus A320neo,Economy,28 in,f,"['"Below average legroom (28 in)'", '"In-seat USB outlet'", '"Stream media to your device'", '"Carbon emissions estimate: 105 kg'"]",2026-09-12 18:49:15.931747
1211,971,Air India,,AI 2609,DEL,Indira Gandhi International Airport,PNQ,Pune International Airport,2026-09-13 23:50:00,2026-09-14 02:05:00,135,Airbus A320neo,Economy,28 in,f,"['"Below average legroom (28 in)'", '"In-seat USB outlet'", '"Stream media to your device'", '"Carbon emissions estimate: 105 kg'"]",2026-09-12 18:49:15.931747
1212,972,Air India,,AI 2986,BOM,Chhatrapati Shivaji Maharaj International Airport Mumbai,DEL,Indira Gandhi International Airport,2026-09-13 22:35:00,2026-09-14 00:55:00,140,Airbus A320neo,Economy,28 in,f,"['"Below average legroom (28 in)'", '"In-seat USB outlet'", '"Stream media to your device'", '"Carbon emissions estimate: 105 kg'"]",2026-09-12 18:49:15.933353
1213,972,Air India,,AI 2711,DEL,Indira Gandhi International Airport,PNQ,Pune International Airport,2026-09-14 02:00:00,2026-09-14 04:15:00,135,Airbus A320neo,Economy,28 in,f,"['"Below average legroom (28 in)'", '"In-seat USB outlet'", '"Stream media to your device'", '"Carbon emissions estimate: 105 kg'"]",2026-09-12 18:49:15.933353
1214,973,Air India,,AI 2677,BOM,Chhatrapati Shivaji Maharaj International Airport Mumbai,DEL,Indira Gandhi International Airport,2026-09-13 13:00:00,2026-09-13 15:15:00,135,Airbus A320neo,Economy,28 in,f,"['"Below average legroom (28 in)'", '"In-seat USB outlet'", '"Stream media to your device'", '"Carbon emissions estimate: 105 kg'"]",2026-09-12 18:49:15.934904
1215,973,Air India,,AI 2971,DEL,Indira Gandhi International Airport,PNQ,Pune International Airport,2026-09-13 16:00:00,2026-09-13 18:15:00,135,Airbus A320neo,Economy,28 in,f,"['"Below average legroom (28 in)'", '"In-seat USB outlet'", '"Stream media to your device'", '"Carbon emissions estimate: 105 kg'"]",2026-09-12 18:49:15.934904
1216,974,Air India,,AI 2641,BOM,Chhatrapati Shivaji Maharaj International Airport Mumbai,BLR,Kempegowda International Airport Bengaluru,2026-09-13 18:30:00,2026-09-13 20:35:00,125,Airbus A320neo,Economy,28 in,f,"['"Below average legroom (28 in)'", '"In-seat USB outlet'", '"Stream media to your device'", '"Carbon emissions estimate: 83 kg'"]",2026-09-12 18:49:15.936149
1217,974,Air India Express,,IX 2680,BLR,Kempegowda International Airport Bengaluru,PNQ,Pune International Airport,2026-09-13 21:50:00,2026-09-13 23:30:00,100,Boeing 737,Economy,30 in,f,"['"Average legroom (30 in)'", '"In-seat USB outlet'", '"Carbon emissions estimate: 76 kg'"]",2026-09-12 18:49:15.936149
1218,975,Air India,,AI 2603,BOM,Chhatrapati Shivaji Maharaj International Airport Mumbai,BLR,Kempegowda International Airport Bengaluru,2026-09-13 06:35:00,2026-09-13 08:35:00,120,Airbus A320neo,Economy,28 in,f,"['"Below average legroom (28 in)'", '"In-seat USB outlet'", '"Stream media to your device'", '"Carbon emissions estimate: 83 kg'"]",2026-09-12 18:49:15.937945
1219,975,Air India Express,,IX 1971,BLR,Kempegowda International Airport Bengaluru,PNQ,Pune International Airport,2026-09-13 12:45:00,2026-09-13 14:20:00,95,Boeing 737,Economy,30 in,f,"['"Average legroom (30 in)'", '"In-seat USB outlet'", '"Carbon emissions estimate: 76 kg'"]",2026-09-12 18:49:15.937945
1220,976,Air India,,AI 2851,BOM,Chhatrapati Shivaji Maharaj International Airport Mumbai,BLR,Kempegowda International Airport Bengaluru,2026-09-13 07:55:00,2026-09-13 10:05:00,130,Airbus A320neo,Economy,28 in,f,"['"Below average legroom (28 in)'", '"In-seat USB outlet'", '"Stream media to your device'", '"Carbon emissions estimate: 83 kg'"]",2026-09-12 18:49:15.939662
1221,976,Air India Express,,IX 1971,BLR,Kempegowda International Airport Bengaluru,PNQ,Pune International Airport,2026-09-13 12:45:00,2026-09-13 14:20:00,95,Boeing 737,Economy,30 in,f,"['"Average legroom (30 in)'", '"In-seat USB outlet'", '"Carbon emissions estimate: 76 kg'"]",2026-09-12 18:49:15.939662
1222,977,Air India,,AI 2863,BOM,Chhatrapati Shivaji Maharaj International Airport Mumbai,BLR,Kempegowda International Airport Bengaluru,2026-09-13 10:00:00,2026-09-13 12:05:00,125,Airbus A320neo,Economy,28 in,f,"['"Below average legroom (28 in)'", '"In-seat USB outlet'", '"Stream media to your device'", '"Carbon emissions estimate: 83 kg'"]",2026-09-12 18:49:15.941029
1223,977,Air India Express,,IX 2913,BLR,Kempegowda International Airport Bengaluru,PNQ,Pune International Airport,2026-09-13 17:25:00,2026-09-13 19:00:00,95,Boeing 737,Economy,30 in,f,"['"Average legroom (30 in)'", '"In-seat USB outlet'", '"Carbon emissions estimate: 76 kg'"]",2026-09-12 18:49:15.941029
1224,978,IndiGo,,6E 5152,BOM,Chhatrapati Shivaji Maharaj International Airport Mumbai,AMD,Sardar Vallabhbhai Patel International Airport,2026-09-13 23:10:00,2026-09-14 00:35:00,85,Airbus A320neo,Economy,28 in,f,"['"Below average legroom (28 in)'", '"Carbon emissions estimate: 51 kg'"]",2026-09-12 18:49:19.62436
1225,979,IndiGo,,6E 2347,BOM,Chhatrapati Shivaji Maharaj International Airport Mumbai,AMD,Sardar Vallabhbhai Patel International Airport,2026-09-13 08:50:00,2026-09-13 10:15:00,85,Airbus A321neo,Economy,28 in,f,"['"Below average legroom (28 in)'", '"Carbon emissions estimate: 47 kg'"]",2026-09-12 18:49:19.626929
1226,980,Air India,,AI 2847,BOM,Chhatrapati Shivaji Maharaj International Airport Mumbai,AMD,Sardar Vallabhbhai Patel International Airport,2026-09-13 09:55:00,2026-09-13 11:25:00,90,Airbus A320neo,Economy,28 in,f,"['"Below average legroom (28 in)'", '"In-seat USB outlet'", '"Stream media to your device'", '"Carbon emissions estimate: 57 kg'"]",2026-09-12 18:49:19.629374
1227,981,IndiGo,,6E 2237,BOM,Chhatrapati Shivaji Maharaj International Airport Mumbai,AMD,Sardar Vallabhbhai Patel International Airport,2026-09-13 18:40:00,2026-09-13 20:00:00,80,Airbus A321neo,Economy,28 in,f,"['"Below average legroom (28 in)'", '"Carbon emissions estimate: 47 kg'"]",2026-09-12 18:49:19.632187
1228,982,Air India,,AI 2919,BOM,Chhatrapati Shivaji Maharaj International Airport Mumbai,AMD,Sardar Vallabhbhai Patel International Airport,2026-09-13 21:35:00,2026-09-13 22:55:00,80,Airbus A320neo,Economy,28 in,f,"['"Below average legroom (28 in)'", '"In-seat USB outlet'", '"Stream media to your device'", '"Carbon emissions estimate: 57 kg'"]",2026-09-12 18:49:19.634246
1229,983,Air India,,AI 493,BOM,Chhatrapati Shivaji Maharaj International Airport Mumbai,AMD,Sardar Vallabhbhai Patel International Airport,2026-09-13 06:40:00,2026-09-13 07:50:00,70,Airbus A321,Economy,31 in,f,"['"Average legroom (31 in)'", '"Stream media to your device'", '"Carbon emissions estimate: 75 kg'"]",2026-09-12 18:49:19.636006
1230,984,IndiGo,,6E 5144,BOM,Chhatrapati Shivaji Maharaj International Airport Mumbai,AMD,Sardar Vallabhbhai Patel International Airport,2026-09-13 06:10:00,2026-09-13 07:25:00,75,Airbus A320,Economy,28 in,f,"['"Below average legroom (28 in)'", '"Carbon emissions estimate: 59 kg'"]",2026-09-12 18:49:19.637846
1231,985,IndiGo,,6E 5283,BOM,Chhatrapati Shivaji Maharaj International Airport Mumbai,AMD,Sardar Vallabhbhai Patel International Airport,2026-09-13 21:50:00,2026-09-13 23:25:00,95,Airbus A320neo,Economy,28 in,f,"['"Below average legroom (28 in)'", '"Carbon emissions estimate: 51 kg'"]",2026-09-12 18:49:19.640193
1232,986,IndiGo,,6E 632,BOM,Chhatrapati Shivaji Maharaj International Airport Mumbai,AMD,Sardar Vallabhbhai Patel International Airport,2026-09-13 04:00:00,2026-09-13 05:20:00,80,Airbus A320neo,Economy,28 in,f,"['"Below average legroom (28 in)'", '"Carbon emissions estimate: 51 kg'"]",2026-09-12 18:49:19.641743
1233,987,Air India,,AI 2493,BOM,Chhatrapati Shivaji Maharaj International Airport Mumbai,AMD,Sardar Vallabhbhai Patel International Airport,2026-09-13 18:25:00,2026-09-13 19:40:00,75,Airbus A321,Economy,31 in,f,"['"Average legroom (31 in)'", '"Stream media to your device'", '"Carbon emissions estimate: 75 kg'"]",2026-09-12 18:49:19.643608
1234,988,IndiGo,,6E 5107,BOM,Chhatrapati Shivaji Maharaj International Airport Mumbai,AMD,Sardar Vallabhbhai Patel International Airport,2026-09-13 20:00:00,2026-09-13 21:20:00,80,Airbus A321neo,Economy,28 in,f,"['"Below average legroom (28 in)'", '"Carbon emissions estimate: 47 kg'"]",2026-09-12 18:49:19.645123
1235,989,Akasa Air,,QP 1195,BOM,Chhatrapati Shivaji Maharaj International Airport Mumbai,AMD,Sardar Vallabhbhai Patel International Airport,2026-09-13 19:20:00,2026-09-13 20:50:00,90,Boeing 737MAX 8 Passenger,Economy,28 in,f,"['"Below average legroom (28 in)'", '"In-seat USB outlet'", '"Carbon emissions estimate: 49 kg'"]",2026-09-12 18:49:19.646806
1236,990,Air India,,AI 2503,BOM,Chhatrapati Shivaji Maharaj International Airport Mumbai,AMD,Sardar Vallabhbhai Patel International Airport,2026-09-13 12:55:00,2026-09-13 14:15:00,80,Airbus A321,Economy,31 in,f,"['"Average legroom (31 in)'", '"Stream media to your device'", '"Carbon emissions estimate: 75 kg'"]",2026-09-12 18:49:19.6482
1237,991,Air India,,AI 2915,BOM,Chhatrapati Shivaji Maharaj International Airport Mumbai,AMD,Sardar Vallabhbhai Patel International Airport,2026-09-13 15:30:00,2026-09-13 16:50:00,80,Airbus A320neo,Economy,28 in,f,"['"Below average legroom (28 in)'", '"In-seat USB outlet'", '"Stream media to your device'", '"Carbon emissions estimate: 57 kg'"]",2026-09-12 18:49:19.649586
1238,992,IndiGo,,6E 911,BOM,Chhatrapati Shivaji Maharaj International Airport Mumbai,AMD,Sardar Vallabhbhai Patel International Airport,2026-09-13 01:30:00,2026-09-13 02:50:00,80,Airbus A320neo,Economy,28 in,f,"['"Below average legroom (28 in)'", '"Carbon emissions estimate: 51 kg'"]",2026-09-12 18:49:19.651032
1239,993,IndiGo,,6E 5201,BOM,Chhatrapati Shivaji Maharaj International Airport Mumbai,AMD,Sardar Vallabhbhai Patel International Airport,2026-09-13 14:55:00,2026-09-13 16:20:00,85,Airbus A320neo,Economy,28 in,f,"['"Below average legroom (28 in)'", '"Carbon emissions estimate: 51 kg'"]",2026-09-12 18:49:19.652343
1240,994,Air India,,AI 2944,BOM,Chhatrapati Shivaji Maharaj International Airport Mumbai,DEL,Indira Gandhi International Airport,2026-09-13 14:35:00,2026-09-13 16:55:00,140,Airbus A320neo,Economy,28 in,f,"['"Below average legroom (28 in)'", '"In-seat USB outlet'", '"Stream media to your device'", '"Carbon emissions estimate: 105 kg'"]",2026-09-12 18:49:19.653938
1241,994,Air India,,AI 809,DEL,Indira Gandhi International Airport,AMD,Sardar Vallabhbhai Patel International Airport,2026-09-13 17:40:00,2026-09-13 19:20:00,100,Airbus A321,Economy,31 in,f,"['"Average legroom (31 in)'", '"Stream media to your device'", '"Carbon emissions estimate: 100 kg'"]",2026-09-12 18:49:19.653938
1242,995,Air India,,AI 2408,BOM,Chhatrapati Shivaji Maharaj International Airport Mumbai,DEL,Indira Gandhi International Airport,2026-09-13 19:30:00,2026-09-13 21:45:00,135,Airbus A320neo,Economy,28 in,f,"['"Below average legroom (28 in)'", '"In-seat USB outlet'", '"Stream media to your device'", '"Carbon emissions estimate: 105 kg'"]",2026-09-12 18:49:19.656096
1243,995,Air India,,AI 2909,DEL,Indira Gandhi International Airport,AMD,Sardar Vallabhbhai Patel International Airport,2026-09-13 22:30:00,2026-09-14 00:15:00,105,Airbus A320neo,Business Class,,f,"['"Extra reclining seat'", '"In-seat power & USB outlets'", '"Stream media to your device'", '"Carbon emissions estimate: 115 kg'"]",2026-09-12 18:49:19.656096
1244,996,IndiGo,,6E 2093,BOM,Chhatrapati Shivaji Maharaj International Airport Mumbai,COK,Cochin International Airport,2026-09-13 22:45:00,2026-09-14 00:40:00,115,Airbus A321neo,Economy,28 in,f,"['"Below average legroom (28 in)'", '"Carbon emissions estimate: 80 kg'"]",2026-09-12 18:49:26.76615
1245,997,Air India,,AI 2787,BOM,Chhatrapati Shivaji Maharaj International Airport Mumbai,COK,Cochin International Airport,2026-09-13 06:35:00,2026-09-13 08:35:00,120,Airbus A320neo,Economy,28 in,f,"['"Below average legroom (28 in)'", '"In-seat USB outlet'", '"Stream media to your device'", '"Carbon emissions estimate: 96 kg'"]",2026-09-12 18:49:26.768491
1246,998,Akasa Air,,QP 1137,BOM,Chhatrapati Shivaji Maharaj International Airport Mumbai,COK,Cochin International Airport,2026-09-13 09:00:00,2026-09-13 11:05:00,125,Boeing 737MAX 8 Passenger,Economy,28 in,f,"['"Below average legroom (28 in)'", '"In-seat USB outlet'", '"Carbon emissions estimate: 85 kg'"]",2026-09-12 18:49:26.770578
1247,999,IndiGo,,6E 437,BOM,Chhatrapati Shivaji Maharaj International Airport Mumbai,COK,Cochin International Airport,2026-09-13 17:10:00,2026-09-13 19:10:00,120,Airbus A321neo,Economy,28 in,f,"['"Below average legroom (28 in)'", '"Carbon emissions estimate: 80 kg'"]",2026-09-12 18:49:26.773431
1248,1000,Air India,,AI 681,BOM,Chhatrapati Shivaji Maharaj International Airport Mumbai,COK,Cochin International Airport,2026-09-13 16:55:00,2026-09-13 18:55:00,120,Airbus A319,Economy,31 in,f,"['"Average legroom (31 in)'", '"Stream media to your device'", '"Carbon emissions estimate: 136 kg'"]",2026-09-12 18:49:26.775666
1249,1001,IndiGo,,6E 673,BOM,Chhatrapati Shivaji Maharaj International Airport Mumbai,COK,Cochin International Airport,2026-09-13 12:35:00,2026-09-13 14:25:00,110,Airbus A321neo,Economy,28 in,f,"['"Below average legroom (28 in)'", '"Carbon emissions estimate: 80 kg'"]",2026-09-12 18:49:26.777564
1250,1002,Air India,,AI 2855,BOM,Chhatrapati Shivaji Maharaj International Airport Mumbai,COK,Cochin International Airport,2026-09-13 10:00:00,2026-09-13 12:05:00,125,Airbus A320neo,Economy,28 in,f,"['"Below average legroom (28 in)'", '"In-seat USB outlet'", '"Stream media to your device'", '"Carbon emissions estimate: 96 kg'"]",2026-09-12 18:49:26.779423
1251,1003,Air India Express,,IX 1801,BOM,Chhatrapati Shivaji Maharaj International Airport Mumbai,COK,Cochin International Airport,2026-09-13 20:20:00,2026-09-13 22:20:00,120,Airbus A320,Economy,28 in,t,"['"Below average legroom (28 in)'", '"Carbon emissions estimate: 111 kg'"]",2026-09-12 18:49:26.781358
1252,1004,IndiGo,,6E 6701,BOM,Chhatrapati Shivaji Maharaj International Airport Mumbai,COK,Cochin International Airport,2026-09-13 05:35:00,2026-09-13 07:30:00,115,Airbus A321neo,Economy,28 in,f,"['"Below average legroom (28 in)'", '"Carbon emissions estimate: 80 kg'"]",2026-09-12 18:49:26.783412
1253,1005,Air India Express,,IX 1810,BOM,Chhatrapati Shivaji Maharaj International Airport Mumbai,COK,Cochin International Airport,2026-09-13 13:40:00,2026-09-13 15:40:00,120,Boeing 737MAX 8 Passenger,Economy,30 in,t,"['"Average legroom (30 in)'", '"Carbon emissions estimate: 96 kg'"]",2026-09-12 18:49:26.785104
1254,1006,Air India Express,,IX 1797,BOM,Chhatrapati Shivaji Maharaj International Airport Mumbai,COK,Cochin International Airport,2026-09-13 05:05:00,2026-09-13 07:05:00,120,Airbus A320,Economy,28 in,f,"['"Below average legroom (28 in)'", '"Carbon emissions estimate: 111 kg'"]",2026-09-12 18:49:26.786764
1255,1007,Air India Express,,IX 1242,BOM,Chhatrapati Shivaji Maharaj International Airport Mumbai,GOI,Goa Dabolim International Airport,2026-09-13 16:30:00,2026-09-13 17:50:00,80,Boeing 737MAX 8 Passenger,Economy,30 in,f,"['"Average legroom (30 in)'", '"Carbon emissions estimate: 55 kg'"]",2026-09-12 18:49:35.143773
1256,1008,IndiGo,,6E 5241,BOM,Chhatrapati Shivaji Maharaj International Airport Mumbai,GOI,Goa Dabolim International Airport,2026-09-13 16:40:00,2026-09-13 18:05:00,85,Airbus A320,Economy,28 in,f,"['"Below average legroom (28 in)'", '"Carbon emissions estimate: 57 kg'"]",2026-09-12 18:49:35.146448
1257,1009,Air India,,AI 2505,BOM,Chhatrapati Shivaji Maharaj International Airport Mumbai,GOI,Goa Dabolim International Airport,2026-09-13 19:20:00,2026-09-13 20:50:00,90,Airbus A320neo,Economy,28 in,f,"['"Below average legroom (28 in)'", '"In-seat USB outlet'", '"Stream media to your device'", '"Carbon emissions estimate: 55 kg'"]",2026-09-12 18:49:35.148998
1258,1010,Air India Express,,IX 1238,BOM,Chhatrapati Shivaji Maharaj International Airport Mumbai,GOI,Goa Dabolim International Airport,2026-09-13 12:25:00,2026-09-13 13:45:00,80,Boeing 737MAX 8 Passenger,Economy,30 in,f,"['"Average legroom (30 in)'", '"Carbon emissions estimate: 55 kg'"]",2026-09-12 18:49:35.151475
1259,1011,IndiGo,,6E 5106,BOM,Chhatrapati Shivaji Maharaj International Airport Mumbai,GOI,Goa Dabolim International Airport,2026-09-13 22:10:00,2026-09-13 23:30:00,80,Airbus A320neo,Economy,28 in,f,"['"Below average legroom (28 in)'", '"Carbon emissions estimate: 49 kg'"]",2026-09-12 18:49:35.155121
1260,1012,Air India,,AI 2745,BOM,Chhatrapati Shivaji Maharaj International Airport Mumbai,GOI,Goa Dabolim International Airport,2026-09-13 15:30:00,2026-09-13 16:50:00,80,Airbus A320neo,Economy,28 in,f,"['"Below average legroom (28 in)'", '"In-seat USB outlet'", '"Stream media to your device'", '"Carbon emissions estimate: 55 kg'"]",2026-09-12 18:49:35.157827
1261,1013,IndiGo,,6E 261,BOM,Chhatrapati Shivaji Maharaj International Airport Mumbai,GOI,Goa Dabolim International Airport,2026-09-13 11:20:00,2026-09-13 12:30:00,70,Airbus A321neo,Economy,28 in,f,"['"Below average legroom (28 in)'", '"Carbon emissions estimate: 44 kg'"]",2026-09-12 18:49:35.160143
1262,1014,Air India,,AI 2477,BOM,Chhatrapati Shivaji Maharaj International Airport Mumbai,GOI,Goa Dabolim International Airport,2026-09-13 13:05:00,2026-09-13 14:20:00,75,Airbus A320neo,Economy,31 in,f,"['"Average legroom (31 in)'", '"Stream media to your device'", '"Carbon emissions estimate: 79 kg'"]",2026-09-12 18:49:35.162692
1263,1015,IndiGo,,6E 230,BOM,Chhatrapati Shivaji Maharaj International Airport Mumbai,GOI,Goa Dabolim International Airport,2026-09-13 13:55:00,2026-09-13 15:10:00,75,Airbus A321neo,Economy,28 in,f,"['"Below average legroom (28 in)'", '"Carbon emissions estimate: 44 kg'"]",2026-09-12 18:49:35.164922
1264,1016,Air India,,AI 2420,BOM,Chhatrapati Shivaji Maharaj International Airport Mumbai,GOI,Goa Dabolim International Airport,2026-09-13 11:20:00,2026-09-13 12:40:00,80,Airbus A321,Economy,29 in,f,"['"Below average legroom (29 in)'", '"Wi-Fi for a fee'", '"In-seat power & USB outlets'", '"On-demand video'", '"Carbon emissions estimate: 70 kg'"]",2026-09-12 18:49:35.167238
1265,1017,IndiGo,,6E 6361,BOM,Chhatrapati Shivaji Maharaj International Airport Mumbai,GOI,Goa Dabolim International Airport,2026-09-13 05:00:00,2026-09-13 06:05:00,65,Airbus A321neo,Economy,28 in,f,"['"Below average legroom (28 in)'", '"Carbon emissions estimate: 44 kg'"]",2026-09-12 18:49:35.169407
1293,1042,IndiGo,,6E 707,HYD,Rajiv Gandhi International Airport,DEL,Indira Gandhi International Airport,2026-09-13 06:25:00,2026-09-13 08:45:00,140,Airbus A321neo,Economy,28 in,f,"['"Below average legroom (28 in)'", '"Carbon emissions estimate: 97 kg'"]",2026-09-12 18:49:50.225255
1266,1018,Air India,,AI 603,BOM,Chhatrapati Shivaji Maharaj International Airport Mumbai,GOI,Goa Dabolim International Airport,2026-09-13 05:10:00,2026-09-13 06:30:00,80,Airbus A320neo,Economy,28 in,f,"['"Below average legroom (28 in)'", '"In-seat USB outlet'", '"Stream media to your device'", '"Carbon emissions estimate: 55 kg'"]",2026-09-12 18:49:35.171694
1267,1019,IndiGo,,6E 413,HYD,Rajiv Gandhi International Airport,BLR,Kempegowda International Airport Bengaluru,2026-09-13 06:25:00,2026-09-13 07:40:00,75,Airbus A321neo,Economy,28 in,f,"['"Below average legroom (28 in)'", '"Carbon emissions estimate: 48 kg'"]",2026-09-12 18:49:41.194668
1268,1020,IndiGo,,6E 151,HYD,Rajiv Gandhi International Airport,BLR,Kempegowda International Airport Bengaluru,2026-09-13 08:05:00,2026-09-13 09:30:00,85,Airbus A321neo,Economy,28 in,f,"['"Below average legroom (28 in)'", '"Carbon emissions estimate: 48 kg'"]",2026-09-12 18:49:41.197652
1269,1021,Air India Express,,IX 2019,HYD,Rajiv Gandhi International Airport,BLR,Kempegowda International Airport Bengaluru,2026-09-13 08:05:00,2026-09-13 09:25:00,80,Airbus A320neo,Economy,28 in,f,"['"Below average legroom (28 in)'", '"In-seat USB outlet'", '"Carbon emissions estimate: 56 kg'"]",2026-09-12 18:49:41.200488
1270,1022,Air India Express,,IX 2934,HYD,Rajiv Gandhi International Airport,BLR,Kempegowda International Airport Bengaluru,2026-09-13 10:10:00,2026-09-13 11:35:00,85,Boeing 737MAX 8 Passenger,Economy,30 in,f,"['"Average legroom (30 in)'", '"In-seat USB outlet'", '"Carbon emissions estimate: 61 kg'"]",2026-09-12 18:49:41.202922
1271,1023,Air India Express,,IX 1378,HYD,Rajiv Gandhi International Airport,BLR,Kempegowda International Airport Bengaluru,2026-09-13 20:20:00,2026-09-13 21:40:00,80,Airbus A320neo,Economy,28 in,f,"['"Below average legroom (28 in)'", '"In-seat USB outlet'", '"Carbon emissions estimate: 58 kg'"]",2026-09-12 18:49:41.205191
1272,1024,Air India Express,,IX 2983,HYD,Rajiv Gandhi International Airport,BLR,Kempegowda International Airport Bengaluru,2026-09-13 19:20:00,2026-09-13 20:45:00,85,Boeing 737MAX 8 Passenger,Economy,29 in,f,"['"Below average legroom (29 in)'", '"In-seat USB outlet'", '"Carbon emissions estimate: 58 kg'"]",2026-09-12 18:49:41.207787
1273,1025,IndiGo,,6E 6505,HYD,Rajiv Gandhi International Airport,BLR,Kempegowda International Airport Bengaluru,2026-09-13 21:25:00,2026-09-13 22:45:00,80,Airbus A321neo,Economy,28 in,f,"['"Below average legroom (28 in)'", '"Carbon emissions estimate: 48 kg'"]",2026-09-12 18:49:41.210153
1274,1026,IndiGo,,6E 285,HYD,Rajiv Gandhi International Airport,BLR,Kempegowda International Airport Bengaluru,2026-09-13 20:00:00,2026-09-13 21:20:00,80,Airbus A320neo,Economy,28 in,f,"['"Below average legroom (28 in)'", '"Carbon emissions estimate: 52 kg'"]",2026-09-12 18:49:41.213767
1275,1027,Star Air,,S5 152,HYD,Rajiv Gandhi International Airport,BLR,Kempegowda International Airport Bengaluru,2026-09-13 20:55:00,2026-09-13 22:10:00,75,,Economy,,f,[],2026-09-12 18:49:41.216464
1276,1028,IndiGo,,6E 6066,HYD,Rajiv Gandhi International Airport,BLR,Kempegowda International Airport Bengaluru,2026-09-13 09:35:00,2026-09-13 10:55:00,80,Airbus A320neo,Economy,28 in,f,"['"Below average legroom (28 in)'", '"Carbon emissions estimate: 52 kg'"]",2026-09-12 18:49:41.218852
1277,1029,IndiGo,,6E 6417,HYD,Rajiv Gandhi International Airport,BLR,Kempegowda International Airport Bengaluru,2026-09-13 17:45:00,2026-09-13 19:05:00,80,Airbus A320neo,Economy,28 in,f,"['"Below average legroom (28 in)'", '"Carbon emissions estimate: 52 kg'"]",2026-09-12 18:49:41.220972
1278,1030,IndiGo,,6E 6783,HYD,Rajiv Gandhi International Airport,BLR,Kempegowda International Airport Bengaluru,2026-09-13 18:45:00,2026-09-13 20:05:00,80,Airbus A320neo,Economy,28 in,f,"['"Below average legroom (28 in)'", '"Carbon emissions estimate: 52 kg'"]",2026-09-12 18:49:41.223229
1279,1031,IndiGo,,6E 314,HYD,Rajiv Gandhi International Airport,BLR,Kempegowda International Airport Bengaluru,2026-09-13 16:30:00,2026-09-13 17:50:00,80,Airbus A321neo,Economy,28 in,f,"['"Below average legroom (28 in)'", '"Carbon emissions estimate: 48 kg'"]",2026-09-12 18:49:41.225516
1280,1032,IndiGo,,6E 6405,HYD,Rajiv Gandhi International Airport,BLR,Kempegowda International Airport Bengaluru,2026-09-13 14:30:00,2026-09-13 15:50:00,80,Airbus A321neo,Economy,28 in,f,"['"Below average legroom (28 in)'", '"Carbon emissions estimate: 48 kg'"]",2026-09-12 18:49:41.227818
1281,1033,Air India,,AI 1806,HYD,Rajiv Gandhi International Airport,DEL,Indira Gandhi International Airport,2026-09-13 03:00:00,2026-09-13 05:25:00,145,Airbus A320neo,Economy,28 in,f,"['"Below average legroom (28 in)'", '"In-seat USB outlet'", '"Stream media to your device'", '"Carbon emissions estimate: 113 kg'"]",2026-09-12 18:49:50.201962
1282,1034,IndiGo,,6E 6025,HYD,Rajiv Gandhi International Airport,DEL,Indira Gandhi International Airport,2026-09-13 23:50:00,2026-09-14 02:05:00,135,Airbus A321neo,Economy,28 in,f,"['"Below average legroom (28 in)'", '"Carbon emissions estimate: 97 kg'"]",2026-09-12 18:49:50.204671
1283,1035,Akasa Air,,QP 1405,HYD,Rajiv Gandhi International Airport,DEL,Indira Gandhi International Airport,2026-09-13 06:00:00,2026-09-13 08:15:00,135,Boeing 737MAX 8 Passenger,Economy,28 in,f,"['"Below average legroom (28 in)'", '"In-seat USB outlet'", '"Carbon emissions estimate: 98 kg'"]",2026-09-12 18:49:50.207383
1284,1036,IndiGo,,6E 6066,HYD,Rajiv Gandhi International Airport,BLR,Kempegowda International Airport Bengaluru,2026-09-13 09:35:00,2026-09-13 10:55:00,80,Airbus A320neo,Economy,28 in,f,"['"Below average legroom (28 in)'", '"Carbon emissions estimate: 52 kg'"]",2026-09-12 18:49:50.209938
1285,1036,IndiGo,,6E 809,BLR,Kempegowda International Airport Bengaluru,DEL,Indira Gandhi International Airport,2026-09-13 12:00:00,2026-09-13 14:50:00,170,Airbus A321neo,Economy,28 in,f,"['"Below average legroom (28 in)'", '"Carbon emissions estimate: 123 kg'"]",2026-09-12 18:49:50.209938
1286,1037,IndiGo,,6E 314,HYD,Rajiv Gandhi International Airport,BLR,Kempegowda International Airport Bengaluru,2026-09-13 16:30:00,2026-09-13 17:50:00,80,Airbus A321neo,Economy,28 in,f,"['"Below average legroom (28 in)'", '"Carbon emissions estimate: 48 kg'"]",2026-09-12 18:49:50.212596
1287,1037,IndiGo,,6E 870,BLR,Kempegowda International Airport Bengaluru,DEL,Indira Gandhi International Airport,2026-09-13 19:30:00,2026-09-13 22:15:00,165,Airbus A321neo,Economy,28 in,f,"['"Below average legroom (28 in)'", '"Carbon emissions estimate: 123 kg'"]",2026-09-12 18:49:50.212596
1288,1038,IndiGo,,6E 6417,HYD,Rajiv Gandhi International Airport,BLR,Kempegowda International Airport Bengaluru,2026-09-13 17:45:00,2026-09-13 19:05:00,80,Airbus A320neo,Economy,28 in,f,"['"Below average legroom (28 in)'", '"Carbon emissions estimate: 52 kg'"]",2026-09-12 18:49:50.215314
1289,1038,IndiGo,,6E 817,BLR,Kempegowda International Airport Bengaluru,DEL,Indira Gandhi International Airport,2026-09-13 20:40:00,2026-09-13 23:30:00,170,Airbus A321neo,Economy,28 in,f,"['"Below average legroom (28 in)'", '"Carbon emissions estimate: 123 kg'"]",2026-09-12 18:49:50.215314
1290,1039,Air India,,AI 1880,HYD,Rajiv Gandhi International Airport,DEL,Indira Gandhi International Airport,2026-09-13 22:30:00,2026-09-14 01:00:00,150,Airbus A320neo,Economy,28 in,f,"['"Below average legroom (28 in)'", '"In-seat USB outlet'", '"Stream media to your device'", '"Carbon emissions estimate: 113 kg'"]",2026-09-12 18:49:50.21798
1291,1040,Air India,,AI 2776,HYD,Rajiv Gandhi International Airport,DEL,Indira Gandhi International Airport,2026-09-13 23:30:00,2026-09-14 02:00:00,150,Airbus A320neo,Economy,28 in,f,"['"Below average legroom (28 in)'", '"In-seat USB outlet'", '"Stream media to your device'", '"Carbon emissions estimate: 113 kg'"]",2026-09-12 18:49:50.22105
1294,1043,Air India,,AI 1866,HYD,Rajiv Gandhi International Airport,DEL,Indira Gandhi International Airport,2026-09-13 09:40:00,2026-09-13 12:10:00,150,Airbus A320neo,Economy,28 in,f,"['"Below average legroom (28 in)'", '"In-seat USB outlet'", '"Stream media to your device'", '"Carbon emissions estimate: 113 kg'"]",2026-09-12 18:49:50.227662
1295,1044,Air India,,AI 2541,HYD,Rajiv Gandhi International Airport,DEL,Indira Gandhi International Airport,2026-09-13 13:30:00,2026-09-13 16:05:00,155,Airbus A320neo,Economy,28 in,f,"['"Below average legroom (28 in)'", '"In-seat USB outlet'", '"Stream media to your device'", '"Carbon emissions estimate: 113 kg'"]",2026-09-12 18:49:50.230056
1296,1045,IndiGo,,6E 710,HYD,Rajiv Gandhi International Airport,DEL,Indira Gandhi International Airport,2026-09-13 17:45:00,2026-09-13 20:10:00,145,Airbus A321neo,Economy,28 in,f,"['"Below average legroom (28 in)'", '"Carbon emissions estimate: 97 kg'"]",2026-09-12 18:49:50.232413
1297,1046,IndiGo,,6E 890,HYD,Rajiv Gandhi International Airport,DEL,Indira Gandhi International Airport,2026-09-13 21:00:00,2026-09-13 23:25:00,145,Airbus A321neo,Economy,28 in,f,"['"Below average legroom (28 in)'", '"Carbon emissions estimate: 97 kg'"]",2026-09-12 18:49:50.23466
1298,1047,Air India,,AI 2860,HYD,Rajiv Gandhi International Airport,DEL,Indira Gandhi International Airport,2026-09-13 07:30:00,2026-09-13 10:00:00,150,Airbus A320neo,Economy,28 in,f,"['"Below average legroom (28 in)'", '"In-seat USB outlet'", '"Stream media to your device'", '"Carbon emissions estimate: 113 kg'"]",2026-09-12 18:49:50.236967
1299,1048,Air India,,AI 2466,HYD,Rajiv Gandhi International Airport,DEL,Indira Gandhi International Airport,2026-09-13 08:35:00,2026-09-13 10:55:00,140,Airbus A320neo,Economy,28 in,f,"['"Below average legroom (28 in)'", '"In-seat USB outlet'", '"Stream media to your device'", '"Carbon emissions estimate: 113 kg'"]",2026-09-12 18:49:50.238992
1300,1049,Air India,,AI 2559,HYD,Rajiv Gandhi International Airport,DEL,Indira Gandhi International Airport,2026-09-13 12:45:00,2026-09-13 15:15:00,150,Airbus A320neo,Economy,28 in,f,"['"Below average legroom (28 in)'", '"In-seat USB outlet'", '"Stream media to your device'", '"Carbon emissions estimate: 113 kg'"]",2026-09-12 18:49:50.241453
1301,1050,Air India,,AI 2890,HYD,Rajiv Gandhi International Airport,DEL,Indira Gandhi International Airport,2026-09-13 17:30:00,2026-09-13 20:00:00,150,Airbus A320neo,Economy,28 in,f,"['"Below average legroom (28 in)'", '"In-seat USB outlet'", '"Stream media to your device'", '"Carbon emissions estimate: 113 kg'"]",2026-09-12 18:49:50.243037
1302,1051,Air India,,AI 2520,HYD,Rajiv Gandhi International Airport,DEL,Indira Gandhi International Airport,2026-09-13 19:25:00,2026-09-13 21:50:00,145,Airbus A350,Economy,31 in,f,"['"Average legroom (31 in)'", '"Wi-Fi for a fee'", '"In-seat power & USB outlets'", '"On-demand video'", '"Carbon emissions estimate: 110 kg'"]",2026-09-12 18:49:50.244578
1303,1052,Air India,,AI 2870,HYD,Rajiv Gandhi International Airport,DEL,Indira Gandhi International Airport,2026-09-13 21:30:00,2026-09-13 23:55:00,145,Airbus A320neo,Economy,28 in,f,"['"Below average legroom (28 in)'", '"In-seat USB outlet'", '"Stream media to your device'", '"Carbon emissions estimate: 113 kg'"]",2026-09-12 18:49:50.246152
1304,1053,IndiGo,,6E 6281,HYD,Rajiv Gandhi International Airport,DEL,Indira Gandhi International Airport,2026-09-13 10:00:00,2026-09-13 12:30:00,150,Airbus A321neo,Economy,28 in,f,"['"Below average legroom (28 in)'", '"Carbon emissions estimate: 97 kg'"]",2026-09-12 18:49:50.247687
1305,1054,IndiGo,,6E 6202,HYD,Rajiv Gandhi International Airport,DEL,Indira Gandhi International Airport,2026-09-13 11:35:00,2026-09-13 13:55:00,140,Airbus A321neo,Economy,28 in,f,"['"Below average legroom (28 in)'", '"Carbon emissions estimate: 97 kg'"]",2026-09-12 18:49:50.249182
1306,1055,IndiGo,,6E 6031,HYD,Rajiv Gandhi International Airport,DEL,Indira Gandhi International Airport,2026-09-13 13:00:00,2026-09-13 15:25:00,145,Airbus A321neo,Economy,28 in,f,"['"Below average legroom (28 in)'", '"Carbon emissions estimate: 97 kg'"]",2026-09-12 18:49:50.250732
1307,1056,IndiGo,,6E 6372,HYD,Rajiv Gandhi International Airport,DEL,Indira Gandhi International Airport,2026-09-13 16:25:00,2026-09-13 18:55:00,150,Airbus A321neo,Economy,28 in,f,"['"Below average legroom (28 in)'", '"Carbon emissions estimate: 97 kg'"]",2026-09-12 18:49:50.252277
1308,1057,IndiGo,,6E 6043,HYD,Rajiv Gandhi International Airport,DEL,Indira Gandhi International Airport,2026-09-13 19:10:00,2026-09-13 21:40:00,150,Airbus A321neo,Economy,28 in,f,"['"Below average legroom (28 in)'", '"Carbon emissions estimate: 97 kg'"]",2026-09-12 18:49:50.253825
1309,1058,IndiGo,,6E 711,HYD,Rajiv Gandhi International Airport,DEL,Indira Gandhi International Airport,2026-09-13 14:40:00,2026-09-13 16:55:00,135,Airbus A321neo,Economy,28 in,t,"['"Below average legroom (28 in)'", '"Carbon emissions estimate: 97 kg'"]",2026-09-12 18:49:50.255874
1310,1059,Akasa Air,,QP 1407,HYD,Rajiv Gandhi International Airport,DEL,Indira Gandhi International Airport,2026-09-13 17:30:00,2026-09-13 20:00:00,150,Boeing 737MAX 8 Passenger,Economy,28 in,f,"['"Below average legroom (28 in)'", '"In-seat USB outlet'", '"Carbon emissions estimate: 98 kg'"]",2026-09-12 18:49:50.258385
1311,1060,IndiGo,,6E 5259,HYD,Rajiv Gandhi International Airport,BOM,Chhatrapati Shivaji Maharaj International Airport Mumbai,2026-09-13 17:20:00,2026-09-13 18:50:00,90,Airbus A321neo,Economy,28 in,f,"['"Below average legroom (28 in)'", '"Carbon emissions estimate: 60 kg'"]",2026-09-12 18:49:57.879116
1312,1061,Air India,,AI 418,HYD,Rajiv Gandhi International Airport,BOM,Chhatrapati Shivaji Maharaj International Airport Mumbai,2026-09-13 11:30:00,2026-09-13 13:25:00,115,Airbus A320neo,Economy,28 in,f,"['"Below average legroom (28 in)'", '"In-seat USB outlet'", '"Stream media to your device'", '"Carbon emissions estimate: 71 kg'"]",2026-09-12 18:49:57.881847
1313,1062,IndiGo,,6E 5384,HYD,Rajiv Gandhi International Airport,BOM,Chhatrapati Shivaji Maharaj International Airport Mumbai,2026-09-13 12:55:00,2026-09-13 14:25:00,90,Airbus A321neo,Economy,28 in,f,"['"Below average legroom (28 in)'", '"Carbon emissions estimate: 60 kg'"]",2026-09-12 18:49:57.884803
1314,1063,Air India,,AI 2872,HYD,Rajiv Gandhi International Airport,BOM,Chhatrapati Shivaji Maharaj International Airport Mumbai,2026-09-13 05:50:00,2026-09-13 07:45:00,115,Airbus A320neo,Economy,28 in,f,"['"Below average legroom (28 in)'", '"In-seat USB outlet'", '"Stream media to your device'", '"Carbon emissions estimate: 71 kg'"]",2026-09-12 18:49:57.886698
1315,1064,IndiGo,,6E 5245,HYD,Rajiv Gandhi International Airport,BOM,Chhatrapati Shivaji Maharaj International Airport Mumbai,2026-09-13 05:00:00,2026-09-13 06:25:00,85,Airbus A321neo,Economy,28 in,f,"['"Below average legroom (28 in)'", '"Carbon emissions estimate: 60 kg'"]",2026-09-12 18:49:57.889867
1316,1065,IndiGo,,6E 6196,HYD,Rajiv Gandhi International Airport,BOM,Chhatrapati Shivaji Maharaj International Airport Mumbai,2026-09-13 06:30:00,2026-09-13 07:55:00,85,Airbus A321neo,Economy,28 in,f,"['"Below average legroom (28 in)'", '"Carbon emissions estimate: 60 kg'"]",2026-09-12 18:49:57.892277
1317,1066,Air India,,AI 2626,HYD,Rajiv Gandhi International Airport,BOM,Chhatrapati Shivaji Maharaj International Airport Mumbai,2026-09-13 07:25:00,2026-09-13 09:15:00,110,Airbus A320neo,Economy,28 in,f,"['"Below average legroom (28 in)'", '"In-seat USB outlet'", '"Stream media to your device'", '"Carbon emissions estimate: 71 kg'"]",2026-09-12 18:49:57.894024
1318,1067,Air India,,AI 2876,HYD,Rajiv Gandhi International Airport,BOM,Chhatrapati Shivaji Maharaj International Airport Mumbai,2026-09-13 20:35:00,2026-09-13 22:30:00,115,Airbus A320neo,Economy,28 in,f,"['"Below average legroom (28 in)'", '"In-seat USB outlet'", '"Stream media to your device'", '"Carbon emissions estimate: 71 kg'"]",2026-09-12 18:49:57.895732
1319,1068,Air India,,AI 2699,HYD,Rajiv Gandhi International Airport,BOM,Chhatrapati Shivaji Maharaj International Airport Mumbai,2026-09-13 22:20:00,2026-09-14 00:15:00,115,Airbus A320neo,Economy,28 in,f,"['"Below average legroom (28 in)'", '"In-seat USB outlet'", '"Stream media to your device'", '"Carbon emissions estimate: 71 kg'"]",2026-09-12 18:49:57.89812
1320,1069,IndiGo,,6E 5213,HYD,Rajiv Gandhi International Airport,BOM,Chhatrapati Shivaji Maharaj International Airport Mumbai,2026-09-13 08:00:00,2026-09-13 09:30:00,90,Airbus A321neo,Economy,28 in,f,"['"Below average legroom (28 in)'", '"Carbon emissions estimate: 60 kg'"]",2026-09-12 18:49:57.900438
1321,1070,IndiGo,,6E 5174,HYD,Rajiv Gandhi International Airport,BOM,Chhatrapati Shivaji Maharaj International Airport Mumbai,2026-09-13 09:30:00,2026-09-13 10:55:00,85,Airbus A321neo,Economy,28 in,f,"['"Below average legroom (28 in)'", '"Carbon emissions estimate: 60 kg'"]",2026-09-12 18:49:57.902714
1322,1071,IndiGo,,6E 6363,HYD,Rajiv Gandhi International Airport,BOM,Chhatrapati Shivaji Maharaj International Airport Mumbai,2026-09-13 23:30:00,2026-09-14 01:00:00,90,Airbus A321neo,Economy,28 in,f,"['"Below average legroom (28 in)'", '"Carbon emissions estimate: 60 kg'"]",2026-09-12 18:49:57.904965
1323,1072,Air India,,AI 2445,HYD,Rajiv Gandhi International Airport,BOM,Chhatrapati Shivaji Maharaj International Airport Mumbai,2026-09-13 14:25:00,2026-09-13 16:25:00,120,Airbus A320neo,Economy,28 in,f,"['"Below average legroom (28 in)'", '"In-seat USB outlet'", '"Stream media to your device'", '"Carbon emissions estimate: 71 kg'"]",2026-09-12 18:49:57.907271
1324,1073,Air India,,AI 2447,HYD,Rajiv Gandhi International Airport,BOM,Chhatrapati Shivaji Maharaj International Airport Mumbai,2026-09-13 17:25:00,2026-09-13 19:25:00,120,Airbus A320neo,Economy,28 in,f,"['"Below average legroom (28 in)'", '"In-seat USB outlet'", '"Stream media to your device'", '"Carbon emissions estimate: 71 kg'"]",2026-09-12 18:49:57.909598
1325,1074,IndiGo,,6E 5099,HYD,Rajiv Gandhi International Airport,BOM,Chhatrapati Shivaji Maharaj International Airport Mumbai,2026-09-13 14:15:00,2026-09-13 15:55:00,100,Airbus A321neo,Economy,28 in,f,"['"Below average legroom (28 in)'", '"Carbon emissions estimate: 60 kg'"]",2026-09-12 18:49:57.911836
1326,1075,IndiGo,,6E 5143,HYD,Rajiv Gandhi International Airport,BOM,Chhatrapati Shivaji Maharaj International Airport Mumbai,2026-09-13 03:00:00,2026-09-13 04:35:00,95,Airbus A320,Economy,28 in,f,"['"Below average legroom (28 in)'", '"Carbon emissions estimate: 74 kg'"]",2026-09-12 18:49:57.91401
1327,1076,IndiGo,,6E 5039,HYD,Rajiv Gandhi International Airport,BOM,Chhatrapati Shivaji Maharaj International Airport Mumbai,2026-09-13 19:00:00,2026-09-13 20:30:00,90,Airbus A321neo,Economy,28 in,f,"['"Below average legroom (28 in)'", '"Carbon emissions estimate: 60 kg'"]",2026-09-12 18:49:57.91633
1328,1077,Air India Express,,IX 2983,HYD,Rajiv Gandhi International Airport,BLR,Kempegowda International Airport Bengaluru,2026-09-13 19:20:00,2026-09-13 20:45:00,85,Boeing 737,Economy,29 in,f,"['"Below average legroom (29 in)'", '"In-seat USB outlet'", '"Carbon emissions estimate: 58 kg'"]",2026-09-12 18:49:57.918551
1329,1077,Air India,,AI 2642,BLR,Kempegowda International Airport Bengaluru,BOM,Chhatrapati Shivaji Maharaj International Airport Mumbai,2026-09-13 21:30:00,2026-09-13 23:35:00,125,Airbus A320neo,Economy,28 in,f,"['"Below average legroom (28 in)'", '"In-seat USB outlet'", '"Stream media to your device'", '"Carbon emissions estimate: 83 kg'"]",2026-09-12 18:49:57.918551
1330,1078,Air India Express,,IX 1378,HYD,Rajiv Gandhi International Airport,BLR,Kempegowda International Airport Bengaluru,2026-09-13 20:20:00,2026-09-13 21:40:00,80,Airbus A320,Economy,28 in,f,"['"Below average legroom (28 in)'", '"In-seat USB outlet'", '"Carbon emissions estimate: 58 kg'"]",2026-09-12 18:49:57.921181
1331,1078,Air India,,AI 2840,BLR,Kempegowda International Airport Bengaluru,BOM,Chhatrapati Shivaji Maharaj International Airport Mumbai,2026-09-13 22:30:00,2026-09-14 00:35:00,125,Airbus A320neo,Economy,28 in,f,"['"Below average legroom (28 in)'", '"In-seat USB outlet'", '"Stream media to your device'", '"Carbon emissions estimate: 83 kg'"]",2026-09-12 18:49:57.921181
1332,1079,Air India Express,,IX 2934,HYD,Rajiv Gandhi International Airport,BLR,Kempegowda International Airport Bengaluru,2026-09-13 10:10:00,2026-09-13 11:35:00,85,Boeing 737MAX 8 Passenger,Economy,30 in,f,"['"Average legroom (30 in)'", '"In-seat USB outlet'", '"Carbon emissions estimate: 61 kg'"]",2026-09-12 18:50:06.109868
1333,1079,Air India Express,,IX 2942,BLR,Kempegowda International Airport Bengaluru,MAA,Chennai International Airport,2026-09-13 12:40:00,2026-09-13 13:50:00,70,Boeing 737MAX 8 Passenger,Economy,30 in,f,"['"Average legroom (30 in)'", '"In-seat USB outlet'", '"Carbon emissions estimate: 45 kg'"]",2026-09-12 18:50:06.109868
1334,1080,IndiGo,,6E 371,HYD,Rajiv Gandhi International Airport,MAA,Chennai International Airport,2026-09-13 07:55:00,2026-09-13 09:20:00,85,Airbus A320neo,Economy,28 in,f,"['"Below average legroom (28 in)'", '"Carbon emissions estimate: 55 kg'"]",2026-09-12 18:50:06.113056
1335,1081,Air India Express,,IX 1831,HYD,Rajiv Gandhi International Airport,MAA,Chennai International Airport,2026-09-13 08:05:00,2026-09-13 09:40:00,95,Airbus A320neo,Economy,28 in,f,"['"Below average legroom (28 in)'", '"In-seat USB outlet'", '"Carbon emissions estimate: 61 kg'"]",2026-09-12 18:50:06.115577
1336,1082,Air India Express,,IX 2019,HYD,Rajiv Gandhi International Airport,BLR,Kempegowda International Airport Bengaluru,2026-09-13 08:05:00,2026-09-13 09:25:00,80,Airbus A320neo,Economy,28 in,f,"['"Below average legroom (28 in)'", '"In-seat USB outlet'", '"Carbon emissions estimate: 56 kg'"]",2026-09-12 18:50:06.118304
1337,1082,Air India Express,,IX 2942,BLR,Kempegowda International Airport Bengaluru,MAA,Chennai International Airport,2026-09-13 12:40:00,2026-09-13 13:50:00,70,Boeing 737MAX 8 Passenger,Economy,30 in,f,"['"Average legroom (30 in)'", '"In-seat USB outlet'", '"Carbon emissions estimate: 45 kg'"]",2026-09-12 18:50:06.118304
1338,1083,Air India Express,,IX 2983,HYD,Rajiv Gandhi International Airport,BLR,Kempegowda International Airport Bengaluru,2026-09-13 19:20:00,2026-09-13 20:45:00,85,Boeing 737MAX 8 Passenger,Economy,29 in,f,"['"Below average legroom (29 in)'", '"In-seat USB outlet'", '"Carbon emissions estimate: 58 kg'"]",2026-09-12 18:50:06.121026
1339,1083,Air India Express,,IX 2787,BLR,Kempegowda International Airport Bengaluru,MAA,Chennai International Airport,2026-09-13 22:10:00,2026-09-13 23:20:00,70,Boeing 737MAX 8 Passenger,Economy,30 in,f,"['"Average legroom (30 in)'", '"In-seat USB outlet'", '"Carbon emissions estimate: 45 kg'"]",2026-09-12 18:50:06.121026
1340,1084,Air India Express,,IX 1378,HYD,Rajiv Gandhi International Airport,BLR,Kempegowda International Airport Bengaluru,2026-09-13 20:20:00,2026-09-13 21:40:00,80,Airbus A320neo,Economy,28 in,f,"['"Below average legroom (28 in)'", '"In-seat USB outlet'", '"Carbon emissions estimate: 58 kg'"]",2026-09-12 18:50:06.123812
1341,1084,Air India Express,,IX 1472,BLR,Kempegowda International Airport Bengaluru,MAA,Chennai International Airport,2026-09-14 07:05:00,2026-09-14 08:10:00,65,Airbus A320neo,Economy,28 in,f,"['"Below average legroom (28 in)'", '"In-seat USB outlet'", '"Carbon emissions estimate: 42 kg'"]",2026-09-12 18:50:06.123812
1342,1085,IndiGo,,6E 243,HYD,Rajiv Gandhi International Airport,MAA,Chennai International Airport,2026-09-13 07:05:00,2026-09-13 08:25:00,80,Airbus A321neo,Economy,28 in,f,"['"Below average legroom (28 in)'", '"Carbon emissions estimate: 51 kg'"]",2026-09-12 18:50:06.126624
1343,1086,IndiGo,,6E 6151,HYD,Rajiv Gandhi International Airport,MAA,Chennai International Airport,2026-09-13 10:00:00,2026-09-13 11:20:00,80,Airbus A321neo,Economy,28 in,f,"['"Below average legroom (28 in)'", '"Carbon emissions estimate: 51 kg'"]",2026-09-12 18:50:06.128825
1344,1087,IndiGo,,6E 514,HYD,Rajiv Gandhi International Airport,MAA,Chennai International Airport,2026-09-13 14:10:00,2026-09-13 15:30:00,80,Airbus A320neo,Economy,28 in,f,"['"Below average legroom (28 in)'", '"Carbon emissions estimate: 55 kg'"]",2026-09-12 18:50:06.131188
1345,1088,IndiGo,,6E 668,HYD,Rajiv Gandhi International Airport,MAA,Chennai International Airport,2026-09-13 16:20:00,2026-09-13 17:40:00,80,Airbus A321neo,Economy,28 in,f,"['"Below average legroom (28 in)'", '"Carbon emissions estimate: 51 kg'"]",2026-09-12 18:50:06.133469
1346,1089,IndiGo,,6E 598,HYD,Rajiv Gandhi International Airport,MAA,Chennai International Airport,2026-09-13 17:55:00,2026-09-13 19:10:00,75,Airbus A321neo,Economy,28 in,f,"['"Below average legroom (28 in)'", '"Carbon emissions estimate: 51 kg'"]",2026-09-12 18:50:06.135626
1347,1090,IndiGo,,6E 6486,HYD,Rajiv Gandhi International Airport,MAA,Chennai International Airport,2026-09-13 19:00:00,2026-09-13 20:20:00,80,Airbus A321neo,Economy,28 in,f,"['"Below average legroom (28 in)'", '"Carbon emissions estimate: 51 kg'"]",2026-09-12 18:50:06.137858
1348,1091,IndiGo,,6E 6174,HYD,Rajiv Gandhi International Airport,MAA,Chennai International Airport,2026-09-13 20:40:00,2026-09-13 22:05:00,85,Airbus A321neo,Economy,28 in,f,"['"Below average legroom (28 in)'", '"Carbon emissions estimate: 51 kg'"]",2026-09-12 18:50:06.139953
1349,1092,IndiGo,,6E 6494,HYD,Rajiv Gandhi International Airport,CCU,Netaji Subhash Chandra Bose International Airport,2026-09-13 05:55:00,2026-09-13 08:05:00,130,Airbus A321neo,Economy,28 in,f,"['"Below average legroom (28 in)'", '"Carbon emissions estimate: 92 kg'"]",2026-09-12 18:50:11.545206
1350,1093,IndiGo,,6E 944,HYD,Rajiv Gandhi International Airport,CCU,Netaji Subhash Chandra Bose International Airport,2026-09-13 21:15:00,2026-09-13 23:25:00,130,Airbus A321neo,Economy,28 in,f,"['"Below average legroom (28 in)'", '"Carbon emissions estimate: 92 kg'"]",2026-09-12 18:50:11.551957
1351,1094,IndiGo,,6E 6907,HYD,Rajiv Gandhi International Airport,CCU,Netaji Subhash Chandra Bose International Airport,2026-09-13 14:00:00,2026-09-13 16:20:00,140,Airbus A321neo,Economy,28 in,f,"['"Below average legroom (28 in)'", '"Carbon emissions estimate: 92 kg'"]",2026-09-12 18:50:11.55547
1352,1095,IndiGo,,6E 283,HYD,Rajiv Gandhi International Airport,CCU,Netaji Subhash Chandra Bose International Airport,2026-09-13 17:55:00,2026-09-13 20:05:00,130,Airbus A320neo,Economy,28 in,f,"['"Below average legroom (28 in)'", '"Carbon emissions estimate: 98 kg'"]",2026-09-12 18:50:11.558425
1353,1096,IndiGo,,6E 208,HYD,Rajiv Gandhi International Airport,VTZ,Visakhapatnam international airport,2026-09-13 17:25:00,2026-09-13 18:40:00,75,Airbus A320neo,Economy,28 in,f,"['"Below average legroom (28 in)'", '"Carbon emissions estimate: 54 kg'"]",2026-09-12 18:50:11.562239
1354,1096,IndiGo,,6E 617,VTZ,Visakhapatnam international airport,CCU,Netaji Subhash Chandra Bose International Airport,2026-09-13 19:50:00,2026-09-13 21:30:00,100,Airbus A320neo,Economy,28 in,t,"['"Below average legroom (28 in)'", '"Carbon emissions estimate: 70 kg'"]",2026-09-12 18:50:11.562239
1355,1097,IndiGo,,6E 6746,HYD,Rajiv Gandhi International Airport,IXA,"Maharaja Bir Bikram Airport, Agartala",2026-09-13 07:30:00,2026-09-13 10:00:00,150,Airbus A321neo,Economy,28 in,f,"['"Below average legroom (28 in)'", '"Carbon emissions estimate: 111 kg'"]",2026-09-12 18:50:11.565477
1356,1097,IndiGo,,6E 6097,IXA,"Maharaja Bir Bikram Airport, Agartala",CCU,Netaji Subhash Chandra Bose International Airport,2026-09-13 11:55:00,2026-09-13 12:55:00,60,Airbus A321neo,Economy,28 in,t,"['"Below average legroom (28 in)'", '"Carbon emissions estimate: 39 kg'"]",2026-09-12 18:50:11.565477
1357,1098,IndiGo,,6E 664,HYD,Rajiv Gandhi International Airport,CCU,Netaji Subhash Chandra Bose International Airport,2026-09-13 08:15:00,2026-09-13 10:25:00,130,Airbus A321neo,Economy,28 in,f,"['"Below average legroom (28 in)'", '"Carbon emissions estimate: 92 kg'"]",2026-09-12 18:50:11.568608
1358,1099,IndiGo,,6E 376,HYD,Rajiv Gandhi International Airport,CCU,Netaji Subhash Chandra Bose International Airport,2026-09-13 11:55:00,2026-09-13 14:10:00,135,Airbus A321neo,Economy,28 in,f,"['"Below average legroom (28 in)'", '"Carbon emissions estimate: 92 kg'"]",2026-09-12 18:50:11.571162
1359,1100,Air India,,AI 1880,HYD,Rajiv Gandhi International Airport,DEL,Indira Gandhi International Airport,2026-09-13 22:30:00,2026-09-14 01:00:00,150,Airbus A320neo,Economy,28 in,f,"['"Below average legroom (28 in)'", '"In-seat USB outlet'", '"Stream media to your device'", '"Carbon emissions estimate: 113 kg'"]",2026-09-12 18:50:11.573562
1360,1100,Air India,,AI 2702,DEL,Indira Gandhi International Airport,CCU,Netaji Subhash Chandra Bose International Airport,2026-09-14 02:30:00,2026-09-14 04:50:00,140,Airbus A320neo,Economy,28 in,f,"['"Below average legroom (28 in)'", '"In-seat USB outlet'", '"Stream media to your device'", '"Carbon emissions estimate: 114 kg'"]",2026-09-12 18:50:11.573562
1361,1101,IndiGo,,6E 351,HYD,Rajiv Gandhi International Airport,PNQ,Pune International Airport,2026-09-13 04:35:00,2026-09-13 05:45:00,70,Airbus A321neo,Economy,28 in,f,"['"Below average legroom (28 in)'", '"Carbon emissions estimate: 48 kg'"]",2026-09-12 18:50:14.426121
1362,1102,Star Air,,S5 173,HYD,Rajiv Gandhi International Airport,PNQ,Pune International Airport,2026-09-13 06:45:00,2026-09-13 07:55:00,70,Embraer 175,Economy,,f,"['"Carbon emissions estimate: 90 kg'"]",2026-09-12 18:50:14.428923
1363,1103,IndiGo,,6E 6471,HYD,Rajiv Gandhi International Airport,PNQ,Pune International Airport,2026-09-13 10:50:00,2026-09-13 11:55:00,65,Airbus A321neo,Economy,28 in,f,"['"Below average legroom (28 in)'", '"Carbon emissions estimate: 48 kg'"]",2026-09-12 18:50:14.431553
1364,1104,IndiGo,,6E 337,HYD,Rajiv Gandhi International Airport,PNQ,Pune International Airport,2026-09-13 01:10:00,2026-09-13 02:20:00,70,Airbus A321neo,Economy,28 in,f,"['"Below average legroom (28 in)'", '"Carbon emissions estimate: 48 kg'"]",2026-09-12 18:50:14.433493
1365,1105,IndiGo,,6E 311,HYD,Rajiv Gandhi International Airport,PNQ,Pune International Airport,2026-09-13 12:50:00,2026-09-13 14:10:00,80,Airbus A320neo,Economy,28 in,f,"['"Below average legroom (28 in)'", '"Carbon emissions estimate: 52 kg'"]",2026-09-12 18:50:14.435299
1366,1106,IndiGo,,6E 7417,HYD,Rajiv Gandhi International Airport,HBX,Hubballi Airport,2026-09-13 08:20:00,2026-09-13 09:35:00,75,ATR 72,Economy,28 in,f,"['"Below average legroom (28 in)'", '"Carbon emissions estimate: 45 kg'"]",2026-09-12 18:50:14.437217
1367,1106,IndiGo,,6E 7068,HBX,Hubballi Airport,PNQ,Pune International Airport,2026-09-13 17:05:00,2026-09-13 18:20:00,75,ATR 72,Economy,28 in,f,"['"Below average legroom (28 in)'", '"Carbon emissions estimate: 43 kg'"]",2026-09-12 18:50:14.437217
1368,1107,IndiGo,,6E 576,HYD,Rajiv Gandhi International Airport,PNQ,Pune International Airport,2026-09-13 16:15:00,2026-09-13 17:55:00,100,Airbus A320neo,Economy,28 in,f,"['"Below average legroom (28 in)'", '"Carbon emissions estimate: 52 kg'"]",2026-09-12 18:50:14.439459
1369,1108,IndiGo,,6E 426,HYD,Rajiv Gandhi International Airport,PNQ,Pune International Airport,2026-09-13 20:20:00,2026-09-13 21:30:00,70,Airbus A321neo,Economy,28 in,f,"['"Below average legroom (28 in)'", '"Carbon emissions estimate: 48 kg'"]",2026-09-12 18:50:14.44123
1370,1109,Air India,,AI 2559,HYD,Rajiv Gandhi International Airport,DEL,Indira Gandhi International Airport,2026-09-13 12:45:00,2026-09-13 15:15:00,150,Airbus A320neo,Economy,28 in,f,"['"Below average legroom (28 in)'", '"In-seat USB outlet'", '"Stream media to your device'", '"Carbon emissions estimate: 113 kg'"]",2026-09-12 18:50:14.443668
1371,1109,Air India,,AI 2971,DEL,Indira Gandhi International Airport,PNQ,Pune International Airport,2026-09-13 16:00:00,2026-09-13 18:15:00,135,Airbus A320neo,Economy,28 in,f,"['"Below average legroom (28 in)'", '"In-seat USB outlet'", '"Stream media to your device'", '"Carbon emissions estimate: 105 kg'"]",2026-09-12 18:50:14.443668
1372,1110,IndiGo,,6E 134,HYD,Rajiv Gandhi International Airport,AMD,Sardar Vallabhbhai Patel International Airport,2026-09-13 08:50:00,2026-09-13 10:35:00,105,Airbus A321neo,Economy,28 in,f,"['"Below average legroom (28 in)'", '"Carbon emissions estimate: 74 kg'"]",2026-09-12 18:50:17.940203
1373,1111,IndiGo,,6E 6099,HYD,Rajiv Gandhi International Airport,AMD,Sardar Vallabhbhai Patel International Airport,2026-09-13 12:30:00,2026-09-13 14:20:00,110,Airbus A320neo,Economy,28 in,f,"['"Below average legroom (28 in)'", '"Carbon emissions estimate: 79 kg'"]",2026-09-12 18:50:17.943178
1374,1112,IndiGo,,6E 6727,HYD,Rajiv Gandhi International Airport,AMD,Sardar Vallabhbhai Patel International Airport,2026-09-13 18:15:00,2026-09-13 20:05:00,110,Airbus A321neo,Economy,28 in,f,"['"Below average legroom (28 in)'", '"Carbon emissions estimate: 74 kg'"]",2026-09-12 18:50:17.945889
1375,1113,IndiGo,,6E 216,HYD,Rajiv Gandhi International Airport,AMD,Sardar Vallabhbhai Patel International Airport,2026-09-13 21:15:00,2026-09-13 23:00:00,105,Airbus A320neo,Economy,28 in,f,"['"Below average legroom (28 in)'", '"Carbon emissions estimate: 79 kg'"]",2026-09-12 18:50:17.948457
1376,1114,IndiGo,,6E 351,HYD,Rajiv Gandhi International Airport,PNQ,Pune International Airport,2026-09-13 04:35:00,2026-09-13 05:45:00,70,Airbus A321neo,Economy,28 in,f,"['"Below average legroom (28 in)'", '"Carbon emissions estimate: 48 kg'"]",2026-09-12 18:50:17.950899
1377,1114,IndiGo,,6E 2155,PNQ,Pune International Airport,AMD,Sardar Vallabhbhai Patel International Airport,2026-09-13 08:55:00,2026-09-13 10:05:00,70,Airbus A320neo,Economy,28 in,f,"['"Below average legroom (28 in)'", '"Carbon emissions estimate: 56 kg'"]",2026-09-12 18:50:17.950899
1378,1115,IndiGo,,6E 337,HYD,Rajiv Gandhi International Airport,PNQ,Pune International Airport,2026-09-13 01:10:00,2026-09-13 02:20:00,70,Airbus A321neo,Economy,28 in,f,"['"Below average legroom (28 in)'", '"Carbon emissions estimate: 48 kg'"]",2026-09-12 18:50:17.954273
1379,1115,IndiGo,,6E 819,PNQ,Pune International Airport,AMD,Sardar Vallabhbhai Patel International Airport,2026-09-13 04:40:00,2026-09-13 06:10:00,90,Airbus A321neo,Economy,28 in,f,"['"Below average legroom (28 in)'", '"Carbon emissions estimate: 52 kg'"]",2026-09-12 18:50:17.954273
1380,1116,IndiGo,,6E 5143,HYD,Rajiv Gandhi International Airport,BOM,Chhatrapati Shivaji Maharaj International Airport Mumbai,2026-09-13 03:00:00,2026-09-13 04:35:00,95,Airbus A320,Economy,28 in,f,"['"Below average legroom (28 in)'", '"Carbon emissions estimate: 74 kg'"]",2026-09-12 18:50:17.957071
1381,1116,IndiGo,,6E 5144,BOM,Chhatrapati Shivaji Maharaj International Airport Mumbai,AMD,Sardar Vallabhbhai Patel International Airport,2026-09-13 06:10:00,2026-09-13 07:25:00,75,Airbus A320,Economy,28 in,f,"['"Below average legroom (28 in)'", '"Carbon emissions estimate: 59 kg'"]",2026-09-12 18:50:17.957071
1382,1117,IndiGo,,6E 311,HYD,Rajiv Gandhi International Airport,PNQ,Pune International Airport,2026-09-13 12:50:00,2026-09-13 14:10:00,80,Airbus A320neo,Economy,28 in,f,"['"Below average legroom (28 in)'", '"Carbon emissions estimate: 52 kg'"]",2026-09-12 18:50:17.960018
1383,1117,IndiGo,,6E 6553,PNQ,Pune International Airport,AMD,Sardar Vallabhbhai Patel International Airport,2026-09-13 15:50:00,2026-09-13 17:15:00,85,Airbus A321neo,Economy,28 in,f,"['"Below average legroom (28 in)'", '"Carbon emissions estimate: 52 kg'"]",2026-09-12 18:50:17.960018
1384,1118,Air India,,AI 2466,HYD,Rajiv Gandhi International Airport,DEL,Indira Gandhi International Airport,2026-09-13 08:35:00,2026-09-13 10:55:00,140,Airbus A320neo,Economy,28 in,f,"['"Below average legroom (28 in)'", '"In-seat USB outlet'", '"Stream media to your device'", '"Carbon emissions estimate: 113 kg'"]",2026-09-12 18:50:17.962655
1385,1118,Air India,,AI 2715,DEL,Indira Gandhi International Airport,AMD,Sardar Vallabhbhai Patel International Airport,2026-09-13 11:40:00,2026-09-13 13:20:00,100,Airbus A320neo,Economy,28 in,f,"['"Below average legroom (28 in)'", '"In-seat USB outlet'", '"Stream media to your device'", '"Carbon emissions estimate: 76 kg'"]",2026-09-12 18:50:17.962655
1386,1119,IndiGo,,6E 151,HYD,Rajiv Gandhi International Airport,BLR,Kempegowda International Airport Bengaluru,2026-09-13 08:05:00,2026-09-13 09:30:00,85,Airbus A321neo,Economy,28 in,f,"['"Below average legroom (28 in)'", '"Carbon emissions estimate: 48 kg'"]",2026-09-12 18:50:26.754515
1387,1119,IndiGo,,6E 703,BLR,Kempegowda International Airport Bengaluru,COK,Cochin International Airport,2026-09-13 12:55:00,2026-09-13 14:00:00,65,Airbus A321neo,Economy,28 in,f,"['"Below average legroom (28 in)'", '"Carbon emissions estimate: 41 kg'"]",2026-09-12 18:50:26.754515
1388,1120,IndiGo,,6E 752,HYD,Rajiv Gandhi International Airport,COK,Cochin International Airport,2026-09-13 07:20:00,2026-09-13 09:00:00,100,Airbus A321neo,Economy,28 in,f,"['"Below average legroom (28 in)'", '"Carbon emissions estimate: 67 kg'"]",2026-09-12 18:50:26.757556
1389,1121,IndiGo,,6E 6707,HYD,Rajiv Gandhi International Airport,COK,Cochin International Airport,2026-09-13 09:55:00,2026-09-13 11:35:00,100,Airbus A321neo,Economy,28 in,f,"['"Below average legroom (28 in)'", '"Carbon emissions estimate: 67 kg'"]",2026-09-12 18:50:26.760083
1390,1122,IndiGo,,6E 6682,HYD,Rajiv Gandhi International Airport,COK,Cochin International Airport,2026-09-13 13:55:00,2026-09-13 15:35:00,100,Airbus A321neo,Economy,28 in,f,"['"Below average legroom (28 in)'", '"Carbon emissions estimate: 67 kg'"]",2026-09-12 18:50:26.762454
1391,1123,IndiGo,,6E 6234,HYD,Rajiv Gandhi International Airport,COK,Cochin International Airport,2026-09-13 16:05:00,2026-09-13 17:45:00,100,Airbus A321neo,Economy,28 in,f,"['"Below average legroom (28 in)'", '"Carbon emissions estimate: 67 kg'"]",2026-09-12 18:50:26.766137
1392,1124,IndiGo,,6E 314,HYD,Rajiv Gandhi International Airport,BLR,Kempegowda International Airport Bengaluru,2026-09-13 16:30:00,2026-09-13 17:50:00,80,Airbus A321neo,Economy,28 in,f,"['"Below average legroom (28 in)'", '"Carbon emissions estimate: 48 kg'"]",2026-09-12 18:50:26.769117
1393,1124,IndiGo,,6E 435,BLR,Kempegowda International Airport Bengaluru,COK,Cochin International Airport,2026-09-13 20:25:00,2026-09-13 21:30:00,65,Airbus A320neo,Economy,28 in,f,"['"Below average legroom (28 in)'", '"Carbon emissions estimate: 46 kg'"]",2026-09-12 18:50:26.769117
1394,1125,IndiGo,,6E 668,HYD,Rajiv Gandhi International Airport,MAA,Chennai International Airport,2026-09-13 16:20:00,2026-09-13 17:40:00,80,Airbus A321neo,Economy,28 in,f,"['"Below average legroom (28 in)'", '"Carbon emissions estimate: 51 kg'"]",2026-09-12 18:50:26.772139
1395,1125,IndiGo,,6E 6903,MAA,Chennai International Airport,COK,Cochin International Airport,2026-09-13 19:50:00,2026-09-13 21:10:00,80,Airbus A321neo,Economy,28 in,f,"['"Below average legroom (28 in)'", '"Carbon emissions estimate: 50 kg'"]",2026-09-12 18:50:26.772139
1396,1126,IndiGo,,6E 6486,HYD,Rajiv Gandhi International Airport,MAA,Chennai International Airport,2026-09-13 19:00:00,2026-09-13 20:20:00,80,Airbus A321neo,Economy,28 in,f,"['"Below average legroom (28 in)'", '"Carbon emissions estimate: 51 kg'"]",2026-09-12 18:50:26.774919
1397,1126,IndiGo,,6E 156,MAA,Chennai International Airport,COK,Cochin International Airport,2026-09-13 21:40:00,2026-09-13 22:55:00,75,Airbus A320neo,Economy,28 in,f,"['"Below average legroom (28 in)'", '"Carbon emissions estimate: 55 kg'"]",2026-09-12 18:50:26.774919
1398,1127,Air India,,AI 2872,HYD,Rajiv Gandhi International Airport,BOM,Chhatrapati Shivaji Maharaj International Airport Mumbai,2026-09-13 05:50:00,2026-09-13 07:45:00,115,Airbus A320neo,Economy,28 in,f,"['"Below average legroom (28 in)'", '"In-seat USB outlet'", '"Stream media to your device'", '"Carbon emissions estimate: 71 kg'"]",2026-09-12 18:50:26.777566
1399,1127,Air India,,AI 681,BOM,Chhatrapati Shivaji Maharaj International Airport Mumbai,COK,Cochin International Airport,2026-09-13 16:55:00,2026-09-13 18:55:00,120,Airbus A319,Economy,31 in,f,"['"Average legroom (31 in)'", '"Stream media to your device'", '"Carbon emissions estimate: 136 kg'"]",2026-09-12 18:50:26.777566
1400,1128,Air India,,AI 2626,HYD,Rajiv Gandhi International Airport,BOM,Chhatrapati Shivaji Maharaj International Airport Mumbai,2026-09-13 07:25:00,2026-09-13 09:15:00,110,Airbus A320neo,Economy,28 in,f,"['"Below average legroom (28 in)'", '"In-seat USB outlet'", '"Stream media to your device'", '"Carbon emissions estimate: 71 kg'"]",2026-09-12 18:50:26.780631
1401,1128,Air India,,AI 2855,BOM,Chhatrapati Shivaji Maharaj International Airport Mumbai,COK,Cochin International Airport,2026-09-13 10:00:00,2026-09-13 12:05:00,125,Airbus A320neo,Economy,28 in,f,"['"Below average legroom (28 in)'", '"In-seat USB outlet'", '"Stream media to your device'", '"Carbon emissions estimate: 96 kg'"]",2026-09-12 18:50:26.780631
1402,1129,IndiGo,,6E 6329,HYD,Rajiv Gandhi International Airport,GOI,Goa Dabolim International Airport,2026-09-13 18:20:00,2026-09-13 19:35:00,75,Airbus A321neo,Economy,28 in,f,"['"Below average legroom (28 in)'", '"Carbon emissions estimate: 51 kg'"]",2026-09-12 18:50:30.950326
1403,1130,IndiGo,,6E 984,HYD,Rajiv Gandhi International Airport,GOI,Goa Dabolim International Airport,2026-09-13 19:40:00,2026-09-13 20:55:00,75,Airbus A321neo,Economy,28 in,f,"['"Below average legroom (28 in)'", '"Carbon emissions estimate: 51 kg'"]",2026-09-12 18:50:30.952924
1404,1131,IndiGo,,6E 121,HYD,Rajiv Gandhi International Airport,GOI,Goa Dabolim International Airport,2026-09-13 17:20:00,2026-09-13 18:35:00,75,Airbus A320neo,Economy,28 in,f,"['"Below average legroom (28 in)'", '"Carbon emissions estimate: 55 kg'"]",2026-09-12 18:50:30.955276
1405,1132,IndiGo,,6E 151,HYD,Rajiv Gandhi International Airport,BLR,Kempegowda International Airport Bengaluru,2026-09-13 08:05:00,2026-09-13 09:30:00,85,Airbus A321neo,Economy,28 in,f,"['"Below average legroom (28 in)'", '"Carbon emissions estimate: 48 kg'"]",2026-09-12 18:50:30.957686
1406,1132,IndiGo,,6E 6653,BLR,Kempegowda International Airport Bengaluru,GOI,Goa Dabolim International Airport,2026-09-13 12:35:00,2026-09-13 13:50:00,75,Airbus A321neo,Economy,28 in,f,"['"Below average legroom (28 in)'", '"Carbon emissions estimate: 48 kg'"]",2026-09-12 18:50:30.957686
1407,1133,IndiGo,,6E 6505,HYD,Rajiv Gandhi International Airport,BLR,Kempegowda International Airport Bengaluru,2026-09-13 21:25:00,2026-09-13 22:45:00,80,Airbus A321neo,Economy,28 in,f,"['"Below average legroom (28 in)'", '"Carbon emissions estimate: 48 kg'"]",2026-09-12 18:50:30.960532
1408,1133,IndiGo,,6E 194,BLR,Kempegowda International Airport Bengaluru,GOI,Goa Dabolim International Airport,2026-09-14 06:05:00,2026-09-14 07:20:00,75,Airbus A321neo,Economy,28 in,f,"['"Below average legroom (28 in)'", '"Carbon emissions estimate: 48 kg'"]",2026-09-12 18:50:30.960532
1409,1134,IndiGo,,6E 362,HYD,Rajiv Gandhi International Airport,GOI,Goa Dabolim International Airport,2026-09-13 11:20:00,2026-09-13 12:35:00,75,Airbus A320neo,Economy,28 in,f,"['"Below average legroom (28 in)'", '"Carbon emissions estimate: 55 kg'"]",2026-09-12 18:50:30.963182
1410,1135,Air India,,AI 2626,HYD,Rajiv Gandhi International Airport,BOM,Chhatrapati Shivaji Maharaj International Airport Mumbai,2026-09-13 07:25:00,2026-09-13 09:15:00,110,Airbus A320neo,Economy,28 in,f,"['"Below average legroom (28 in)'", '"In-seat USB outlet'", '"Stream media to your device'", '"Carbon emissions estimate: 71 kg'"]",2026-09-12 18:50:30.965398
1411,1135,Air India,,AI 2420,BOM,Chhatrapati Shivaji Maharaj International Airport Mumbai,GOI,Goa Dabolim International Airport,2026-09-13 11:20:00,2026-09-13 12:40:00,80,Airbus A321,Economy,29 in,f,"['"Below average legroom (29 in)'", '"Wi-Fi for a fee'", '"In-seat power & USB outlets'", '"On-demand video'", '"Carbon emissions estimate: 70 kg'"]",2026-09-12 18:50:30.965398
1412,1136,Star Air,,S5 9288,MAA,Chennai International Airport,BLR,Kempegowda International Airport Bengaluru,2026-09-13 17:25:00,2026-09-13 18:05:00,40,,Economy,,f,[],2026-09-12 18:50:34.748848
1413,1137,IndiGo,,6E 6081,MAA,Chennai International Airport,BLR,Kempegowda International Airport Bengaluru,2026-09-13 07:05:00,2026-09-13 08:05:00,60,Airbus A320neo,Economy,28 in,f,"['"Below average legroom (28 in)'", '"Carbon emissions estimate: 40 kg'"]",2026-09-12 18:50:34.752215
1414,1138,IndiGo,,6E 6815,MAA,Chennai International Airport,BLR,Kempegowda International Airport Bengaluru,2026-09-13 08:55:00,2026-09-13 10:05:00,70,Airbus A321neo,Economy,28 in,f,"['"Below average legroom (28 in)'", '"Carbon emissions estimate: 36 kg'"]",2026-09-12 18:50:34.755025
1415,1139,IndiGo,,6E 6892,MAA,Chennai International Airport,BLR,Kempegowda International Airport Bengaluru,2026-09-13 10:55:00,2026-09-13 12:00:00,65,Airbus A321neo,Economy,28 in,f,"['"Below average legroom (28 in)'", '"Carbon emissions estimate: 36 kg'"]",2026-09-12 18:50:34.757625
1416,1140,IndiGo,,6E 847,MAA,Chennai International Airport,BLR,Kempegowda International Airport Bengaluru,2026-09-13 16:15:00,2026-09-13 17:20:00,65,Airbus A321neo,Economy,28 in,f,"['"Below average legroom (28 in)'", '"Carbon emissions estimate: 36 kg'"]",2026-09-12 18:50:34.760526
1417,1141,IndiGo,,6E 189,MAA,Chennai International Airport,BLR,Kempegowda International Airport Bengaluru,2026-09-13 19:05:00,2026-09-13 20:10:00,65,Airbus A320neo,Economy,28 in,f,"['"Below average legroom (28 in)'", '"Carbon emissions estimate: 40 kg'"]",2026-09-12 18:50:34.763036
1418,1142,IndiGo,,6E 796,MAA,Chennai International Airport,BLR,Kempegowda International Airport Bengaluru,2026-09-13 22:00:00,2026-09-13 23:00:00,60,Airbus A321neo,Economy,28 in,f,"['"Below average legroom (28 in)'", '"Carbon emissions estimate: 36 kg'"]",2026-09-12 18:50:34.765695
1419,1143,IndiGo,,6E 6209,MAA,Chennai International Airport,BLR,Kempegowda International Airport Bengaluru,2026-09-13 14:35:00,2026-09-13 15:40:00,65,Airbus A321neo,Economy,28 in,f,"['"Below average legroom (28 in)'", '"Carbon emissions estimate: 36 kg'"]",2026-09-12 18:50:34.768276
1420,1144,Air India Express,,IX 2975,MAA,Chennai International Airport,BLR,Kempegowda International Airport Bengaluru,2026-09-13 06:30:00,2026-09-13 07:50:00,80,Boeing 737MAX 8 Passenger,Economy,30 in,f,"['"Average legroom (30 in)'", '"In-seat USB outlet'", '"Carbon emissions estimate: 46 kg'"]",2026-09-12 18:50:34.770666
1421,1145,Air India Express,,IX 2786,MAA,Chennai International Airport,BLR,Kempegowda International Airport Bengaluru,2026-09-13 07:25:00,2026-09-13 08:35:00,70,Boeing 737MAX 8 Passenger,Economy,30 in,f,"['"Average legroom (30 in)'", '"In-seat USB outlet'", '"Carbon emissions estimate: 46 kg'"]",2026-09-12 18:50:34.773027
1422,1146,Air India Express,,IX 2971,MAA,Chennai International Airport,BLR,Kempegowda International Airport Bengaluru,2026-09-13 10:45:00,2026-09-13 11:55:00,70,Boeing 737MAX 8 Passenger,Economy,30 in,f,"['"Average legroom (30 in)'", '"In-seat USB outlet'", '"Carbon emissions estimate: 46 kg'"]",2026-09-12 18:50:34.775453
1423,1147,Air India Express,,IX 2507,MAA,Chennai International Airport,BLR,Kempegowda International Airport Bengaluru,2026-09-13 16:30:00,2026-09-13 17:35:00,65,Boeing 737MAX 8 Passenger,Economy,29 in,f,"['"Below average legroom (29 in)'", '"In-seat USB outlet'", '"Carbon emissions estimate: 44 kg'"]",2026-09-12 18:50:34.777788
1424,1148,Air India Express,,IX 2662,MAA,Chennai International Airport,BLR,Kempegowda International Airport Bengaluru,2026-09-13 21:25:00,2026-09-13 22:35:00,70,Airbus A320neo,Economy,28 in,f,"['"Below average legroom (28 in)'", '"In-seat USB outlet'", '"Carbon emissions estimate: 43 kg'"]",2026-09-12 18:50:34.780388
1425,1149,Air India,,AI 2886,MAA,Chennai International Airport,DEL,Indira Gandhi International Airport,2026-09-13 06:55:00,2026-09-13 09:50:00,175,Airbus A320neo,Economy,28 in,f,"['"Below average legroom (28 in)'", '"In-seat USB outlet'", '"Stream media to your device'", '"Carbon emissions estimate: 145 kg'"]",2026-09-12 18:50:43.350092
1426,1150,Air India,,AI 2838,MAA,Chennai International Airport,DEL,Indira Gandhi International Airport,2026-09-13 21:40:00,2026-09-14 00:40:00,180,Airbus A320neo,Economy,28 in,f,"['"Below average legroom (28 in)'", '"In-seat USB outlet'", '"Stream media to your device'", '"Carbon emissions estimate: 145 kg'"]",2026-09-12 18:50:43.355404
1427,1151,IndiGo,,6E 951,MAA,Chennai International Airport,DEL,Indira Gandhi International Airport,2026-09-13 21:50:00,2026-09-14 00:35:00,165,Airbus A321neo,Economy,28 in,t,"['"Below average legroom (28 in)'", '"Carbon emissions estimate: 125 kg'"]",2026-09-12 18:50:43.358179
1428,1152,IndiGo,,6E 937,MAA,Chennai International Airport,DEL,Indira Gandhi International Airport,2026-09-13 06:30:00,2026-09-13 09:25:00,175,Airbus A321neo,Economy,28 in,f,"['"Below average legroom (28 in)'", '"Carbon emissions estimate: 125 kg'"]",2026-09-12 18:50:43.360691
1429,1153,IndiGo,,6E 404,MAA,Chennai International Airport,DEL,Indira Gandhi International Airport,2026-09-13 09:15:00,2026-09-13 12:10:00,175,Airbus A321neo,Economy,28 in,f,"['"Below average legroom (28 in)'", '"Carbon emissions estimate: 125 kg'"]",2026-09-12 18:50:43.363121
1430,1154,IndiGo,,6E 6002,MAA,Chennai International Airport,DEL,Indira Gandhi International Airport,2026-09-13 11:10:00,2026-09-13 13:55:00,165,Airbus A321neo,Economy,28 in,f,"['"Below average legroom (28 in)'", '"Carbon emissions estimate: 125 kg'"]",2026-09-12 18:50:43.36531
1431,1155,IndiGo,,6E 939,MAA,Chennai International Airport,DEL,Indira Gandhi International Airport,2026-09-13 13:00:00,2026-09-13 15:55:00,175,Airbus A321neo,Economy,28 in,f,"['"Below average legroom (28 in)'", '"Carbon emissions estimate: 125 kg'"]",2026-09-12 18:50:43.367654
1432,1156,IndiGo,,6E 948,MAA,Chennai International Airport,DEL,Indira Gandhi International Airport,2026-09-13 14:30:00,2026-09-13 17:30:00,180,Airbus A321neo,Economy,28 in,f,"['"Below average legroom (28 in)'", '"Carbon emissions estimate: 125 kg'"]",2026-09-12 18:50:43.369982
1433,1157,IndiGo,,6E 2369,MAA,Chennai International Airport,DEL,Indira Gandhi International Airport,2026-09-13 23:45:00,2026-09-14 02:40:00,175,Airbus A321neo,Economy,28 in,f,"['"Below average legroom (28 in)'", '"Carbon emissions estimate: 125 kg'"]",2026-09-12 18:50:43.372242
1434,1158,IndiGo,,6E 6158,MAA,Chennai International Airport,HYD,Rajiv Gandhi International Airport,2026-09-13 16:10:00,2026-09-13 17:25:00,75,Airbus A320neo,Economy,28 in,f,"['"Below average legroom (28 in)'", '"Carbon emissions estimate: 54 kg'"]",2026-09-12 18:50:43.374523
1435,1158,IndiGo,,6E 6043,HYD,Rajiv Gandhi International Airport,DEL,Indira Gandhi International Airport,2026-09-13 19:10:00,2026-09-13 21:40:00,150,Airbus A321neo,Economy,28 in,f,"['"Below average legroom (28 in)'", '"Carbon emissions estimate: 97 kg'"]",2026-09-12 18:50:43.374523
1436,1159,Air India,,AI 538,MAA,Chennai International Airport,DEL,Indira Gandhi International Airport,2026-09-13 20:10:00,2026-09-13 23:00:00,170,Boeing 777,Economy,33 in,f,"['"Above average legroom (33 in)'", '"In-seat power & USB outlets'", '"Stream media to your device'", '"Carbon emissions estimate: 168 kg'"]",2026-09-12 18:50:43.37693
1437,1160,Air India,,AI 2836,MAA,Chennai International Airport,DEL,Indira Gandhi International Airport,2026-09-13 11:00:00,2026-09-13 14:00:00,180,Airbus A320neo,Economy,28 in,f,"['"Below average legroom (28 in)'", '"In-seat USB outlet'", '"Stream media to your device'", '"Carbon emissions estimate: 145 kg'"]",2026-09-12 18:50:43.379255
1438,1161,Air India,,AI 2468,MAA,Chennai International Airport,DEL,Indira Gandhi International Airport,2026-09-13 14:00:00,2026-09-13 16:55:00,175,Airbus A320neo,Economy,28 in,f,"['"Below average legroom (28 in)'", '"In-seat USB outlet'", '"Stream media to your device'", '"Carbon emissions estimate: 145 kg'"]",2026-09-12 18:50:43.381442
1439,1162,IndiGo,,6E 698,MAA,Chennai International Airport,DEL,Indira Gandhi International Airport,2026-09-13 16:45:00,2026-09-13 19:40:00,175,Airbus A321neo,Economy,28 in,f,"['"Below average legroom (28 in)'", '"Carbon emissions estimate: 125 kg'"]",2026-09-12 18:50:43.383693
1440,1163,IndiGo,,6E 613,MAA,Chennai International Airport,DEL,Indira Gandhi International Airport,2026-09-13 19:00:00,2026-09-13 21:55:00,175,Airbus A321neo,Economy,28 in,f,"['"Below average legroom (28 in)'", '"Carbon emissions estimate: 125 kg'"]",2026-09-12 18:50:43.385886
1441,1164,Air India,,AI 2484,MAA,Chennai International Airport,DEL,Indira Gandhi International Airport,2026-09-13 16:20:00,2026-09-13 19:20:00,180,Airbus A320neo,Economy,28 in,f,"['"Below average legroom (28 in)'", '"In-seat USB outlet'", '"Stream media to your device'", '"Carbon emissions estimate: 145 kg'"]",2026-09-12 18:50:43.387988
1442,1165,IndiGo,,6E 6487,MAA,Chennai International Airport,HYD,Rajiv Gandhi International Airport,2026-09-13 21:25:00,2026-09-13 22:40:00,75,Airbus A321neo,Business Class,,f,"['"Carbon emissions estimate: 75 kg'"]",2026-09-12 18:50:43.391838
1443,1165,IndiGo,,6E 6025,HYD,Rajiv Gandhi International Airport,DEL,Indira Gandhi International Airport,2026-09-13 23:50:00,2026-09-14 02:05:00,135,Airbus A321neo,Business Class,,f,"['"Standard recliner seat'", '"In-seat power & USB outlets'", '"Carbon emissions estimate: 146 kg'"]",2026-09-12 18:50:43.391838
1444,1166,Air India,,AI 2822,MAA,Chennai International Airport,BOM,Chhatrapati Shivaji Maharaj International Airport Mumbai,2026-09-13 09:35:00,2026-09-13 11:55:00,140,Airbus A320neo,Economy,28 in,f,"['"Below average legroom (28 in)'", '"In-seat USB outlet'", '"Stream media to your device'", '"Carbon emissions estimate: 95 kg'"]",2026-09-12 18:50:46.777842
1445,1167,IndiGo,,6E 6348,MAA,Chennai International Airport,BOM,Chhatrapati Shivaji Maharaj International Airport Mumbai,2026-09-13 09:00:00,2026-09-13 10:50:00,110,Airbus A321neo,Economy,28 in,f,"['"Below average legroom (28 in)'", '"Carbon emissions estimate: 82 kg'"]",2026-09-12 18:50:46.780448
1446,1168,Akasa Air,,QP 1146,MAA,Chennai International Airport,BOM,Chhatrapati Shivaji Maharaj International Airport Mumbai,2026-09-13 13:35:00,2026-09-13 15:40:00,125,Boeing 737MAX 8 Passenger,Economy,28 in,f,"['"Below average legroom (28 in)'", '"In-seat USB outlet'", '"Carbon emissions estimate: 81 kg'"]",2026-09-12 18:50:46.782465
1447,1169,Air India,,AI 2828,MAA,Chennai International Airport,BOM,Chhatrapati Shivaji Maharaj International Airport Mumbai,2026-09-13 05:55:00,2026-09-13 08:15:00,140,Airbus A320neo,Economy,28 in,f,"['"Below average legroom (28 in)'", '"In-seat USB outlet'", '"Stream media to your device'", '"Carbon emissions estimate: 95 kg'"]",2026-09-12 18:50:46.784557
1448,1170,Air India,,AI 2779,MAA,Chennai International Airport,BOM,Chhatrapati Shivaji Maharaj International Airport Mumbai,2026-09-13 07:00:00,2026-09-13 09:10:00,130,Airbus A320neo,Economy,28 in,f,"['"Below average legroom (28 in)'", '"In-seat USB outlet'", '"Stream media to your device'", '"Carbon emissions estimate: 95 kg'"]",2026-09-12 18:50:46.786938
1449,1171,IndiGo,,6E 5314,MAA,Chennai International Airport,BOM,Chhatrapati Shivaji Maharaj International Airport Mumbai,2026-09-13 06:45:00,2026-09-13 08:45:00,120,Airbus A321neo,Economy,28 in,f,"['"Below average legroom (28 in)'", '"Carbon emissions estimate: 82 kg'"]",2026-09-12 18:50:46.789308
1450,1172,IndiGo,,6E 5214,MAA,Chennai International Airport,BOM,Chhatrapati Shivaji Maharaj International Airport Mumbai,2026-09-13 11:00:00,2026-09-13 13:00:00,120,Airbus A321neo,Economy,28 in,f,"['"Below average legroom (28 in)'", '"Carbon emissions estimate: 82 kg'"]",2026-09-12 18:50:46.791549
1451,1173,IndiGo,,6E 5104,MAA,Chennai International Airport,BOM,Chhatrapati Shivaji Maharaj International Airport Mumbai,2026-09-13 16:40:00,2026-09-13 18:40:00,120,Airbus A321neo,Economy,28 in,f,"['"Below average legroom (28 in)'", '"Carbon emissions estimate: 82 kg'"]",2026-09-12 18:50:46.793774
1452,1174,IndiGo,,6E 5367,MAA,Chennai International Airport,BOM,Chhatrapati Shivaji Maharaj International Airport Mumbai,2026-09-13 18:15:00,2026-09-13 20:15:00,120,Airbus A321neo,Economy,28 in,f,"['"Below average legroom (28 in)'", '"Carbon emissions estimate: 82 kg'"]",2026-09-12 18:50:46.79621
1453,1175,IndiGo,,6E 6225,MAA,Chennai International Airport,BOM,Chhatrapati Shivaji Maharaj International Airport Mumbai,2026-09-13 22:30:00,2026-09-14 00:30:00,120,Airbus A321neo,Economy,28 in,f,"['"Below average legroom (28 in)'", '"Carbon emissions estimate: 82 kg'"]",2026-09-12 18:50:46.798547
1454,1176,IndiGo,,6E 5258,MAA,Chennai International Airport,BOM,Chhatrapati Shivaji Maharaj International Airport Mumbai,2026-09-13 12:45:00,2026-09-13 14:45:00,120,Airbus A321neo,Economy,28 in,f,"['"Below average legroom (28 in)'", '"Carbon emissions estimate: 82 kg'"]",2026-09-12 18:50:46.800791
1455,1177,IndiGo,,6E 5371,MAA,Chennai International Airport,BOM,Chhatrapati Shivaji Maharaj International Airport Mumbai,2026-09-13 14:45:00,2026-09-13 16:40:00,115,Airbus A321neo,Economy,28 in,f,"['"Below average legroom (28 in)'", '"Carbon emissions estimate: 82 kg'"]",2026-09-12 18:50:46.802977
1456,1178,IndiGo,,6E 5149,MAA,Chennai International Airport,BOM,Chhatrapati Shivaji Maharaj International Airport Mumbai,2026-09-13 20:15:00,2026-09-13 22:15:00,120,Airbus A321neo,Economy,28 in,f,"['"Below average legroom (28 in)'", '"Carbon emissions estimate: 82 kg'"]",2026-09-12 18:50:46.805283
1457,1179,Air India,,AI 436,MAA,Chennai International Airport,BOM,Chhatrapati Shivaji Maharaj International Airport Mumbai,2026-09-13 21:10:00,2026-09-13 23:30:00,140,Airbus A320neo,Economy,28 in,f,"['"Below average legroom (28 in)'", '"In-seat USB outlet'", '"Stream media to your device'", '"Carbon emissions estimate: 95 kg'"]",2026-09-12 18:50:46.807599
1458,1180,Air India,,AI 2740,MAA,Chennai International Airport,BOM,Chhatrapati Shivaji Maharaj International Airport Mumbai,2026-09-13 16:00:00,2026-09-13 18:20:00,140,Airbus A320neo,Economy,28 in,f,"['"Below average legroom (28 in)'", '"In-seat USB outlet'", '"Stream media to your device'", '"Carbon emissions estimate: 95 kg'"]",2026-09-12 18:50:46.810888
1459,1181,Air India,,AI 640,MAA,Chennai International Airport,BOM,Chhatrapati Shivaji Maharaj International Airport Mumbai,2026-09-13 17:00:00,2026-09-13 19:10:00,130,Airbus A320neo,Economy,28 in,f,"['"Below average legroom (28 in)'", '"In-seat USB outlet'", '"Stream media to your device'", '"Carbon emissions estimate: 95 kg'"]",2026-09-12 18:50:46.813098
1460,1182,IndiGo,,6E 6140,MAA,Chennai International Airport,BOM,Chhatrapati Shivaji Maharaj International Airport Mumbai,2026-09-13 02:30:00,2026-09-13 04:45:00,135,Airbus A320neo,Economy,28 in,f,"['"Below average legroom (28 in)'", '"Carbon emissions estimate: 85 kg'"]",2026-09-12 18:50:46.815511
1461,1183,Air India Express,,IX 1832,MAA,Chennai International Airport,HYD,Rajiv Gandhi International Airport,2026-09-13 13:45:00,2026-09-13 15:10:00,85,Airbus A320neo,Economy,28 in,f,"['"Below average legroom (28 in)'", '"In-seat USB outlet'", '"Carbon emissions estimate: 60 kg'"]",2026-09-12 18:50:55.535298
1462,1184,IndiGo,,6E 372,MAA,Chennai International Airport,HYD,Rajiv Gandhi International Airport,2026-09-13 09:55:00,2026-09-13 11:10:00,75,Airbus A320neo,Economy,28 in,f,"['"Below average legroom (28 in)'", '"Carbon emissions estimate: 54 kg'"]",2026-09-12 18:50:55.537291
1463,1185,IndiGo,,6E 495,MAA,Chennai International Airport,HYD,Rajiv Gandhi International Airport,2026-09-13 07:10:00,2026-09-13 08:25:00,75,Airbus A321neo,Economy,28 in,f,"['"Below average legroom (28 in)'", '"Carbon emissions estimate: 50 kg'"]",2026-09-12 18:50:55.539386
1464,1186,IndiGo,,6E 834,MAA,Chennai International Airport,HYD,Rajiv Gandhi International Airport,2026-09-13 09:05:00,2026-09-13 10:20:00,75,Airbus A321neo,Economy,28 in,f,"['"Below average legroom (28 in)'", '"Carbon emissions estimate: 50 kg'"]",2026-09-12 18:50:55.541055
1465,1187,IndiGo,,6E 6925,MAA,Chennai International Airport,HYD,Rajiv Gandhi International Airport,2026-09-13 12:00:00,2026-09-13 13:15:00,75,Airbus A321neo,Economy,28 in,f,"['"Below average legroom (28 in)'", '"Carbon emissions estimate: 50 kg'"]",2026-09-12 18:50:55.54267
1466,1188,IndiGo,,6E 6081,MAA,Chennai International Airport,BLR,Kempegowda International Airport Bengaluru,2026-09-13 07:05:00,2026-09-13 08:05:00,60,Airbus A320neo,Economy,28 in,f,"['"Below average legroom (28 in)'", '"Carbon emissions estimate: 40 kg'"]",2026-09-12 18:50:55.544848
1467,1188,IndiGo,,6E 312,BLR,Kempegowda International Airport Bengaluru,HYD,Rajiv Gandhi International Airport,2026-09-13 09:15:00,2026-09-13 10:30:00,75,Airbus A321neo,Economy,28 in,f,"['"Below average legroom (28 in)'", '"Carbon emissions estimate: 47 kg'"]",2026-09-12 18:50:55.544848
1468,1189,IndiGo,,6E 6815,MAA,Chennai International Airport,BLR,Kempegowda International Airport Bengaluru,2026-09-13 08:55:00,2026-09-13 10:05:00,70,Airbus A321neo,Economy,28 in,f,"['"Below average legroom (28 in)'", '"Carbon emissions estimate: 36 kg'"]",2026-09-12 18:50:55.547563
1469,1189,IndiGo,,6E 6404,BLR,Kempegowda International Airport Bengaluru,HYD,Rajiv Gandhi International Airport,2026-09-13 11:35:00,2026-09-13 12:50:00,75,Airbus A320neo,Economy,28 in,f,"['"Below average legroom (28 in)'", '"Carbon emissions estimate: 51 kg'"]",2026-09-12 18:50:55.547563
1470,1190,IndiGo,,6E 6487,MAA,Chennai International Airport,HYD,Rajiv Gandhi International Airport,2026-09-13 21:25:00,2026-09-13 22:40:00,75,Airbus A321neo,Economy,28 in,f,"['"Below average legroom (28 in)'", '"Carbon emissions estimate: 50 kg'"]",2026-09-12 18:50:55.550185
1471,1191,IndiGo,,6E 6158,MAA,Chennai International Airport,HYD,Rajiv Gandhi International Airport,2026-09-13 16:10:00,2026-09-13 17:25:00,75,Airbus A320neo,Economy,28 in,f,"['"Below average legroom (28 in)'", '"Carbon emissions estimate: 54 kg'"]",2026-09-12 18:50:55.552488
1472,1192,IndiGo,,6E 562,MAA,Chennai International Airport,HYD,Rajiv Gandhi International Airport,2026-09-13 18:20:00,2026-09-13 19:35:00,75,Airbus A321neo,Economy,28 in,f,"['"Below average legroom (28 in)'", '"Carbon emissions estimate: 50 kg'"]",2026-09-12 18:50:55.554902
1473,1193,IndiGo,,6E 193,MAA,Chennai International Airport,HYD,Rajiv Gandhi International Airport,2026-09-13 20:00:00,2026-09-13 21:25:00,85,Airbus A321neo,Economy,28 in,f,"['"Below average legroom (28 in)'", '"Carbon emissions estimate: 50 kg'"]",2026-09-12 18:50:55.557272
1474,1194,Air India Express,,IX 1577,MAA,Chennai International Airport,CCU,Netaji Subhash Chandra Bose International Airport,2026-09-13 19:40:00,2026-09-13 22:10:00,150,Airbus A320neo,Economy,28 in,f,"['"Below average legroom (28 in)'", '"In-seat USB outlet'", '"Carbon emissions estimate: 118 kg'"]",2026-09-12 18:51:03.889704
1475,1195,IndiGo,,6E 923,MAA,Chennai International Airport,CCU,Netaji Subhash Chandra Bose International Airport,2026-09-13 21:10:00,2026-09-13 23:30:00,140,Airbus A321neo,Economy,28 in,f,"['"Below average legroom (28 in)'", '"Carbon emissions estimate: 101 kg'"]",2026-09-12 18:51:03.892271
1476,1196,IndiGo,,6E 606,MAA,Chennai International Airport,CCU,Netaji Subhash Chandra Bose International Airport,2026-09-13 18:05:00,2026-09-13 20:35:00,150,Airbus A321neo,Economy,28 in,f,"['"Below average legroom (28 in)'", '"Carbon emissions estimate: 101 kg'"]",2026-09-12 18:51:03.893979
1477,1197,IndiGo,,6E 321,MAA,Chennai International Airport,CCU,Netaji Subhash Chandra Bose International Airport,2026-09-13 08:20:00,2026-09-13 10:40:00,140,Airbus A321neo,Economy,28 in,f,"['"Below average legroom (28 in)'", '"Carbon emissions estimate: 101 kg'"]",2026-09-12 18:51:03.895898
1478,1198,IndiGo,,6E 2698,MAA,Chennai International Airport,VTZ,Visakhapatnam international airport,2026-09-13 16:30:00,2026-09-13 17:55:00,85,Airbus A321neo,Economy,28 in,f,"['"Below average legroom (28 in)'", '"Carbon emissions estimate: 56 kg'"]",2026-09-12 18:51:03.897503
1479,1198,IndiGo,,6E 617,VTZ,Visakhapatnam international airport,CCU,Netaji Subhash Chandra Bose International Airport,2026-09-13 19:50:00,2026-09-13 21:30:00,100,Airbus A320neo,Economy,28 in,t,"['"Below average legroom (28 in)'", '"Carbon emissions estimate: 70 kg'"]",2026-09-12 18:51:03.897503
1480,1199,IndiGo,,6E 562,MAA,Chennai International Airport,HYD,Rajiv Gandhi International Airport,2026-09-13 18:20:00,2026-09-13 19:35:00,75,Airbus A321neo,Economy,28 in,f,"['"Below average legroom (28 in)'", '"Carbon emissions estimate: 50 kg'"]",2026-09-12 18:51:03.899695
1481,1199,IndiGo,,6E 944,HYD,Rajiv Gandhi International Airport,CCU,Netaji Subhash Chandra Bose International Airport,2026-09-13 21:15:00,2026-09-13 23:25:00,130,Airbus A321neo,Economy,28 in,f,"['"Below average legroom (28 in)'", '"Carbon emissions estimate: 92 kg'"]",2026-09-12 18:51:03.899695
1482,1200,IndiGo,,6E 6326,MAA,Chennai International Airport,CCU,Netaji Subhash Chandra Bose International Airport,2026-09-13 11:45:00,2026-09-13 14:10:00,145,Airbus A321neo,Economy,28 in,f,"['"Below average legroom (28 in)'", '"Carbon emissions estimate: 101 kg'"]",2026-09-12 18:51:03.901873
1483,1201,Air India Express,,IX 1256,MAA,Chennai International Airport,CCU,Netaji Subhash Chandra Bose International Airport,2026-09-13 09:40:00,2026-09-13 12:10:00,150,Airbus A320neo,Economy,28 in,f,"['"Below average legroom (28 in)'", '"In-seat USB outlet'", '"Carbon emissions estimate: 118 kg'"]",2026-09-12 18:51:03.903826
1484,1202,IndiGo,,6E 987,MAA,Chennai International Airport,CCU,Netaji Subhash Chandra Bose International Airport,2026-09-13 05:25:00,2026-09-13 07:45:00,140,Airbus A321neo,Economy,28 in,f,"['"Below average legroom (28 in)'", '"Carbon emissions estimate: 101 kg'"]",2026-09-12 18:51:03.905396
1485,1203,IndiGo,,6E 502,MAA,Chennai International Airport,PNQ,Pune International Airport,2026-09-13 11:10:00,2026-09-13 13:00:00,110,Airbus A321neo,Economy,28 in,f,"['"Below average legroom (28 in)'", '"Carbon emissions estimate: 72 kg'"]",2026-09-12 18:51:07.629484
1486,1204,IndiGo,,6E 607,MAA,Chennai International Airport,PNQ,Pune International Airport,2026-09-13 05:40:00,2026-09-13 07:35:00,115,Airbus A320neo,Economy,28 in,f,"['"Below average legroom (28 in)'", '"Carbon emissions estimate: 76 kg'"]",2026-09-12 18:51:07.632302
1487,1205,IndiGo,,6E 561,MAA,Chennai International Airport,PNQ,Pune International Airport,2026-09-13 22:20:00,2026-09-14 00:05:00,105,Airbus A321neo,Economy,28 in,f,"['"Below average legroom (28 in)'", '"Carbon emissions estimate: 72 kg'"]",2026-09-12 18:51:07.635077
1488,1206,IndiGo,,6E 253,MAA,Chennai International Airport,PNQ,Pune International Airport,2026-09-13 03:10:00,2026-09-13 04:45:00,95,Airbus A320neo,Economy,28 in,f,"['"Below average legroom (28 in)'", '"Carbon emissions estimate: 76 kg'"]",2026-09-12 18:51:07.637556
1489,1207,IndiGo,,6E 183,MAA,Chennai International Airport,PNQ,Pune International Airport,2026-09-13 16:35:00,2026-09-13 18:15:00,100,Airbus A321neo,Economy,28 in,f,"['"Below average legroom (28 in)'", '"Carbon emissions estimate: 72 kg'"]",2026-09-12 18:51:07.639954
1490,1208,Air India Express,,IX 2661,MAA,Chennai International Airport,PNQ,Pune International Airport,2026-09-13 22:05:00,2026-09-13 23:45:00,100,Boeing 737MAX 8 Passenger,Economy,30 in,f,"['"Average legroom (30 in)'", '"In-seat USB outlet'", '"Carbon emissions estimate: 88 kg'"]",2026-09-12 18:51:07.642393
1491,1209,IndiGo,,6E 495,MAA,Chennai International Airport,HYD,Rajiv Gandhi International Airport,2026-09-13 07:10:00,2026-09-13 08:25:00,75,Airbus A321neo,Economy,28 in,f,"['"Below average legroom (28 in)'", '"Carbon emissions estimate: 50 kg'"]",2026-09-12 18:51:07.644746
1492,1209,IndiGo,,6E 6471,HYD,Rajiv Gandhi International Airport,PNQ,Pune International Airport,2026-09-13 10:50:00,2026-09-13 11:55:00,65,Airbus A321neo,Economy,28 in,f,"['"Below average legroom (28 in)'", '"Carbon emissions estimate: 48 kg'"]",2026-09-12 18:51:07.644746
1493,1210,IndiGo,,6E 847,MAA,Chennai International Airport,BLR,Kempegowda International Airport Bengaluru,2026-09-13 16:15:00,2026-09-13 17:20:00,65,Airbus A321neo,Economy,28 in,f,"['"Below average legroom (28 in)'", '"Carbon emissions estimate: 36 kg'"]",2026-09-12 18:51:07.649682
1494,1210,IndiGo,,6E 105,BLR,Kempegowda International Airport Bengaluru,PNQ,Pune International Airport,2026-09-13 18:50:00,2026-09-13 20:15:00,85,Airbus A321neo,Economy,28 in,f,"['"Below average legroom (28 in)'", '"Carbon emissions estimate: 61 kg'"]",2026-09-12 18:51:07.649682
1495,1211,IndiGo,,6E 189,MAA,Chennai International Airport,BLR,Kempegowda International Airport Bengaluru,2026-09-13 19:05:00,2026-09-13 20:10:00,65,Airbus A320neo,Economy,28 in,f,"['"Below average legroom (28 in)'", '"Carbon emissions estimate: 40 kg'"]",2026-09-12 18:51:07.652558
1496,1211,IndiGo,,6E 528,BLR,Kempegowda International Airport Bengaluru,PNQ,Pune International Airport,2026-09-13 21:40:00,2026-09-13 23:10:00,90,Airbus A321neo,Economy,28 in,f,"['"Below average legroom (28 in)'", '"Carbon emissions estimate: 61 kg'"]",2026-09-12 18:51:07.652558
1497,1212,IndiGo,,6E 372,MAA,Chennai International Airport,HYD,Rajiv Gandhi International Airport,2026-09-13 09:55:00,2026-09-13 11:10:00,75,Airbus A320neo,Economy,28 in,f,"['"Below average legroom (28 in)'", '"Carbon emissions estimate: 54 kg'"]",2026-09-12 18:51:16.826864
1498,1212,IndiGo,,6E 6099,HYD,Rajiv Gandhi International Airport,AMD,Sardar Vallabhbhai Patel International Airport,2026-09-13 12:30:00,2026-09-13 14:20:00,110,Airbus A320neo,Economy,28 in,f,"['"Below average legroom (28 in)'", '"Carbon emissions estimate: 79 kg'"]",2026-09-12 18:51:16.826864
1499,1213,IndiGo,,6E 6209,MAA,Chennai International Airport,BLR,Kempegowda International Airport Bengaluru,2026-09-13 14:35:00,2026-09-13 15:40:00,65,Airbus A321neo,Economy,28 in,f,"['"Below average legroom (28 in)'", '"Carbon emissions estimate: 36 kg'"]",2026-09-12 18:51:16.831515
1500,1213,IndiGo,,6E 239,BLR,Kempegowda International Airport Bengaluru,AMD,Sardar Vallabhbhai Patel International Airport,2026-09-13 16:50:00,2026-09-13 19:00:00,130,Airbus A321neo,Economy,28 in,f,"['"Below average legroom (28 in)'", '"Carbon emissions estimate: 92 kg'"]",2026-09-12 18:51:16.831515
1501,1214,IndiGo,,6E 244,MAA,Chennai International Airport,AMD,Sardar Vallabhbhai Patel International Airport,2026-09-13 03:55:00,2026-09-13 06:10:00,135,Airbus A321neo,Economy,28 in,f,"['"Below average legroom (28 in)'", '"Carbon emissions estimate: 102 kg'"]",2026-09-12 18:51:16.833989
1502,1215,IndiGo,,6E 561,MAA,Chennai International Airport,PNQ,Pune International Airport,2026-09-13 22:20:00,2026-09-14 00:05:00,105,Airbus A321neo,Economy,28 in,f,"['"Below average legroom (28 in)'", '"Carbon emissions estimate: 72 kg'"]",2026-09-12 18:51:16.835724
1503,1215,IndiGo,,6E 819,PNQ,Pune International Airport,AMD,Sardar Vallabhbhai Patel International Airport,2026-09-14 04:40:00,2026-09-14 06:10:00,90,Airbus A321neo,Economy,28 in,f,"['"Below average legroom (28 in)'", '"Carbon emissions estimate: 52 kg'"]",2026-09-12 18:51:16.835724
1504,1216,IndiGo,,6E 607,MAA,Chennai International Airport,PNQ,Pune International Airport,2026-09-13 05:40:00,2026-09-13 07:35:00,115,Airbus A320neo,Economy,28 in,f,"['"Below average legroom (28 in)'", '"Carbon emissions estimate: 76 kg'"]",2026-09-12 18:51:16.838731
1505,1216,IndiGo,,6E 2155,PNQ,Pune International Airport,AMD,Sardar Vallabhbhai Patel International Airport,2026-09-13 08:55:00,2026-09-13 10:05:00,70,Airbus A320neo,Economy,28 in,f,"['"Below average legroom (28 in)'", '"Carbon emissions estimate: 56 kg'"]",2026-09-12 18:51:16.838731
1506,1217,IndiGo,,6E 502,MAA,Chennai International Airport,PNQ,Pune International Airport,2026-09-13 11:10:00,2026-09-13 13:00:00,110,Airbus A321neo,Economy,28 in,f,"['"Below average legroom (28 in)'", '"Carbon emissions estimate: 72 kg'"]",2026-09-12 18:51:16.840644
1507,1217,IndiGo,,6E 6553,PNQ,Pune International Airport,AMD,Sardar Vallabhbhai Patel International Airport,2026-09-13 15:50:00,2026-09-13 17:15:00,85,Airbus A321neo,Economy,28 in,f,"['"Below average legroom (28 in)'", '"Carbon emissions estimate: 52 kg'"]",2026-09-12 18:51:16.840644
1508,1218,IndiGo,,6E 183,MAA,Chennai International Airport,PNQ,Pune International Airport,2026-09-13 16:35:00,2026-09-13 18:15:00,100,Airbus A321neo,Economy,28 in,f,"['"Below average legroom (28 in)'", '"Carbon emissions estimate: 72 kg'"]",2026-09-12 18:51:16.84443
1509,1218,IndiGo,,6E 547,PNQ,Pune International Airport,AMD,Sardar Vallabhbhai Patel International Airport,2026-09-13 22:40:00,2026-09-14 00:00:00,80,Airbus A320neo,Economy,28 in,f,"['"Below average legroom (28 in)'", '"Carbon emissions estimate: 56 kg'"]",2026-09-12 18:51:16.84443
1510,1219,IndiGo,,6E 6892,MAA,Chennai International Airport,BLR,Kempegowda International Airport Bengaluru,2026-09-13 10:55:00,2026-09-13 12:00:00,65,Airbus A321neo,Economy,28 in,f,"['"Below average legroom (28 in)'", '"Carbon emissions estimate: 36 kg'"]",2026-09-12 18:51:16.846903
1511,1219,IndiGo,,6E 6595,BLR,Kempegowda International Airport Bengaluru,AMD,Sardar Vallabhbhai Patel International Airport,2026-09-13 13:55:00,2026-09-13 16:00:00,125,Airbus A321neo,Economy,28 in,f,"['"Below average legroom (28 in)'", '"Carbon emissions estimate: 92 kg'"]",2026-09-12 18:51:16.846903
1512,1220,IndiGo,,6E 847,MAA,Chennai International Airport,BLR,Kempegowda International Airport Bengaluru,2026-09-13 16:15:00,2026-09-13 17:20:00,65,Airbus A321neo,Economy,28 in,f,"['"Below average legroom (28 in)'", '"Carbon emissions estimate: 36 kg'"]",2026-09-12 18:51:16.849551
1513,1220,IndiGo,,6E 6423,BLR,Kempegowda International Airport Bengaluru,AMD,Sardar Vallabhbhai Patel International Airport,2026-09-13 20:00:00,2026-09-13 22:10:00,130,Airbus A321neo,Economy,28 in,f,"['"Below average legroom (28 in)'", '"Carbon emissions estimate: 92 kg'"]",2026-09-12 18:51:16.849551
1514,1221,Air India,,AI 640,MAA,Chennai International Airport,BOM,Chhatrapati Shivaji Maharaj International Airport Mumbai,2026-09-13 17:00:00,2026-09-13 19:10:00,130,Airbus A320neo,Economy,28 in,f,"['"Below average legroom (28 in)'", '"In-seat USB outlet'", '"Stream media to your device'", '"Carbon emissions estimate: 95 kg'"]",2026-09-12 18:51:16.852227
1515,1221,Air India,,AI 2919,BOM,Chhatrapati Shivaji Maharaj International Airport Mumbai,AMD,Sardar Vallabhbhai Patel International Airport,2026-09-13 21:35:00,2026-09-13 22:55:00,80,Airbus A320neo,Economy,28 in,f,"['"Below average legroom (28 in)'", '"In-seat USB outlet'", '"Stream media to your device'", '"Carbon emissions estimate: 57 kg'"]",2026-09-12 18:51:16.852227
1516,1222,IndiGo,,6E 562,MAA,Chennai International Airport,HYD,Rajiv Gandhi International Airport,2026-09-13 18:20:00,2026-09-13 19:35:00,75,Airbus A321neo,Economy,28 in,f,"['"Below average legroom (28 in)'", '"Carbon emissions estimate: 50 kg'"]",2026-09-12 18:51:16.854684
1517,1222,IndiGo,,6E 216,HYD,Rajiv Gandhi International Airport,AMD,Sardar Vallabhbhai Patel International Airport,2026-09-13 21:15:00,2026-09-13 23:00:00,105,Airbus A320neo,Economy,28 in,f,"['"Below average legroom (28 in)'", '"Carbon emissions estimate: 79 kg'"]",2026-09-12 18:51:16.854684
1518,1223,Air India,,AI 2779,MAA,Chennai International Airport,BOM,Chhatrapati Shivaji Maharaj International Airport Mumbai,2026-09-13 07:00:00,2026-09-13 09:10:00,130,Airbus A320neo,Economy,28 in,f,"['"Below average legroom (28 in)'", '"In-seat USB outlet'", '"Stream media to your device'", '"Carbon emissions estimate: 95 kg'"]",2026-09-12 18:51:16.857195
1519,1223,Air India,,AI 2847,BOM,Chhatrapati Shivaji Maharaj International Airport Mumbai,AMD,Sardar Vallabhbhai Patel International Airport,2026-09-13 09:55:00,2026-09-13 11:25:00,90,Airbus A320neo,Economy,28 in,f,"['"Below average legroom (28 in)'", '"In-seat USB outlet'", '"Stream media to your device'", '"Carbon emissions estimate: 57 kg'"]",2026-09-12 18:51:16.857195
1520,1224,IndiGo,,6E 848,MAA,Chennai International Airport,AMD,Sardar Vallabhbhai Patel International Airport,2026-09-13 17:50:00,2026-09-13 20:05:00,135,Airbus A320neo,Economy,28 in,f,"['"Below average legroom (28 in)'", '"Carbon emissions estimate: 108 kg'"]",2026-09-12 18:51:16.859672
1521,1225,IndiGo,,6E 847,MAA,Chennai International Airport,BLR,Kempegowda International Airport Bengaluru,2026-09-13 16:15:00,2026-09-13 17:20:00,65,Airbus A321neo,Economy,28 in,f,"['"Below average legroom (28 in)'", '"Carbon emissions estimate: 36 kg'"]",2026-09-12 18:51:23.525816
1522,1225,IndiGo,,6E 435,BLR,Kempegowda International Airport Bengaluru,COK,Cochin International Airport,2026-09-13 20:25:00,2026-09-13 21:30:00,65,Airbus A320neo,Economy,28 in,f,"['"Below average legroom (28 in)'", '"Carbon emissions estimate: 46 kg'"]",2026-09-12 18:51:23.525816
1523,1226,IndiGo,,6E 5394,MAA,Chennai International Airport,COK,Cochin International Airport,2026-09-13 08:00:00,2026-09-13 09:10:00,70,Airbus A321neo,Economy,28 in,f,"['"Below average legroom (28 in)'", '"Carbon emissions estimate: 50 kg'"]",2026-09-12 18:51:23.528265
1524,1227,Air India Express,,IX 2971,MAA,Chennai International Airport,BLR,Kempegowda International Airport Bengaluru,2026-09-13 10:45:00,2026-09-13 11:55:00,70,Boeing 737,Economy,30 in,f,"['"Average legroom (30 in)'", '"In-seat USB outlet'", '"Carbon emissions estimate: 46 kg'"]",2026-09-12 18:51:23.531308
1525,1227,Air India Express,,IX 2608,BLR,Kempegowda International Airport Bengaluru,COK,Cochin International Airport,2026-09-13 16:15:00,2026-09-13 17:30:00,75,Boeing 737,Economy,30 in,f,"['"Average legroom (30 in)'", '"In-seat USB outlet'", '"Carbon emissions estimate: 53 kg'"]",2026-09-12 18:51:23.531308
1526,1228,IndiGo,,6E 6892,MAA,Chennai International Airport,BLR,Kempegowda International Airport Bengaluru,2026-09-13 10:55:00,2026-09-13 12:00:00,65,Airbus A321neo,Economy,28 in,f,"['"Below average legroom (28 in)'", '"Carbon emissions estimate: 36 kg'"]",2026-09-12 18:51:23.533622
1527,1228,IndiGo,,6E 144,BLR,Kempegowda International Airport Bengaluru,COK,Cochin International Airport,2026-09-13 18:00:00,2026-09-13 19:05:00,65,Airbus A321neo,Economy,28 in,f,"['"Below average legroom (28 in)'", '"Carbon emissions estimate: 41 kg'"]",2026-09-12 18:51:23.533622
1528,1229,IndiGo,,6E 927,MAA,Chennai International Airport,COK,Cochin International Airport,2026-09-13 12:10:00,2026-09-13 13:25:00,75,Airbus A320neo,Economy,28 in,f,"['"Below average legroom (28 in)'", '"Carbon emissions estimate: 55 kg'"]",2026-09-12 18:51:23.536398
1529,1230,IndiGo,,6E 597,MAA,Chennai International Airport,COK,Cochin International Airport,2026-09-13 17:45:00,2026-09-13 19:00:00,75,Airbus A320neo,Economy,28 in,f,"['"Below average legroom (28 in)'", '"Carbon emissions estimate: 55 kg'"]",2026-09-12 18:51:23.53867
1530,1231,IndiGo,,6E 6903,MAA,Chennai International Airport,COK,Cochin International Airport,2026-09-13 19:50:00,2026-09-13 21:10:00,80,Airbus A321neo,Economy,28 in,f,"['"Below average legroom (28 in)'", '"Carbon emissions estimate: 50 kg'"]",2026-09-12 18:51:23.541025
1531,1232,IndiGo,,6E 156,MAA,Chennai International Airport,COK,Cochin International Airport,2026-09-13 21:40:00,2026-09-13 22:55:00,75,Airbus A320neo,Economy,28 in,f,"['"Below average legroom (28 in)'", '"Carbon emissions estimate: 55 kg'"]",2026-09-12 18:51:23.5439
1532,1233,Air India Express,,IX 2661,MAA,Chennai International Airport,PNQ,Pune International Airport,2026-09-13 22:05:00,2026-09-13 23:45:00,100,Boeing 737,Economy,30 in,f,"['"Average legroom (30 in)'", '"In-seat USB outlet'", '"Carbon emissions estimate: 88 kg'"]",2026-09-12 18:51:23.54642
1533,1233,Air India Express,,IX 2739,PNQ,Pune International Airport,COK,Cochin International Airport,2026-09-14 01:35:00,2026-09-14 03:30:00,115,Boeing 737,Economy,29 in,f,"['"Below average legroom (29 in)'", '"Carbon emissions estimate: 109 kg'"]",2026-09-12 18:51:23.54642
1534,1234,Air India,,AI 2779,MAA,Chennai International Airport,BOM,Chhatrapati Shivaji Maharaj International Airport Mumbai,2026-09-13 07:00:00,2026-09-13 09:10:00,130,Airbus A320neo,Economy,28 in,f,"['"Below average legroom (28 in)'", '"In-seat USB outlet'", '"Stream media to your device'", '"Carbon emissions estimate: 95 kg'"]",2026-09-12 18:51:23.549568
1535,1234,Air India,,AI 2855,BOM,Chhatrapati Shivaji Maharaj International Airport Mumbai,COK,Cochin International Airport,2026-09-13 10:00:00,2026-09-13 12:05:00,125,Airbus A320neo,Economy,28 in,f,"['"Below average legroom (28 in)'", '"In-seat USB outlet'", '"Stream media to your device'", '"Carbon emissions estimate: 96 kg'"]",2026-09-12 18:51:23.549568
1536,1235,Malaysia Airlines,,MH 183,MAA,Chennai International Airport,KUL,Kuala Lumpur International Airport,2026-09-13 11:45:00,2026-09-13 18:20:00,245,Boeing 737,Economy,30 in,f,"['"Average legroom (30 in)'", '"In-seat USB outlet'", '"Stream media to your device'", '"Carbon emissions estimate: 211 kg'"]",2026-09-12 18:51:23.552474
1537,1235,Malaysia Airlines,,MH 108,KUL,Kuala Lumpur International Airport,COK,Cochin International Airport,2026-09-13 22:00:00,2026-09-13 23:20:00,230,Boeing 737,Economy,30 in,f,"['"Average legroom (30 in)'", '"In-seat USB outlet'", '"Stream media to your device'", '"Carbon emissions estimate: 228 kg'"]",2026-09-12 18:51:23.552474
1538,1236,IndiGo,,6E 588,MAA,Chennai International Airport,GOI,Goa Dabolim International Airport,2026-09-13 17:40:00,2026-09-13 19:10:00,90,Airbus A321neo,Economy,28 in,f,"['"Below average legroom (28 in)'", '"Carbon emissions estimate: 63 kg'"]",2026-09-12 18:51:31.930029
1539,1237,IndiGo,,6E 796,MAA,Chennai International Airport,BLR,Kempegowda International Airport Bengaluru,2026-09-13 22:00:00,2026-09-13 23:00:00,60,Airbus A321neo,Economy,28 in,f,"['"Below average legroom (28 in)'", '"Carbon emissions estimate: 36 kg'"]",2026-09-12 18:51:31.932894
1540,1237,IndiGo,,6E 194,BLR,Kempegowda International Airport Bengaluru,GOI,Goa Dabolim International Airport,2026-09-14 06:05:00,2026-09-14 07:20:00,75,Airbus A321neo,Economy,28 in,f,"['"Below average legroom (28 in)'", '"Carbon emissions estimate: 48 kg'"]",2026-09-12 18:51:31.932894
1541,1238,IndiGo,,6E 6892,MAA,Chennai International Airport,BLR,Kempegowda International Airport Bengaluru,2026-09-13 10:55:00,2026-09-13 12:00:00,65,Airbus A321neo,Economy,28 in,f,"['"Below average legroom (28 in)'", '"Carbon emissions estimate: 36 kg'"]",2026-09-12 18:51:31.936068
1542,1238,IndiGo,,6E 6168,BLR,Kempegowda International Airport Bengaluru,GOI,Goa Dabolim International Airport,2026-09-13 17:40:00,2026-09-13 18:55:00,75,Airbus A321neo,Economy,28 in,f,"['"Below average legroom (28 in)'", '"Carbon emissions estimate: 48 kg'"]",2026-09-12 18:51:31.936068
1543,1239,IndiGo,,6E 6209,MAA,Chennai International Airport,BLR,Kempegowda International Airport Bengaluru,2026-09-13 14:35:00,2026-09-13 15:40:00,65,Airbus A321neo,Economy,28 in,f,"['"Below average legroom (28 in)'", '"Carbon emissions estimate: 36 kg'"]",2026-09-12 18:51:31.940585
1544,1239,IndiGo,,6E 6168,BLR,Kempegowda International Airport Bengaluru,GOI,Goa Dabolim International Airport,2026-09-13 17:40:00,2026-09-13 18:55:00,75,Airbus A321neo,Economy,28 in,f,"['"Below average legroom (28 in)'", '"Carbon emissions estimate: 48 kg'"]",2026-09-12 18:51:31.940585
1545,1240,IndiGo,,6E 6892,MAA,Chennai International Airport,BLR,Kempegowda International Airport Bengaluru,2026-09-13 10:55:00,2026-09-13 12:00:00,65,Airbus A321neo,Economy,28 in,f,"['"Below average legroom (28 in)'", '"Carbon emissions estimate: 36 kg'"]",2026-09-12 18:51:31.944221
1546,1240,IndiGo,,6E 6753,BLR,Kempegowda International Airport Bengaluru,GOI,Goa Dabolim International Airport,2026-09-13 15:15:00,2026-09-13 16:35:00,80,Airbus A321neo,Economy,28 in,f,"['"Below average legroom (28 in)'", '"Carbon emissions estimate: 48 kg'"]",2026-09-12 18:51:31.944221
1547,1241,IndiGo,,6E 6815,MAA,Chennai International Airport,BLR,Kempegowda International Airport Bengaluru,2026-09-13 08:55:00,2026-09-13 10:05:00,70,Airbus A321neo,Economy,28 in,f,"['"Below average legroom (28 in)'", '"Carbon emissions estimate: 36 kg'"]",2026-09-12 18:51:31.947135
1548,1241,IndiGo,,6E 6653,BLR,Kempegowda International Airport Bengaluru,GOI,Goa Dabolim International Airport,2026-09-13 12:35:00,2026-09-13 13:50:00,75,Airbus A321neo,Economy,28 in,f,"['"Below average legroom (28 in)'", '"Carbon emissions estimate: 48 kg'"]",2026-09-12 18:51:31.947135
1549,1242,IndiGo,,6E 6925,MAA,Chennai International Airport,HYD,Rajiv Gandhi International Airport,2026-09-13 12:00:00,2026-09-13 13:15:00,75,Airbus A321neo,Economy,28 in,f,"['"Below average legroom (28 in)'", '"Carbon emissions estimate: 50 kg'"]",2026-09-12 18:51:31.950274
1550,1242,IndiGo,,6E 121,HYD,Rajiv Gandhi International Airport,GOI,Goa Dabolim International Airport,2026-09-13 17:20:00,2026-09-13 18:35:00,75,Airbus A320neo,Economy,28 in,f,"['"Below average legroom (28 in)'", '"Carbon emissions estimate: 55 kg'"]",2026-09-12 18:51:31.950274
1551,1243,IndiGo,,6E 834,MAA,Chennai International Airport,HYD,Rajiv Gandhi International Airport,2026-09-13 09:05:00,2026-09-13 10:20:00,75,Airbus A321neo,Economy,28 in,f,"['"Below average legroom (28 in)'", '"Carbon emissions estimate: 50 kg'"]",2026-09-12 18:51:31.953155
1552,1243,IndiGo,,6E 362,HYD,Rajiv Gandhi International Airport,GOI,Goa Dabolim International Airport,2026-09-13 11:20:00,2026-09-13 12:35:00,75,Airbus A320neo,Economy,28 in,f,"['"Below average legroom (28 in)'", '"Carbon emissions estimate: 55 kg'"]",2026-09-12 18:51:31.953155
1553,1244,Air India Express,,IX 2662,MAA,Chennai International Airport,BLR,Kempegowda International Airport Bengaluru,2026-09-13 21:25:00,2026-09-13 22:35:00,70,Airbus A320,Economy,28 in,f,"['"Below average legroom (28 in)'", '"In-seat USB outlet'", '"Carbon emissions estimate: 43 kg'"]",2026-09-12 18:51:31.955984
1554,1244,Air India Express,,IX 1539,BLR,Kempegowda International Airport Bengaluru,GOI,Goa Dabolim International Airport,2026-09-14 05:20:00,2026-09-14 06:30:00,70,Boeing 737,Economy,29 in,f,"['"Below average legroom (29 in)'", '"In-seat USB outlet'", '"Carbon emissions estimate: 58 kg'"]",2026-09-12 18:51:31.955984
1555,1245,Air India Express,,IX 2971,MAA,Chennai International Airport,BLR,Kempegowda International Airport Bengaluru,2026-09-13 10:45:00,2026-09-13 11:55:00,70,Boeing 737,Economy,30 in,f,"['"Average legroom (30 in)'", '"In-seat USB outlet'", '"Carbon emissions estimate: 46 kg'"]",2026-09-12 18:51:31.958643
1556,1245,Air India Express,,IX 1386,BLR,Kempegowda International Airport Bengaluru,GOI,Goa Dabolim International Airport,2026-09-13 13:05:00,2026-09-13 14:15:00,70,Boeing 737,Economy,29 in,f,"['"Below average legroom (29 in)'", '"In-seat USB outlet'", '"Carbon emissions estimate: 58 kg'"]",2026-09-12 18:51:31.958643
1557,1246,IndiGo,,6E 234,CCU,Netaji Subhash Chandra Bose International Airport,MAA,Chennai International Airport,2026-09-13 18:10:00,2026-09-13 20:30:00,140,Airbus A321neo,Economy,28 in,f,"['"Below average legroom (28 in)'", '"Carbon emissions estimate: 100 kg'"]",2026-09-12 18:51:41.300931
1558,1246,IndiGo,,6E 796,MAA,Chennai International Airport,BLR,Kempegowda International Airport Bengaluru,2026-09-13 22:00:00,2026-09-13 23:00:00,60,Airbus A321neo,Economy,28 in,f,"['"Below average legroom (28 in)'", '"Carbon emissions estimate: 36 kg'"]",2026-09-12 18:51:41.300931
1559,1247,IndiGo,,6E 6314,CCU,Netaji Subhash Chandra Bose International Airport,BLR,Kempegowda International Airport Bengaluru,2026-09-13 20:35:00,2026-09-13 23:20:00,165,Airbus A321neo,Economy,28 in,f,"['"Below average legroom (28 in)'", '"Carbon emissions estimate: 111 kg'"]",2026-09-12 18:51:41.303514
1560,1248,Akasa Air,,QP 1564,CCU,Netaji Subhash Chandra Bose International Airport,BLR,Kempegowda International Airport Bengaluru,2026-09-13 20:25:00,2026-09-13 23:05:00,160,Boeing 737MAX 8 Passenger,Economy,28 in,f,"['"Below average legroom (28 in)'", '"In-seat USB outlet'", '"Carbon emissions estimate: 116 kg'"]",2026-09-12 18:51:41.305263
1561,1249,IndiGo,,6E 895,CCU,Netaji Subhash Chandra Bose International Airport,PAT,Jay Prakash Narayan International Airport,2026-09-13 18:05:00,2026-09-13 19:10:00,65,Airbus A320neo,Economy,28 in,f,"['"Below average legroom (28 in)'", '"Carbon emissions estimate: 51 kg'"]",2026-09-12 18:51:41.307085
1562,1249,IndiGo,,6E 6452,PAT,Jay Prakash Narayan International Airport,BLR,Kempegowda International Airport Bengaluru,2026-09-13 21:35:00,2026-09-14 00:30:00,175,Airbus A320neo,Economy,28 in,f,"['"Below average legroom (28 in)'", '"Carbon emissions estimate: 119 kg'"]",2026-09-12 18:51:41.307085
1563,1250,IndiGo,,6E 476,CCU,Netaji Subhash Chandra Bose International Airport,PNQ,Pune International Airport,2026-09-13 20:00:00,2026-09-13 22:30:00,150,Airbus A321neo,Economy,28 in,f,"['"Below average legroom (28 in)'", '"Carbon emissions estimate: 111 kg'"]",2026-09-12 18:51:41.309168
1564,1250,IndiGo,,6E 6055,PNQ,Pune International Airport,BLR,Kempegowda International Airport Bengaluru,2026-09-13 23:50:00,2026-09-14 01:30:00,100,Airbus A321neo,Economy,28 in,f,"['"Below average legroom (28 in)'", '"Carbon emissions estimate: 63 kg'"]",2026-09-12 18:51:41.309168
1565,1251,IndiGo,,6E 616,CCU,Netaji Subhash Chandra Bose International Airport,VTZ,Visakhapatnam international airport,2026-09-13 17:45:00,2026-09-13 19:10:00,85,Airbus A320neo,Economy,28 in,f,"['"Below average legroom (28 in)'", '"Carbon emissions estimate: 70 kg'"]",2026-09-12 18:51:41.313663
1566,1251,IndiGo,,6E 2772,VTZ,Visakhapatnam international airport,BLR,Kempegowda International Airport Bengaluru,2026-09-13 21:10:00,2026-09-13 23:00:00,110,Airbus A321neo,Economy,28 in,f,"['"Below average legroom (28 in)'", '"Carbon emissions estimate: 65 kg'"]",2026-09-12 18:51:41.313663
1567,1252,IndiGo,,6E 344,CCU,Netaji Subhash Chandra Bose International Airport,MAA,Chennai International Airport,2026-09-13 05:05:00,2026-09-13 07:20:00,135,Airbus A321neo,Economy,28 in,f,"['"Below average legroom (28 in)'", '"Carbon emissions estimate: 100 kg'"]",2026-09-12 18:51:41.316665
1568,1252,IndiGo,,6E 6815,MAA,Chennai International Airport,BLR,Kempegowda International Airport Bengaluru,2026-09-13 08:55:00,2026-09-13 10:05:00,70,Airbus A321neo,Economy,28 in,f,"['"Below average legroom (28 in)'", '"Carbon emissions estimate: 36 kg'"]",2026-09-12 18:51:41.316665
1569,1253,IndiGo,,6E 135,CCU,Netaji Subhash Chandra Bose International Airport,PNQ,Pune International Airport,2026-09-13 10:20:00,2026-09-13 12:55:00,155,Airbus A321neo,Economy,28 in,f,"['"Below average legroom (28 in)'", '"Carbon emissions estimate: 111 kg'"]",2026-09-12 18:51:41.319331
1570,1253,IndiGo,,6E 302,PNQ,Pune International Airport,BLR,Kempegowda International Airport Bengaluru,2026-09-13 14:40:00,2026-09-13 16:20:00,100,Airbus A320neo,Economy,28 in,f,"['"Below average legroom (28 in)'", '"Carbon emissions estimate: 67 kg'"]",2026-09-12 18:51:41.319331
1571,1254,IndiGo,,6E 417,CCU,Netaji Subhash Chandra Bose International Airport,RPR,"Swami Vivekananda Airport, Raipur",2026-09-13 17:05:00,2026-09-13 18:30:00,85,Airbus A320neo,Economy,28 in,f,"['"Below average legroom (28 in)'", '"Carbon emissions estimate: 66 kg'"]",2026-09-12 18:51:41.322001
1572,1254,IndiGo,,6E 979,RPR,"Swami Vivekananda Airport, Raipur",BLR,Kempegowda International Airport Bengaluru,2026-09-13 19:55:00,2026-09-13 21:55:00,120,Airbus A320neo,Economy,28 in,f,"['"Below average legroom (28 in)'", '"Carbon emissions estimate: 83 kg'"]",2026-09-12 18:51:41.322001
1573,1255,IndiGo,,6E 771,CCU,Netaji Subhash Chandra Bose International Airport,BLR,Kempegowda International Airport Bengaluru,2026-09-13 06:20:00,2026-09-13 09:00:00,160,Airbus A321neo,Economy,28 in,f,"['"Below average legroom (28 in)'", '"Carbon emissions estimate: 111 kg'"]",2026-09-12 18:51:41.324652
1574,1256,IndiGo,,6E 573,CCU,Netaji Subhash Chandra Bose International Airport,BLR,Kempegowda International Airport Bengaluru,2026-09-13 22:00:00,2026-09-14 00:40:00,160,Airbus A320,Economy,28 in,f,"['"Below average legroom (28 in)'", '"Carbon emissions estimate: 137 kg'"]",2026-09-12 18:51:41.326842
1575,1257,IndiGo,,6E 496,CCU,Netaji Subhash Chandra Bose International Airport,BLR,Kempegowda International Airport Bengaluru,2026-09-13 08:20:00,2026-09-13 11:00:00,160,Airbus A321neo,Economy,28 in,f,"['"Below average legroom (28 in)'", '"Carbon emissions estimate: 111 kg'"]",2026-09-12 18:51:41.329167
1576,1258,IndiGo,,6E 386,CCU,Netaji Subhash Chandra Bose International Airport,BLR,Kempegowda International Airport Bengaluru,2026-09-13 10:15:00,2026-09-13 13:00:00,165,Airbus A321neo,Economy,28 in,f,"['"Below average legroom (28 in)'", '"Carbon emissions estimate: 111 kg'"]",2026-09-12 18:51:41.331236
1577,1259,IndiGo,,6E 235,CCU,Netaji Subhash Chandra Bose International Airport,BLR,Kempegowda International Airport Bengaluru,2026-09-13 11:45:00,2026-09-13 14:25:00,160,Airbus A321neo,Economy,28 in,f,"['"Below average legroom (28 in)'", '"Carbon emissions estimate: 111 kg'"]",2026-09-12 18:51:41.333299
1578,1260,IndiGo,,6E 6251,CCU,Netaji Subhash Chandra Bose International Airport,BLR,Kempegowda International Airport Bengaluru,2026-09-13 19:00:00,2026-09-13 21:40:00,160,Airbus A321neo,Economy,28 in,f,"['"Below average legroom (28 in)'", '"Carbon emissions estimate: 111 kg'"]",2026-09-12 18:51:41.335561
1579,1261,IndiGo,,6E 455,CCU,Netaji Subhash Chandra Bose International Airport,BLR,Kempegowda International Airport Bengaluru,2026-09-13 13:25:00,2026-09-13 16:10:00,165,Airbus A321neo,Economy,28 in,f,"['"Below average legroom (28 in)'", '"Carbon emissions estimate: 111 kg'"]",2026-09-12 18:51:41.337689
1580,1262,Air India Express,,IX 1371,CCU,Netaji Subhash Chandra Bose International Airport,BLR,Kempegowda International Airport Bengaluru,2026-09-13 18:50:00,2026-09-13 21:30:00,160,Airbus A320neo,Economy,28 in,f,"['"Below average legroom (28 in)'", '"In-seat USB outlet'", '"Carbon emissions estimate: 130 kg'"]",2026-09-12 18:51:41.339964
1581,1263,Air India Express,,IX 1517,CCU,Netaji Subhash Chandra Bose International Airport,GAU,Lokpriya Gopinath Bordoloi International Airport,2026-09-13 07:20:00,2026-09-13 08:45:00,85,Boeing 737MAX 8 Passenger,Economy,30 in,f,"['"Average legroom (30 in)'", '"In-seat USB outlet'", '"Carbon emissions estimate: 65 kg'"]",2026-09-12 18:51:41.342111
1582,1263,Air India Express,,IX 2932,GAU,Lokpriya Gopinath Bordoloi International Airport,BLR,Kempegowda International Airport Bengaluru,2026-09-13 12:05:00,2026-09-13 15:25:00,200,Boeing 737MAX 8 Passenger,Economy,29 in,f,"['"Below average legroom (29 in)'", '"In-seat USB outlet'", '"Carbon emissions estimate: 159 kg'"]",2026-09-12 18:51:41.342111
1583,1264,IndiGo,,6E 757,CCU,Netaji Subhash Chandra Bose International Airport,BLR,Kempegowda International Airport Bengaluru,2026-09-13 17:00:00,2026-09-13 19:40:00,160,Airbus A321neo,Economy,28 in,f,"['"Below average legroom (28 in)'", '"Carbon emissions estimate: 111 kg'"]",2026-09-12 18:51:41.346313
1584,1265,Air India Express,,IX 1496,CCU,Netaji Subhash Chandra Bose International Airport,BLR,Kempegowda International Airport Bengaluru,2026-09-13 11:15:00,2026-09-13 13:55:00,160,Boeing 737MAX 8 Passenger,Economy,30 in,f,"['"Average legroom (30 in)'", '"In-seat USB outlet'", '"Carbon emissions estimate: 133 kg'"]",2026-09-12 18:51:41.348534
1585,1266,Air India Express,,IX 1543,CCU,Netaji Subhash Chandra Bose International Airport,BLR,Kempegowda International Airport Bengaluru,2026-09-13 15:15:00,2026-09-13 18:00:00,165,Boeing 737MAX 8 Passenger,Economy,30 in,f,"['"Average legroom (30 in)'", '"Carbon emissions estimate: 130 kg'"]",2026-09-12 18:51:41.35077
1586,1267,IndiGo,,6E 5190,CCU,Netaji Subhash Chandra Bose International Airport,DEL,Indira Gandhi International Airport,2026-09-13 22:30:00,2026-09-14 00:55:00,145,Airbus A321neo,Economy,28 in,f,"['"Below average legroom (28 in)'", '"Carbon emissions estimate: 99 kg'"]",2026-09-12 18:51:44.99004
1587,1268,Air India,,AI 2710,CCU,Netaji Subhash Chandra Bose International Airport,DEL,Indira Gandhi International Airport,2026-09-13 22:30:00,2026-09-14 01:05:00,155,Airbus A320neo,Economy,28 in,f,"['"Below average legroom (28 in)'", '"In-seat USB outlet'", '"Stream media to your device'", '"Carbon emissions estimate: 115 kg'"]",2026-09-12 18:51:44.9929
1588,1269,Akasa Air,,QP 1802,CCU,Netaji Subhash Chandra Bose International Airport,DEL,Indira Gandhi International Airport,2026-09-13 09:05:00,2026-09-13 11:25:00,140,Boeing 737MAX 8 Passenger,Economy,28 in,f,"['"Below average legroom (28 in)'", '"In-seat USB outlet'", '"Carbon emissions estimate: 97 kg'"]",2026-09-12 18:51:44.995497
1589,1270,IndiGo,,6E 6139,CCU,Netaji Subhash Chandra Bose International Airport,LKO,Chaudhary Charan Singh International Airport,2026-09-13 07:10:00,2026-09-13 08:40:00,90,Airbus A321neo,Economy,28 in,f,"['"Below average legroom (28 in)'", '"Carbon emissions estimate: 70 kg'"]",2026-09-12 18:51:44.998191
1590,1270,IndiGo,,6E 2111,LKO,Chaudhary Charan Singh International Airport,DEL,Indira Gandhi International Airport,2026-09-13 10:45:00,2026-09-13 12:00:00,75,Airbus A320neo,Economy,28 in,f,"['"Below average legroom (28 in)'", '"Carbon emissions estimate: 50 kg'"]",2026-09-12 18:51:44.998191
1591,1271,IndiGo,,6E 895,CCU,Netaji Subhash Chandra Bose International Airport,PAT,Jay Prakash Narayan International Airport,2026-09-13 18:05:00,2026-09-13 19:10:00,65,Airbus A320neo,Economy,28 in,f,"['"Below average legroom (28 in)'", '"Carbon emissions estimate: 51 kg'"]",2026-09-12 18:51:45.001015
1592,1271,IndiGo,,6E 6498,PAT,Jay Prakash Narayan International Airport,DEL,Indira Gandhi International Airport,2026-09-13 20:55:00,2026-09-13 22:35:00,100,Airbus A320,Economy,28 in,t,"['"Below average legroom (28 in)'", '"Carbon emissions estimate: 87 kg'"]",2026-09-12 18:51:45.001015
1593,1272,IndiGo,,6E 917,CCU,Netaji Subhash Chandra Bose International Airport,DEL,Indira Gandhi International Airport,2026-09-13 21:00:00,2026-09-13 23:25:00,145,Airbus A321neo,Economy,28 in,f,"['"Below average legroom (28 in)'", '"Carbon emissions estimate: 99 kg'"]",2026-09-12 18:51:45.003477
1594,1273,IndiGo,,6E 891,CCU,Netaji Subhash Chandra Bose International Airport,DEL,Indira Gandhi International Airport,2026-09-13 07:00:00,2026-09-13 09:30:00,150,Airbus A321neo,Economy,28 in,f,"['"Below average legroom (28 in)'", '"Carbon emissions estimate: 99 kg'"]",2026-09-12 18:51:45.005559
1595,1274,IndiGo,,6E 493,CCU,Netaji Subhash Chandra Bose International Airport,DEL,Indira Gandhi International Airport,2026-09-13 19:15:00,2026-09-13 21:40:00,145,Airbus A321neo,Economy,28 in,f,"['"Below average legroom (28 in)'", '"Carbon emissions estimate: 99 kg'"]",2026-09-12 18:51:45.008311
1596,1275,IndiGo,,6E 896,CCU,Netaji Subhash Chandra Bose International Airport,DEL,Indira Gandhi International Airport,2026-09-13 08:25:00,2026-09-13 10:45:00,140,Airbus A321neo,Economy,28 in,f,"['"Below average legroom (28 in)'", '"Carbon emissions estimate: 99 kg'"]",2026-09-12 18:51:45.010958
1597,1276,IndiGo,,6E 899,CCU,Netaji Subhash Chandra Bose International Airport,DEL,Indira Gandhi International Airport,2026-09-13 10:15:00,2026-09-13 12:40:00,145,Airbus A321neo,Economy,28 in,f,"['"Below average legroom (28 in)'", '"Carbon emissions estimate: 99 kg'"]",2026-09-12 18:51:45.013401
1598,1277,Air India,,AI 2720,CCU,Netaji Subhash Chandra Bose International Airport,DEL,Indira Gandhi International Airport,2026-09-13 07:00:00,2026-09-13 09:35:00,155,Airbus A320neo,Economy,28 in,f,"['"Below average legroom (28 in)'", '"In-seat USB outlet'", '"Stream media to your device'", '"Carbon emissions estimate: 115 kg'"]",2026-09-12 18:51:45.015911
1599,1278,Air India,,AI 1863,CCU,Netaji Subhash Chandra Bose International Airport,DEL,Indira Gandhi International Airport,2026-09-13 19:15:00,2026-09-13 21:40:00,145,Airbus A320neo,Economy,28 in,f,"['"Below average legroom (28 in)'", '"In-seat USB outlet'", '"Stream media to your device'", '"Carbon emissions estimate: 115 kg'"]",2026-09-12 18:51:45.018242
1600,1279,Air India,,AI 2708,CCU,Netaji Subhash Chandra Bose International Airport,DEL,Indira Gandhi International Airport,2026-09-13 21:00:00,2026-09-13 23:35:00,155,Airbus A320neo,Economy,28 in,f,"['"Below average legroom (28 in)'", '"In-seat USB outlet'", '"Stream media to your device'", '"Carbon emissions estimate: 115 kg'"]",2026-09-12 18:51:45.022461
1601,1280,IndiGo,,6E 6358,CCU,Netaji Subhash Chandra Bose International Airport,DEL,Indira Gandhi International Airport,2026-09-13 12:00:00,2026-09-13 14:25:00,145,Airbus A321neo,Economy,28 in,f,"['"Below average legroom (28 in)'", '"Carbon emissions estimate: 99 kg'"]",2026-09-12 18:51:45.025131
1602,1281,IndiGo,,6E 2275,CCU,Netaji Subhash Chandra Bose International Airport,DEL,Indira Gandhi International Airport,2026-09-13 14:00:00,2026-09-13 16:25:00,145,Airbus A321neo,Economy,28 in,f,"['"Below average legroom (28 in)'", '"Carbon emissions estimate: 99 kg'"]",2026-09-12 18:51:45.027613
1603,1282,IndiGo,,6E 6516,CCU,Netaji Subhash Chandra Bose International Airport,DEL,Indira Gandhi International Airport,2026-09-13 16:10:00,2026-09-13 18:35:00,145,Airbus A321neo,Economy,28 in,f,"['"Below average legroom (28 in)'", '"Carbon emissions estimate: 99 kg'"]",2026-09-12 18:51:45.030036
1604,1283,IndiGo,,6E 6183,CCU,Netaji Subhash Chandra Bose International Airport,DEL,Indira Gandhi International Airport,2026-09-13 17:30:00,2026-09-13 20:00:00,150,Airbus A321neo,Economy,28 in,f,"['"Below average legroom (28 in)'", '"Carbon emissions estimate: 99 kg'"]",2026-09-12 18:51:45.032501
1605,1284,Akasa Air,,QP 1804,CCU,Netaji Subhash Chandra Bose International Airport,DEL,Indira Gandhi International Airport,2026-09-13 20:05:00,2026-09-13 22:25:00,140,Boeing 737MAX 8 Passenger,Economy,28 in,t,"['"Below average legroom (28 in)'", '"In-seat USB outlet'", '"Carbon emissions estimate: 97 kg'"]",2026-09-12 18:51:45.034829
1606,1285,Air India,,AI 1832,CCU,Netaji Subhash Chandra Bose International Airport,DEL,Indira Gandhi International Airport,2026-09-13 00:30:00,2026-09-13 03:05:00,155,Airbus A320neo,Economy,28 in,f,"['"Below average legroom (28 in)'", '"In-seat USB outlet'", '"Stream media to your device'", '"Carbon emissions estimate: 115 kg'"]",2026-09-12 18:51:45.037057
1607,1286,Air India,,AI 2768,CCU,Netaji Subhash Chandra Bose International Airport,DEL,Indira Gandhi International Airport,2026-09-13 16:10:00,2026-09-13 18:40:00,150,Airbus A320neo,Economy,28 in,f,"['"Below average legroom (28 in)'", '"In-seat USB outlet'", '"Stream media to your device'", '"Carbon emissions estimate: 115 kg'"]",2026-09-12 18:51:45.039543
1608,1287,SpiceJet,,SG 906,CCU,Netaji Subhash Chandra Bose International Airport,DEL,Indira Gandhi International Airport,2026-09-13 23:20:00,2026-09-14 01:35:00,135,Airbus A320,Economy,28 in,f,"['"Below average legroom (28 in)'", '"Carbon emissions estimate: 121 kg'"]",2026-09-12 18:51:45.04197
1609,1288,Air India,,AI 2644,CCU,Netaji Subhash Chandra Bose International Airport,BOM,Chhatrapati Shivaji Maharaj International Airport Mumbai,2026-09-13 06:55:00,2026-09-13 09:55:00,180,Airbus A320neo,Economy,28 in,f,"['"Below average legroom (28 in)'", '"In-seat USB outlet'", '"Stream media to your device'", '"Carbon emissions estimate: 137 kg'"]",2026-09-12 18:51:50.727235
1610,1289,IndiGo,,6E 115,CCU,Netaji Subhash Chandra Bose International Airport,BOM,Chhatrapati Shivaji Maharaj International Airport Mumbai,2026-09-13 21:40:00,2026-09-14 00:25:00,165,Airbus A321neo,Economy,28 in,f,"['"Below average legroom (28 in)'", '"Carbon emissions estimate: 119 kg'"]",2026-09-12 18:51:50.729228
1611,1290,Akasa Air,,QP 1126,CCU,Netaji Subhash Chandra Bose International Airport,BOM,Chhatrapati Shivaji Maharaj International Airport Mumbai,2026-09-13 23:00:00,2026-09-14 01:40:00,160,Boeing 737MAX 8 Passenger,Economy,28 in,f,"['"Below average legroom (28 in)'", '"In-seat USB outlet'", '"Carbon emissions estimate: 115 kg'"]",2026-09-12 18:51:50.731171
1612,1291,IndiGo,,6E 5194,CCU,Netaji Subhash Chandra Bose International Airport,BOM,Chhatrapati Shivaji Maharaj International Airport Mumbai,2026-09-13 06:25:00,2026-09-13 09:15:00,170,Airbus A321neo,Economy,28 in,f,"['"Below average legroom (28 in)'", '"Carbon emissions estimate: 119 kg'"]",2026-09-12 18:51:50.733086
1613,1292,Air India,,AI 2482,CCU,Netaji Subhash Chandra Bose International Airport,BOM,Chhatrapati Shivaji Maharaj International Airport Mumbai,2026-09-13 20:35:00,2026-09-13 23:45:00,190,Airbus A320neo,Economy,28 in,f,"['"Below average legroom (28 in)'", '"In-seat USB outlet'", '"Stream media to your device'", '"Carbon emissions estimate: 137 kg'"]",2026-09-12 18:51:50.735013
1614,1293,Akasa Air,,QP 1136,CCU,Netaji Subhash Chandra Bose International Airport,BOM,Chhatrapati Shivaji Maharaj International Airport Mumbai,2026-09-13 05:10:00,2026-09-13 07:45:00,155,Boeing 737MAX 8 Passenger,Economy,28 in,f,"['"Below average legroom (28 in)'", '"In-seat USB outlet'", '"Carbon emissions estimate: 120 kg'"]",2026-09-12 18:51:50.736581
1615,1294,Air India,,AI 2472,CCU,Netaji Subhash Chandra Bose International Airport,BOM,Chhatrapati Shivaji Maharaj International Airport Mumbai,2026-09-13 15:10:00,2026-09-13 18:15:00,185,Airbus A320neo,Economy,28 in,f,"['"Below average legroom (28 in)'", '"In-seat USB outlet'", '"Stream media to your device'", '"Carbon emissions estimate: 137 kg'"]",2026-09-12 18:51:50.73934
1616,1295,IndiGo,,6E 5128,CCU,Netaji Subhash Chandra Bose International Airport,BOM,Chhatrapati Shivaji Maharaj International Airport Mumbai,2026-09-13 18:45:00,2026-09-13 21:30:00,165,Airbus A321neo,Economy,28 in,f,"['"Below average legroom (28 in)'", '"Carbon emissions estimate: 119 kg'"]",2026-09-12 18:51:50.74086
1617,1296,Akasa Air,,QP 1108,CCU,Netaji Subhash Chandra Bose International Airport,BOM,Chhatrapati Shivaji Maharaj International Airport Mumbai,2026-09-13 17:05:00,2026-09-13 19:50:00,165,Boeing 737MAX 8 Passenger,Economy,28 in,f,"['"Below average legroom (28 in)'", '"In-seat USB outlet'", '"Carbon emissions estimate: 115 kg'"]",2026-09-12 18:51:50.742336
1618,1297,IndiGo,,6E 5183,CCU,Netaji Subhash Chandra Bose International Airport,BOM,Chhatrapati Shivaji Maharaj International Airport Mumbai,2026-09-13 09:15:00,2026-09-13 11:45:00,150,Airbus A321neo,Economy,28 in,f,"['"Below average legroom (28 in)'", '"Carbon emissions estimate: 119 kg'"]",2026-09-12 18:51:50.743814
1619,1298,IndiGo,,6E 5288,CCU,Netaji Subhash Chandra Bose International Airport,BOM,Chhatrapati Shivaji Maharaj International Airport Mumbai,2026-09-13 11:35:00,2026-09-13 14:35:00,180,Airbus A321neo,Economy,28 in,f,"['"Below average legroom (28 in)'", '"Carbon emissions estimate: 119 kg'"]",2026-09-12 18:51:50.745279
1620,1299,IndiGo,,6E 5227,CCU,Netaji Subhash Chandra Bose International Airport,BOM,Chhatrapati Shivaji Maharaj International Airport Mumbai,2026-09-13 13:45:00,2026-09-13 16:30:00,165,Airbus A321neo,Economy,28 in,f,"['"Below average legroom (28 in)'", '"Carbon emissions estimate: 119 kg'"]",2026-09-12 18:51:50.746674
1621,1300,IndiGo,,6E 6206,CCU,Netaji Subhash Chandra Bose International Airport,BOM,Chhatrapati Shivaji Maharaj International Airport Mumbai,2026-09-13 16:15:00,2026-09-13 19:05:00,170,Airbus A321neo,Economy,28 in,f,"['"Below average legroom (28 in)'", '"Carbon emissions estimate: 119 kg'"]",2026-09-12 18:51:50.74813
1622,1301,Air India,,AI 2772,CCU,Netaji Subhash Chandra Bose International Airport,BOM,Chhatrapati Shivaji Maharaj International Airport Mumbai,2026-09-13 10:30:00,2026-09-13 13:35:00,185,Airbus A320neo,Economy,28 in,f,"['"Below average legroom (28 in)'", '"In-seat USB outlet'", '"Stream media to your device'", '"Carbon emissions estimate: 137 kg'"]",2026-09-12 18:51:50.750229
1623,1302,IndiGo,,6E 6037,CCU,Netaji Subhash Chandra Bose International Airport,PNQ,Pune International Airport,2026-09-13 02:20:00,2026-09-13 04:40:00,140,Airbus A320neo,Economy,28 in,f,"['"Below average legroom (28 in)'", '"Carbon emissions estimate: 118 kg'"]",2026-09-12 18:51:59.118254
1624,1302,IndiGo,,6E 352,PNQ,Pune International Airport,HYD,Rajiv Gandhi International Airport,2026-09-13 06:25:00,2026-09-13 07:50:00,85,Airbus A321neo,Economy,28 in,f,"['"Below average legroom (28 in)'", '"Carbon emissions estimate: 50 kg'"]",2026-09-12 18:51:59.118254
1625,1303,IndiGo,,6E 6623,CCU,Netaji Subhash Chandra Bose International Airport,HYD,Rajiv Gandhi International Airport,2026-09-13 05:20:00,2026-09-13 07:30:00,130,Airbus A321neo,Economy,28 in,f,"['"Below average legroom (28 in)'", '"Carbon emissions estimate: 92 kg'"]",2026-09-12 18:51:59.121617
1626,1304,IndiGo,,6E 6513,CCU,Netaji Subhash Chandra Bose International Airport,HYD,Rajiv Gandhi International Airport,2026-09-13 08:40:00,2026-09-13 11:00:00,140,Airbus A321neo,Economy,28 in,f,"['"Below average legroom (28 in)'", '"Carbon emissions estimate: 92 kg'"]",2026-09-12 18:51:59.124194
1627,1305,IndiGo,,6E 6528,CCU,Netaji Subhash Chandra Bose International Airport,HYD,Rajiv Gandhi International Airport,2026-09-13 17:00:00,2026-09-13 19:15:00,135,Airbus A321neo,Economy,28 in,f,"['"Below average legroom (28 in)'", '"Carbon emissions estimate: 92 kg'"]",2026-09-12 18:51:59.126768
1628,1306,IndiGo,,6E 476,CCU,Netaji Subhash Chandra Bose International Airport,PNQ,Pune International Airport,2026-09-13 20:00:00,2026-09-13 22:30:00,150,Airbus A321neo,Economy,28 in,f,"['"Below average legroom (28 in)'", '"Carbon emissions estimate: 111 kg'"]",2026-09-12 18:51:59.129172
1629,1306,IndiGo,,6E 336,PNQ,Pune International Airport,HYD,Rajiv Gandhi International Airport,2026-09-14 01:50:00,2026-09-14 03:10:00,80,Airbus A321neo,Economy,28 in,f,"['"Below average legroom (28 in)'", '"Carbon emissions estimate: 50 kg'"]",2026-09-12 18:51:59.129172
1630,1307,IndiGo,,6E 616,CCU,Netaji Subhash Chandra Bose International Airport,VTZ,Visakhapatnam international airport,2026-09-13 17:45:00,2026-09-13 19:10:00,85,Airbus A320neo,Economy,28 in,f,"['"Below average legroom (28 in)'", '"Carbon emissions estimate: 70 kg'"]",2026-09-12 18:51:59.132214
1631,1307,IndiGo,,6E 883,VTZ,Visakhapatnam international airport,HYD,Rajiv Gandhi International Airport,2026-09-13 20:40:00,2026-09-13 21:50:00,70,Airbus A321neo,Economy,28 in,f,"['"Below average legroom (28 in)'", '"Carbon emissions estimate: 50 kg'"]",2026-09-12 18:51:59.132214
1632,1308,Air India,,AI 2644,CCU,Netaji Subhash Chandra Bose International Airport,BOM,Chhatrapati Shivaji Maharaj International Airport Mumbai,2026-09-13 06:55:00,2026-09-13 09:55:00,180,Airbus A320neo,Economy,28 in,f,"['"Below average legroom (28 in)'", '"In-seat USB outlet'", '"Stream media to your device'", '"Carbon emissions estimate: 137 kg'"]",2026-09-12 18:51:59.13446
1633,1308,Air India,,AI 2444,BOM,Chhatrapati Shivaji Maharaj International Airport Mumbai,HYD,Rajiv Gandhi International Airport,2026-09-13 10:50:00,2026-09-13 12:25:00,95,Airbus A320neo,Economy,28 in,f,"['"Below average legroom (28 in)'", '"In-seat USB outlet'", '"Stream media to your device'", '"Carbon emissions estimate: 70 kg'"]",2026-09-12 18:51:59.13446
1634,1309,IndiGo,,6E 334,CCU,Netaji Subhash Chandra Bose International Airport,HYD,Rajiv Gandhi International Airport,2026-09-13 10:55:00,2026-09-13 13:15:00,140,Airbus A321neo,Economy,28 in,f,"['"Below average legroom (28 in)'", '"Carbon emissions estimate: 92 kg'"]",2026-09-12 18:51:59.136516
1635,1310,IndiGo,,6E 6908,CCU,Netaji Subhash Chandra Bose International Airport,HYD,Rajiv Gandhi International Airport,2026-09-13 15:00:00,2026-09-13 17:10:00,130,Airbus A321neo,Economy,28 in,f,"['"Below average legroom (28 in)'", '"Carbon emissions estimate: 92 kg'"]",2026-09-12 18:51:59.138186
1636,1311,IndiGo,,6E 6154,CCU,Netaji Subhash Chandra Bose International Airport,HYD,Rajiv Gandhi International Airport,2026-09-13 20:45:00,2026-09-13 22:55:00,130,Airbus A320neo,Economy,28 in,f,"['"Below average legroom (28 in)'", '"Carbon emissions estimate: 97 kg'"]",2026-09-12 18:51:59.13996
1637,1312,Air India Express,,IX 1371,CCU,Netaji Subhash Chandra Bose International Airport,BLR,Kempegowda International Airport Bengaluru,2026-09-13 18:50:00,2026-09-13 21:30:00,160,Airbus A320,Economy,28 in,f,"['"Below average legroom (28 in)'", '"In-seat USB outlet'", '"Carbon emissions estimate: 130 kg'"]",2026-09-12 18:51:59.141972
1638,1312,Air India Express,,IX 1723,BLR,Kempegowda International Airport Bengaluru,HYD,Rajiv Gandhi International Airport,2026-09-13 22:40:00,2026-09-13 23:50:00,70,Airbus A320,Economy,28 in,f,"['"Below average legroom (28 in)'", '"In-seat USB outlet'", '"Carbon emissions estimate: 57 kg'"]",2026-09-12 18:51:59.141972
1639,1313,IndiGo,,6E 344,CCU,Netaji Subhash Chandra Bose International Airport,MAA,Chennai International Airport,2026-09-13 05:05:00,2026-09-13 07:20:00,135,Airbus A321neo,Economy,28 in,f,"['"Below average legroom (28 in)'", '"Carbon emissions estimate: 100 kg'"]",2026-09-12 18:52:04.444652
1640,1314,IndiGo,,6E 563,CCU,Netaji Subhash Chandra Bose International Airport,MAA,Chennai International Airport,2026-09-13 08:35:00,2026-09-13 10:55:00,140,Airbus A321neo,Economy,28 in,f,"['"Below average legroom (28 in)'", '"Carbon emissions estimate: 100 kg'"]",2026-09-12 18:52:04.446558
1641,1315,Air India Express,,IX 1254,CCU,Netaji Subhash Chandra Bose International Airport,MAA,Chennai International Airport,2026-09-13 06:30:00,2026-09-13 09:05:00,155,Airbus A320neo,Economy,28 in,f,"['"Below average legroom (28 in)'", '"In-seat USB outlet'", '"Carbon emissions estimate: 117 kg'"]",2026-09-12 18:52:04.454709
1642,1316,IndiGo,,6E 6623,CCU,Netaji Subhash Chandra Bose International Airport,HYD,Rajiv Gandhi International Airport,2026-09-13 05:20:00,2026-09-13 07:30:00,130,Airbus A321neo,Economy,28 in,f,"['"Below average legroom (28 in)'", '"Carbon emissions estimate: 92 kg'"]",2026-09-12 18:52:04.456622
1643,1316,IndiGo,,6E 6151,HYD,Rajiv Gandhi International Airport,MAA,Chennai International Airport,2026-09-13 10:00:00,2026-09-13 11:20:00,80,Airbus A321neo,Economy,28 in,f,"['"Below average legroom (28 in)'", '"Carbon emissions estimate: 51 kg'"]",2026-09-12 18:52:04.456622
1644,1317,IndiGo,,6E 771,CCU,Netaji Subhash Chandra Bose International Airport,BLR,Kempegowda International Airport Bengaluru,2026-09-13 06:20:00,2026-09-13 09:00:00,160,Airbus A321neo,Economy,28 in,f,"['"Below average legroom (28 in)'", '"Carbon emissions estimate: 111 kg'"]",2026-09-12 18:52:04.459191
1645,1317,IndiGo,,6E 904,BLR,Kempegowda International Airport Bengaluru,MAA,Chennai International Airport,2026-09-13 10:50:00,2026-09-13 11:45:00,55,Airbus A321neo,Economy,28 in,f,"['"Below average legroom (28 in)'", '"Carbon emissions estimate: 35 kg'"]",2026-09-12 18:52:04.459191
1646,1318,IndiGo,,6E 496,CCU,Netaji Subhash Chandra Bose International Airport,BLR,Kempegowda International Airport Bengaluru,2026-09-13 08:20:00,2026-09-13 11:00:00,160,Airbus A321neo,Economy,28 in,f,"['"Below average legroom (28 in)'", '"Carbon emissions estimate: 111 kg'"]",2026-09-12 18:52:04.461787
1647,1318,IndiGo,,6E 6208,BLR,Kempegowda International Airport Bengaluru,MAA,Chennai International Airport,2026-09-13 12:45:00,2026-09-13 13:55:00,70,Airbus A321neo,Economy,28 in,f,"['"Below average legroom (28 in)'", '"Carbon emissions estimate: 35 kg'"]",2026-09-12 18:52:04.461787
1648,1319,IndiGo,,6E 455,CCU,Netaji Subhash Chandra Bose International Airport,BLR,Kempegowda International Airport Bengaluru,2026-09-13 13:25:00,2026-09-13 16:10:00,165,Airbus A321neo,Economy,28 in,f,"['"Below average legroom (28 in)'", '"Carbon emissions estimate: 111 kg'"]",2026-09-12 18:52:04.464426
1649,1319,IndiGo,,6E 6017,BLR,Kempegowda International Airport Bengaluru,MAA,Chennai International Airport,2026-09-13 18:15:00,2026-09-13 19:15:00,60,Airbus A321neo,Economy,28 in,f,"['"Below average legroom (28 in)'", '"Carbon emissions estimate: 35 kg'"]",2026-09-12 18:52:04.464426
1650,1320,IndiGo,,6E 455,CCU,Netaji Subhash Chandra Bose International Airport,BLR,Kempegowda International Airport Bengaluru,2026-09-13 13:25:00,2026-09-13 16:10:00,165,Airbus A321neo,Economy,28 in,f,"['"Below average legroom (28 in)'", '"Carbon emissions estimate: 111 kg'"]",2026-09-12 18:52:04.467068
1651,1320,IndiGo,,6E 356,BLR,Kempegowda International Airport Bengaluru,MAA,Chennai International Airport,2026-09-13 17:15:00,2026-09-13 18:10:00,55,Airbus A321neo,Economy,28 in,f,"['"Below average legroom (28 in)'", '"Carbon emissions estimate: 35 kg'"]",2026-09-12 18:52:04.467068
1652,1321,IndiGo,,6E 723,CCU,Netaji Subhash Chandra Bose International Airport,MAA,Chennai International Airport,2026-09-13 21:15:00,2026-09-13 23:30:00,135,Airbus A321neo,Economy,28 in,f,"['"Below average legroom (28 in)'", '"Carbon emissions estimate: 100 kg'"]",2026-09-12 18:52:04.469724
1653,1322,IndiGo,,6E 234,CCU,Netaji Subhash Chandra Bose International Airport,MAA,Chennai International Airport,2026-09-13 18:10:00,2026-09-13 20:30:00,140,Airbus A321neo,Economy,28 in,f,"['"Below average legroom (28 in)'", '"Carbon emissions estimate: 100 kg'"]",2026-09-12 18:52:04.471762
1654,1323,Air India Express,,IX 1259,CCU,Netaji Subhash Chandra Bose International Airport,MAA,Chennai International Airport,2026-09-13 16:35:00,2026-09-13 19:00:00,145,Airbus A320neo,Economy,28 in,f,"['"Below average legroom (28 in)'", '"In-seat USB outlet'", '"Carbon emissions estimate: 117 kg'"]",2026-09-12 18:52:04.473904
1655,1324,IndiGo,,6E 892,CCU,Netaji Subhash Chandra Bose International Airport,MAA,Chennai International Airport,2026-09-13 15:00:00,2026-09-13 17:20:00,140,Airbus A321neo,Economy,28 in,f,"['"Below average legroom (28 in)'", '"Carbon emissions estimate: 100 kg'"]",2026-09-12 18:52:04.476002
1656,1325,IndiGo,,6E 862,CCU,Netaji Subhash Chandra Bose International Airport,NAG,Dr. Babasaheb Ambedkar International Airport,2026-09-13 20:40:00,2026-09-13 22:30:00,110,Airbus A320neo,Economy,28 in,f,"['"Below average legroom (28 in)'", '"Carbon emissions estimate: 80 kg'"]",2026-09-12 18:52:12.811898
1657,1325,IndiGo,,6E 6659,NAG,Dr. Babasaheb Ambedkar International Airport,PNQ,Pune International Airport,2026-09-14 03:40:00,2026-09-14 04:55:00,75,Airbus A320neo,Economy,28 in,f,"['"Below average legroom (28 in)'", '"Carbon emissions estimate: 59 kg'"]",2026-09-12 18:52:12.811898
1658,1326,IndiGo,,6E 476,CCU,Netaji Subhash Chandra Bose International Airport,PNQ,Pune International Airport,2026-09-13 20:00:00,2026-09-13 22:30:00,150,Airbus A321neo,Economy,28 in,f,"['"Below average legroom (28 in)'", '"Carbon emissions estimate: 111 kg'"]",2026-09-12 18:52:12.814565
1659,1327,IndiGo,,6E 135,CCU,Netaji Subhash Chandra Bose International Airport,PNQ,Pune International Airport,2026-09-13 10:20:00,2026-09-13 12:55:00,155,Airbus A321neo,Economy,28 in,f,"['"Below average legroom (28 in)'", '"Carbon emissions estimate: 111 kg'"]",2026-09-12 18:52:12.817099
1660,1328,Akasa Air,,QP 1562,CCU,Netaji Subhash Chandra Bose International Airport,PNQ,Pune International Airport,2026-09-13 09:35:00,2026-09-13 12:20:00,165,Boeing 737MAX 8 Passenger,Economy,28 in,f,"['"Below average legroom (28 in)'", '"In-seat USB outlet'", '"Carbon emissions estimate: 111 kg'"]",2026-09-12 18:52:12.819078
1661,1329,IndiGo,,6E 6623,CCU,Netaji Subhash Chandra Bose International Airport,HYD,Rajiv Gandhi International Airport,2026-09-13 05:20:00,2026-09-13 07:30:00,130,Airbus A321neo,Economy,28 in,f,"['"Below average legroom (28 in)'", '"Carbon emissions estimate: 92 kg'"]",2026-09-12 18:52:12.821538
1662,1329,IndiGo,,6E 6471,HYD,Rajiv Gandhi International Airport,PNQ,Pune International Airport,2026-09-13 10:50:00,2026-09-13 11:55:00,65,Airbus A321neo,Economy,28 in,f,"['"Below average legroom (28 in)'", '"Carbon emissions estimate: 48 kg'"]",2026-09-12 18:52:12.821538
1663,1330,IndiGo,,6E 6528,CCU,Netaji Subhash Chandra Bose International Airport,HYD,Rajiv Gandhi International Airport,2026-09-13 17:00:00,2026-09-13 19:15:00,135,Airbus A321neo,Economy,28 in,f,"['"Below average legroom (28 in)'", '"Carbon emissions estimate: 92 kg'"]",2026-09-12 18:52:12.823578
1664,1330,IndiGo,,6E 426,HYD,Rajiv Gandhi International Airport,PNQ,Pune International Airport,2026-09-13 20:20:00,2026-09-13 21:30:00,70,Airbus A321neo,Economy,28 in,f,"['"Below average legroom (28 in)'", '"Carbon emissions estimate: 48 kg'"]",2026-09-12 18:52:12.823578
1665,1331,IndiGo,,6E 334,CCU,Netaji Subhash Chandra Bose International Airport,HYD,Rajiv Gandhi International Airport,2026-09-13 10:55:00,2026-09-13 13:15:00,140,Airbus A321neo,Economy,28 in,f,"['"Below average legroom (28 in)'", '"Carbon emissions estimate: 92 kg'"]",2026-09-12 18:52:12.825932
1666,1331,IndiGo,,6E 576,HYD,Rajiv Gandhi International Airport,PNQ,Pune International Airport,2026-09-13 16:15:00,2026-09-13 17:55:00,100,Airbus A320neo,Economy,28 in,f,"['"Below average legroom (28 in)'", '"Carbon emissions estimate: 52 kg'"]",2026-09-12 18:52:12.825932
1667,1332,IndiGo,,6E 6037,CCU,Netaji Subhash Chandra Bose International Airport,PNQ,Pune International Airport,2026-09-13 02:20:00,2026-09-13 04:40:00,140,Airbus A320neo,Economy,28 in,f,"['"Below average legroom (28 in)'", '"Carbon emissions estimate: 118 kg'"]",2026-09-12 18:52:12.828074
1668,1333,Air India,,AI 2710,CCU,Netaji Subhash Chandra Bose International Airport,DEL,Indira Gandhi International Airport,2026-09-13 22:30:00,2026-09-14 01:05:00,155,Airbus A320neo,Economy,28 in,f,"['"Below average legroom (28 in)'", '"In-seat USB outlet'", '"Stream media to your device'", '"Carbon emissions estimate: 115 kg'"]",2026-09-12 18:52:12.829811
1669,1333,Air India,,AI 2711,DEL,Indira Gandhi International Airport,PNQ,Pune International Airport,2026-09-14 02:00:00,2026-09-14 04:15:00,135,Airbus A320neo,Economy,28 in,f,"['"Below average legroom (28 in)'", '"In-seat USB outlet'", '"Stream media to your device'", '"Carbon emissions estimate: 105 kg'"]",2026-09-12 18:52:12.829811
1670,1334,IndiGo,,6E 245,CCU,Netaji Subhash Chandra Bose International Airport,AMD,Sardar Vallabhbhai Patel International Airport,2026-09-13 06:00:00,2026-09-13 08:40:00,160,Airbus A321neo,Economy,28 in,f,"['"Below average legroom (28 in)'", '"Carbon emissions estimate: 112 kg'"]",2026-09-12 18:52:22.03025
1671,1335,IndiGo,,6E 318,CCU,Netaji Subhash Chandra Bose International Airport,AMD,Sardar Vallabhbhai Patel International Airport,2026-09-13 13:30:00,2026-09-13 16:05:00,155,Airbus A320neo,Economy,28 in,f,"['"Below average legroom (28 in)'", '"Carbon emissions estimate: 119 kg'"]",2026-09-12 18:52:22.0336
1672,1336,IndiGo,,6E 7325,CCU,Netaji Subhash Chandra Bose International Airport,IXR,"Birsa Munda Airport, Ranchi",2026-09-13 16:20:00,2026-09-13 17:30:00,70,ATR 72,Economy,28 in,f,"['"Below average legroom (28 in)'", '"Carbon emissions estimate: 38 kg'"]",2026-09-12 18:52:22.036714
1673,1336,IndiGo,,6E 6654,IXR,"Birsa Munda Airport, Ranchi",AMD,Sardar Vallabhbhai Patel International Airport,2026-09-13 19:50:00,2026-09-13 22:05:00,135,Airbus A320,Economy,28 in,f,"['"Below average legroom (28 in)'", '"Carbon emissions estimate: 120 kg'"]",2026-09-12 18:52:22.036714
1674,1337,IndiGo,,6E 292,CCU,Netaji Subhash Chandra Bose International Airport,AMD,Sardar Vallabhbhai Patel International Airport,2026-09-13 16:05:00,2026-09-13 18:40:00,155,Airbus A321neo,Economy,28 in,f,"['"Below average legroom (28 in)'", '"Carbon emissions estimate: 112 kg'"]",2026-09-12 18:52:22.039967
1675,1338,IndiGo,,6E 6214,CCU,Netaji Subhash Chandra Bose International Airport,BBI,Biju Patnaik International Airport,2026-09-13 14:25:00,2026-09-13 15:30:00,65,Airbus A320neo,Economy,28 in,f,"['"Below average legroom (28 in)'", '"Carbon emissions estimate: 47 kg'"]",2026-09-12 18:52:22.042818
1676,1338,IndiGo,,6E 6238,BBI,Biju Patnaik International Airport,AMD,Sardar Vallabhbhai Patel International Airport,2026-09-13 20:40:00,2026-09-13 22:55:00,135,Airbus A321neo,Economy,28 in,f,"['"Below average legroom (28 in)'", '"Carbon emissions estimate: 103 kg'"]",2026-09-12 18:52:22.042818
1677,1339,Air India,,AI 1832,CCU,Netaji Subhash Chandra Bose International Airport,DEL,Indira Gandhi International Airport,2026-09-13 00:30:00,2026-09-13 03:05:00,155,Airbus A320neo,Economy,28 in,f,"['"Below average legroom (28 in)'", '"In-seat USB outlet'", '"Stream media to your device'", '"Carbon emissions estimate: 115 kg'"]",2026-09-12 18:52:22.046133
1678,1339,Air India,,AI 2959,DEL,Indira Gandhi International Airport,AMD,Sardar Vallabhbhai Patel International Airport,2026-09-13 07:10:00,2026-09-13 08:50:00,100,Airbus A320neo,Economy,28 in,f,"['"Below average legroom (28 in)'", '"In-seat USB outlet'", '"Stream media to your device'", '"Carbon emissions estimate: 76 kg'"]",2026-09-12 18:52:22.046133
1679,1340,Air India,,AI 2708,CCU,Netaji Subhash Chandra Bose International Airport,DEL,Indira Gandhi International Airport,2026-09-13 21:00:00,2026-09-13 23:35:00,155,Airbus A320neo,Economy,28 in,f,"['"Below average legroom (28 in)'", '"In-seat USB outlet'", '"Stream media to your device'", '"Carbon emissions estimate: 115 kg'"]",2026-09-12 18:52:22.050286
1680,1340,Air India,,AI 2959,DEL,Indira Gandhi International Airport,AMD,Sardar Vallabhbhai Patel International Airport,2026-09-14 07:10:00,2026-09-14 08:50:00,100,Airbus A320neo,Economy,28 in,f,"['"Below average legroom (28 in)'", '"In-seat USB outlet'", '"Stream media to your device'", '"Carbon emissions estimate: 76 kg'"]",2026-09-12 18:52:22.050286
1681,1341,Air India,,AI 2710,CCU,Netaji Subhash Chandra Bose International Airport,DEL,Indira Gandhi International Airport,2026-09-13 22:30:00,2026-09-14 01:05:00,155,Airbus A320neo,Economy,28 in,f,"['"Below average legroom (28 in)'", '"In-seat USB outlet'", '"Stream media to your device'", '"Carbon emissions estimate: 115 kg'"]",2026-09-12 18:52:22.054099
1682,1341,Air India,,AI 423,DEL,Indira Gandhi International Airport,AMD,Sardar Vallabhbhai Patel International Airport,2026-09-14 09:30:00,2026-09-14 11:20:00,110,Boeing 777,Economy,33 in,f,"['"Above average legroom (33 in)'", '"In-seat power & USB outlets'", '"Stream media to your device'", '"Carbon emissions estimate: 97 kg'"]",2026-09-12 18:52:22.054099
1683,1342,Air India,,AI 1832,CCU,Netaji Subhash Chandra Bose International Airport,DEL,Indira Gandhi International Airport,2026-09-13 00:30:00,2026-09-13 03:05:00,155,Airbus A320neo,Economy,28 in,f,"['"Below average legroom (28 in)'", '"In-seat USB outlet'", '"Stream media to your device'", '"Carbon emissions estimate: 115 kg'"]",2026-09-12 18:52:22.05712
1684,1342,Air India,,AI 817,DEL,Indira Gandhi International Airport,AMD,Sardar Vallabhbhai Patel International Airport,2026-09-13 05:55:00,2026-09-13 07:35:00,100,Airbus A321,Economy,31 in,f,"['"Average legroom (31 in)'", '"Stream media to your device'", '"Carbon emissions estimate: 100 kg'"]",2026-09-12 18:52:22.05712
1685,1343,Air India,,AI 2768,CCU,Netaji Subhash Chandra Bose International Airport,DEL,Indira Gandhi International Airport,2026-09-13 16:10:00,2026-09-13 18:40:00,150,Airbus A320neo,Economy,28 in,f,"['"Below average legroom (28 in)'", '"In-seat USB outlet'", '"Stream media to your device'", '"Carbon emissions estimate: 115 kg'"]",2026-09-12 18:52:22.060552
1686,1343,Air India,,AI 2545,DEL,Indira Gandhi International Airport,AMD,Sardar Vallabhbhai Patel International Airport,2026-09-13 20:30:00,2026-09-13 22:10:00,100,Airbus A320neo,Economy,28 in,f,"['"Below average legroom (28 in)'", '"In-seat USB outlet'", '"Stream media to your device'", '"Carbon emissions estimate: 76 kg'"]",2026-09-12 18:52:22.060552
1687,1344,IndiGo,,6E 496,CCU,Netaji Subhash Chandra Bose International Airport,BLR,Kempegowda International Airport Bengaluru,2026-09-13 08:20:00,2026-09-13 11:00:00,160,Airbus A321neo,Economy,28 in,f,"['"Below average legroom (28 in)'", '"Carbon emissions estimate: 111 kg'"]",2026-09-12 18:52:25.833945
1688,1344,IndiGo,,6E 703,BLR,Kempegowda International Airport Bengaluru,COK,Cochin International Airport,2026-09-13 12:55:00,2026-09-13 14:00:00,65,Airbus A321neo,Economy,28 in,f,"['"Below average legroom (28 in)'", '"Carbon emissions estimate: 41 kg'"]",2026-09-12 18:52:25.833945
1689,1345,IndiGo,,6E 386,CCU,Netaji Subhash Chandra Bose International Airport,BLR,Kempegowda International Airport Bengaluru,2026-09-13 10:15:00,2026-09-13 13:00:00,165,Airbus A321neo,Economy,28 in,f,"['"Below average legroom (28 in)'", '"Carbon emissions estimate: 111 kg'"]",2026-09-12 18:52:25.839657
1690,1345,IndiGo,,6E 602,BLR,Kempegowda International Airport Bengaluru,COK,Cochin International Airport,2026-09-13 14:25:00,2026-09-13 15:35:00,70,Airbus A321neo,Economy,28 in,f,"['"Below average legroom (28 in)'", '"Carbon emissions estimate: 41 kg'"]",2026-09-12 18:52:25.839657
1691,1346,IndiGo,,6E 563,CCU,Netaji Subhash Chandra Bose International Airport,MAA,Chennai International Airport,2026-09-13 08:35:00,2026-09-13 10:55:00,140,Airbus A321neo,Economy,28 in,f,"['"Below average legroom (28 in)'", '"Carbon emissions estimate: 100 kg'"]",2026-09-12 18:52:25.843686
1692,1346,IndiGo,,6E 927,MAA,Chennai International Airport,COK,Cochin International Airport,2026-09-13 12:10:00,2026-09-13 13:25:00,75,Airbus A320neo,Economy,28 in,f,"['"Below average legroom (28 in)'", '"Carbon emissions estimate: 55 kg'"]",2026-09-12 18:52:25.843686
1693,1347,IndiGo,,6E 6314,CCU,Netaji Subhash Chandra Bose International Airport,BLR,Kempegowda International Airport Bengaluru,2026-09-13 20:35:00,2026-09-13 23:20:00,165,Airbus A321neo,Economy,28 in,f,"['"Below average legroom (28 in)'", '"Carbon emissions estimate: 111 kg'"]",2026-09-12 18:52:25.847899
1694,1347,IndiGo,,6E 763,BLR,Kempegowda International Airport Bengaluru,COK,Cochin International Airport,2026-09-14 07:05:00,2026-09-14 08:05:00,60,Airbus A320neo,Economy,28 in,f,"['"Below average legroom (28 in)'", '"Carbon emissions estimate: 46 kg'"]",2026-09-12 18:52:25.847899
1695,1348,IndiGo,,6E 573,CCU,Netaji Subhash Chandra Bose International Airport,BLR,Kempegowda International Airport Bengaluru,2026-09-13 22:00:00,2026-09-14 00:40:00,160,Airbus A320,Economy,28 in,f,"['"Below average legroom (28 in)'", '"Carbon emissions estimate: 137 kg'"]",2026-09-12 18:52:25.852564
1696,1348,IndiGo,,6E 763,BLR,Kempegowda International Airport Bengaluru,COK,Cochin International Airport,2026-09-14 07:05:00,2026-09-14 08:05:00,60,Airbus A320neo,Economy,28 in,f,"['"Below average legroom (28 in)'", '"Carbon emissions estimate: 46 kg'"]",2026-09-12 18:52:25.852564
1697,1349,IndiGo,,6E 496,CCU,Netaji Subhash Chandra Bose International Airport,BLR,Kempegowda International Airport Bengaluru,2026-09-13 08:20:00,2026-09-13 11:00:00,160,Airbus A321neo,Economy,28 in,f,"['"Below average legroom (28 in)'", '"Carbon emissions estimate: 111 kg'"]",2026-09-12 18:52:25.857306
1698,1349,IndiGo,,6E 144,BLR,Kempegowda International Airport Bengaluru,COK,Cochin International Airport,2026-09-13 18:00:00,2026-09-13 19:05:00,65,Airbus A321neo,Economy,28 in,f,"['"Below average legroom (28 in)'", '"Carbon emissions estimate: 41 kg'"]",2026-09-12 18:52:25.857306
1699,1350,IndiGo,,6E 235,CCU,Netaji Subhash Chandra Bose International Airport,BLR,Kempegowda International Airport Bengaluru,2026-09-13 11:45:00,2026-09-13 14:25:00,160,Airbus A321neo,Economy,28 in,f,"['"Below average legroom (28 in)'", '"Carbon emissions estimate: 111 kg'"]",2026-09-12 18:52:25.860984
1700,1350,IndiGo,,6E 144,BLR,Kempegowda International Airport Bengaluru,COK,Cochin International Airport,2026-09-13 18:00:00,2026-09-13 19:05:00,65,Airbus A321neo,Economy,28 in,f,"['"Below average legroom (28 in)'", '"Carbon emissions estimate: 41 kg'"]",2026-09-12 18:52:25.860984
1701,1351,IndiGo,,6E 234,CCU,Netaji Subhash Chandra Bose International Airport,MAA,Chennai International Airport,2026-09-13 18:10:00,2026-09-13 20:30:00,140,Airbus A321neo,Economy,28 in,f,"['"Below average legroom (28 in)'", '"Carbon emissions estimate: 100 kg'"]",2026-09-12 18:52:25.864355
1702,1351,IndiGo,,6E 156,MAA,Chennai International Airport,COK,Cochin International Airport,2026-09-13 21:40:00,2026-09-13 22:55:00,75,Airbus A320neo,Economy,28 in,f,"['"Below average legroom (28 in)'", '"Carbon emissions estimate: 55 kg'"]",2026-09-12 18:52:25.864355
1703,1352,IndiGo,,6E 455,CCU,Netaji Subhash Chandra Bose International Airport,BLR,Kempegowda International Airport Bengaluru,2026-09-13 13:25:00,2026-09-13 16:10:00,165,Airbus A321neo,Economy,28 in,f,"['"Below average legroom (28 in)'", '"Carbon emissions estimate: 111 kg'"]",2026-09-12 18:52:25.867872
1704,1352,IndiGo,,6E 144,BLR,Kempegowda International Airport Bengaluru,COK,Cochin International Airport,2026-09-13 18:00:00,2026-09-13 19:05:00,65,Airbus A321neo,Economy,28 in,f,"['"Below average legroom (28 in)'", '"Carbon emissions estimate: 41 kg'"]",2026-09-12 18:52:25.867872
1705,1353,IndiGo,,6E 892,CCU,Netaji Subhash Chandra Bose International Airport,MAA,Chennai International Airport,2026-09-13 15:00:00,2026-09-13 17:20:00,140,Airbus A321neo,Economy,28 in,f,"['"Below average legroom (28 in)'", '"Carbon emissions estimate: 100 kg'"]",2026-09-12 18:52:25.871096
1706,1353,IndiGo,,6E 6903,MAA,Chennai International Airport,COK,Cochin International Airport,2026-09-13 19:50:00,2026-09-13 21:10:00,80,Airbus A321neo,Economy,28 in,f,"['"Below average legroom (28 in)'", '"Carbon emissions estimate: 50 kg'"]",2026-09-12 18:52:25.871096
1707,1354,IndiGo,,6E 6623,CCU,Netaji Subhash Chandra Bose International Airport,HYD,Rajiv Gandhi International Airport,2026-09-13 05:20:00,2026-09-13 07:30:00,130,Airbus A321neo,Economy,28 in,f,"['"Below average legroom (28 in)'", '"Carbon emissions estimate: 92 kg'"]",2026-09-12 18:52:25.873885
1708,1354,IndiGo,,6E 6707,HYD,Rajiv Gandhi International Airport,COK,Cochin International Airport,2026-09-13 09:55:00,2026-09-13 11:35:00,100,Airbus A321neo,Economy,28 in,f,"['"Below average legroom (28 in)'", '"Carbon emissions estimate: 67 kg'"]",2026-09-12 18:52:25.873885
1709,1355,IndiGo,,6E 771,CCU,Netaji Subhash Chandra Bose International Airport,BLR,Kempegowda International Airport Bengaluru,2026-09-13 06:20:00,2026-09-13 09:00:00,160,Airbus A321neo,Economy,28 in,f,"['"Below average legroom (28 in)'", '"Carbon emissions estimate: 111 kg'"]",2026-09-12 18:52:25.87684
1710,1355,IndiGo,,6E 6445,BLR,Kempegowda International Airport Bengaluru,COK,Cochin International Airport,2026-09-13 10:25:00,2026-09-13 11:30:00,65,Airbus A321neo,Economy,28 in,f,"['"Below average legroom (28 in)'", '"Carbon emissions estimate: 41 kg'"]",2026-09-12 18:52:25.87684
1711,1356,Air India,,AI 2472,CCU,Netaji Subhash Chandra Bose International Airport,BOM,Chhatrapati Shivaji Maharaj International Airport Mumbai,2026-09-13 15:10:00,2026-09-13 18:15:00,185,Airbus A320neo,Economy,28 in,f,"['"Below average legroom (28 in)'", '"In-seat USB outlet'", '"Stream media to your device'", '"Carbon emissions estimate: 137 kg'"]",2026-09-12 18:52:25.880532
1712,1356,Air India Express,,IX 1801,BOM,Chhatrapati Shivaji Maharaj International Airport Mumbai,COK,Cochin International Airport,2026-09-13 20:20:00,2026-09-13 22:20:00,120,Airbus A320,Economy,28 in,t,"['"Below average legroom (28 in)'", '"Carbon emissions estimate: 111 kg'"]",2026-09-12 18:52:25.880532
1713,1357,IndiGo,,6E 334,CCU,Netaji Subhash Chandra Bose International Airport,HYD,Rajiv Gandhi International Airport,2026-09-13 10:55:00,2026-09-13 13:15:00,140,Airbus A321neo,Economy,28 in,f,"['"Below average legroom (28 in)'", '"Carbon emissions estimate: 92 kg'"]",2026-09-12 18:52:35.83894
1714,1357,IndiGo,,6E 6329,HYD,Rajiv Gandhi International Airport,GOI,Goa Dabolim International Airport,2026-09-13 18:20:00,2026-09-13 19:35:00,75,Airbus A321neo,Economy,28 in,f,"['"Below average legroom (28 in)'", '"Carbon emissions estimate: 51 kg'"]",2026-09-12 18:52:35.83894
1715,1358,IndiGo,,6E 135,CCU,Netaji Subhash Chandra Bose International Airport,PNQ,Pune International Airport,2026-09-13 10:20:00,2026-09-13 12:55:00,155,Airbus A321neo,Economy,28 in,f,"['"Below average legroom (28 in)'", '"Carbon emissions estimate: 111 kg'"]",2026-09-12 18:52:35.842127
1716,1358,IndiGo,,6E 367,PNQ,Pune International Airport,GOI,Goa Dabolim International Airport,2026-09-13 13:55:00,2026-09-13 15:00:00,65,Airbus A320neo,Economy,28 in,f,"['"Below average legroom (28 in)'", '"Carbon emissions estimate: 44 kg'"]",2026-09-12 18:52:35.842127
1717,1359,IndiGo,,6E 6623,CCU,Netaji Subhash Chandra Bose International Airport,HYD,Rajiv Gandhi International Airport,2026-09-13 05:20:00,2026-09-13 07:30:00,130,Airbus A321neo,Economy,28 in,f,"['"Below average legroom (28 in)'", '"Carbon emissions estimate: 92 kg'"]",2026-09-12 18:52:35.845486
1718,1359,IndiGo,,6E 362,HYD,Rajiv Gandhi International Airport,GOI,Goa Dabolim International Airport,2026-09-13 11:20:00,2026-09-13 12:35:00,75,Airbus A320neo,Economy,28 in,f,"['"Below average legroom (28 in)'", '"Carbon emissions estimate: 55 kg'"]",2026-09-12 18:52:35.845486
1719,1360,IndiGo,,6E 6908,CCU,Netaji Subhash Chandra Bose International Airport,HYD,Rajiv Gandhi International Airport,2026-09-13 15:00:00,2026-09-13 17:10:00,130,Airbus A321neo,Economy,28 in,f,"['"Below average legroom (28 in)'", '"Carbon emissions estimate: 92 kg'"]",2026-09-12 18:52:35.848237
1720,1360,IndiGo,,6E 6329,HYD,Rajiv Gandhi International Airport,GOI,Goa Dabolim International Airport,2026-09-13 18:20:00,2026-09-13 19:35:00,75,Airbus A321neo,Economy,28 in,f,"['"Below average legroom (28 in)'", '"Carbon emissions estimate: 51 kg'"]",2026-09-12 18:52:35.848237
1721,1361,IndiGo,,6E 634,CCU,Netaji Subhash Chandra Bose International Airport,GOI,Goa Dabolim International Airport,2026-09-13 11:50:00,2026-09-13 14:35:00,165,Airbus A321neo,Economy,28 in,f,"['"Below average legroom (28 in)'", '"Carbon emissions estimate: 123 kg'"]",2026-09-12 18:52:35.850872
1722,1362,IndiGo,,6E 6513,CCU,Netaji Subhash Chandra Bose International Airport,HYD,Rajiv Gandhi International Airport,2026-09-13 08:40:00,2026-09-13 11:00:00,140,Airbus A321neo,Economy,28 in,f,"['"Below average legroom (28 in)'", '"Carbon emissions estimate: 92 kg'"]",2026-09-12 18:52:35.853132
1723,1362,IndiGo,,6E 121,HYD,Rajiv Gandhi International Airport,GOI,Goa Dabolim International Airport,2026-09-13 17:20:00,2026-09-13 18:35:00,75,Airbus A320neo,Economy,28 in,f,"['"Below average legroom (28 in)'", '"Carbon emissions estimate: 55 kg'"]",2026-09-12 18:52:35.853132
1724,1363,Air India,,AI 2644,CCU,Netaji Subhash Chandra Bose International Airport,BOM,Chhatrapati Shivaji Maharaj International Airport Mumbai,2026-09-13 06:55:00,2026-09-13 09:55:00,180,Airbus A320neo,Economy,28 in,f,"['"Below average legroom (28 in)'", '"In-seat USB outlet'", '"Stream media to your device'", '"Carbon emissions estimate: 137 kg'"]",2026-09-12 18:52:35.855787
1725,1363,Air India,,AI 2477,BOM,Chhatrapati Shivaji Maharaj International Airport Mumbai,GOI,Goa Dabolim International Airport,2026-09-13 13:05:00,2026-09-13 14:20:00,75,Airbus A320neo,Economy,31 in,f,"['"Average legroom (31 in)'", '"Stream media to your device'", '"Carbon emissions estimate: 79 kg'"]",2026-09-12 18:52:35.855787
1726,1364,IndiGo,,6E 334,CCU,Netaji Subhash Chandra Bose International Airport,HYD,Rajiv Gandhi International Airport,2026-09-13 10:55:00,2026-09-13 13:15:00,140,Airbus A321neo,Economy,28 in,f,"['"Below average legroom (28 in)'", '"Carbon emissions estimate: 92 kg'"]",2026-09-12 18:52:35.858413
1727,1364,IndiGo,,6E 121,HYD,Rajiv Gandhi International Airport,GOI,Goa Dabolim International Airport,2026-09-13 17:20:00,2026-09-13 18:35:00,75,Airbus A320neo,Economy,28 in,f,"['"Below average legroom (28 in)'", '"Carbon emissions estimate: 55 kg'"]",2026-09-12 18:52:35.858413
1728,1365,Air India,,AI 2472,CCU,Netaji Subhash Chandra Bose International Airport,BOM,Chhatrapati Shivaji Maharaj International Airport Mumbai,2026-09-13 15:10:00,2026-09-13 18:15:00,185,Airbus A320neo,Economy,28 in,f,"['"Below average legroom (28 in)'", '"In-seat USB outlet'", '"Stream media to your device'", '"Carbon emissions estimate: 137 kg'"]",2026-09-12 18:52:35.861564
1729,1365,Air India,,AI 2505,BOM,Chhatrapati Shivaji Maharaj International Airport Mumbai,GOI,Goa Dabolim International Airport,2026-09-13 19:20:00,2026-09-13 20:50:00,90,Airbus A320neo,Economy,28 in,f,"['"Below average legroom (28 in)'", '"In-seat USB outlet'", '"Stream media to your device'", '"Carbon emissions estimate: 55 kg'"]",2026-09-12 18:52:35.861564
1730,1366,IndiGo,,6E 6877,PNQ,Pune International Airport,BLR,Kempegowda International Airport Bengaluru,2026-09-13 05:00:00,2026-09-13 06:35:00,95,Airbus A321neo,Economy,28 in,f,"['"Below average legroom (28 in)'", '"Carbon emissions estimate: 63 kg'"]",2026-09-12 18:52:47.311298
1731,1367,Air India Express,,IX 2681,PNQ,Pune International Airport,BLR,Kempegowda International Airport Bengaluru,2026-09-13 00:05:00,2026-09-13 01:40:00,95,Boeing 737MAX 8 Passenger,Economy,30 in,f,"['"Average legroom (30 in)'", '"In-seat USB outlet'", '"Carbon emissions estimate: 78 kg'"]",2026-09-12 18:52:47.314985
1732,1368,Akasa Air,,QP 1312,PNQ,Pune International Airport,BLR,Kempegowda International Airport Bengaluru,2026-09-13 07:25:00,2026-09-13 09:10:00,105,Boeing 737MAX 8 Passenger,Economy,28 in,f,"['"Below average legroom (28 in)'", '"In-seat USB outlet'", '"Carbon emissions estimate: 65 kg'"]",2026-09-12 18:52:47.317883
1733,1369,IndiGo,,6E 361,PNQ,Pune International Airport,BLR,Kempegowda International Airport Bengaluru,2026-09-13 01:15:00,2026-09-13 02:55:00,100,Airbus A321neo,Economy,28 in,f,"['"Below average legroom (28 in)'", '"Carbon emissions estimate: 63 kg'"]",2026-09-12 18:52:47.320493
1734,1370,IndiGo,,6E 6564,PNQ,Pune International Airport,BLR,Kempegowda International Airport Bengaluru,2026-09-13 03:15:00,2026-09-13 04:55:00,100,Airbus A321neo,Economy,28 in,f,"['"Below average legroom (28 in)'", '"Carbon emissions estimate: 63 kg'"]",2026-09-12 18:52:47.323087
1735,1371,IndiGo,,6E 391,PNQ,Pune International Airport,BLR,Kempegowda International Airport Bengaluru,2026-09-13 06:40:00,2026-09-13 08:30:00,110,Airbus A321neo,Economy,28 in,f,"['"Below average legroom (28 in)'", '"Carbon emissions estimate: 63 kg'"]",2026-09-12 18:52:47.325395
1736,1372,IndiGo,,6E 174,PNQ,Pune International Airport,BLR,Kempegowda International Airport Bengaluru,2026-09-13 17:40:00,2026-09-13 19:30:00,110,Airbus A320neo,Economy,28 in,f,"['"Below average legroom (28 in)'", '"Carbon emissions estimate: 67 kg'"]",2026-09-12 18:52:47.327792
1737,1373,IndiGo,,6E 107,PNQ,Pune International Airport,BLR,Kempegowda International Airport Bengaluru,2026-09-13 20:55:00,2026-09-13 22:35:00,100,Airbus A321neo,Economy,28 in,f,"['"Below average legroom (28 in)'", '"Carbon emissions estimate: 63 kg'"]",2026-09-12 18:52:47.330198
1738,1374,IndiGo,,6E 6055,PNQ,Pune International Airport,BLR,Kempegowda International Airport Bengaluru,2026-09-13 23:50:00,2026-09-14 01:30:00,100,Airbus A321neo,Economy,28 in,f,"['"Below average legroom (28 in)'", '"Carbon emissions estimate: 63 kg'"]",2026-09-12 18:52:47.332447
1739,1375,Air India Express,,IX 2706,PNQ,Pune International Airport,BLR,Kempegowda International Airport Bengaluru,2026-09-13 05:40:00,2026-09-13 07:25:00,105,Airbus A320neo,Economy,28 in,f,"['"Below average legroom (28 in)'", '"In-seat USB outlet'", '"Carbon emissions estimate: 72 kg'"]",2026-09-12 18:52:47.334895
1740,1376,Air India Express,,IX 2718,PNQ,Pune International Airport,BLR,Kempegowda International Airport Bengaluru,2026-09-13 15:00:00,2026-09-13 16:40:00,100,Boeing 737MAX 8 Passenger,Economy,30 in,f,"['"Average legroom (30 in)'", '"In-seat USB outlet'", '"Carbon emissions estimate: 78 kg'"]",2026-09-12 18:52:47.337158
1741,1377,Air India Express,,IX 2874,PNQ,Pune International Airport,BLR,Kempegowda International Airport Bengaluru,2026-09-13 18:55:00,2026-09-13 20:40:00,105,Boeing 737MAX 8 Passenger,Economy,30 in,f,"['"Average legroom (30 in)'", '"In-seat USB outlet'", '"Carbon emissions estimate: 78 kg'"]",2026-09-12 18:52:47.339435
1742,1378,Air India Express,,IX 2839,PNQ,Pune International Airport,BLR,Kempegowda International Airport Bengaluru,2026-09-13 20:35:00,2026-09-13 22:25:00,110,Boeing 737MAX 8 Passenger,Economy,30 in,t,"['"Average legroom (30 in)'", '"In-seat USB outlet'", '"Carbon emissions estimate: 78 kg'"]",2026-09-12 18:52:47.341714
1743,1379,Akasa Air,,QP 1314,PNQ,Pune International Airport,BLR,Kempegowda International Airport Bengaluru,2026-09-13 12:30:00,2026-09-13 14:15:00,105,Boeing 737MAX 8 Passenger,Economy,28 in,f,"['"Below average legroom (28 in)'", '"In-seat USB outlet'", '"Carbon emissions estimate: 65 kg'"]",2026-09-12 18:52:47.344353
1744,1380,Akasa Air,,QP 1326,PNQ,Pune International Airport,BLR,Kempegowda International Airport Bengaluru,2026-09-13 13:00:00,2026-09-13 14:45:00,105,Boeing 737MAX 8 Passenger,Economy,28 in,f,"['"Below average legroom (28 in)'", '"In-seat USB outlet'", '"Carbon emissions estimate: 65 kg'"]",2026-09-12 18:52:47.34643
1745,1381,Akasa Air,,QP 1316,PNQ,Pune International Airport,BLR,Kempegowda International Airport Bengaluru,2026-09-13 17:35:00,2026-09-13 19:25:00,110,Boeing 737MAX 8 Passenger,Economy,28 in,f,"['"Below average legroom (28 in)'", '"In-seat USB outlet'", '"Carbon emissions estimate: 65 kg'"]",2026-09-12 18:52:47.348481
1746,1382,IndiGo,,6E 137,PNQ,Pune International Airport,BLR,Kempegowda International Airport Bengaluru,2026-09-13 16:55:00,2026-09-13 18:35:00,100,Airbus A320neo,Economy,28 in,f,"['"Below average legroom (28 in)'", '"Carbon emissions estimate: 67 kg'"]",2026-09-12 18:52:47.350528
1747,1383,IndiGo,,6E 302,PNQ,Pune International Airport,BLR,Kempegowda International Airport Bengaluru,2026-09-13 14:40:00,2026-09-13 16:20:00,100,Airbus A320neo,Economy,28 in,f,"['"Below average legroom (28 in)'", '"Carbon emissions estimate: 67 kg'"]",2026-09-12 18:52:47.353664
1748,1384,Air India Express,,IX 2660,PNQ,Pune International Airport,MAA,Chennai International Airport,2026-09-13 00:15:00,2026-09-13 02:10:00,115,Boeing 737MAX 8 Passenger,Economy,30 in,f,"['"Average legroom (30 in)'", '"In-seat USB outlet'", '"Carbon emissions estimate: 91 kg'"]",2026-09-12 18:52:47.356117
1749,1384,Air India Express,,IX 2975,MAA,Chennai International Airport,BLR,Kempegowda International Airport Bengaluru,2026-09-13 06:30:00,2026-09-13 07:50:00,80,Boeing 737MAX 8 Passenger,Economy,30 in,f,"['"Average legroom (30 in)'", '"In-seat USB outlet'", '"Carbon emissions estimate: 46 kg'"]",2026-09-12 18:52:47.356117
1750,1385,Air India,,AI 2712,PNQ,Pune International Airport,DEL,Indira Gandhi International Airport,2026-09-13 04:55:00,2026-09-13 07:15:00,140,Airbus A320neo,Economy,28 in,f,"['"Below average legroom (28 in)'", '"In-seat USB outlet'", '"Stream media to your device'", '"Carbon emissions estimate: 111 kg'"]",2026-09-12 18:52:52.783472
1751,1386,Air India,,AI 1838,PNQ,Pune International Airport,DEL,Indira Gandhi International Airport,2026-09-13 08:45:00,2026-09-13 11:10:00,145,Airbus A320neo,Economy,28 in,f,"['"Below average legroom (28 in)'", '"In-seat USB outlet'", '"Stream media to your device'", '"Carbon emissions estimate: 111 kg'"]",2026-09-12 18:52:52.786011
1752,1387,IndiGo,,6E 2418,PNQ,Pune International Airport,DEL,Indira Gandhi International Airport,2026-09-13 01:45:00,2026-09-13 04:00:00,135,Airbus A321neo,Economy,28 in,f,"['"Below average legroom (28 in)'", '"Carbon emissions estimate: 96 kg'"]",2026-09-12 18:52:52.788076
1753,1388,Air India,,AI 2608,PNQ,Pune International Airport,DEL,Indira Gandhi International Airport,2026-09-13 00:35:00,2026-09-13 03:00:00,145,Airbus A320neo,Economy,28 in,f,"['"Below average legroom (28 in)'", '"In-seat USB outlet'", '"Stream media to your device'", '"Carbon emissions estimate: 111 kg'"]",2026-09-12 18:52:52.791158
1754,1389,Air India,,AI 2404,PNQ,Pune International Airport,DEL,Indira Gandhi International Airport,2026-09-13 05:05:00,2026-09-13 07:30:00,145,Airbus A320neo,Economy,28 in,f,"['"Below average legroom (28 in)'", '"In-seat USB outlet'", '"Stream media to your device'", '"Carbon emissions estimate: 111 kg'"]",2026-09-12 18:52:52.793965
1755,1390,Air India,,AI 1804,PNQ,Pune International Airport,DEL,Indira Gandhi International Airport,2026-09-13 22:00:00,2026-09-14 00:25:00,145,Airbus A320neo,Economy,28 in,f,"['"Below average legroom (28 in)'", '"In-seat USB outlet'", '"Stream media to your device'", '"Carbon emissions estimate: 111 kg'"]",2026-09-12 18:52:52.796742
1756,1391,Air India,,AI 2470,PNQ,Pune International Airport,DEL,Indira Gandhi International Airport,2026-09-13 07:40:00,2026-09-13 10:05:00,145,Airbus A321,Economy,29 in,f,"['"Below average legroom (29 in)'", '"Wi-Fi for a fee'", '"In-seat power & USB outlets'", '"On-demand video'", '"Carbon emissions estimate: 141 kg'"]",2026-09-12 18:52:52.799324
1757,1392,Air India,,AI 1839,PNQ,Pune International Airport,DEL,Indira Gandhi International Airport,2026-09-13 15:50:00,2026-09-13 18:15:00,145,Airbus A320neo,Economy,28 in,f,"['"Below average legroom (28 in)'", '"In-seat USB outlet'", '"Stream media to your device'", '"Carbon emissions estimate: 111 kg'"]",2026-09-12 18:52:52.801818
1758,1393,Air India,,AI 2972,PNQ,Pune International Airport,DEL,Indira Gandhi International Airport,2026-09-13 18:45:00,2026-09-13 21:10:00,145,Airbus A320neo,Economy,28 in,f,"['"Below average legroom (28 in)'", '"In-seat USB outlet'", '"Stream media to your device'", '"Carbon emissions estimate: 111 kg'"]",2026-09-12 18:52:52.804447
1759,1394,Air India,,AI 2548,PNQ,Pune International Airport,DEL,Indira Gandhi International Airport,2026-09-13 20:30:00,2026-09-13 23:00:00,150,Airbus A320neo,Economy,28 in,f,"['"Below average legroom (28 in)'", '"In-seat USB outlet'", '"Stream media to your device'", '"Carbon emissions estimate: 111 kg'"]",2026-09-12 18:52:52.807213
1760,1395,IndiGo,,6E 5321,PNQ,Pune International Airport,DEL,Indira Gandhi International Airport,2026-09-13 00:15:00,2026-09-13 02:30:00,135,Airbus A321neo,Economy,28 in,f,"['"Below average legroom (28 in)'", '"Carbon emissions estimate: 93 kg'"]",2026-09-12 18:52:52.809735
1761,1396,IndiGo,,6E 2419,PNQ,Pune International Airport,DEL,Indira Gandhi International Airport,2026-09-13 05:05:00,2026-09-13 07:15:00,130,Airbus A321neo,Economy,28 in,f,"['"Below average legroom (28 in)'", '"Carbon emissions estimate: 96 kg'"]",2026-09-12 18:52:52.812327
1762,1397,IndiGo,,6E 2375,PNQ,Pune International Airport,DEL,Indira Gandhi International Airport,2026-09-13 07:25:00,2026-09-13 09:40:00,135,Airbus A321neo,Economy,28 in,f,"['"Below average legroom (28 in)'", '"Carbon emissions estimate: 93 kg'"]",2026-09-12 18:52:52.814663
1763,1398,IndiGo,,6E 2624,PNQ,Pune International Airport,DEL,Indira Gandhi International Airport,2026-09-13 21:00:00,2026-09-13 23:15:00,135,Airbus A321neo,Economy,28 in,f,"['"Below average legroom (28 in)'", '"Carbon emissions estimate: 96 kg'"]",2026-09-12 18:52:52.818045
1764,1399,IndiGo,,6E 2661,PNQ,Pune International Airport,DEL,Indira Gandhi International Airport,2026-09-13 08:50:00,2026-09-13 11:05:00,135,Airbus A321neo,Economy,28 in,f,"['"Below average legroom (28 in)'", '"Carbon emissions estimate: 96 kg'"]",2026-09-12 18:52:52.821198
1765,1400,IndiGo,,6E 2126,PNQ,Pune International Airport,DEL,Indira Gandhi International Airport,2026-09-13 19:10:00,2026-09-13 21:25:00,135,Airbus A321neo,Economy,28 in,f,"['"Below average legroom (28 in)'", '"Carbon emissions estimate: 96 kg'"]",2026-09-12 18:52:52.823401
1766,1401,Air India Express,,IX 1672,PNQ,Pune International Airport,DEL,Indira Gandhi International Airport,2026-09-13 07:40:00,2026-09-13 10:10:00,150,Boeing 737MAX 8 Passenger,Economy,30 in,f,"['"Average legroom (30 in)'", '"In-seat USB outlet'", '"Carbon emissions estimate: 113 kg'"]",2026-09-12 18:52:52.825602
1767,1402,Air India Express,,IX 1231,PNQ,Pune International Airport,DEL,Indira Gandhi International Airport,2026-09-13 18:50:00,2026-09-13 21:20:00,150,Boeing 737MAX 8 Passenger,Economy,30 in,f,"['"Average legroom (30 in)'", '"In-seat USB outlet'", '"Carbon emissions estimate: 113 kg'"]",2026-09-12 18:52:52.827827
1768,1403,SpiceJet,,SG 937,PNQ,Pune International Airport,DEL,Indira Gandhi International Airport,2026-09-13 05:55:00,2026-09-13 08:30:00,155,Boeing 737,Economy,29 in,f,"['"Below average legroom (29 in)'", '"Stream media to your device'", '"Carbon emissions estimate: 112 kg'"]",2026-09-12 18:52:52.830196
1769,1404,Akasa Air,,QP 1607,PNQ,Pune International Airport,DEL,Indira Gandhi International Airport,2026-09-13 07:50:00,2026-09-13 10:10:00,140,Boeing 737MAX 8 Passenger,Economy,28 in,f,"['"Below average legroom (28 in)'", '"In-seat USB outlet'", '"Carbon emissions estimate: 94 kg'"]",2026-09-12 18:52:52.832381
1770,1405,Akasa Air,,QP 1810,PNQ,Pune International Airport,DEL,Indira Gandhi International Airport,2026-09-13 21:05:00,2026-09-13 23:30:00,145,Boeing 737MAX 8 Passenger,Economy,28 in,f,"['"Below average legroom (28 in)'", '"In-seat USB outlet'", '"Carbon emissions estimate: 98 kg'"]",2026-09-12 18:52:52.83467
1771,1406,IndiGo,,6E 2285,PNQ,Pune International Airport,DEL,Indira Gandhi International Airport,2026-09-13 14:45:00,2026-09-13 17:00:00,135,Airbus A321neo,Economy,28 in,t,"['"Below average legroom (28 in)'", '"Carbon emissions estimate: 96 kg'"]",2026-09-12 18:52:52.836987
1772,1407,IndiGo,,6E 6431,PNQ,Pune International Airport,DEL,Indira Gandhi International Airport,2026-09-13 12:25:00,2026-09-13 14:40:00,135,Airbus A321neo,Economy,28 in,f,"['"Below average legroom (28 in)'", '"Carbon emissions estimate: 96 kg'"]",2026-09-12 18:52:52.839078
1773,1408,Akasa Air,,QP 1872,PNQ,Pune International Airport,DEL,Indira Gandhi International Airport,2026-09-13 14:05:00,2026-09-13 16:25:00,140,Boeing 737MAX 8 Passenger,Economy,28 in,f,"['"Below average legroom (28 in)'", '"In-seat USB outlet'", '"Carbon emissions estimate: 94 kg'"]",2026-09-12 18:52:52.841187
1774,1409,Air India Express,,IX 2660,PNQ,Pune International Airport,MAA,Chennai International Airport,2026-09-13 00:15:00,2026-09-13 02:10:00,115,Boeing 737,Economy,30 in,f,"['"Average legroom (30 in)'", '"In-seat USB outlet'", '"Carbon emissions estimate: 91 kg'"]",2026-09-12 18:53:08.151849
1775,1409,Air India,,AI 2828,MAA,Chennai International Airport,BOM,Chhatrapati Shivaji Maharaj International Airport Mumbai,2026-09-13 05:55:00,2026-09-13 08:15:00,140,Airbus A320neo,Economy,28 in,f,"['"Below average legroom (28 in)'", '"In-seat USB outlet'", '"Stream media to your device'", '"Carbon emissions estimate: 95 kg'"]",2026-09-12 18:53:08.151849
1776,1410,Air India,,AI 2608,PNQ,Pune International Airport,DEL,Indira Gandhi International Airport,2026-09-13 00:35:00,2026-09-13 03:00:00,145,Airbus A320neo,Economy,28 in,f,"['"Below average legroom (28 in)'", '"In-seat USB outlet'", '"Stream media to your device'", '"Carbon emissions estimate: 111 kg'"]",2026-09-12 18:53:08.15511
1777,1410,Air India,,AI 1745,DEL,Indira Gandhi International Airport,BOM,Chhatrapati Shivaji Maharaj International Airport Mumbai,2026-09-13 05:00:00,2026-09-13 07:20:00,140,Airbus A320neo,Economy,28 in,f,"['"Below average legroom (28 in)'", '"In-seat USB outlet'", '"Stream media to your device'", '"Carbon emissions estimate: 102 kg'"]",2026-09-12 18:53:08.15511
1778,1411,Air India,,AI 2404,PNQ,Pune International Airport,DEL,Indira Gandhi International Airport,2026-09-13 05:05:00,2026-09-13 07:30:00,145,Airbus A320neo,Economy,28 in,f,"['"Below average legroom (28 in)'", '"In-seat USB outlet'", '"Stream media to your device'", '"Carbon emissions estimate: 111 kg'"]",2026-09-12 18:53:08.158461
1779,1411,Air India,,AI 2678,DEL,Indira Gandhi International Airport,BOM,Chhatrapati Shivaji Maharaj International Airport Mumbai,2026-09-13 08:30:00,2026-09-13 10:45:00,135,Airbus A320neo,Economy,28 in,f,"['"Below average legroom (28 in)'", '"In-seat USB outlet'", '"Stream media to your device'", '"Carbon emissions estimate: 102 kg'"]",2026-09-12 18:53:08.158461
1780,1412,Air India Express,,IX 2706,PNQ,Pune International Airport,BLR,Kempegowda International Airport Bengaluru,2026-09-13 05:40:00,2026-09-13 07:25:00,105,Airbus A320,Economy,28 in,f,"['"Below average legroom (28 in)'", '"In-seat USB outlet'", '"Carbon emissions estimate: 72 kg'"]",2026-09-12 18:53:08.162426
1781,1412,Air India,,AI 2411,BLR,Kempegowda International Airport Bengaluru,BOM,Chhatrapati Shivaji Maharaj International Airport Mumbai,2026-09-13 08:20:00,2026-09-13 10:20:00,120,Airbus A321,Economy,29 in,f,"['"Below average legroom (29 in)'", '"Wi-Fi for a fee'", '"In-seat power & USB outlets'", '"On-demand video'", '"Carbon emissions estimate: 105 kg'"]",2026-09-12 18:53:08.162426
1782,1413,Air India Express,,IX 1236,PNQ,Pune International Airport,IDR,"Devi Ahilyabai Holkar International Airport, Indore",2026-09-13 08:10:00,2026-09-13 09:55:00,105,Boeing 737,Economy,30 in,f,"['"Average legroom (30 in)'", '"In-seat USB outlet'", '"Carbon emissions estimate: 62 kg'"]",2026-09-12 18:53:08.165674
1783,1413,Air India,,AI 1780,IDR,"Devi Ahilyabai Holkar International Airport, Indore",BOM,Chhatrapati Shivaji Maharaj International Airport Mumbai,2026-09-13 18:25:00,2026-09-13 20:00:00,95,Airbus A320neo,Economy,28 in,f,"['"Below average legroom (28 in)'", '"In-seat USB outlet'", '"Stream media to your device'", '"Carbon emissions estimate: 62 kg'"]",2026-09-12 18:53:08.165674
1784,1414,Air India,,AI 1838,PNQ,Pune International Airport,DEL,Indira Gandhi International Airport,2026-09-13 08:45:00,2026-09-13 11:10:00,145,Airbus A320neo,Economy,28 in,f,"['"Below average legroom (28 in)'", '"In-seat USB outlet'", '"Stream media to your device'", '"Carbon emissions estimate: 111 kg'"]",2026-09-12 18:53:08.16889
1785,1414,Air India,,AI 2957,DEL,Indira Gandhi International Airport,BOM,Chhatrapati Shivaji Maharaj International Airport Mumbai,2026-09-13 20:30:00,2026-09-13 23:05:00,155,Airbus A320neo,Economy,28 in,f,"['"Below average legroom (28 in)'", '"In-seat USB outlet'", '"Stream media to your device'", '"Carbon emissions estimate: 102 kg'"]",2026-09-12 18:53:08.16889
1786,1415,Air India Express,,IX 2718,PNQ,Pune International Airport,BLR,Kempegowda International Airport Bengaluru,2026-09-13 15:00:00,2026-09-13 16:40:00,100,Boeing 737,Economy,30 in,f,"['"Average legroom (30 in)'", '"In-seat USB outlet'", '"Carbon emissions estimate: 78 kg'"]",2026-09-12 18:53:08.172048
1787,1415,Air India,,AI 2854,BLR,Kempegowda International Airport Bengaluru,BOM,Chhatrapati Shivaji Maharaj International Airport Mumbai,2026-09-13 18:05:00,2026-09-13 20:05:00,120,Airbus A320neo,Economy,28 in,f,"['"Below average legroom (28 in)'", '"In-seat USB outlet'", '"Stream media to your device'", '"Carbon emissions estimate: 83 kg'"]",2026-09-12 18:53:08.172048
1788,1416,Air India Express,,IX 2874,PNQ,Pune International Airport,BLR,Kempegowda International Airport Bengaluru,2026-09-13 18:55:00,2026-09-13 20:40:00,105,Boeing 737,Economy,30 in,f,"['"Average legroom (30 in)'", '"In-seat USB outlet'", '"Carbon emissions estimate: 78 kg'"]",2026-09-12 18:53:08.175094
1789,1416,Air India,,AI 2642,BLR,Kempegowda International Airport Bengaluru,BOM,Chhatrapati Shivaji Maharaj International Airport Mumbai,2026-09-13 21:30:00,2026-09-13 23:35:00,125,Airbus A320neo,Economy,28 in,f,"['"Below average legroom (28 in)'", '"In-seat USB outlet'", '"Stream media to your device'", '"Carbon emissions estimate: 83 kg'"]",2026-09-12 18:53:08.175094
1790,1417,Air India Express,,IX 2839,PNQ,Pune International Airport,BLR,Kempegowda International Airport Bengaluru,2026-09-13 20:35:00,2026-09-13 22:25:00,110,Boeing 737,Economy,30 in,t,"['"Average legroom (30 in)'", '"In-seat USB outlet'", '"Carbon emissions estimate: 78 kg'"]",2026-09-12 18:53:08.178015
1791,1417,Air India,,AI 2811,BLR,Kempegowda International Airport Bengaluru,BOM,Chhatrapati Shivaji Maharaj International Airport Mumbai,2026-09-13 23:40:00,2026-09-14 01:45:00,125,Airbus A320neo,Economy,28 in,f,"['"Below average legroom (28 in)'", '"In-seat USB outlet'", '"Stream media to your device'", '"Carbon emissions estimate: 83 kg'"]",2026-09-12 18:53:08.178015
1792,1418,Air India,,AI 1804,PNQ,Pune International Airport,DEL,Indira Gandhi International Airport,2026-09-13 22:00:00,2026-09-14 00:25:00,145,Airbus A320neo,Economy,28 in,f,"['"Below average legroom (28 in)'", '"In-seat USB outlet'", '"Stream media to your device'", '"Carbon emissions estimate: 111 kg'"]",2026-09-12 18:53:08.183239
1793,1418,Air India,,AI 1745,DEL,Indira Gandhi International Airport,BOM,Chhatrapati Shivaji Maharaj International Airport Mumbai,2026-09-14 05:00:00,2026-09-14 07:20:00,140,Airbus A320neo,Economy,28 in,f,"['"Below average legroom (28 in)'", '"In-seat USB outlet'", '"Stream media to your device'", '"Carbon emissions estimate: 102 kg'"]",2026-09-12 18:53:08.183239
1795,1420,IndiGo,,6E 336,PNQ,Pune International Airport,HYD,Rajiv Gandhi International Airport,2026-09-13 01:50:00,2026-09-13 03:10:00,80,Airbus A321neo,Economy,28 in,f,"['"Below average legroom (28 in)'", '"Carbon emissions estimate: 50 kg'"]",2026-09-12 18:53:11.564245
1796,1421,IndiGo,,6E 103,PNQ,Pune International Airport,HYD,Rajiv Gandhi International Airport,2026-09-13 22:20:00,2026-09-13 23:40:00,80,Airbus A321neo,Economy,28 in,f,"['"Below average legroom (28 in)'", '"Carbon emissions estimate: 50 kg'"]",2026-09-12 18:53:11.566943
1797,1422,IndiGo,,6E 6473,PNQ,Pune International Airport,HYD,Rajiv Gandhi International Airport,2026-09-13 12:40:00,2026-09-13 14:10:00,90,Airbus A321neo,Economy,28 in,f,"['"Below average legroom (28 in)'", '"Carbon emissions estimate: 50 kg'"]",2026-09-12 18:53:11.569855
1798,1423,IndiGo,,6E 577,PNQ,Pune International Airport,HYD,Rajiv Gandhi International Airport,2026-09-13 18:30:00,2026-09-13 19:50:00,80,Airbus A320neo,Economy,28 in,f,"['"Below average legroom (28 in)'", '"Carbon emissions estimate: 54 kg'"]",2026-09-12 18:53:11.572496
1799,1424,IndiGo,,6E 407,PNQ,Pune International Airport,HYD,Rajiv Gandhi International Airport,2026-09-13 14:50:00,2026-09-13 16:05:00,75,Airbus A320neo,Economy,28 in,f,"['"Below average legroom (28 in)'", '"Carbon emissions estimate: 54 kg'"]",2026-09-12 18:53:11.575083
1800,1425,IndiGo,,6E 352,PNQ,Pune International Airport,HYD,Rajiv Gandhi International Airport,2026-09-13 06:25:00,2026-09-13 07:50:00,85,Airbus A321neo,Economy,28 in,f,"['"Below average legroom (28 in)'", '"Carbon emissions estimate: 50 kg'"]",2026-09-12 18:53:11.577532
1801,1426,Air India,,AI 2972,PNQ,Pune International Airport,DEL,Indira Gandhi International Airport,2026-09-13 18:45:00,2026-09-13 21:10:00,145,Airbus A320neo,Economy,28 in,f,"['"Below average legroom (28 in)'", '"In-seat USB outlet'", '"Stream media to your device'", '"Carbon emissions estimate: 111 kg'"]",2026-09-12 18:53:11.58004
1802,1426,Air India,,AI 2449,DEL,Indira Gandhi International Airport,HYD,Rajiv Gandhi International Airport,2026-09-13 22:00:00,2026-09-14 00:20:00,140,Airbus A320neo,Economy,28 in,f,"['"Below average legroom (28 in)'", '"In-seat USB outlet'", '"Stream media to your device'", '"Carbon emissions estimate: 114 kg'"]",2026-09-12 18:53:11.58004
1803,1427,IndiGo,,6E 6745,PNQ,Pune International Airport,MAA,Chennai International Airport,2026-09-13 00:45:00,2026-09-13 02:35:00,110,Airbus A321neo,Economy,28 in,f,"['"Below average legroom (28 in)'", '"Carbon emissions estimate: 74 kg'"]",2026-09-12 18:53:19.464758
1804,1428,IndiGo,,6E 159,PNQ,Pune International Airport,MAA,Chennai International Airport,2026-09-13 05:30:00,2026-09-13 07:20:00,110,Airbus A320neo,Economy,28 in,f,"['"Below average legroom (28 in)'", '"Carbon emissions estimate: 79 kg'"]",2026-09-12 18:53:19.466899
1805,1429,Air India Express,,IX 2660,PNQ,Pune International Airport,MAA,Chennai International Airport,2026-09-13 00:15:00,2026-09-13 02:10:00,115,Boeing 737MAX 8 Passenger,Economy,30 in,f,"['"Average legroom (30 in)'", '"In-seat USB outlet'", '"Carbon emissions estimate: 91 kg'"]",2026-09-12 18:53:19.468755
1806,1430,IndiGo,,6E 238,PNQ,Pune International Airport,MAA,Chennai International Airport,2026-09-13 22:45:00,2026-09-14 00:35:00,110,Airbus A320neo,Economy,28 in,f,"['"Below average legroom (28 in)'", '"Carbon emissions estimate: 79 kg'"]",2026-09-12 18:53:19.470488
1807,1431,IndiGo,,6E 6714,PNQ,Pune International Airport,MAA,Chennai International Airport,2026-09-13 19:00:00,2026-09-13 20:45:00,105,Airbus A321neo,Economy,28 in,f,"['"Below average legroom (28 in)'", '"Carbon emissions estimate: 74 kg'"]",2026-09-12 18:53:19.472118
1808,1432,IndiGo,,6E 625,PNQ,Pune International Airport,MAA,Chennai International Airport,2026-09-13 13:35:00,2026-09-13 15:30:00,115,Airbus A321neo,Economy,28 in,f,"['"Below average legroom (28 in)'", '"Carbon emissions estimate: 74 kg'"]",2026-09-12 18:53:19.473703
1809,1433,IndiGo,,6E 352,PNQ,Pune International Airport,HYD,Rajiv Gandhi International Airport,2026-09-13 06:25:00,2026-09-13 07:50:00,85,Airbus A321neo,Economy,28 in,f,"['"Below average legroom (28 in)'", '"Carbon emissions estimate: 50 kg'"]",2026-09-12 18:53:19.475301
1810,1433,IndiGo,,6E 6151,HYD,Rajiv Gandhi International Airport,MAA,Chennai International Airport,2026-09-13 10:00:00,2026-09-13 11:20:00,80,Airbus A321neo,Economy,28 in,f,"['"Below average legroom (28 in)'", '"Carbon emissions estimate: 51 kg'"]",2026-09-12 18:53:19.475301
1811,1434,IndiGo,,6E 391,PNQ,Pune International Airport,BLR,Kempegowda International Airport Bengaluru,2026-09-13 06:40:00,2026-09-13 08:30:00,110,Airbus A321neo,Economy,28 in,f,"['"Below average legroom (28 in)'", '"Carbon emissions estimate: 63 kg'"]",2026-09-12 18:53:19.477358
1812,1434,IndiGo,,6E 904,BLR,Kempegowda International Airport Bengaluru,MAA,Chennai International Airport,2026-09-13 10:50:00,2026-09-13 11:45:00,55,Airbus A321neo,Economy,28 in,f,"['"Below average legroom (28 in)'", '"Carbon emissions estimate: 35 kg'"]",2026-09-12 18:53:19.477358
1813,1435,Air India Express,,IX 2874,PNQ,Pune International Airport,BLR,Kempegowda International Airport Bengaluru,2026-09-13 18:55:00,2026-09-13 20:40:00,105,Boeing 737,Economy,30 in,f,"['"Average legroom (30 in)'", '"In-seat USB outlet'", '"Carbon emissions estimate: 78 kg'"]",2026-09-12 18:53:19.479898
1814,1435,Air India Express,,IX 2505,BLR,Kempegowda International Airport Bengaluru,MAA,Chennai International Airport,2026-09-14 14:45:00,2026-09-14 15:55:00,70,Boeing 737,Economy,30 in,f,"['"Average legroom (30 in)'", '"In-seat USB outlet'", '"Carbon emissions estimate: 45 kg'"]",2026-09-12 18:53:19.479898
1815,1436,IndiGo,,6E 6921,PNQ,Pune International Airport,CCU,Netaji Subhash Chandra Bose International Airport,2026-09-13 23:45:00,2026-09-14 02:20:00,155,Airbus A321neo,Economy,28 in,f,"['"Below average legroom (28 in)'", '"Carbon emissions estimate: 113 kg'"]",2026-09-12 18:53:27.825558
1816,1437,IndiGo,,6E 6359,PNQ,Pune International Airport,CCU,Netaji Subhash Chandra Bose International Airport,2026-09-13 05:35:00,2026-09-13 08:10:00,155,Airbus A320neo,Economy,28 in,f,"['"Below average legroom (28 in)'", '"Carbon emissions estimate: 120 kg'"]",2026-09-12 18:53:27.828525
1817,1438,IndiGo,,6E 6561,PNQ,Pune International Airport,CCU,Netaji Subhash Chandra Bose International Airport,2026-09-13 17:40:00,2026-09-13 20:10:00,150,Airbus A321neo,Economy,28 in,t,"['"Below average legroom (28 in)'", '"Carbon emissions estimate: 113 kg'"]",2026-09-12 18:53:27.831636
1818,1439,Akasa Air,,QP 1563,PNQ,Pune International Airport,CCU,Netaji Subhash Chandra Bose International Airport,2026-09-13 16:50:00,2026-09-13 19:40:00,170,Boeing 737MAX 8 Passenger,Economy,28 in,f,"['"Below average legroom (28 in)'", '"In-seat USB outlet'", '"Carbon emissions estimate: 118 kg'"]",2026-09-12 18:53:27.834961
1819,1440,IndiGo,,6E 577,PNQ,Pune International Airport,HYD,Rajiv Gandhi International Airport,2026-09-13 18:30:00,2026-09-13 19:50:00,80,Airbus A320neo,Economy,28 in,f,"['"Below average legroom (28 in)'", '"Carbon emissions estimate: 54 kg'"]",2026-09-12 18:53:27.837833
1820,1440,IndiGo,,6E 944,HYD,Rajiv Gandhi International Airport,CCU,Netaji Subhash Chandra Bose International Airport,2026-09-13 21:15:00,2026-09-13 23:25:00,130,Airbus A321neo,Economy,28 in,f,"['"Below average legroom (28 in)'", '"Carbon emissions estimate: 92 kg'"]",2026-09-12 18:53:27.837833
1821,1441,IndiGo,,6E 6798,PNQ,Pune International Airport,NAG,Dr. Babasaheb Ambedkar International Airport,2026-09-13 23:55:00,2026-09-14 01:20:00,85,Airbus A320neo,Economy,28 in,f,"['"Below average legroom (28 in)'", '"Carbon emissions estimate: 60 kg'"]",2026-09-12 18:53:27.841246
1822,1441,IndiGo,,6E 812,NAG,Dr. Babasaheb Ambedkar International Airport,CCU,Netaji Subhash Chandra Bose International Airport,2026-09-14 07:05:00,2026-09-14 08:50:00,105,Airbus A320neo,Economy,28 in,f,"['"Below average legroom (28 in)'", '"Carbon emissions estimate: 81 kg'"]",2026-09-12 18:53:27.841246
1823,1442,IndiGo,,6E 336,PNQ,Pune International Airport,HYD,Rajiv Gandhi International Airport,2026-09-13 01:50:00,2026-09-13 03:10:00,80,Airbus A321neo,Economy,28 in,f,"['"Below average legroom (28 in)'", '"Carbon emissions estimate: 50 kg'"]",2026-09-12 18:53:27.845111
1824,1442,IndiGo,,6E 6494,HYD,Rajiv Gandhi International Airport,CCU,Netaji Subhash Chandra Bose International Airport,2026-09-13 05:55:00,2026-09-13 08:05:00,130,Airbus A321neo,Economy,28 in,f,"['"Below average legroom (28 in)'", '"Carbon emissions estimate: 92 kg'"]",2026-09-12 18:53:27.845111
1825,1443,IndiGo,,6E 352,PNQ,Pune International Airport,HYD,Rajiv Gandhi International Airport,2026-09-13 06:25:00,2026-09-13 07:50:00,85,Airbus A321neo,Economy,28 in,f,"['"Below average legroom (28 in)'", '"Carbon emissions estimate: 50 kg'"]",2026-09-12 18:53:27.847926
1826,1443,IndiGo,,6E 6907,HYD,Rajiv Gandhi International Airport,CCU,Netaji Subhash Chandra Bose International Airport,2026-09-13 14:00:00,2026-09-13 16:20:00,140,Airbus A321neo,Economy,28 in,f,"['"Below average legroom (28 in)'", '"Carbon emissions estimate: 92 kg'"]",2026-09-12 18:53:27.847926
1827,1444,Air India,,AI 1804,PNQ,Pune International Airport,DEL,Indira Gandhi International Airport,2026-09-13 22:00:00,2026-09-14 00:25:00,145,Airbus A320neo,Economy,28 in,f,"['"Below average legroom (28 in)'", '"In-seat USB outlet'", '"Stream media to your device'", '"Carbon emissions estimate: 111 kg'"]",2026-09-12 18:53:27.851298
1828,1444,Air India,,AI 2702,DEL,Indira Gandhi International Airport,CCU,Netaji Subhash Chandra Bose International Airport,2026-09-14 02:30:00,2026-09-14 04:50:00,140,Airbus A320neo,Economy,28 in,f,"['"Below average legroom (28 in)'", '"In-seat USB outlet'", '"Stream media to your device'", '"Carbon emissions estimate: 114 kg'"]",2026-09-12 18:53:27.851298
1829,1445,Air India Express,,IX 1249,PNQ,Pune International Airport,IXB,Bagdogra Airport,2026-09-13 13:15:00,2026-09-13 16:15:00,180,Airbus A320,Economy,28 in,f,"['"Below average legroom (28 in)'", '"In-seat USB outlet'", '"Carbon emissions estimate: 144 kg'"]",2026-09-12 18:53:27.853628
1830,1445,Air India Express,,IX 1249,IXB,Bagdogra Airport,CCU,Netaji Subhash Chandra Bose International Airport,2026-09-13 17:05:00,2026-09-13 18:15:00,70,Airbus A320,Economy,28 in,f,"['"Below average legroom (28 in)'", '"In-seat USB outlet'", '"Carbon emissions estimate: 57 kg'"]",2026-09-12 18:53:27.853628
1831,1446,IndiGo,,6E 547,PNQ,Pune International Airport,AMD,Sardar Vallabhbhai Patel International Airport,2026-09-13 22:40:00,2026-09-14 00:00:00,80,Airbus A320neo,Economy,28 in,f,"['"Below average legroom (28 in)'", '"Carbon emissions estimate: 56 kg'"]",2026-09-12 18:53:31.149738
1832,1447,Akasa Air,,QP 1918,PNQ,Pune International Airport,AMD,Sardar Vallabhbhai Patel International Airport,2026-09-13 22:50:00,2026-09-14 00:15:00,85,Boeing 737MAX 8 Passenger,Economy,28 in,f,"['"Below average legroom (28 in)'", '"In-seat USB outlet'", '"Carbon emissions estimate: 53 kg'"]",2026-09-12 18:53:31.152778
1833,1448,IndiGo,,6E 2155,PNQ,Pune International Airport,AMD,Sardar Vallabhbhai Patel International Airport,2026-09-13 08:55:00,2026-09-13 10:05:00,70,Airbus A320neo,Economy,28 in,f,"['"Below average legroom (28 in)'", '"Carbon emissions estimate: 56 kg'"]",2026-09-12 18:53:31.155226
1834,1449,IndiGo,,6E 819,PNQ,Pune International Airport,AMD,Sardar Vallabhbhai Patel International Airport,2026-09-13 04:40:00,2026-09-13 06:10:00,90,Airbus A321neo,Economy,28 in,f,"['"Below average legroom (28 in)'", '"Carbon emissions estimate: 52 kg'"]",2026-09-12 18:53:31.158047
1835,1450,IndiGo,,6E 6553,PNQ,Pune International Airport,AMD,Sardar Vallabhbhai Patel International Airport,2026-09-13 15:50:00,2026-09-13 17:15:00,85,Airbus A321neo,Economy,28 in,f,"['"Below average legroom (28 in)'", '"Carbon emissions estimate: 52 kg'"]",2026-09-12 18:53:31.161379
1836,1451,IndiGo,,6E 284,PNQ,Pune International Airport,IDR,"Devi Ahilyabai Holkar International Airport, Indore",2026-09-13 05:20:00,2026-09-13 06:40:00,80,Airbus A320neo,Economy,28 in,f,"['"Below average legroom (28 in)'", '"Carbon emissions estimate: 53 kg'"]",2026-09-12 18:53:31.164251
1837,1451,IndiGo,,6E 7174,IDR,"Devi Ahilyabai Holkar International Airport, Indore",AMD,Sardar Vallabhbhai Patel International Airport,2026-09-13 08:45:00,2026-09-13 09:55:00,70,ATR 72,Economy,28 in,f,"['"Below average legroom (28 in)'", '"Carbon emissions estimate: 39 kg'"]",2026-09-12 18:53:31.164251
1838,1452,Akasa Air,,QP 1916,PNQ,Pune International Airport,AMD,Sardar Vallabhbhai Patel International Airport,2026-09-13 17:55:00,2026-09-13 19:20:00,85,Boeing 737MAX 8 Passenger,Economy,28 in,f,"['"Below average legroom (28 in)'", '"In-seat USB outlet'", '"Carbon emissions estimate: 53 kg'"]",2026-09-12 18:53:31.167325
1839,1453,Air India,,AI 2972,PNQ,Pune International Airport,DEL,Indira Gandhi International Airport,2026-09-13 18:45:00,2026-09-13 21:10:00,145,Airbus A320neo,Economy,28 in,f,"['"Below average legroom (28 in)'", '"In-seat USB outlet'", '"Stream media to your device'", '"Carbon emissions estimate: 111 kg'"]",2026-09-12 18:53:31.16977
1840,1453,Air India,,AI 2909,DEL,Indira Gandhi International Airport,AMD,Sardar Vallabhbhai Patel International Airport,2026-09-13 22:30:00,2026-09-14 00:15:00,105,Airbus A320neo,Business Class,,f,"['"Extra reclining seat'", '"In-seat power & USB outlets'", '"Stream media to your device'", '"Carbon emissions estimate: 115 kg'"]",2026-09-12 18:53:31.16977
1841,1454,IndiGo,,6E 302,PNQ,Pune International Airport,BLR,Kempegowda International Airport Bengaluru,2026-09-13 14:40:00,2026-09-13 16:20:00,100,Airbus A320neo,Economy,28 in,f,"['"Below average legroom (28 in)'", '"Carbon emissions estimate: 67 kg'"]",2026-09-12 18:53:38.770634
1842,1454,IndiGo,,6E 144,BLR,Kempegowda International Airport Bengaluru,COK,Cochin International Airport,2026-09-13 18:00:00,2026-09-13 19:05:00,65,Airbus A321neo,Economy,28 in,f,"['"Below average legroom (28 in)'", '"Carbon emissions estimate: 41 kg'"]",2026-09-12 18:53:38.770634
1843,1455,IndiGo,,6E 6129,PNQ,Pune International Airport,COK,Cochin International Airport,2026-09-13 03:05:00,2026-09-13 04:50:00,105,Airbus A320neo,Economy,28 in,f,"['"Below average legroom (28 in)'", '"Carbon emissions estimate: 80 kg'"]",2026-09-12 18:53:38.773233
1844,1456,Air India Express,,IX 2739,PNQ,Pune International Airport,COK,Cochin International Airport,2026-09-13 01:35:00,2026-09-13 03:30:00,115,Boeing 737,Economy,29 in,f,"['"Below average legroom (29 in)'", '"Carbon emissions estimate: 109 kg'"]",2026-09-12 18:53:38.775905
1845,1457,IndiGo,,6E 336,PNQ,Pune International Airport,HYD,Rajiv Gandhi International Airport,2026-09-13 01:50:00,2026-09-13 03:10:00,80,Airbus A321neo,Economy,28 in,f,"['"Below average legroom (28 in)'", '"Carbon emissions estimate: 50 kg'"]",2026-09-12 18:53:38.778975
1846,1457,IndiGo,,6E 752,HYD,Rajiv Gandhi International Airport,COK,Cochin International Airport,2026-09-13 07:20:00,2026-09-13 09:00:00,100,Airbus A321neo,Economy,28 in,f,"['"Below average legroom (28 in)'", '"Carbon emissions estimate: 67 kg'"]",2026-09-12 18:53:38.778975
1847,1458,IndiGo,,6E 391,PNQ,Pune International Airport,BLR,Kempegowda International Airport Bengaluru,2026-09-13 06:40:00,2026-09-13 08:30:00,110,Airbus A321neo,Economy,28 in,f,"['"Below average legroom (28 in)'", '"Carbon emissions estimate: 63 kg'"]",2026-09-12 18:53:38.781988
1848,1458,IndiGo,,6E 6445,BLR,Kempegowda International Airport Bengaluru,COK,Cochin International Airport,2026-09-13 10:25:00,2026-09-13 11:30:00,65,Airbus A321neo,Economy,28 in,f,"['"Below average legroom (28 in)'", '"Carbon emissions estimate: 41 kg'"]",2026-09-12 18:53:38.781988
1849,1459,IndiGo,,6E 137,PNQ,Pune International Airport,BLR,Kempegowda International Airport Bengaluru,2026-09-13 16:55:00,2026-09-13 18:35:00,100,Airbus A320neo,Economy,28 in,f,"['"Below average legroom (28 in)'", '"Carbon emissions estimate: 67 kg'"]",2026-09-12 18:53:38.785485
1850,1459,IndiGo,,6E 435,BLR,Kempegowda International Airport Bengaluru,COK,Cochin International Airport,2026-09-13 20:25:00,2026-09-13 21:30:00,65,Airbus A320neo,Economy,28 in,f,"['"Below average legroom (28 in)'", '"Carbon emissions estimate: 46 kg'"]",2026-09-12 18:53:38.785485
1851,1460,IndiGo,,6E 6055,PNQ,Pune International Airport,BLR,Kempegowda International Airport Bengaluru,2026-09-13 23:50:00,2026-09-14 01:30:00,100,Airbus A321neo,Economy,28 in,f,"['"Below average legroom (28 in)'", '"Carbon emissions estimate: 63 kg'"]",2026-09-12 18:53:38.78913
1852,1460,IndiGo,,6E 763,BLR,Kempegowda International Airport Bengaluru,COK,Cochin International Airport,2026-09-14 07:05:00,2026-09-14 08:05:00,60,Airbus A320neo,Economy,28 in,f,"['"Below average legroom (28 in)'", '"Carbon emissions estimate: 46 kg'"]",2026-09-12 18:53:38.78913
1853,1461,IndiGo,,6E 6877,PNQ,Pune International Airport,BLR,Kempegowda International Airport Bengaluru,2026-09-13 05:00:00,2026-09-13 06:35:00,95,Airbus A321neo,Economy,28 in,f,"['"Below average legroom (28 in)'", '"Carbon emissions estimate: 63 kg'"]",2026-09-12 18:53:38.792935
1854,1461,IndiGo,,6E 7005,BLR,Kempegowda International Airport Bengaluru,COK,Cochin International Airport,2026-09-13 08:05:00,2026-09-13 09:25:00,80,ATR 72,Economy,28 in,f,"['"Below average legroom (28 in)'", '"Carbon emissions estimate: 43 kg'"]",2026-09-12 18:53:38.792935
1855,1462,Air India Express,,IX 2839,PNQ,Pune International Airport,BLR,Kempegowda International Airport Bengaluru,2026-09-13 20:35:00,2026-09-13 22:25:00,110,Boeing 737MAX 8 Passenger,Economy,30 in,t,"['"Average legroom (30 in)'", '"In-seat USB outlet'", '"Carbon emissions estimate: 78 kg'"]",2026-09-12 18:53:38.795877
1856,1462,Air India Express,,IX 2678,BLR,Kempegowda International Airport Bengaluru,COK,Cochin International Airport,2026-09-14 05:30:00,2026-09-14 06:40:00,70,Boeing 737MAX 8 Passenger,Economy,30 in,f,"['"Average legroom (30 in)'", '"In-seat USB outlet'", '"Carbon emissions estimate: 53 kg'"]",2026-09-12 18:53:38.795877
1857,1463,Air India Express,,IX 2681,PNQ,Pune International Airport,BLR,Kempegowda International Airport Bengaluru,2026-09-13 00:05:00,2026-09-13 01:40:00,95,Boeing 737,Economy,30 in,f,"['"Average legroom (30 in)'", '"In-seat USB outlet'", '"Carbon emissions estimate: 78 kg'"]",2026-09-12 18:53:38.799616
1858,1463,Air India Express,,IX 2678,BLR,Kempegowda International Airport Bengaluru,COK,Cochin International Airport,2026-09-13 05:30:00,2026-09-13 06:40:00,70,Boeing 737,Economy,30 in,f,"['"Average legroom (30 in)'", '"In-seat USB outlet'", '"Carbon emissions estimate: 53 kg'"]",2026-09-12 18:53:38.799616
1859,1464,IndiGo,,6E 352,PNQ,Pune International Airport,HYD,Rajiv Gandhi International Airport,2026-09-13 06:25:00,2026-09-13 07:50:00,85,Airbus A321neo,Economy,28 in,f,"['"Below average legroom (28 in)'", '"Carbon emissions estimate: 50 kg'"]",2026-09-12 18:53:48.376997
1860,1464,IndiGo,,6E 362,HYD,Rajiv Gandhi International Airport,GOI,Goa Dabolim International Airport,2026-09-13 11:20:00,2026-09-13 12:35:00,75,Airbus A320neo,Economy,28 in,f,"['"Below average legroom (28 in)'", '"Carbon emissions estimate: 55 kg'"]",2026-09-12 18:53:48.376997
1861,1465,IndiGo,,6E 6473,PNQ,Pune International Airport,HYD,Rajiv Gandhi International Airport,2026-09-13 12:40:00,2026-09-13 14:10:00,90,Airbus A321neo,Economy,28 in,f,"['"Below average legroom (28 in)'", '"Carbon emissions estimate: 50 kg'"]",2026-09-12 18:53:48.380698
1862,1465,IndiGo,,6E 121,HYD,Rajiv Gandhi International Airport,GOI,Goa Dabolim International Airport,2026-09-13 17:20:00,2026-09-13 18:35:00,75,Airbus A320neo,Economy,28 in,f,"['"Below average legroom (28 in)'", '"Carbon emissions estimate: 55 kg'"]",2026-09-12 18:53:48.380698
1863,1466,IndiGo,,6E 407,PNQ,Pune International Airport,HYD,Rajiv Gandhi International Airport,2026-09-13 14:50:00,2026-09-13 16:05:00,75,Airbus A320neo,Economy,28 in,f,"['"Below average legroom (28 in)'", '"Carbon emissions estimate: 54 kg'"]",2026-09-12 18:53:48.38316
1864,1466,IndiGo,,6E 984,HYD,Rajiv Gandhi International Airport,GOI,Goa Dabolim International Airport,2026-09-13 19:40:00,2026-09-13 20:55:00,75,Airbus A321neo,Economy,28 in,f,"['"Below average legroom (28 in)'", '"Carbon emissions estimate: 51 kg'"]",2026-09-12 18:53:48.38316
1865,1467,IndiGo,,6E 407,PNQ,Pune International Airport,HYD,Rajiv Gandhi International Airport,2026-09-13 14:50:00,2026-09-13 16:05:00,75,Airbus A320neo,Economy,28 in,f,"['"Below average legroom (28 in)'", '"Carbon emissions estimate: 54 kg'"]",2026-09-12 18:53:48.385609
1866,1467,IndiGo,,6E 121,HYD,Rajiv Gandhi International Airport,GOI,Goa Dabolim International Airport,2026-09-13 17:20:00,2026-09-13 18:35:00,75,Airbus A320neo,Economy,28 in,f,"['"Below average legroom (28 in)'", '"Carbon emissions estimate: 55 kg'"]",2026-09-12 18:53:48.385609
1867,1468,IndiGo,,6E 367,PNQ,Pune International Airport,GOI,Goa Dabolim International Airport,2026-09-13 13:55:00,2026-09-13 15:00:00,65,Airbus A320neo,Economy,28 in,f,"['"Below average legroom (28 in)'", '"Carbon emissions estimate: 44 kg'"]",2026-09-12 18:53:48.388099
1868,1469,Air India Express,,IX 2839,PNQ,Pune International Airport,BLR,Kempegowda International Airport Bengaluru,2026-09-13 20:35:00,2026-09-13 22:25:00,110,Boeing 737,Economy,30 in,t,"['"Average legroom (30 in)'", '"In-seat USB outlet'", '"Carbon emissions estimate: 78 kg'"]",2026-09-12 18:53:48.390102
1869,1469,Air India Express,,IX 1539,BLR,Kempegowda International Airport Bengaluru,GOI,Goa Dabolim International Airport,2026-09-14 05:20:00,2026-09-14 06:30:00,70,Boeing 737,Economy,29 in,f,"['"Below average legroom (29 in)'", '"In-seat USB outlet'", '"Carbon emissions estimate: 58 kg'"]",2026-09-12 18:53:48.390102
1870,1470,Air India Express,,IX 2706,PNQ,Pune International Airport,BLR,Kempegowda International Airport Bengaluru,2026-09-13 05:40:00,2026-09-13 07:25:00,105,Airbus A320,Economy,28 in,f,"['"Below average legroom (28 in)'", '"In-seat USB outlet'", '"Carbon emissions estimate: 72 kg'"]",2026-09-12 18:53:48.392334
1871,1470,Air India Express,,IX 1386,BLR,Kempegowda International Airport Bengaluru,GOI,Goa Dabolim International Airport,2026-09-13 13:05:00,2026-09-13 14:15:00,70,Boeing 737,Economy,29 in,f,"['"Below average legroom (29 in)'", '"In-seat USB outlet'", '"Carbon emissions estimate: 58 kg'"]",2026-09-12 18:53:48.392334
1872,1471,Air India Express,,IX 1672,PNQ,Pune International Airport,DEL,Indira Gandhi International Airport,2026-09-13 07:40:00,2026-09-13 10:10:00,150,Boeing 737,Economy,30 in,f,"['"Average legroom (30 in)'", '"In-seat USB outlet'", '"Carbon emissions estimate: 113 kg'"]",2026-09-12 18:53:48.394605
1873,1471,Air India Express,,IX 1068,DEL,Indira Gandhi International Airport,GOI,Goa Dabolim International Airport,2026-09-13 11:55:00,2026-09-13 14:30:00,155,Boeing 737,Economy,30 in,f,"['"Average legroom (30 in)'", '"In-seat USB outlet'", '"Carbon emissions estimate: 132 kg'"]",2026-09-12 18:53:48.394605
1874,1472,IndiGo,,6E 481,AMD,Sardar Vallabhbhai Patel International Airport,BLR,Kempegowda International Airport Bengaluru,2026-09-13 19:45:00,2026-09-13 22:05:00,140,Airbus A321neo,Economy,28 in,f,"['"Below average legroom (28 in)'", '"Carbon emissions estimate: 94 kg'"]",2026-09-12 18:53:56.570551
1875,1473,IndiGo,,6E 996,AMD,Sardar Vallabhbhai Patel International Airport,BLR,Kempegowda International Airport Bengaluru,2026-09-13 23:00:00,2026-09-14 01:10:00,130,Airbus A321neo,Economy,28 in,f,"['"Below average legroom (28 in)'", '"Carbon emissions estimate: 94 kg'"]",2026-09-12 18:53:56.573625
1876,1474,IndiGo,,6E 863,AMD,Sardar Vallabhbhai Patel International Airport,BLR,Kempegowda International Airport Bengaluru,2026-09-13 16:55:00,2026-09-13 19:15:00,140,Airbus A321neo,Economy,28 in,f,"['"Below average legroom (28 in)'", '"Carbon emissions estimate: 94 kg'"]",2026-09-12 18:53:56.576508
1877,1475,IndiGo,,6E 823,AMD,Sardar Vallabhbhai Patel International Airport,BLR,Kempegowda International Airport Bengaluru,2026-09-13 08:20:00,2026-09-13 10:45:00,145,Airbus A321neo,Economy,28 in,f,"['"Below average legroom (28 in)'", '"Carbon emissions estimate: 94 kg'"]",2026-09-12 18:53:56.579317
1878,1476,Akasa Air,,QP 1901,AMD,Sardar Vallabhbhai Patel International Airport,BLR,Kempegowda International Airport Bengaluru,2026-09-13 04:50:00,2026-09-13 07:10:00,140,Boeing 737MAX 8 Passenger,Economy,28 in,f,"['"Below average legroom (28 in)'", '"In-seat USB outlet'", '"Carbon emissions estimate: 97 kg'"]",2026-09-12 18:53:56.582256
1879,1477,Air India Express,,IX 1508,AMD,Sardar Vallabhbhai Patel International Airport,BLR,Kempegowda International Airport Bengaluru,2026-09-13 08:50:00,2026-09-13 11:15:00,145,Boeing 737MAX 8 Passenger,Economy,30 in,f,"['"Average legroom (30 in)'", '"Carbon emissions estimate: 111 kg'"]",2026-09-12 18:53:56.584684
1880,1478,IndiGo,,6E 6468,AMD,Sardar Vallabhbhai Patel International Airport,BOM,Chhatrapati Shivaji Maharaj International Airport Mumbai,2026-09-13 09:00:00,2026-09-13 10:30:00,90,Airbus A320neo,Economy,28 in,f,"['"Below average legroom (28 in)'", '"Carbon emissions estimate: 53 kg'"]",2026-09-12 18:53:56.587432
1881,1478,IndiGo,,6E 5382,BOM,Chhatrapati Shivaji Maharaj International Airport Mumbai,BLR,Kempegowda International Airport Bengaluru,2026-09-13 14:30:00,2026-09-13 16:25:00,115,Airbus A321neo,Economy,28 in,f,"['"Below average legroom (28 in)'", '"Carbon emissions estimate: 71 kg'"]",2026-09-12 18:53:56.587432
1882,1479,IndiGo,,6E 5078,AMD,Sardar Vallabhbhai Patel International Airport,BOM,Chhatrapati Shivaji Maharaj International Airport Mumbai,2026-09-13 10:55:00,2026-09-13 12:20:00,85,Airbus A321neo,Economy,28 in,f,"['"Below average legroom (28 in)'", '"Carbon emissions estimate: 48 kg'"]",2026-09-12 18:53:56.590374
1883,1479,IndiGo,,6E 5221,BOM,Chhatrapati Shivaji Maharaj International Airport Mumbai,BLR,Kempegowda International Airport Bengaluru,2026-09-13 17:00:00,2026-09-13 18:55:00,115,Airbus A321neo,Economy,28 in,f,"['"Below average legroom (28 in)'", '"Carbon emissions estimate: 71 kg'"]",2026-09-12 18:53:56.590374
1884,1480,IndiGo,,6E 6098,AMD,Sardar Vallabhbhai Patel International Airport,HYD,Rajiv Gandhi International Airport,2026-09-13 15:00:00,2026-09-13 16:45:00,105,Airbus A320neo,Economy,28 in,f,"['"Below average legroom (28 in)'", '"Carbon emissions estimate: 80 kg'"]",2026-09-12 18:53:56.593377
1885,1480,IndiGo,,6E 6505,HYD,Rajiv Gandhi International Airport,BLR,Kempegowda International Airport Bengaluru,2026-09-13 21:25:00,2026-09-13 22:45:00,80,Airbus A321neo,Economy,28 in,f,"['"Below average legroom (28 in)'", '"Carbon emissions estimate: 48 kg'"]",2026-09-12 18:53:56.593377
1886,1481,IndiGo,,6E 5139,AMD,Sardar Vallabhbhai Patel International Airport,BOM,Chhatrapati Shivaji Maharaj International Airport Mumbai,2026-09-13 17:05:00,2026-09-13 18:25:00,80,Airbus A320neo,Economy,28 in,f,"['"Below average legroom (28 in)'", '"Carbon emissions estimate: 53 kg'"]",2026-09-12 18:53:56.596465
1887,1481,IndiGo,,6E 5388,BOM,Chhatrapati Shivaji Maharaj International Airport Mumbai,BLR,Kempegowda International Airport Bengaluru,2026-09-13 22:20:00,2026-09-14 00:20:00,120,Airbus A321neo,Economy,28 in,f,"['"Below average legroom (28 in)'", '"Carbon emissions estimate: 71 kg'"]",2026-09-12 18:53:56.596465
1888,1482,IndiGo,,6E 5160,AMD,Sardar Vallabhbhai Patel International Airport,BOM,Chhatrapati Shivaji Maharaj International Airport Mumbai,2026-09-13 19:35:00,2026-09-13 21:05:00,90,Airbus A320neo,Economy,28 in,f,"['"Below average legroom (28 in)'", '"Carbon emissions estimate: 53 kg'"]",2026-09-12 18:53:56.599181
1889,1482,IndiGo,,6E 5323,BOM,Chhatrapati Shivaji Maharaj International Airport Mumbai,BLR,Kempegowda International Airport Bengaluru,2026-09-14 01:10:00,2026-09-14 03:05:00,115,Airbus A321neo,Economy,28 in,f,"['"Below average legroom (28 in)'", '"Carbon emissions estimate: 71 kg'"]",2026-09-12 18:53:56.599181
1890,1483,IndiGo,,6E 5139,AMD,Sardar Vallabhbhai Patel International Airport,BOM,Chhatrapati Shivaji Maharaj International Airport Mumbai,2026-09-13 17:05:00,2026-09-13 18:25:00,80,Airbus A320neo,Economy,28 in,f,"['"Below average legroom (28 in)'", '"Carbon emissions estimate: 53 kg'"]",2026-09-12 18:53:56.602019
1891,1483,IndiGo,,6E 5032,BOM,Chhatrapati Shivaji Maharaj International Airport Mumbai,BLR,Kempegowda International Airport Bengaluru,2026-09-13 19:55:00,2026-09-13 21:45:00,110,Airbus A321neo,Economy,28 in,f,"['"Below average legroom (28 in)'", '"Carbon emissions estimate: 71 kg'"]",2026-09-12 18:53:56.602019
1892,1484,IndiGo,,6E 522,AMD,Sardar Vallabhbhai Patel International Airport,PNQ,Pune International Airport,2026-09-13 13:55:00,2026-09-13 15:10:00,75,Airbus A321neo,Economy,28 in,f,"['"Below average legroom (28 in)'", '"Carbon emissions estimate: 50 kg'"]",2026-09-12 18:53:56.605027
1893,1484,IndiGo,,6E 137,PNQ,Pune International Airport,BLR,Kempegowda International Airport Bengaluru,2026-09-13 16:55:00,2026-09-13 18:35:00,100,Airbus A320neo,Economy,28 in,f,"['"Below average legroom (28 in)'", '"Carbon emissions estimate: 67 kg'"]",2026-09-12 18:53:56.605027
1894,1485,IndiGo,,6E 699,AMD,Sardar Vallabhbhai Patel International Airport,PNQ,Pune International Airport,2026-09-13 02:40:00,2026-09-13 03:50:00,70,Airbus A321neo,Economy,28 in,f,"['"Below average legroom (28 in)'", '"Carbon emissions estimate: 50 kg'"]",2026-09-12 18:53:56.607992
1895,1485,IndiGo,,6E 6877,PNQ,Pune International Airport,BLR,Kempegowda International Airport Bengaluru,2026-09-13 05:00:00,2026-09-13 06:35:00,95,Airbus A321neo,Economy,28 in,f,"['"Below average legroom (28 in)'", '"Carbon emissions estimate: 63 kg'"]",2026-09-12 18:53:56.607992
1896,1486,IndiGo,,6E 5385,AMD,Sardar Vallabhbhai Patel International Airport,DEL,Indira Gandhi International Airport,2026-09-13 00:05:00,2026-09-13 02:00:00,115,Airbus A321neo,Economy,28 in,f,"['"Below average legroom (28 in)'", '"Carbon emissions estimate: 65 kg'"]",2026-09-12 18:54:00.773664
1897,1487,IndiGo,,6E 2209,AMD,Sardar Vallabhbhai Patel International Airport,DEL,Indira Gandhi International Airport,2026-09-13 05:00:00,2026-09-13 06:45:00,105,Airbus A321neo,Economy,28 in,f,"['"Below average legroom (28 in)'", '"Carbon emissions estimate: 65 kg'"]",2026-09-12 18:54:00.77603
1898,1488,IndiGo,,6E 2340,AMD,Sardar Vallabhbhai Patel International Airport,DEL,Indira Gandhi International Airport,2026-09-13 12:15:00,2026-09-13 14:10:00,115,Airbus A321neo,Economy,28 in,f,"['"Below average legroom (28 in)'", '"Carbon emissions estimate: 65 kg'"]",2026-09-12 18:54:00.778448
1899,1489,Air India,,AI 2946,AMD,Sardar Vallabhbhai Patel International Airport,DEL,Indira Gandhi International Airport,2026-09-13 09:30:00,2026-09-13 11:20:00,110,Airbus A320neo,Economy,28 in,f,"['"Below average legroom (28 in)'", '"In-seat USB outlet'", '"Stream media to your device'", '"Carbon emissions estimate: 78 kg'"]",2026-09-12 18:54:00.781261
1900,1490,IndiGo,,6E 2179,AMD,Sardar Vallabhbhai Patel International Airport,DEL,Indira Gandhi International Airport,2026-09-13 09:50:00,2026-09-13 11:35:00,105,Airbus A321neo,Economy,28 in,f,"['"Below average legroom (28 in)'", '"Carbon emissions estimate: 65 kg'"]",2026-09-12 18:54:00.783665
1901,1491,Air India,,AI 882,AMD,Sardar Vallabhbhai Patel International Airport,DEL,Indira Gandhi International Airport,2026-09-13 15:55:00,2026-09-13 17:45:00,110,Airbus A320neo,Economy,31 in,f,"['"Average legroom (31 in)'", '"Stream media to your device'", '"Carbon emissions estimate: 103 kg'"]",2026-09-12 18:54:00.786128
1902,1492,Air India,,AI 424,AMD,Sardar Vallabhbhai Patel International Airport,DEL,Indira Gandhi International Airport,2026-09-13 13:00:00,2026-09-13 14:40:00,100,Boeing 777,Economy,33 in,t,"['"Above average legroom (33 in)'", '"In-seat power & USB outlets'", '"Stream media to your device'", '"Carbon emissions estimate: 100 kg'"]",2026-09-12 18:54:00.78826
1903,1493,IndiGo,,6E 5072,AMD,Sardar Vallabhbhai Patel International Airport,DEL,Indira Gandhi International Airport,2026-09-13 14:35:00,2026-09-13 16:20:00,105,Airbus A321neo,Economy,28 in,f,"['"Below average legroom (28 in)'", '"Carbon emissions estimate: 65 kg'"]",2026-09-12 18:54:00.790725
1904,1494,IndiGo,,6E 980,AMD,Sardar Vallabhbhai Patel International Airport,DEL,Indira Gandhi International Airport,2026-09-13 17:05:00,2026-09-13 18:50:00,105,Airbus A321neo,Economy,28 in,f,"['"Below average legroom (28 in)'", '"Carbon emissions estimate: 65 kg'"]",2026-09-12 18:54:00.793397
1905,1495,Air India,,AI 2938,AMD,Sardar Vallabhbhai Patel International Airport,DEL,Indira Gandhi International Airport,2026-09-13 18:55:00,2026-09-13 20:40:00,105,Airbus A321,Economy,31 in,f,"['"Average legroom (31 in)'", '"Stream media to your device'", '"Carbon emissions estimate: 103 kg'"]",2026-09-12 18:54:00.795846
1906,1496,Air India,,AI 2546,AMD,Sardar Vallabhbhai Patel International Airport,DEL,Indira Gandhi International Airport,2026-09-13 23:00:00,2026-09-14 00:45:00,105,Airbus A320neo,Economy,28 in,f,"['"Below average legroom (28 in)'", '"In-seat USB outlet'", '"Stream media to your device'", '"Carbon emissions estimate: 78 kg'"]",2026-09-12 18:54:00.798636
1907,1497,Air India,,AI 2906,AMD,Sardar Vallabhbhai Patel International Airport,DEL,Indira Gandhi International Airport,2026-09-13 06:25:00,2026-09-13 08:15:00,110,Airbus A320neo,Economy,28 in,f,"['"Below average legroom (28 in)'", '"In-seat USB outlet'", '"Stream media to your device'", '"Carbon emissions estimate: 78 kg'"]",2026-09-12 18:54:00.800995
1908,1498,Air India,,AI 2716,AMD,Sardar Vallabhbhai Patel International Airport,DEL,Indira Gandhi International Airport,2026-09-13 14:00:00,2026-09-13 15:35:00,95,Airbus A320neo,Economy,28 in,f,"['"Below average legroom (28 in)'", '"In-seat USB outlet'", '"Stream media to your device'", '"Carbon emissions estimate: 78 kg'"]",2026-09-12 18:54:00.803395
1909,1499,IndiGo,,6E 2263,AMD,Sardar Vallabhbhai Patel International Airport,DEL,Indira Gandhi International Airport,2026-09-13 19:25:00,2026-09-13 21:05:00,100,Airbus A321neo,Economy,28 in,f,"['"Below average legroom (28 in)'", '"Carbon emissions estimate: 65 kg'"]",2026-09-12 18:54:00.805347
1910,1500,Air India,,AI 532,AMD,Sardar Vallabhbhai Patel International Airport,DEL,Indira Gandhi International Airport,2026-09-13 21:30:00,2026-09-13 23:40:00,130,Airbus A320neo,Economy,31 in,f,"['"Average legroom (31 in)'", '"Stream media to your device'", '"Carbon emissions estimate: 103 kg'"]",2026-09-12 18:54:00.807624
1911,1501,IndiGo,,6E 932,AMD,Sardar Vallabhbhai Patel International Airport,DEL,Indira Gandhi International Airport,2026-09-13 21:50:00,2026-09-13 23:30:00,100,Airbus A321neo,Economy,28 in,t,"['"Below average legroom (28 in)'", '"Carbon emissions estimate: 65 kg'"]",2026-09-12 18:54:00.810833
1912,1502,Air India,,AI 1121,AMD,Sardar Vallabhbhai Patel International Airport,DEL,Indira Gandhi International Airport,2026-09-13 20:10:00,2026-09-13 21:55:00,105,Airbus A321,Economy,31 in,f,"['"Average legroom (31 in)'", '"Stream media to your device'", '"Carbon emissions estimate: 103 kg'"]",2026-09-12 18:54:00.813762
1913,1503,Air India,,AI 1117,AMD,Sardar Vallabhbhai Patel International Airport,DEL,Indira Gandhi International Airport,2026-09-13 08:25:00,2026-09-13 10:15:00,110,Airbus A321,Business Class,,f,"['"Standard recliner seat'", '"In-seat power & USB outlets'", '"Stream media to your device'", '"Carbon emissions estimate: 155 kg'"]",2026-09-12 18:54:00.8169
1914,1504,Air India,,AI 2918,AMD,Sardar Vallabhbhai Patel International Airport,BOM,Chhatrapati Shivaji Maharaj International Airport Mumbai,2026-09-13 06:00:00,2026-09-13 07:45:00,105,Airbus A320neo,Economy,28 in,f,"['"Below average legroom (28 in)'", '"In-seat USB outlet'", '"Stream media to your device'", '"Carbon emissions estimate: 59 kg'"]",2026-09-12 18:54:00.819762
1915,1504,Air India,,AI 2970,BOM,Chhatrapati Shivaji Maharaj International Airport Mumbai,DEL,Indira Gandhi International Airport,2026-09-13 08:30:00,2026-09-13 10:50:00,140,Airbus A320neo,Economy,28 in,f,"['"Below average legroom (28 in)'", '"In-seat USB outlet'", '"Stream media to your device'", '"Carbon emissions estimate: 105 kg'"]",2026-09-12 18:54:00.819762
1916,1505,IndiGo,,6E 6285,AMD,Sardar Vallabhbhai Patel International Airport,BOM,Chhatrapati Shivaji Maharaj International Airport Mumbai,2026-09-13 04:00:00,2026-09-13 05:30:00,90,Airbus A320neo,Economy,28 in,f,"['"Below average legroom (28 in)'", '"Carbon emissions estimate: 53 kg'"]",2026-09-12 18:54:04.458888
1917,1506,Air India,,AI 2918,AMD,Sardar Vallabhbhai Patel International Airport,BOM,Chhatrapati Shivaji Maharaj International Airport Mumbai,2026-09-13 06:00:00,2026-09-13 07:45:00,105,Airbus A320neo,Economy,28 in,f,"['"Below average legroom (28 in)'", '"In-seat USB outlet'", '"Stream media to your device'", '"Carbon emissions estimate: 59 kg'"]",2026-09-12 18:54:04.462371
1918,1507,Akasa Air,,QP 1194,AMD,Sardar Vallabhbhai Patel International Airport,BOM,Chhatrapati Shivaji Maharaj International Airport Mumbai,2026-09-13 04:50:00,2026-09-13 06:15:00,85,Boeing 737MAX 8 Passenger,Economy,28 in,f,"['"Below average legroom (28 in)'", '"In-seat USB outlet'", '"Carbon emissions estimate: 51 kg'"]",2026-09-12 18:54:04.46568
1919,1508,IndiGo,,6E 6351,AMD,Sardar Vallabhbhai Patel International Airport,BOM,Chhatrapati Shivaji Maharaj International Airport Mumbai,2026-09-13 23:15:00,2026-09-14 00:30:00,75,Airbus A321neo,Economy,28 in,f,"['"Below average legroom (28 in)'", '"Carbon emissions estimate: 48 kg'"]",2026-09-12 18:54:04.468221
1920,1509,IndiGo,,6E 868,AMD,Sardar Vallabhbhai Patel International Airport,BOM,Chhatrapati Shivaji Maharaj International Airport Mumbai,2026-09-13 21:25:00,2026-09-13 23:00:00,95,Airbus A321neo,Economy,28 in,f,"['"Below average legroom (28 in)'", '"Carbon emissions estimate: 48 kg'"]",2026-09-12 18:54:04.470819
1921,1510,IndiGo,,6E 6205,AMD,Sardar Vallabhbhai Patel International Airport,BOM,Chhatrapati Shivaji Maharaj International Airport Mumbai,2026-09-13 01:15:00,2026-09-13 02:55:00,100,Airbus A321neo,Economy,28 in,f,"['"Below average legroom (28 in)'", '"Carbon emissions estimate: 48 kg'"]",2026-09-12 18:54:04.473384
1922,1511,Air India,,AI 494,AMD,Sardar Vallabhbhai Patel International Airport,BOM,Chhatrapati Shivaji Maharaj International Airport Mumbai,2026-09-13 08:45:00,2026-09-13 10:30:00,105,Airbus A321,Economy,31 in,f,"['"Average legroom (31 in)'", '"Stream media to your device'", '"Carbon emissions estimate: 78 kg'"]",2026-09-12 18:54:04.475865
1923,1512,IndiGo,,6E 5146,AMD,Sardar Vallabhbhai Patel International Airport,BOM,Chhatrapati Shivaji Maharaj International Airport Mumbai,2026-09-13 08:05:00,2026-09-13 09:35:00,90,Airbus A320,Economy,28 in,f,"['"Below average legroom (28 in)'", '"Carbon emissions estimate: 61 kg'"]",2026-09-12 18:54:04.47868
1924,1513,Air India,,AI 2848,AMD,Sardar Vallabhbhai Patel International Airport,BOM,Chhatrapati Shivaji Maharaj International Airport Mumbai,2026-09-13 12:00:00,2026-09-13 13:40:00,100,Airbus A320neo,Economy,28 in,f,"['"Below average legroom (28 in)'", '"In-seat USB outlet'", '"Stream media to your device'", '"Carbon emissions estimate: 59 kg'"]",2026-09-12 18:54:04.481025
1925,1514,Air India,,AI 2504,AMD,Sardar Vallabhbhai Patel International Airport,BOM,Chhatrapati Shivaji Maharaj International Airport Mumbai,2026-09-13 14:55:00,2026-09-13 16:35:00,100,Airbus A321,Economy,31 in,f,"['"Average legroom (31 in)'", '"Stream media to your device'", '"Carbon emissions estimate: 78 kg'"]",2026-09-12 18:54:04.483507
1926,1515,IndiGo,,6E 6468,AMD,Sardar Vallabhbhai Patel International Airport,BOM,Chhatrapati Shivaji Maharaj International Airport Mumbai,2026-09-13 09:00:00,2026-09-13 10:30:00,90,Airbus A320neo,Economy,28 in,f,"['"Below average legroom (28 in)'", '"Carbon emissions estimate: 53 kg'"]",2026-09-12 18:54:04.485817
1927,1516,IndiGo,,6E 5078,AMD,Sardar Vallabhbhai Patel International Airport,BOM,Chhatrapati Shivaji Maharaj International Airport Mumbai,2026-09-13 10:55:00,2026-09-13 12:20:00,85,Airbus A321neo,Economy,28 in,f,"['"Below average legroom (28 in)'", '"Carbon emissions estimate: 48 kg'"]",2026-09-12 18:54:04.488289
1928,1517,Air India,,AI 2916,AMD,Sardar Vallabhbhai Patel International Airport,BOM,Chhatrapati Shivaji Maharaj International Airport Mumbai,2026-09-13 17:55:00,2026-09-13 19:40:00,105,Airbus A320neo,Economy,28 in,f,"['"Below average legroom (28 in)'", '"In-seat USB outlet'", '"Stream media to your device'", '"Carbon emissions estimate: 59 kg'"]",2026-09-12 18:54:04.490658
1929,1518,IndiGo,,6E 5160,AMD,Sardar Vallabhbhai Patel International Airport,BOM,Chhatrapati Shivaji Maharaj International Airport Mumbai,2026-09-13 19:35:00,2026-09-13 21:05:00,90,Airbus A320neo,Economy,28 in,f,"['"Below average legroom (28 in)'", '"Carbon emissions estimate: 53 kg'"]",2026-09-12 18:54:04.493241
1930,1519,IndiGo,,6E 5139,AMD,Sardar Vallabhbhai Patel International Airport,BOM,Chhatrapati Shivaji Maharaj International Airport Mumbai,2026-09-13 17:05:00,2026-09-13 18:25:00,80,Airbus A320neo,Economy,28 in,f,"['"Below average legroom (28 in)'", '"Carbon emissions estimate: 53 kg'"]",2026-09-12 18:54:04.495518
1931,1520,Air India,,AI 2494,AMD,Sardar Vallabhbhai Patel International Airport,BOM,Chhatrapati Shivaji Maharaj International Airport Mumbai,2026-09-13 21:00:00,2026-09-13 22:40:00,100,Airbus A321,Economy,31 in,f,"['"Average legroom (31 in)'", '"Stream media to your device'", '"Carbon emissions estimate: 78 kg'"]",2026-09-12 18:54:04.499332
1932,1521,Air India,,AI 2906,AMD,Sardar Vallabhbhai Patel International Airport,DEL,Indira Gandhi International Airport,2026-09-13 06:25:00,2026-09-13 08:15:00,110,Airbus A320neo,Economy,28 in,f,"['"Below average legroom (28 in)'", '"In-seat USB outlet'", '"Stream media to your device'", '"Carbon emissions estimate: 78 kg'"]",2026-09-12 18:54:04.501968
1933,1521,Air India,,AI 2963,DEL,Indira Gandhi International Airport,BOM,Chhatrapati Shivaji Maharaj International Airport Mumbai,2026-09-13 09:00:00,2026-09-13 11:15:00,135,Airbus A320neo,Economy,28 in,f,"['"Below average legroom (28 in)'", '"In-seat USB outlet'", '"Stream media to your device'", '"Carbon emissions estimate: 102 kg'"]",2026-09-12 18:54:04.501968
1934,1522,Air India,,AI 2716,AMD,Sardar Vallabhbhai Patel International Airport,DEL,Indira Gandhi International Airport,2026-09-13 14:00:00,2026-09-13 15:35:00,95,Airbus A320neo,Economy,28 in,f,"['"Below average legroom (28 in)'", '"In-seat USB outlet'", '"Stream media to your device'", '"Carbon emissions estimate: 78 kg'"]",2026-09-12 18:54:04.504781
1935,1522,Air India,,AI 2941,DEL,Indira Gandhi International Airport,BOM,Chhatrapati Shivaji Maharaj International Airport Mumbai,2026-09-13 16:30:00,2026-09-13 18:50:00,140,Airbus A320neo,Economy,28 in,f,"['"Below average legroom (28 in)'", '"In-seat USB outlet'", '"Stream media to your device'", '"Carbon emissions estimate: 102 kg'"]",2026-09-12 18:54:04.504781
1936,1523,Star Air,,S5 219,AMD,Sardar Vallabhbhai Patel International Airport,NDC,Shri Guru Gobind Singh Ji Airport Nanded,2026-09-13 17:40:00,2026-09-13 19:10:00,90,Embraer 175,Economy,,f,"['"Carbon emissions estimate: 117 kg'"]",2026-09-12 18:54:13.783168
1937,1523,Star Air,,S5 197,NDC,Shri Guru Gobind Singh Ji Airport Nanded,HYD,Rajiv Gandhi International Airport,2026-09-13 19:40:00,2026-09-13 20:30:00,50,Embraer 175,Economy,,f,"['"Carbon emissions estimate: 67 kg'"]",2026-09-12 18:54:13.783168
1938,1524,IndiGo,,6E 6728,AMD,Sardar Vallabhbhai Patel International Airport,HYD,Rajiv Gandhi International Airport,2026-09-13 20:55:00,2026-09-13 22:30:00,95,Airbus A321neo,Economy,28 in,f,"['"Below average legroom (28 in)'", '"Carbon emissions estimate: 75 kg'"]",2026-09-12 18:54:13.785654
1939,1525,IndiGo,,6E 5208,AMD,Sardar Vallabhbhai Patel International Airport,HYD,Rajiv Gandhi International Airport,2026-09-13 06:20:00,2026-09-13 08:10:00,110,Airbus A321neo,Economy,28 in,f,"['"Below average legroom (28 in)'", '"Carbon emissions estimate: 75 kg'"]",2026-09-12 18:54:13.788647
1940,1526,IndiGo,,6E 6098,AMD,Sardar Vallabhbhai Patel International Airport,HYD,Rajiv Gandhi International Airport,2026-09-13 15:00:00,2026-09-13 16:45:00,105,Airbus A320neo,Economy,28 in,f,"['"Below average legroom (28 in)'", '"Carbon emissions estimate: 80 kg'"]",2026-09-12 18:54:13.790807
1941,1527,IndiGo,,6E 879,AMD,Sardar Vallabhbhai Patel International Airport,HYD,Rajiv Gandhi International Airport,2026-09-13 08:30:00,2026-09-13 10:15:00,105,Airbus A320neo,Economy,28 in,f,"['"Below average legroom (28 in)'", '"Carbon emissions estimate: 80 kg'"]",2026-09-12 18:54:13.792957
1942,1528,IndiGo,,6E 699,AMD,Sardar Vallabhbhai Patel International Airport,PNQ,Pune International Airport,2026-09-13 02:40:00,2026-09-13 03:50:00,70,Airbus A321neo,Economy,28 in,f,"['"Below average legroom (28 in)'", '"Carbon emissions estimate: 50 kg'"]",2026-09-12 18:54:13.794831
1943,1528,IndiGo,,6E 352,PNQ,Pune International Airport,HYD,Rajiv Gandhi International Airport,2026-09-13 06:25:00,2026-09-13 07:50:00,85,Airbus A321neo,Economy,28 in,f,"['"Below average legroom (28 in)'", '"Carbon emissions estimate: 50 kg'"]",2026-09-12 18:54:13.794831
1944,1529,IndiGo,,6E 5146,AMD,Sardar Vallabhbhai Patel International Airport,BOM,Chhatrapati Shivaji Maharaj International Airport Mumbai,2026-09-13 08:05:00,2026-09-13 09:35:00,90,Airbus A320,Economy,28 in,f,"['"Below average legroom (28 in)'", '"Carbon emissions estimate: 61 kg'"]",2026-09-12 18:54:13.797047
1945,1529,IndiGo,,6E 5178,BOM,Chhatrapati Shivaji Maharaj International Airport Mumbai,HYD,Rajiv Gandhi International Airport,2026-09-13 11:45:00,2026-09-13 13:20:00,95,Airbus A321neo,Economy,28 in,f,"['"Below average legroom (28 in)'", '"Carbon emissions estimate: 59 kg'"]",2026-09-12 18:54:13.797047
1946,1530,IndiGo,,6E 5139,AMD,Sardar Vallabhbhai Patel International Airport,BOM,Chhatrapati Shivaji Maharaj International Airport Mumbai,2026-09-13 17:05:00,2026-09-13 18:25:00,80,Airbus A320neo,Economy,28 in,f,"['"Below average legroom (28 in)'", '"Carbon emissions estimate: 53 kg'"]",2026-09-12 18:54:13.799247
1947,1530,IndiGo,,6E 5326,BOM,Chhatrapati Shivaji Maharaj International Airport Mumbai,HYD,Rajiv Gandhi International Airport,2026-09-13 19:40:00,2026-09-13 21:20:00,100,Airbus A321neo,Economy,28 in,f,"['"Below average legroom (28 in)'", '"Carbon emissions estimate: 59 kg'"]",2026-09-12 18:54:13.799247
1948,1531,Air India,,AI 2916,AMD,Sardar Vallabhbhai Patel International Airport,BOM,Chhatrapati Shivaji Maharaj International Airport Mumbai,2026-09-13 17:55:00,2026-09-13 19:40:00,105,Airbus A320neo,Economy,28 in,f,"['"Below average legroom (28 in)'", '"In-seat USB outlet'", '"Stream media to your device'", '"Carbon emissions estimate: 59 kg'"]",2026-09-12 18:54:13.801353
1949,1531,Air India,,AI 2625,BOM,Chhatrapati Shivaji Maharaj International Airport Mumbai,HYD,Rajiv Gandhi International Airport,2026-09-14 06:00:00,2026-09-14 07:35:00,95,Airbus A320neo,Economy,28 in,f,"['"Below average legroom (28 in)'", '"In-seat USB outlet'", '"Stream media to your device'", '"Carbon emissions estimate: 70 kg'"]",2026-09-12 18:54:13.801353
1950,1532,Air India,,AI 2848,AMD,Sardar Vallabhbhai Patel International Airport,BOM,Chhatrapati Shivaji Maharaj International Airport Mumbai,2026-09-13 12:00:00,2026-09-13 13:40:00,100,Airbus A320neo,Economy,28 in,f,"['"Below average legroom (28 in)'", '"In-seat USB outlet'", '"Stream media to your device'", '"Carbon emissions estimate: 59 kg'"]",2026-09-12 18:54:13.803675
1951,1532,Air India,,AI 2531,BOM,Chhatrapati Shivaji Maharaj International Airport Mumbai,HYD,Rajiv Gandhi International Airport,2026-09-13 15:05:00,2026-09-13 16:35:00,90,Airbus A320neo,Economy,28 in,f,"['"Below average legroom (28 in)'", '"In-seat USB outlet'", '"Stream media to your device'", '"Carbon emissions estimate: 70 kg'"]",2026-09-12 18:54:13.803675
1952,1533,IndiGo,,6E 348,AMD,Sardar Vallabhbhai Patel International Airport,MAA,Chennai International Airport,2026-09-13 21:45:00,2026-09-14 00:15:00,150,Airbus A320neo,Economy,28 in,f,"['"Below average legroom (28 in)'", '"Carbon emissions estimate: 109 kg'"]",2026-09-12 18:54:24.063937
1953,1534,IndiGo,,6E 5139,AMD,Sardar Vallabhbhai Patel International Airport,BOM,Chhatrapati Shivaji Maharaj International Airport Mumbai,2026-09-13 17:05:00,2026-09-13 18:25:00,80,Airbus A320neo,Economy,28 in,f,"['"Below average legroom (28 in)'", '"Carbon emissions estimate: 53 kg'"]",2026-09-12 18:54:24.067003
1954,1534,IndiGo,,6E 5105,BOM,Chhatrapati Shivaji Maharaj International Airport Mumbai,MAA,Chennai International Airport,2026-09-13 19:25:00,2026-09-13 21:30:00,125,Airbus A321neo,Economy,28 in,f,"['"Below average legroom (28 in)'", '"Carbon emissions estimate: 83 kg'"]",2026-09-12 18:54:24.067003
1955,1535,IndiGo,,6E 479,AMD,Sardar Vallabhbhai Patel International Airport,MAA,Chennai International Airport,2026-09-13 06:50:00,2026-09-13 09:15:00,145,Airbus A321neo,Economy,28 in,f,"['"Below average legroom (28 in)'", '"Carbon emissions estimate: 103 kg'"]",2026-09-12 18:54:24.070136
1956,1536,IndiGo,,6E 6468,AMD,Sardar Vallabhbhai Patel International Airport,BOM,Chhatrapati Shivaji Maharaj International Airport Mumbai,2026-09-13 09:00:00,2026-09-13 10:30:00,90,Airbus A320neo,Economy,28 in,f,"['"Below average legroom (28 in)'", '"Carbon emissions estimate: 53 kg'"]",2026-09-12 18:54:24.072478
1957,1536,IndiGo,,6E 5337,BOM,Chhatrapati Shivaji Maharaj International Airport Mumbai,MAA,Chennai International Airport,2026-09-13 13:45:00,2026-09-13 15:50:00,125,Airbus A321neo,Economy,28 in,f,"['"Below average legroom (28 in)'", '"Carbon emissions estimate: 83 kg'"]",2026-09-12 18:54:24.072478
1958,1537,IndiGo,,6E 5078,AMD,Sardar Vallabhbhai Patel International Airport,BOM,Chhatrapati Shivaji Maharaj International Airport Mumbai,2026-09-13 10:55:00,2026-09-13 12:20:00,85,Airbus A321neo,Economy,28 in,f,"['"Below average legroom (28 in)'", '"Carbon emissions estimate: 48 kg'"]",2026-09-12 18:54:24.075075
1959,1537,IndiGo,,6E 5196,BOM,Chhatrapati Shivaji Maharaj International Airport Mumbai,MAA,Chennai International Airport,2026-09-13 15:25:00,2026-09-13 17:30:00,125,Airbus A321neo,Economy,28 in,f,"['"Below average legroom (28 in)'", '"Carbon emissions estimate: 83 kg'"]",2026-09-12 18:54:24.075075
1960,1538,IndiGo,,6E 823,AMD,Sardar Vallabhbhai Patel International Airport,BLR,Kempegowda International Airport Bengaluru,2026-09-13 08:20:00,2026-09-13 10:45:00,145,Airbus A321neo,Economy,28 in,f,"['"Below average legroom (28 in)'", '"Carbon emissions estimate: 94 kg'"]",2026-09-12 18:54:24.080561
1961,1538,IndiGo,,6E 6208,BLR,Kempegowda International Airport Bengaluru,MAA,Chennai International Airport,2026-09-13 12:45:00,2026-09-13 13:55:00,70,Airbus A321neo,Economy,28 in,f,"['"Below average legroom (28 in)'", '"Carbon emissions estimate: 35 kg'"]",2026-09-12 18:54:24.080561
1962,1539,IndiGo,,6E 863,AMD,Sardar Vallabhbhai Patel International Airport,BLR,Kempegowda International Airport Bengaluru,2026-09-13 16:55:00,2026-09-13 19:15:00,140,Airbus A321neo,Economy,28 in,f,"['"Below average legroom (28 in)'", '"Carbon emissions estimate: 94 kg'"]",2026-09-12 18:54:24.084196
1963,1539,IndiGo,,6E 6077,BLR,Kempegowda International Airport Bengaluru,MAA,Chennai International Airport,2026-09-13 20:20:00,2026-09-13 21:25:00,65,Airbus A321neo,Economy,28 in,f,"['"Below average legroom (28 in)'", '"Carbon emissions estimate: 35 kg'"]",2026-09-12 18:54:24.084196
1964,1540,IndiGo,,6E 699,AMD,Sardar Vallabhbhai Patel International Airport,PNQ,Pune International Airport,2026-09-13 02:40:00,2026-09-13 03:50:00,70,Airbus A321neo,Economy,28 in,f,"['"Below average legroom (28 in)'", '"Carbon emissions estimate: 50 kg'"]",2026-09-12 18:54:24.087907
1965,1540,IndiGo,,6E 159,PNQ,Pune International Airport,MAA,Chennai International Airport,2026-09-13 05:30:00,2026-09-13 07:20:00,110,Airbus A320neo,Economy,28 in,f,"['"Below average legroom (28 in)'", '"Carbon emissions estimate: 79 kg'"]",2026-09-12 18:54:24.087907
1966,1541,Air India,,AI 2916,AMD,Sardar Vallabhbhai Patel International Airport,BOM,Chhatrapati Shivaji Maharaj International Airport Mumbai,2026-09-13 17:55:00,2026-09-13 19:40:00,105,Airbus A320neo,Economy,28 in,f,"['"Below average legroom (28 in)'", '"In-seat USB outlet'", '"Stream media to your device'", '"Carbon emissions estimate: 59 kg'"]",2026-09-12 18:54:24.090865
1967,1541,Air India,,AI 2827,BOM,Chhatrapati Shivaji Maharaj International Airport Mumbai,MAA,Chennai International Airport,2026-09-13 20:30:00,2026-09-13 22:35:00,125,Airbus A320neo,Economy,28 in,f,"['"Below average legroom (28 in)'", '"In-seat USB outlet'", '"Stream media to your device'", '"Carbon emissions estimate: 96 kg'"]",2026-09-12 18:54:24.090865
1968,1542,IndiGo,,6E 319,AMD,Sardar Vallabhbhai Patel International Airport,CCU,Netaji Subhash Chandra Bose International Airport,2026-09-13 22:00:00,2026-09-14 00:40:00,160,Airbus A321neo,Economy,28 in,f,"['"Below average legroom (28 in)'", '"Carbon emissions estimate: 113 kg'"]",2026-09-12 18:54:28.753154
1969,1543,IndiGo,,6E 751,AMD,Sardar Vallabhbhai Patel International Airport,CCU,Netaji Subhash Chandra Bose International Airport,2026-09-13 09:20:00,2026-09-13 12:00:00,160,Airbus A321neo,Economy,28 in,f,"['"Below average legroom (28 in)'", '"Carbon emissions estimate: 113 kg'"]",2026-09-12 18:54:28.75523
1970,1544,IndiGo,,6E 6556,AMD,Sardar Vallabhbhai Patel International Airport,CCU,Netaji Subhash Chandra Bose International Airport,2026-09-13 17:10:00,2026-09-13 19:50:00,160,Airbus A320neo,Economy,28 in,f,"['"Below average legroom (28 in)'", '"Carbon emissions estimate: 119 kg'"]",2026-09-12 18:54:28.756937
1971,1545,IndiGo,,6E 6493,AMD,Sardar Vallabhbhai Patel International Airport,IXR,"Birsa Munda Airport, Ranchi",2026-09-13 11:05:00,2026-09-13 13:25:00,140,Airbus A320neo,Economy,28 in,f,"['"Below average legroom (28 in)'", '"Carbon emissions estimate: 103 kg'"]",2026-09-12 18:54:28.759133
1972,1545,IndiGo,,6E 7326,IXR,"Birsa Munda Airport, Ranchi",CCU,Netaji Subhash Chandra Bose International Airport,2026-09-13 17:50:00,2026-09-13 19:05:00,75,ATR 72,Economy,28 in,f,"['"Below average legroom (28 in)'", '"Carbon emissions estimate: 39 kg'"]",2026-09-12 18:54:28.759133
1973,1546,Air India,,AI 424,AMD,Sardar Vallabhbhai Patel International Airport,DEL,Indira Gandhi International Airport,2026-09-13 13:00:00,2026-09-13 14:40:00,100,Boeing 777,Economy,33 in,t,"['"Above average legroom (33 in)'", '"In-seat power & USB outlets'", '"Stream media to your device'", '"Carbon emissions estimate: 100 kg'"]",2026-09-12 18:54:28.761997
1974,1546,Air India,,AI 1733,DEL,Indira Gandhi International Airport,CCU,Netaji Subhash Chandra Bose International Airport,2026-09-13 16:15:00,2026-09-13 18:35:00,140,Airbus A320neo,Economy,28 in,f,"['"Below average legroom (28 in)'", '"In-seat USB outlet'", '"Stream media to your device'", '"Carbon emissions estimate: 114 kg'"]",2026-09-12 18:54:28.761997
1975,1547,IndiGo,,6E 7187,AMD,Sardar Vallabhbhai Patel International Airport,IDR,"Devi Ahilyabai Holkar International Airport, Indore",2026-09-13 20:10:00,2026-09-13 21:30:00,80,ATR 72,Economy,28 in,f,"['"Below average legroom (28 in)'", '"Carbon emissions estimate: 37 kg'"]",2026-09-12 18:54:37.953832
1976,1547,IndiGo,,6E 120,IDR,"Devi Ahilyabai Holkar International Airport, Indore",PNQ,Pune International Airport,2026-09-14 03:20:00,2026-09-14 04:35:00,75,Airbus A320neo,Economy,28 in,f,"['"Below average legroom (28 in)'", '"Carbon emissions estimate: 53 kg'"]",2026-09-12 18:54:37.953832
1977,1548,IndiGo,,6E 2154,AMD,Sardar Vallabhbhai Patel International Airport,PNQ,Pune International Airport,2026-09-13 06:40:00,2026-09-13 08:10:00,90,Airbus A320neo,Economy,28 in,f,"['"Below average legroom (28 in)'", '"Carbon emissions estimate: 54 kg'"]",2026-09-12 18:54:37.956391
1978,1549,Akasa Air,,QP 1911,AMD,Sardar Vallabhbhai Patel International Airport,PNQ,Pune International Airport,2026-09-13 05:45:00,2026-09-13 07:10:00,85,Boeing 737MAX 8 Passenger,Economy,28 in,f,"['"Below average legroom (28 in)'", '"In-seat USB outlet'", '"Carbon emissions estimate: 53 kg'"]",2026-09-12 18:54:37.960473
1979,1550,IndiGo,,6E 522,AMD,Sardar Vallabhbhai Patel International Airport,PNQ,Pune International Airport,2026-09-13 13:55:00,2026-09-13 15:10:00,75,Airbus A321neo,Economy,28 in,f,"['"Below average legroom (28 in)'", '"Carbon emissions estimate: 50 kg'"]",2026-09-12 18:54:37.962478
1980,1551,Akasa Air,,QP 1917,AMD,Sardar Vallabhbhai Patel International Airport,PNQ,Pune International Airport,2026-09-13 20:40:00,2026-09-13 22:10:00,90,Boeing 737MAX 8 Passenger,Economy,28 in,f,"['"Below average legroom (28 in)'", '"In-seat USB outlet'", '"Carbon emissions estimate: 52 kg'"]",2026-09-12 18:54:37.964207
1981,1552,IndiGo,,6E 794,AMD,Sardar Vallabhbhai Patel International Airport,PNQ,Pune International Airport,2026-09-13 20:45:00,2026-09-13 22:00:00,75,Airbus A320neo,Economy,28 in,f,"['"Below average legroom (28 in)'", '"Carbon emissions estimate: 54 kg'"]",2026-09-12 18:54:37.965929
1982,1553,IndiGo,,6E 699,AMD,Sardar Vallabhbhai Patel International Airport,PNQ,Pune International Airport,2026-09-13 02:40:00,2026-09-13 03:50:00,70,Airbus A321neo,Economy,28 in,f,"['"Below average legroom (28 in)'", '"Carbon emissions estimate: 50 kg'"]",2026-09-12 18:54:37.967565
1983,1554,Air India Express,,IX 1508,AMD,Sardar Vallabhbhai Patel International Airport,BLR,Kempegowda International Airport Bengaluru,2026-09-13 08:50:00,2026-09-13 11:15:00,145,Boeing 737,Economy,30 in,f,"['"Average legroom (30 in)'", '"Carbon emissions estimate: 111 kg'"]",2026-09-12 18:54:37.969864
1984,1554,Air India Express,,IX 1971,BLR,Kempegowda International Airport Bengaluru,PNQ,Pune International Airport,2026-09-13 12:45:00,2026-09-13 14:20:00,95,Boeing 737,Economy,30 in,f,"['"Average legroom (30 in)'", '"In-seat USB outlet'", '"Carbon emissions estimate: 76 kg'"]",2026-09-12 18:54:37.969864
1985,1555,Air India,,AI 2546,AMD,Sardar Vallabhbhai Patel International Airport,DEL,Indira Gandhi International Airport,2026-09-13 23:00:00,2026-09-14 00:45:00,105,Airbus A320neo,Economy,28 in,f,"['"Below average legroom (28 in)'", '"In-seat USB outlet'", '"Stream media to your device'", '"Carbon emissions estimate: 78 kg'"]",2026-09-12 18:54:37.972701
1986,1555,Air India,,AI 2711,DEL,Indira Gandhi International Airport,PNQ,Pune International Airport,2026-09-14 02:00:00,2026-09-14 04:15:00,135,Airbus A320neo,Economy,28 in,f,"['"Below average legroom (28 in)'", '"In-seat USB outlet'", '"Stream media to your device'", '"Carbon emissions estimate: 105 kg'"]",2026-09-12 18:54:37.972701
1987,1556,IndiGo,,6E 6391,AMD,Sardar Vallabhbhai Patel International Airport,COK,Cochin International Airport,2026-09-13 10:55:00,2026-09-13 13:20:00,145,Airbus A321neo,Economy,28 in,f,"['"Below average legroom (28 in)'", '"Carbon emissions estimate: 106 kg'"]",2026-09-12 18:54:43.548726
1988,1557,IndiGo,,6E 6351,AMD,Sardar Vallabhbhai Patel International Airport,BOM,Chhatrapati Shivaji Maharaj International Airport Mumbai,2026-09-13 23:15:00,2026-09-14 00:30:00,75,Airbus A321neo,Economy,28 in,f,"['"Below average legroom (28 in)'", '"Carbon emissions estimate: 48 kg'"]",2026-09-12 18:54:43.551121
1989,1557,IndiGo,,6E 6701,BOM,Chhatrapati Shivaji Maharaj International Airport Mumbai,COK,Cochin International Airport,2026-09-14 05:35:00,2026-09-14 07:30:00,115,Airbus A321neo,Economy,28 in,f,"['"Below average legroom (28 in)'", '"Carbon emissions estimate: 80 kg'"]",2026-09-12 18:54:43.551121
1990,1558,IndiGo,,6E 863,AMD,Sardar Vallabhbhai Patel International Airport,BLR,Kempegowda International Airport Bengaluru,2026-09-13 16:55:00,2026-09-13 19:15:00,140,Airbus A321neo,Economy,28 in,f,"['"Below average legroom (28 in)'", '"Carbon emissions estimate: 94 kg'"]",2026-09-12 18:54:43.55403
1991,1558,IndiGo,,6E 435,BLR,Kempegowda International Airport Bengaluru,COK,Cochin International Airport,2026-09-13 20:25:00,2026-09-13 21:30:00,65,Airbus A320neo,Economy,28 in,f,"['"Below average legroom (28 in)'", '"Carbon emissions estimate: 46 kg'"]",2026-09-12 18:54:43.55403
1992,1559,IndiGo,,6E 5139,AMD,Sardar Vallabhbhai Patel International Airport,BOM,Chhatrapati Shivaji Maharaj International Airport Mumbai,2026-09-13 17:05:00,2026-09-13 18:25:00,80,Airbus A320neo,Economy,28 in,f,"['"Below average legroom (28 in)'", '"Carbon emissions estimate: 53 kg'"]",2026-09-12 18:54:43.556846
1993,1559,IndiGo,,6E 2093,BOM,Chhatrapati Shivaji Maharaj International Airport Mumbai,COK,Cochin International Airport,2026-09-13 22:45:00,2026-09-14 00:40:00,115,Airbus A321neo,Economy,28 in,f,"['"Below average legroom (28 in)'", '"Carbon emissions estimate: 80 kg'"]",2026-09-12 18:54:43.556846
1994,1560,IndiGo,,6E 6205,AMD,Sardar Vallabhbhai Patel International Airport,BOM,Chhatrapati Shivaji Maharaj International Airport Mumbai,2026-09-13 01:15:00,2026-09-13 02:55:00,100,Airbus A321neo,Economy,28 in,f,"['"Below average legroom (28 in)'", '"Carbon emissions estimate: 48 kg'"]",2026-09-12 18:54:43.560073
1995,1560,IndiGo,,6E 6701,BOM,Chhatrapati Shivaji Maharaj International Airport Mumbai,COK,Cochin International Airport,2026-09-13 05:35:00,2026-09-13 07:30:00,115,Airbus A321neo,Economy,28 in,f,"['"Below average legroom (28 in)'", '"Carbon emissions estimate: 80 kg'"]",2026-09-12 18:54:43.560073
1996,1561,IndiGo,,6E 794,AMD,Sardar Vallabhbhai Patel International Airport,PNQ,Pune International Airport,2026-09-13 20:45:00,2026-09-13 22:00:00,75,Airbus A320neo,Economy,28 in,f,"['"Below average legroom (28 in)'", '"Carbon emissions estimate: 54 kg'"]",2026-09-12 18:54:43.563284
1997,1561,IndiGo,,6E 6129,PNQ,Pune International Airport,COK,Cochin International Airport,2026-09-14 03:05:00,2026-09-14 04:50:00,105,Airbus A320neo,Economy,28 in,f,"['"Below average legroom (28 in)'", '"Carbon emissions estimate: 80 kg'"]",2026-09-12 18:54:43.563284
1998,1562,IndiGo,,6E 5208,AMD,Sardar Vallabhbhai Patel International Airport,HYD,Rajiv Gandhi International Airport,2026-09-13 06:20:00,2026-09-13 08:10:00,110,Airbus A321neo,Economy,28 in,f,"['"Below average legroom (28 in)'", '"Carbon emissions estimate: 75 kg'"]",2026-09-12 18:54:43.567666
1999,1562,IndiGo,,6E 6707,HYD,Rajiv Gandhi International Airport,COK,Cochin International Airport,2026-09-13 09:55:00,2026-09-13 11:35:00,100,Airbus A321neo,Economy,28 in,f,"['"Below average legroom (28 in)'", '"Carbon emissions estimate: 67 kg'"]",2026-09-12 18:54:43.567666
2000,1563,IndiGo,,6E 6345,AMD,Sardar Vallabhbhai Patel International Airport,GOI,Goa Dabolim International Airport,2026-09-13 16:15:00,2026-09-13 17:55:00,100,Airbus A320neo,Economy,28 in,f,"['"Below average legroom (28 in)'", '"Carbon emissions estimate: 75 kg'"]",2026-09-12 18:54:43.570911
2001,1563,IndiGo,,6E 885,GOI,Goa Dabolim International Airport,COK,Cochin International Airport,2026-09-13 18:55:00,2026-09-13 20:20:00,85,Airbus A320neo,Economy,28 in,f,"['"Below average legroom (28 in)'", '"Carbon emissions estimate: 62 kg'"]",2026-09-12 18:54:43.570911
2002,1564,Air India,,AI 424,AMD,Sardar Vallabhbhai Patel International Airport,DEL,Indira Gandhi International Airport,2026-09-13 13:00:00,2026-09-13 14:40:00,100,Boeing 777,Economy,33 in,t,"['"Above average legroom (33 in)'", '"In-seat power & USB outlets'", '"Stream media to your device'", '"Carbon emissions estimate: 100 kg'"]",2026-09-12 18:54:43.573744
2003,1564,Air India,,AI 2473,DEL,Indira Gandhi International Airport,COK,Cochin International Airport,2026-09-13 15:25:00,2026-09-13 18:40:00,195,Airbus A320neo,Economy,28 in,f,"['"Below average legroom (28 in)'", '"In-seat USB outlet'", '"Stream media to your device'", '"Carbon emissions estimate: 164 kg'"]",2026-09-12 18:54:43.573744
2004,1565,IndiGo,,6E 992,AMD,Sardar Vallabhbhai Patel International Airport,GOI,Goa Dabolim International Airport,2026-09-13 19:30:00,2026-09-13 21:05:00,95,Airbus A321neo,Economy,28 in,f,"['"Below average legroom (28 in)'", '"Carbon emissions estimate: 70 kg'"]",2026-09-12 18:54:47.475352
2005,1566,IndiGo,,6E 6345,AMD,Sardar Vallabhbhai Patel International Airport,GOI,Goa Dabolim International Airport,2026-09-13 16:15:00,2026-09-13 17:55:00,100,Airbus A320neo,Economy,28 in,f,"['"Below average legroom (28 in)'", '"Carbon emissions estimate: 75 kg'"]",2026-09-12 18:54:47.478022
2006,1567,IndiGo,,6E 5160,AMD,Sardar Vallabhbhai Patel International Airport,BOM,Chhatrapati Shivaji Maharaj International Airport Mumbai,2026-09-13 19:35:00,2026-09-13 21:05:00,90,Airbus A320neo,Economy,28 in,f,"['"Below average legroom (28 in)'", '"Carbon emissions estimate: 53 kg'"]",2026-09-12 18:54:47.480651
2007,1567,IndiGo,,6E 5106,BOM,Chhatrapati Shivaji Maharaj International Airport Mumbai,GOI,Goa Dabolim International Airport,2026-09-13 22:10:00,2026-09-13 23:30:00,80,Airbus A320neo,Economy,28 in,f,"['"Below average legroom (28 in)'", '"Carbon emissions estimate: 49 kg'"]",2026-09-12 18:54:47.480651
2008,1568,IndiGo,,6E 6468,AMD,Sardar Vallabhbhai Patel International Airport,BOM,Chhatrapati Shivaji Maharaj International Airport Mumbai,2026-09-13 09:00:00,2026-09-13 10:30:00,90,Airbus A320neo,Economy,28 in,f,"['"Below average legroom (28 in)'", '"Carbon emissions estimate: 53 kg'"]",2026-09-12 18:54:47.483662
2009,1568,IndiGo,,6E 230,BOM,Chhatrapati Shivaji Maharaj International Airport Mumbai,GOI,Goa Dabolim International Airport,2026-09-13 13:55:00,2026-09-13 15:10:00,75,Airbus A321neo,Economy,28 in,f,"['"Below average legroom (28 in)'", '"Carbon emissions estimate: 44 kg'"]",2026-09-12 18:54:47.483662
2010,1569,IndiGo,,6E 6351,AMD,Sardar Vallabhbhai Patel International Airport,BOM,Chhatrapati Shivaji Maharaj International Airport Mumbai,2026-09-13 23:15:00,2026-09-14 00:30:00,75,Airbus A321neo,Economy,28 in,f,"['"Below average legroom (28 in)'", '"Carbon emissions estimate: 48 kg'"]",2026-09-12 18:54:47.48659
2011,1569,IndiGo,,6E 6361,BOM,Chhatrapati Shivaji Maharaj International Airport Mumbai,GOI,Goa Dabolim International Airport,2026-09-14 05:00:00,2026-09-14 06:05:00,65,Airbus A321neo,Economy,28 in,f,"['"Below average legroom (28 in)'", '"Carbon emissions estimate: 44 kg'"]",2026-09-12 18:54:47.48659
2012,1570,IndiGo,,6E 7173,AMD,Sardar Vallabhbhai Patel International Airport,IDR,"Devi Ahilyabai Holkar International Airport, Indore",2026-09-13 06:55:00,2026-09-13 08:10:00,75,ATR 72,Economy,28 in,f,"['"Below average legroom (28 in)'", '"Carbon emissions estimate: 37 kg'"]",2026-09-12 18:54:47.489493
2013,1570,IndiGo,,6E 497,IDR,"Devi Ahilyabai Holkar International Airport, Indore",GOI,Goa Dabolim International Airport,2026-09-13 10:00:00,2026-09-13 11:40:00,100,Airbus A321neo,Economy,28 in,f,"['"Below average legroom (28 in)'", '"Carbon emissions estimate: 69 kg'"]",2026-09-12 18:54:47.489493
2014,1571,IndiGo,,6E 6205,AMD,Sardar Vallabhbhai Patel International Airport,BOM,Chhatrapati Shivaji Maharaj International Airport Mumbai,2026-09-13 01:15:00,2026-09-13 02:55:00,100,Airbus A321neo,Economy,28 in,f,"['"Below average legroom (28 in)'", '"Carbon emissions estimate: 48 kg'"]",2026-09-12 18:54:47.492437
2015,1571,IndiGo,,6E 6361,BOM,Chhatrapati Shivaji Maharaj International Airport Mumbai,GOI,Goa Dabolim International Airport,2026-09-13 05:00:00,2026-09-13 06:05:00,65,Airbus A321neo,Economy,28 in,f,"['"Below average legroom (28 in)'", '"Carbon emissions estimate: 44 kg'"]",2026-09-12 18:54:47.492437
2016,1572,Air India,,AI 494,AMD,Sardar Vallabhbhai Patel International Airport,BOM,Chhatrapati Shivaji Maharaj International Airport Mumbai,2026-09-13 08:45:00,2026-09-13 10:30:00,105,Airbus A321,Economy,31 in,f,"['"Average legroom (31 in)'", '"Stream media to your device'", '"Carbon emissions estimate: 78 kg'"]",2026-09-12 18:54:47.495169
2017,1572,Air India,,AI 2420,BOM,Chhatrapati Shivaji Maharaj International Airport Mumbai,GOI,Goa Dabolim International Airport,2026-09-13 11:20:00,2026-09-13 12:40:00,80,Airbus A321,Economy,29 in,f,"['"Below average legroom (29 in)'", '"Wi-Fi for a fee'", '"In-seat power & USB outlets'", '"On-demand video'", '"Carbon emissions estimate: 70 kg'"]",2026-09-12 18:54:47.495169
2018,1573,IndiGo,,6E 6922,COK,Cochin International Airport,BLR,Kempegowda International Airport Bengaluru,2026-09-13 19:35:00,2026-09-13 20:50:00,75,Airbus A321neo,Economy,28 in,f,"['"Below average legroom (28 in)'", '"Carbon emissions estimate: 42 kg'"]",2026-09-12 18:54:51.354643
2019,1574,IndiGo,,6E 6535,COK,Cochin International Airport,BLR,Kempegowda International Airport Bengaluru,2026-09-13 09:40:00,2026-09-13 10:55:00,75,Airbus A321neo,Economy,28 in,f,"['"Below average legroom (28 in)'", '"Carbon emissions estimate: 42 kg'"]",2026-09-12 18:54:51.357357
2020,1575,Air India Express,,IX 1894,COK,Cochin International Airport,BLR,Kempegowda International Airport Bengaluru,2026-09-13 10:25:00,2026-09-13 11:35:00,70,Boeing 737MAX 8 Passenger,Economy,30 in,f,"['"Average legroom (30 in)'", '"In-seat USB outlet'", '"Carbon emissions estimate: 54 kg'"]",2026-09-12 18:54:51.360259
2021,1576,IndiGo,,6E 6482,COK,Cochin International Airport,BLR,Kempegowda International Airport Bengaluru,2026-09-13 07:05:00,2026-09-13 08:20:00,75,Airbus A320neo,Economy,28 in,f,"['"Below average legroom (28 in)'", '"Carbon emissions estimate: 47 kg'"]",2026-09-12 18:54:51.363234
2022,1577,IndiGo,,6E 472,COK,Cochin International Airport,BLR,Kempegowda International Airport Bengaluru,2026-09-13 21:40:00,2026-09-13 22:50:00,70,Airbus A321neo,Economy,28 in,f,"['"Below average legroom (28 in)'", '"Carbon emissions estimate: 42 kg'"]",2026-09-12 18:54:51.366669
2023,1578,Air India Express,,IX 2115,COK,Cochin International Airport,BLR,Kempegowda International Airport Bengaluru,2026-09-13 17:35:00,2026-09-13 18:50:00,75,Boeing 737,Economy,29 in,f,"['"Below average legroom (29 in)'", '"Carbon emissions estimate: 61 kg'"]",2026-09-12 18:54:51.369752
2024,1579,Air India Express,,IX 1896,COK,Cochin International Airport,BLR,Kempegowda International Airport Bengaluru,2026-09-13 06:10:00,2026-09-13 07:25:00,75,Boeing 737MAX 8 Passenger,Economy,30 in,f,"['"Average legroom (30 in)'", '"In-seat USB outlet'", '"Carbon emissions estimate: 54 kg'"]",2026-09-12 18:54:51.372234
2025,1580,IndiGo,,6E 196,COK,Cochin International Airport,BLR,Kempegowda International Airport Bengaluru,2026-09-13 12:00:00,2026-09-13 13:15:00,75,Airbus A321neo,Economy,28 in,f,"['"Below average legroom (28 in)'", '"Carbon emissions estimate: 42 kg'"]",2026-09-12 18:54:51.374814
2026,1581,IndiGo,,6E 7006,COK,Cochin International Airport,BLR,Kempegowda International Airport Bengaluru,2026-09-13 13:25:00,2026-09-13 14:55:00,90,ATR 72,Economy,28 in,f,"['"Below average legroom (28 in)'", '"Carbon emissions estimate: 44 kg'"]",2026-09-12 18:54:51.377535
2027,1582,IndiGo,,6E 738,COK,Cochin International Airport,BLR,Kempegowda International Airport Bengaluru,2026-09-13 16:05:00,2026-09-13 17:15:00,70,Airbus A321neo,Economy,28 in,f,"['"Below average legroom (28 in)'", '"Carbon emissions estimate: 42 kg'"]",2026-09-12 18:54:51.380126
2028,1583,Air India Express,,IX 1692,COK,Cochin International Airport,BLR,Kempegowda International Airport Bengaluru,2026-09-13 07:10:00,2026-09-13 08:25:00,75,Boeing 737MAX 8 Passenger,Economy,30 in,f,"['"Average legroom (30 in)'", '"In-seat USB outlet'", '"Carbon emissions estimate: 54 kg'"]",2026-09-12 18:54:51.382805
2029,1584,IndiGo,,6E 2706,COK,Cochin International Airport,DEL,Indira Gandhi International Airport,2026-09-13 05:30:00,2026-09-13 08:45:00,195,Airbus A321neo,Economy,28 in,f,"['"Below average legroom (28 in)'", '"Carbon emissions estimate: 139 kg'"]",2026-09-12 18:55:01.486133
2030,1585,IndiGo,,6E 6232,COK,Cochin International Airport,DEL,Indira Gandhi International Airport,2026-09-13 13:15:00,2026-09-13 16:30:00,195,Airbus A321neo,Economy,28 in,f,"['"Below average legroom (28 in)'", '"Carbon emissions estimate: 139 kg'"]",2026-09-12 18:55:01.489082
2031,1586,Air India Express,,IX 1816,COK,Cochin International Airport,DEL,Indira Gandhi International Airport,2026-09-13 23:00:00,2026-09-14 02:20:00,200,Airbus A321,Economy,28 in,t,"['"Below average legroom (28 in)'", '"Carbon emissions estimate: 184 kg'"]",2026-09-12 18:55:01.491985
2032,1587,Air India,,AI 2459,COK,Cochin International Airport,DEL,Indira Gandhi International Airport,2026-09-13 16:00:00,2026-09-13 19:20:00,200,Airbus A320neo,Economy,28 in,f,"['"Below average legroom (28 in)'", '"In-seat USB outlet'", '"Stream media to your device'", '"Carbon emissions estimate: 165 kg'"]",2026-09-12 18:55:01.494536
2033,1588,IndiGo,,6E 662,COK,Cochin International Airport,BOM,Chhatrapati Shivaji Maharaj International Airport Mumbai,2026-09-13 08:00:00,2026-09-13 10:05:00,125,Airbus A321neo,Economy,28 in,f,"['"Below average legroom (28 in)'", '"Carbon emissions estimate: 85 kg'"]",2026-09-12 18:55:01.497118
2034,1588,IndiGo,,6E 6827,BOM,Chhatrapati Shivaji Maharaj International Airport Mumbai,DEL,Indira Gandhi International Airport,2026-09-13 11:30:00,2026-09-13 13:45:00,135,Airbus A321neo,Economy,28 in,f,"['"Below average legroom (28 in)'", '"Carbon emissions estimate: 91 kg'"]",2026-09-12 18:55:01.497118
2035,1589,IndiGo,,6E 2622,COK,Cochin International Airport,MAA,Chennai International Airport,2026-09-13 08:35:00,2026-09-13 09:45:00,70,Airbus A320neo,Economy,28 in,f,"['"Below average legroom (28 in)'", '"Carbon emissions estimate: 54 kg'"]",2026-09-12 18:55:01.501998
2036,1589,IndiGo,,6E 6002,MAA,Chennai International Airport,DEL,Indira Gandhi International Airport,2026-09-13 11:10:00,2026-09-13 13:55:00,165,Airbus A321neo,Economy,28 in,f,"['"Below average legroom (28 in)'", '"Carbon emissions estimate: 125 kg'"]",2026-09-12 18:55:01.501998
2037,1590,IndiGo,,6E 436,COK,Cochin International Airport,BOM,Chhatrapati Shivaji Maharaj International Airport Mumbai,2026-09-13 10:45:00,2026-09-13 12:50:00,125,Airbus A321neo,Economy,28 in,f,"['"Below average legroom (28 in)'", '"Carbon emissions estimate: 85 kg'"]",2026-09-12 18:55:01.505087
2038,1590,IndiGo,,6E 6704,BOM,Chhatrapati Shivaji Maharaj International Airport Mumbai,DEL,Indira Gandhi International Airport,2026-09-13 14:00:00,2026-09-13 16:15:00,135,Airbus A321neo,Economy,28 in,f,"['"Below average legroom (28 in)'", '"Carbon emissions estimate: 91 kg'"]",2026-09-12 18:55:01.505087
2039,1591,IndiGo,,6E 2382,COK,Cochin International Airport,DEL,Indira Gandhi International Airport,2026-09-13 21:00:00,2026-09-14 00:15:00,195,Airbus A320neo,Economy,28 in,f,"['"Below average legroom (28 in)'", '"Carbon emissions estimate: 147 kg'"]",2026-09-12 18:55:01.508261
2040,1592,Air India,,AI 2788,COK,Cochin International Airport,BOM,Chhatrapati Shivaji Maharaj International Airport Mumbai,2026-09-13 10:00:00,2026-09-13 12:30:00,150,Airbus A320neo,Economy,28 in,f,"['"Below average legroom (28 in)'", '"In-seat USB outlet'", '"Stream media to your device'", '"Carbon emissions estimate: 101 kg'"]",2026-09-12 18:55:01.51051
2041,1592,Air India,,AI 2944,BOM,Chhatrapati Shivaji Maharaj International Airport Mumbai,DEL,Indira Gandhi International Airport,2026-09-13 14:35:00,2026-09-13 16:55:00,140,Airbus A320neo,Economy,28 in,f,"['"Below average legroom (28 in)'", '"In-seat USB outlet'", '"Stream media to your device'", '"Carbon emissions estimate: 105 kg'"]",2026-09-12 18:55:01.51051
2042,1593,Air India Express,,IX 1814,COK,Cochin International Airport,DEL,Indira Gandhi International Airport,2026-09-13 14:55:00,2026-09-13 17:55:00,180,Airbus A321,Economy,28 in,f,"['"Below average legroom (28 in)'", '"Carbon emissions estimate: 184 kg'"]",2026-09-12 18:55:01.513352
2043,1594,Air India,,AI 1828,COK,Cochin International Airport,DEL,Indira Gandhi International Airport,2026-09-13 21:05:00,2026-09-14 00:30:00,205,Airbus A320neo,Economy,28 in,f,"['"Below average legroom (28 in)'", '"In-seat USB outlet'", '"Stream media to your device'", '"Carbon emissions estimate: 165 kg'"]",2026-09-12 18:55:01.51577
2044,1595,Air India,,AI 2884,COK,Cochin International Airport,DEL,Indira Gandhi International Airport,2026-09-13 06:00:00,2026-09-13 09:20:00,200,Airbus A320neo,Economy,28 in,f,"['"Below average legroom (28 in)'", '"In-seat USB outlet'", '"Stream media to your device'", '"Carbon emissions estimate: 165 kg'"]",2026-09-12 18:55:01.518361
2045,1596,Air India,,AI 2474,COK,Cochin International Airport,DEL,Indira Gandhi International Airport,2026-09-13 19:20:00,2026-09-13 22:45:00,205,Airbus A320neo,Economy,28 in,f,"['"Below average legroom (28 in)'", '"In-seat USB outlet'", '"Stream media to your device'", '"Carbon emissions estimate: 165 kg'"]",2026-09-12 18:55:01.520923
2046,1597,IndiGo,,6E 436,COK,Cochin International Airport,BOM,Chhatrapati Shivaji Maharaj International Airport Mumbai,2026-09-13 10:45:00,2026-09-13 12:50:00,125,Airbus A321neo,Economy,28 in,f,"['"Below average legroom (28 in)'", '"Carbon emissions estimate: 85 kg'"]",2026-09-12 18:55:09.402549
2047,1598,Air India Express,,IX 1798,COK,Cochin International Airport,BOM,Chhatrapati Shivaji Maharaj International Airport Mumbai,2026-09-13 07:50:00,2026-09-13 10:15:00,145,Airbus A320,Economy,28 in,f,"['"Below average legroom (28 in)'", '"Carbon emissions estimate: 117 kg'"]",2026-09-12 18:55:09.404353
2048,1599,Akasa Air,,QP 1138,COK,Cochin International Airport,BOM,Chhatrapati Shivaji Maharaj International Airport Mumbai,2026-09-13 11:20:00,2026-09-13 13:40:00,140,Boeing 737MAX 8 Passenger,Economy,28 in,f,"['"Below average legroom (28 in)'", '"In-seat USB outlet'", '"Carbon emissions estimate: 90 kg'"]",2026-09-12 18:55:09.405936
2049,1600,Air India,,AI 2788,COK,Cochin International Airport,BOM,Chhatrapati Shivaji Maharaj International Airport Mumbai,2026-09-13 10:00:00,2026-09-13 12:30:00,150,Airbus A320neo,Economy,28 in,f,"['"Below average legroom (28 in)'", '"In-seat USB outlet'", '"Stream media to your device'", '"Carbon emissions estimate: 101 kg'"]",2026-09-12 18:55:09.407441
2050,1601,IndiGo,,6E 6922,COK,Cochin International Airport,BLR,Kempegowda International Airport Bengaluru,2026-09-13 19:35:00,2026-09-13 20:50:00,75,Airbus A321neo,Economy,28 in,f,"['"Below average legroom (28 in)'", '"Carbon emissions estimate: 42 kg'"]",2026-09-12 18:55:09.410301
2051,1601,IndiGo,,6E 5094,BLR,Kempegowda International Airport Bengaluru,BOM,Chhatrapati Shivaji Maharaj International Airport Mumbai,2026-09-13 22:20:00,2026-09-14 00:05:00,105,Airbus A321neo,Economy,28 in,f,"['"Below average legroom (28 in)'", '"Carbon emissions estimate: 71 kg'"]",2026-09-12 18:55:09.410301
2052,1602,IndiGo,,6E 662,COK,Cochin International Airport,BOM,Chhatrapati Shivaji Maharaj International Airport Mumbai,2026-09-13 08:00:00,2026-09-13 10:05:00,125,Airbus A321neo,Economy,28 in,f,"['"Below average legroom (28 in)'", '"Carbon emissions estimate: 85 kg'"]",2026-09-12 18:55:09.414077
2053,1603,Air India,,AI 2856,COK,Cochin International Airport,BOM,Chhatrapati Shivaji Maharaj International Airport Mumbai,2026-09-13 12:35:00,2026-09-13 15:00:00,145,Airbus A320neo,Economy,28 in,f,"['"Below average legroom (28 in)'", '"In-seat USB outlet'", '"Stream media to your device'", '"Carbon emissions estimate: 101 kg'"]",2026-09-12 18:55:09.416283
2054,1604,IndiGo,,6E 674,COK,Cochin International Airport,BOM,Chhatrapati Shivaji Maharaj International Airport Mumbai,2026-09-13 14:55:00,2026-09-13 17:05:00,130,Airbus A321neo,Economy,28 in,t,"['"Below average legroom (28 in)'", '"Carbon emissions estimate: 85 kg'"]",2026-09-12 18:55:09.418403
2055,1605,Air India Express,,IX 1800,COK,Cochin International Airport,BOM,Chhatrapati Shivaji Maharaj International Airport Mumbai,2026-09-13 16:10:00,2026-09-13 18:35:00,145,Boeing 737MAX 8 Passenger,Economy,30 in,f,"['"Average legroom (30 in)'", '"Carbon emissions estimate: 101 kg'"]",2026-09-12 18:55:09.420355
2056,1606,IndiGo,,6E 2094,COK,Cochin International Airport,BOM,Chhatrapati Shivaji Maharaj International Airport Mumbai,2026-09-13 19:55:00,2026-09-13 22:00:00,125,Airbus A321neo,Economy,28 in,f,"['"Below average legroom (28 in)'", '"Carbon emissions estimate: 85 kg'"]",2026-09-12 18:55:09.422313
2057,1607,Air India Express,,IX 1802,COK,Cochin International Airport,BOM,Chhatrapati Shivaji Maharaj International Airport Mumbai,2026-09-13 22:50:00,2026-09-14 01:15:00,145,Airbus A320,Economy,28 in,f,"['"Below average legroom (28 in)'", '"Carbon emissions estimate: 117 kg'"]",2026-09-12 18:55:09.424128
2058,1608,Air India,,AI 699,COK,Cochin International Airport,BOM,Chhatrapati Shivaji Maharaj International Airport Mumbai,2026-09-13 20:00:00,2026-09-13 22:25:00,145,Airbus A319,Economy,31 in,f,"['"Average legroom (31 in)'", '"Stream media to your device'", '"Carbon emissions estimate: 143 kg'"]",2026-09-12 18:55:09.426176
