id,search_id,origin,destination,outbound_date,return_date,price,currency,total_duration_minutes,flight_type,airline,stops,carbon_emissions_kg,booking_token,collected_at
1,1,BLR,DEL,2026-09-12,2026-09-19,19171.00,INR,165,Round trip,Air India,0,143,WyJDalJJWTFnMGRuTjBVbXhSUnpCQlNGaDBVVUZDUnkwdExTMHRMUzB0TFhaM2FtOHlORUZCUVVGQlIzRnNWRmxWUlc5aWJtMUJFZ1pCU1RJNE1UZ2FDd2pqbFFFUUFCb0RTVTVTT0J4dzM1d0IiLFtbIkJMUiIsIjIwMjYtMDktMTIiLCJERUwiLG51bGwsIkFJIiwiMjgxOCJdXV0=,2026-09-12 18:32:57.320796
2,1,BLR,DEL,2026-09-12,2026-09-19,24450.00,INR,295,Round trip,IndiGo,1,157,WyJDalJJWTFnMGRuTjBVbXhSUnpCQlNGaDBVVUZDUnkwdExTMHRMUzB0TFhaM2FtOHlORUZCUVVGQlIzRnNWRmxWUlc5aWJtMUJFZ3cyUlRFeE5udzJSVEkwTVRnYUN3aUN2d0VRQUJvRFNVNVNPQnh3ODhjQiIsW1siQkxSIiwiMjAyNi0wOS0xMiIsIlBOUSIsbnVsbCwiNkUiLCIxMTYiXSxbIlBOUSIsIjIwMjYtMDktMTMiLCJERUwiLG51bGwsIjZFIiwiMjQxOCJdXV0=,2026-09-12 18:32:57.330132
3,1,BLR,DEL,2026-09-12,2026-09-19,25800.00,INR,700,Round trip,"Air India Express, Air India",1,191,WyJDalJJWTFnMGRuTjBVbXhSUnpCQlNGaDBVVUZDUnkwdExTMHRMUzB0TFhaM2FtOHlORUZCUVVGQlIzRnNWRmxWUlc5aWJtMUJFZzFKV0RJM09EZDhRVWt5T0RnMkdnc0l5TWtCRUFBYUEwbE9VamdjY1BqU0FRPT0iLFtbIkJMUiIsIjIwMjYtMDktMTIiLCJNQUEiLG51bGwsIklYIiwiMjc4NyJdLFsiTUFBIiwiMjAyNi0wOS0xMyIsIkRFTCIsbnVsbCwiQUkiLCIyODg2Il1dXQ==,2026-09-12 18:32:57.332717
4,1,BLR,DEL,2026-09-12,2026-09-19,27081.00,INR,290,Round trip,IndiGo,1,155,WyJDalJJWTFnMGRuTjBVbXhSUnpCQlNGaDBVVUZDUnkwdExTMHRMUzB0TFhaM2FtOHlORUZCUVVGQlIzRnNWRmxWUlc5aWJtMUJFZ3cyUlRVeU9IdzJSVFV6TWpFYUN3akowd0VRQUJvRFNVNVNPQnh3dGQwQiIsW1siQkxSIiwiMjAyNi0wOS0xMiIsIlBOUSIsbnVsbCwiNkUiLCI1MjgiXSxbIlBOUSIsIjIwMjYtMDktMTMiLCJERUwiLG51bGwsIjZFIiwiNTMyMSJdXV0=,2026-09-12 18:32:57.336253
5,1,BLR,DEL,2026-09-12,2026-09-19,27803.00,INR,740,Round trip,Air India Express,1,190,WyJDalJJWTFnMGRuTjBVbXhSUnpCQlNGaDBVVUZDUnkwdExTMHRMUzB0TFhaM2FtOHlORUZCUVVGQlIzRnNWRmxWUlc5aWJtMUJFZzFKV0RJMk9EQjhTVmd4TmpjeUdnc0ltOWtCRUFBYUEwbE9VamdjY0tqakFRPT0iLFtbIkJMUiIsIjIwMjYtMDktMTIiLCJQTlEiLG51bGwsIklYIiwiMjY4MCJdLFsiUE5RIiwiMjAyNi0wOS0xMyIsIkRFTCIsbnVsbCwiSVgiLCIxNjcyIl1dXQ==,2026-09-12 18:32:57.339133
6,1,BLR,DEL,2026-09-12,2026-09-19,30673.00,INR,405,Round trip,"Air India Express, Air India",1,171,WyJDalJJWTFnMGRuTjBVbXhSUnpCQlNGaDBVVUZDUnkwdExTMHRMUzB0TFhaM2FtOHlORUZCUVVGQlIzRnNWRmxWUlc5aWJtMUJFZzFKV0RFM01qTjhRVWt4T0RBMkdnc0kwZThCRUFBYUEwbE9VamdjY09UNkFRPT0iLFtbIkJMUiIsIjIwMjYtMDktMTIiLCJIWUQiLG51bGwsIklYIiwiMTcyMyJdLFsiSFlEIiwiMjAyNi0wOS0xMyIsIkRFTCIsbnVsbCwiQUkiLCIxODA2Il1dXQ==,2026-09-12 18:32:57.341982
7,1,BLR,DEL,2026-09-12,2026-09-19,38098.00,INR,170,Round trip,IndiGo,0,186,WyJDalJJWTFnMGRuTjBVbXhSUnpCQlNGaDBVVUZDUnkwdExTMHRMUzB0TFhaM2FtOHlORUZCUVVGQlIzRnNWRmxWUlc5aWJtMUJFZ1UyUlRneE54b0xDTktwQWhBQUdnTkpUbEk0SEhDK3R3ST0iLFtbIkJMUiIsIjIwMjYtMDktMTIiLCJERUwiLG51bGwsIjZFIiwiODE3Il1dXQ==,2026-09-12 18:32:57.344443
8,1,BLR,DEL,2026-09-12,2026-09-19,38098.00,INR,170,Round trip,IndiGo,0,186,WyJDalJJWTFnMGRuTjBVbXhSUnpCQlNGaDBVVUZDUnkwdExTMHRMUzB0TFhaM2FtOHlORUZCUVVGQlIzRnNWRmxWUlc5aWJtMUJFZ1kyUlRJek1UTWFDd2pTcVFJUUFCb0RTVTVTT0J4d3ZyY0MiLFtbIkJMUiIsIjIwMjYtMDktMTIiLCJERUwiLG51bGwsIjZFIiwiMjMxMyJdXV0=,2026-09-12 18:32:57.346407
9,1,BLR,DEL,2026-09-12,2026-09-19,55813.00,INR,175,Round trip,Air India,0,215,WyJDalJJWTFnMGRuTjBVbXhSUnpCQlNGaDBVVUZDUnkwdExTMHRMUzB0TFhaM2FtOHlORUZCUVVGQlIzRnNWRmxWUlc5aWJtMUJFZ1pCU1RJME9EZ2FDd2lGdEFNUUFCb0RTVTVTT0J4d3FjZ0QiLFtbIkJMUiIsIjIwMjYtMDktMTIiLCJERUwiLG51bGwsIkFJIiwiMjQ4OCJdXV0=,2026-09-12 18:32:57.35868
10,1,BLR,DEL,2026-09-12,2026-09-19,67171.00,INR,350,Round trip,Air India,1,189,WyJDalJJWTFnMGRuTjBVbXhSUnpCQlNGaDBVVUZDUnkwdExTMHRMUzB0TFhaM2FtOHlORUZCUVVGQlIzRnNWRmxWUlc5aWJtMUJFZzFCU1RJMk5ESjhRVWt5TkRJeUdnc0k0NHdFRUFBYUEwbE9VamdjY0plbEJBPT0iLFtbIkJMUiIsIjIwMjYtMDktMTIiLCJCT00iLG51bGwsIkFJIiwiMjY0MiJdLFsiQk9NIiwiMjAyNi0wOS0xMyIsIkRFTCIsbnVsbCwiQUkiLCIyNDIyIl1dXQ==,2026-09-12 18:32:57.360807
11,2,BLR,BOM,2026-09-12,2026-09-19,13034.00,INR,250,Round trip,IndiGo,1,122,WyJDalJJWVd0dE5YcElOazVJY2xWQlJscDFUR2RDUnkwdExTMHRMWFJzWVdReE9DMXVNa0ZCUVVGQlIzRnNWRmt3UnpkT2JXTkJFZzAyUlRZd056ZDhOa1UyTWpJMUdnb0k2bVVRQUJvRFNVNVNPQnh3eUdvPSIsW1siQkxSIiwiMjAyNi0wOS0xMiIsIk1BQSIsbnVsbCwiNkUiLCI2MDc3Il0sWyJNQUEiLCIyMDI2LTA5LTEyIiwiQk9NIixudWxsLCI2RSIsIjYyMjUiXV1d,2026-09-12 18:33:06.495464
12,2,BLR,BOM,2026-09-12,2026-09-19,15377.00,INR,110,Round trip,Akasa Air,0,73,WyJDalJJWVd0dE5YcElOazVJY2xWQlJscDFUR2RDUnkwdExTMHRMWFJzWVdReE9DMXVNa0ZCUVVGQlIzRnNWRmt3UnpkT2JXTkJFZ1pSVURFeE16UWFDZ2lSZUJBQUdnTkpUbEk0SEhEY2ZRPT0iLFtbIkJMUiIsIjIwMjYtMDktMTIiLCJCT00iLG51bGwsIlFQIiwiMTEzNCJdXV0=,2026-09-12 18:33:06.499066
13,2,BLR,BOM,2026-09-12,2026-09-19,15648.00,INR,130,Round trip,Air India,0,83,WyJDalJJWVd0dE5YcElOazVJY2xWQlJscDFUR2RDUnkwdExTMHRMWFJzWVdReE9DMXVNa0ZCUVVGQlIzRnNWRmt3UnpkT2JXTkJFZ1pCU1RJNE5UQWFDZ2lnZWhBQUdnTkpUbEk0SEhENGZ3PT0iLFtbIkJMUiIsIjIwMjYtMDktMTIiLCJCT00iLG51bGwsIkFJIiwiMjg1MCJdXV0=,2026-09-12 18:33:06.501387
14,2,BLR,BOM,2026-09-12,2026-09-19,16130.00,INR,105,Round trip,IndiGo,0,71,WyJDalJJWVd0dE5YcElOazVJY2xWQlJscDFUR2RDUnkwdExTMHRMWFJzWVdReE9DMXVNa0ZCUVVGQlIzRnNWRmt3UnpkT2JXTkJFZ1kyUlRVek56WWFDZ2lDZmhBQUdnTkpUbEk0SEhEd2d3RT0iLFtbIkJMUiIsIjIwMjYtMDktMTIiLCJCT00iLG51bGwsIjZFIiwiNTM3NiJdXV0=,2026-09-12 18:33:06.503428
15,2,BLR,BOM,2026-09-12,2026-09-19,18879.00,INR,270,Round trip,IndiGo,1,145,WyJDalJJWVd0dE5YcElOazVJY2xWQlJscDFUR2RDUnkwdExTMHRMWFJzWVdReE9DMXVNa0ZCUVVGQlIzRnNWRmt3UnpkT2JXTkJFZzAyUlRZME1qTjhOa1UyTXpVeEdnc0l2NU1CRUFBYUEwbE9VamdjY0syYUFRPT0iLFtbIkJMUiIsIjIwMjYtMDktMTIiLCJBTUQiLG51bGwsIjZFIiwiNjQyMyJdLFsiQU1EIiwiMjAyNi0wOS0xMiIsIkJPTSIsbnVsbCwiNkUiLCI2MzUxIl1dXQ==,2026-09-12 18:33:06.505441
16,2,BLR,BOM,2026-09-12,2026-09-19,21654.00,INR,125,Round trip,Air India,0,83,WyJDalJJWVd0dE5YcElOazVJY2xWQlJscDFUR2RDUnkwdExTMHRMWFJzWVdReE9DMXVNa0ZCUVVGQlIzRnNWRmt3UnpkT2JXTkJFZ1pCU1RJNE5EQWFDd2lXcVFFUUFCb0RTVTVTT0J4d2hiRUIiLFtbIkJMUiIsIjIwMjYtMDktMTIiLCJCT00iLG51bGwsIkFJIiwiMjg0MCJdXV0=,2026-09-12 18:33:06.507907
17,2,BLR,BOM,2026-09-12,2026-09-19,32159.00,INR,125,Round trip,Air India,0,83,WyJDalJJWVd0dE5YcElOazVJY2xWQlJscDFUR2RDUnkwdExTMHRMWFJzWVdReE9DMXVNa0ZCUVVGQlIzRnNWRmt3UnpkT2JXTkJFZ1pCU1RJNE1URWFDd2lmK3dFUUFCb0RTVTVTT0J4dzk0WUMiLFtbIkJMUiIsIjIwMjYtMDktMTIiLCJCT00iLG51bGwsIkFJIiwiMjgxMSJdXV0=,2026-09-12 18:33:06.510703
18,2,BLR,BOM,2026-09-12,2026-09-19,32314.00,INR,125,Round trip,Air India,0,83,WyJDalJJWVd0dE5YcElOazVJY2xWQlJscDFUR2RDUnkwdExTMHRMWFJzWVdReE9DMXVNa0ZCUVVGQlIzRnNWRmt3UnpkT2JXTkJFZ1pCU1RJMk5ESWFDd2k2L0FFUUFCb0RTVTVTT0J4d21ZZ0MiLFtbIkJMUiIsIjIwMjYtMDktMTIiLCJCT00iLG51bGwsIkFJIiwiMjY0MiJdXV0=,2026-09-12 18:33:06.512904
19,3,BLR,HYD,2026-09-12,2026-09-19,13459.00,INR,70,Round trip,Air India Express,0,57,WyJDalJJZFhWRFN6SlpObUk1TWxGQlIxRkRUVkZDUnkwdExTMHRMUzB0TFhscGNtc3hOVUZCUVVGQlIzRnNWRnBWVFc1eFJVVkJFZ1pKV0RFM01qTWFDZ2lUYVJBQUdnTkpUbEk0SEhDRmJnPT0iLFtbIkJMUiIsIjIwMjYtMDktMTIiLCJIWUQiLG51bGwsIklYIiwiMTcyMyJdXV0=,2026-09-12 18:33:09.418942
20,3,BLR,HYD,2026-09-12,2026-09-19,14767.00,INR,75,Round trip,IndiGo,0,47,WyJDalJJZFhWRFN6SlpObUk1TWxGQlIxRkRUVkZDUnkwdExTMHRMUzB0TFhscGNtc3hOVUZCUVVGQlIzRnNWRnBWVFc1eFJVVkJFZ1kyUlRZM09EUWFDZ2l2Y3hBQUdnTkpUbEk0SEhEZWVBPT0iLFtbIkJMUiIsIjIwMjYtMDktMTIiLCJIWUQiLG51bGwsIjZFIiwiNjc4NCJdXV0=,2026-09-12 18:33:09.422585
21,3,BLR,HYD,2026-09-12,2026-09-19,19290.00,INR,245,Round trip,IndiGo,1,111,WyJDalJJZFhWRFN6SlpObUk1TWxGQlIxRkRUVkZDUnkwdExTMHRMUzB0TFhscGNtc3hOVUZCUVVGQlIzRnNWRnBWVFc1eFJVVkJFZ3MyUlRFeE5udzJSVE16TmhvTENOcVdBUkFBR2dOSlRsSTRISERiblFFPSIsW1siQkxSIiwiMjAyNi0wOS0xMiIsIlBOUSIsbnVsbCwiNkUiLCIxMTYiXSxbIlBOUSIsIjIwMjYtMDktMTMiLCJIWUQiLG51bGwsIjZFIiwiMzM2Il1dXQ==,2026-09-12 18:33:09.425598
22,4,BLR,MAA,2026-09-12,2026-09-19,7932.00,INR,65,Round trip,IndiGo,0,40,WyJDalJJYW5sNVFtZExPVmxWZURoQlQxbDJOa0ZDUnkwdExTMHRMUzB0TFMxdmVXTmlOMEZCUVVGQlIzRnNWRnByUmxONmJVRkJFZ1kyUlRZd056Y2FDZ2o4UFJBQUdnTkpUbEk0SEhEdFFBPT0iLFtbIkJMUiIsIjIwMjYtMDktMTIiLCJNQUEiLG51bGwsIjZFIiwiNjA3NyJdXV0=,2026-09-12 18:33:14.561347
23,4,BLR,MAA,2026-09-12,2026-09-19,7932.00,INR,65,Round trip,IndiGo,0,40,WyJDalJJYW5sNVFtZExPVmxWZURoQlQxbDJOa0ZDUnkwdExTMHRMUzB0TFMxdmVXTmlOMEZCUVVGQlIzRnNWRnByUmxONmJVRkJFZ1kyUlRZMU5qSWFDZ2o4UFJBQUdnTkpUbEk0SEhEdFFBPT0iLFtbIkJMUiIsIjIwMjYtMDktMTIiLCJNQUEiLG51bGwsIjZFIiwiNjU2MiJdXV0=,2026-09-12 18:33:14.564656
24,4,BLR,MAA,2026-09-12,2026-09-19,8266.00,INR,70,Round trip,Air India Express,0,46,WyJDalJJYW5sNVFtZExPVmxWZURoQlQxbDJOa0ZDUnkwdExTMHRMUzB0TFMxdmVXTmlOMEZCUVVGQlIzRnNWRnByUmxONmJVRkJFZ1pKV0RJM09EY2FDZ2pLUUJBQUdnTkpUbEk0SEhES1F3PT0iLFtbIkJMUiIsIjIwMjYtMDktMTIiLCJNQUEiLG51bGwsIklYIiwiMjc4NyJdXV0=,2026-09-12 18:33:14.569152
25,4,BLR,MAA,2026-09-12,2026-09-19,,INR,70,Round trip,Air India Express,0,43,WyJDalJJYW5sNVFtZExPVmxWZURoQlQxbDJOa0ZDUnkwdExTMHRMUzB0TFMxdmVXTmlOMEZCUVVGQlIzRnNWRnByUmxONmJVRkJFZ1pKV0RFeE5qZzRIQT09IixbWyJCTFIiLCIyMDI2LTA5LTEyIiwiTUFBIixudWxsLCJJWCIsIjExNjgiXV1d,2026-09-12 18:33:14.571686
26,5,BLR,CCU,2026-09-12,2026-09-19,21195.00,INR,155,Round trip,Air India Express,0,130,WyJDalJJYW1WNVEweDNhVmhTWWpSQlNqbG9kM2RDUnkwdExTMHRMUzB0TFMxdmEyUnFORUZCUVVGQlIzRnNWR0ZOU0U1RVkydEJFZ1pKV0RFek56QWFDd2pMcFFFUUFCb0RTVTVTT0J4d3BhMEIiLFtbIkJMUiIsIjIwMjYtMDktMTIiLCJDQ1UiLG51bGwsIklYIiwiMTM3MCJdXV0=,2026-09-12 18:33:23.91514
27,5,BLR,CCU,2026-09-12,2026-09-19,27432.00,INR,340,Round trip,IndiGo,1,180,WyJDalJJYW1WNVEweDNhVmhTWWpSQlNqbG9kM2RDUnkwdExTMHRMUzB0TFMxdmEyUnFORUZCUVVGQlIzRnNWR0ZOU0U1RVkydEJFZ3cyUlRRME1YdzJSVFk1TWpFYUN3aW8xZ0VRQUJvRFNVNVNPQnh3cE9BQiIsW1siQkxSIiwiMjAyNi0wOS0xMiIsIlBOUSIsbnVsbCwiNkUiLCI0NDEiXSxbIlBOUSIsIjIwMjYtMDktMTIiLCJDQ1UiLG51bGwsIjZFIiwiNjkyMSJdXV0=,2026-09-12 18:33:23.918058
28,5,BLR,CCU,2026-09-12,2026-09-19,27919.00,INR,160,Round trip,IndiGo,0,111,WyJDalJJYW1WNVEweDNhVmhTWWpSQlNqbG9kM2RDUnkwdExTMHRMUzB0TFMxdmEyUnFORUZCUVVGQlIzRnNWR0ZOU0U1RVkydEJFZ1UyUlRrMU1ob0xDSS9hQVJBQUdnTkpUbEk0SEhDaTVBRT0iLFtbIkJMUiIsIjIwMjYtMDktMTIiLCJDQ1UiLG51bGwsIjZFIiwiOTUyIl1dXQ==,2026-09-12 18:33:23.922552
29,6,BLR,PNQ,2026-09-12,2026-09-19,15953.00,INR,90,Round trip,Akasa Air,0,67,WyJDalJJTkZwb0xXdGFkSEZsUWxGQlFVNWpTRUZDUnkwdExTMHRMUzB0TFc5NVozQXlOVUZCUVVGQlIzRnNWR0ZqU2pNM1ZFZEJFZ1pSVURFek1UY2FDZ2pSZkJBQUdnTkpUbEk0SEhDM2dnRT0iLFtbIkJMUiIsIjIwMjYtMDktMTIiLCJQTlEiLG51bGwsIlFQIiwiMTMxNyJdXV0=,2026-09-12 18:33:28.413083
30,6,BLR,PNQ,2026-09-12,2026-09-19,16325.00,INR,85,Round trip,IndiGo,0,66,WyJDalJJTkZwb0xXdGFkSEZsUWxGQlFVNWpTRUZDUnkwdExTMHRMUzB0TFc5NVozQXlOVUZCUVVGQlIzRnNWR0ZqU2pNM1ZFZEJFZ1UyUlRRME1Sb0tDTVYvRUFBYUEwbE9VamdjY0x5RkFRPT0iLFtbIkJMUiIsIjIwMjYtMDktMTIiLCJQTlEiLG51bGwsIjZFIiwiNDQxIl1dXQ==,2026-09-12 18:33:28.417866
31,6,BLR,PNQ,2026-09-12,2026-09-19,16325.00,INR,90,Round trip,IndiGo,0,61,WyJDalJJTkZwb0xXdGFkSEZsUWxGQlFVNWpTRUZDUnkwdExTMHRMUzB0TFc5NVozQXlOVUZCUVVGQlIzRnNWR0ZqU2pNM1ZFZEJFZ1UyUlRVeU9Cb0tDTVYvRUFBYUEwbE9VamdjY0x5RkFRPT0iLFtbIkJMUiIsIjIwMjYtMDktMTIiLCJQTlEiLG51bGwsIjZFIiwiNTI4Il1dXQ==,2026-09-12 18:33:28.420698
32,6,BLR,PNQ,2026-09-12,2026-09-19,16789.00,INR,100,Round trip,Air India Express,0,76,WyJDalJJTkZwb0xXdGFkSEZsUWxGQlFVNWpTRUZDUnkwdExTMHRMUzB0TFc5NVozQXlOVUZCUVVGQlIzRnNWR0ZqU2pNM1ZFZEJFZ1pKV0RJMk9EQWFDd2lWZ3dFUUFCb0RTVTVTT0J4d29va0IiLFtbIkJMUiIsIjIwMjYtMDktMTIiLCJQTlEiLG51bGwsIklYIiwiMjY4MCJdXV0=,2026-09-12 18:33:28.423518
33,6,BLR,PNQ,2026-09-12,2026-09-19,17950.00,INR,100,Round trip,IndiGo,0,61,WyJDalJJTkZwb0xXdGFkSEZsUWxGQlFVNWpTRUZDUnkwdExTMHRMUzB0TFc5NVozQXlOVUZCUVVGQlIzRnNWR0ZqU2pNM1ZFZEJFZ1UyUlRFeE5ob0xDSjZNQVJBQUdnTkpUbEk0SEhEaGtnRT0iLFtbIkJMUiIsIjIwMjYtMDktMTIiLCJQTlEiLG51bGwsIjZFIiwiMTE2Il1dXQ==,2026-09-12 18:33:28.425916
34,7,BLR,AMD,2026-09-12,2026-09-19,17960.00,INR,560,Round trip,Air India,1,159,WyJDalJJZVU1WlRqVTJXRWR1WjFsQlNUazRVM2RDUnkwdExTMHRMUzB0TFhscFltZHBPVUZCUVVGQlIzRnNWR0YzUXpSSVRrRkJFZ3hCU1RJNE5EQjhRVWswT1RNYUN3aW9qQUVRQUJvRFNVNVNPQnh3NjVJQiIsW1siQkxSIiwiMjAyNi0wOS0xMiIsIkJPTSIsbnVsbCwiQUkiLCIyODQwIl0sWyJCT00iLCIyMDI2LTA5LTEzIiwiQU1EIixudWxsLCJBSSIsIjQ5MyJdXV0=,2026-09-12 18:33:36.797158
35,7,BLR,AMD,2026-09-12,2026-09-19,22168.00,INR,130,Round trip,IndiGo,0,92,WyJDalJJZVU1WlRqVTJXRWR1WjFsQlNUazRVM2RDUnkwdExTMHRMUzB0TFhscFltZHBPVUZCUVVGQlIzRnNWR0YzUXpSSVRrRkJFZ1kyUlRZME1qTWFDd2lZclFFUUFCb0RTVTVTT0J4d243VUIiLFtbIkJMUiIsIjIwMjYtMDktMTIiLCJBTUQiLG51bGwsIjZFIiwiNjQyMyJdXV0=,2026-09-12 18:33:36.801223
36,7,BLR,AMD,2026-09-12,2026-09-19,24865.00,INR,425,Round trip,IndiGo,1,113,WyJDalJJZVU1WlRqVTJXRWR1WjFsQlNUazRVM2RDUnkwdExTMHRMUzB0TFhscFltZHBPVUZCUVVGQlIzRnNWR0YzUXpSSVRrRkJFZ3MyUlRFeE5udzJSVGd4T1JvTENLSENBUkFBR2dOSlRsSTRISENteXdFPSIsW1siQkxSIiwiMjAyNi0wOS0xMiIsIlBOUSIsbnVsbCwiNkUiLCIxMTYiXSxbIlBOUSIsIjIwMjYtMDktMTMiLCJBTUQiLG51bGwsIjZFIiwiODE5Il1dXQ==,2026-09-12 18:33:36.80401
37,7,BLR,AMD,2026-09-12,2026-09-19,25255.00,INR,490,Round trip,Air India,1,159,WyJDalJJZVU1WlRqVTJXRWR1WjFsQlNUazRVM2RDUnkwdExTMHRMUzB0TFhscFltZHBPVUZCUVVGQlIzRnNWR0YzUXpSSVRrRkJFZ3hCU1RJNE1URjhRVWswT1RNYUN3aW54UUVRQUJvRFNVNVNPQnh3dnM0QiIsW1siQkxSIiwiMjAyNi0wOS0xMiIsIkJPTSIsbnVsbCwiQUkiLCIyODExIl0sWyJCT00iLCIyMDI2LTA5LTEzIiwiQU1EIixudWxsLCJBSSIsIjQ5MyJdXV0=,2026-09-12 18:33:36.808658
38,7,BLR,AMD,2026-09-12,2026-09-19,34491.00,INR,260,Round trip,IndiGo,1,177,WyJDalJJZVU1WlRqVTJXRWR1WjFsQlNUazRVM2RDUnkwdExTMHRMUzB0TFhscFltZHBPVUZCUVVGQlIzRnNWR0YzUXpSSVRrRkJFZzAyUlRVek56WjhOa1UxTVRVeUdnc0l1NDBDRUFBYUEwbE9VamdjY1ArWkFnPT0iLFtbIkJMUiIsIjIwMjYtMDktMTIiLCJCT00iLG51bGwsIjZFIiwiNTM3NiJdLFsiQk9NIiwiMjAyNi0wOS0xMiIsIkFNRCIsbnVsbCwiNkUiLCI1MTUyIl1dXQ==,2026-09-12 18:33:36.812091
39,8,BLR,COK,2026-09-12,2026-09-19,15617.00,INR,65,Round trip,IndiGo,0,47,WyJDalJJZEVaWmJXeEVOV3h1V2pSQlJXaGxlVkZDUnkwdExTMHRMUzB0TFMxd1ptMXpOVUZCUVVGQlIzRnNWR0k0VGpsWFgwOUJFZ1UyUlRRek5Sb0tDSUY2RUFBYUEwbE9VamdjY05kLyIsW1siQkxSIiwiMjAyNi0wOS0xMiIsIkNPSyIsbnVsbCwiNkUiLCI0MzUiXV1d,2026-09-12 18:33:51.577527
40,9,BLR,GOI,2026-09-12,2026-09-19,,INR,685,Round trip,"Air India, Air India Express",1,289,WyJDalJJWW1GelkwcEVYMTlPVDBWQlIyUlBTMmRDUnkwdExTMHRMUzB0TFMxMmRHNW1Oa0ZCUVVGQlIzRnNWR05uUlZBM04ydEJFZzFCU1RJNE1UaDhTVmd4TVRBNE9Cdz0iLFtbIkJMUiIsIjIwMjYtMDktMTIiLCJERUwiLG51bGwsIkFJIiwiMjgxOCJdLFsiREVMIiwiMjAyNi0wOS0xMyIsIkdPSSIsbnVsbCwiSVgiLCIxMTA4Il1dXQ==,2026-09-12 18:34:00.546954
41,9,BLR,GOI,2026-09-12,2026-09-19,,INR,410,Round trip,Air India,1,139,WyJDalJJWW1GelkwcEVYMTlPVDBWQlIyUlBTMmRDUnkwdExTMHRMUzB0TFMxMmRHNW1Oa0ZCUVVGQlIzRnNWR05uUlZBM04ydEJFZ3hCU1RJNE1URjhRVWsyTURNNEhBPT0iLFtbIkJMUiIsIjIwMjYtMDktMTIiLCJCT00iLG51bGwsIkFJIiwiMjgxMSJdLFsiQk9NIiwiMjAyNi0wOS0xMyIsIkdPSSIsbnVsbCwiQUkiLCI2MDMiXV1d,2026-09-12 18:34:00.551914
42,10,DEL,BLR,2026-09-12,2026-09-19,16878.00,INR,175,Round trip,IndiGo,0,124,WyJDalJJTVdFM2NsOUJhREUwUVVGQlNqSmpjRkZDUnkwdExTMHRMUzB0TFc5NVlXZ3hNa0ZCUVVGQlIzRnNWR04zUldWQ1pYbEJFZ1kyUlRZMU1UVWFDd2p1Z3dFUUFCb0RTVTVTT0J4dy80a0IiLFtbIkRFTCIsIjIwMjYtMDktMTIiLCJCTFIiLG51bGwsIjZFIiwiNjUxNSJdXV0=,2026-09-12 18:34:03.999069
43,10,DEL,BLR,2026-09-12,2026-09-19,16982.00,INR,175,Round trip,Air India,0,143,WyJDalJJTVdFM2NsOUJhREUwUVVGQlNqSmpjRkZDUnkwdExTMHRMUzB0TFc5NVlXZ3hNa0ZCUVVGQlIzRnNWR04zUldWQ1pYbEJFZ1pCU1RJME1USWFDd2pXaEFFUUFCb0RTVTVTT0J4dzdJb0IiLFtbIkRFTCIsIjIwMjYtMDktMTIiLCJCTFIiLG51bGwsIkFJIiwiMjQxMiJdXV0=,2026-09-12 18:34:04.00263
44,10,DEL,BLR,2026-09-12,2026-09-19,17436.00,INR,175,Round trip,Akasa Air,0,121,WyJDalJJTVdFM2NsOUJhREUwUVVGQlNqSmpjRkZDUnkwdExTMHRMUzB0TFc5NVlXZ3hNa0ZCUVVGQlIzRnNWR04zUldWQ1pYbEJFZ1pSVURFek5UQWFDd2ljaUFFUUFCb0RTVTVTT0J4d3g0NEIiLFtbIkRFTCIsIjIwMjYtMDktMTIiLCJCTFIiLG51bGwsIlFQIiwiMTM1MCJdXV0=,2026-09-12 18:34:04.005416
45,10,DEL,BLR,2026-09-12,2026-09-19,17436.00,INR,170,Round trip,Akasa Air,0,126,WyJDalJJTVdFM2NsOUJhREUwUVVGQlNqSmpjRkZDUnkwdExTMHRMUzB0TFc5NVlXZ3hNa0ZCUVVGQlIzRnNWR04zUldWQ1pYbEJFZ1pSVURFNE1USWFDd2ljaUFFUUFCb0RTVTVTT0J4d3g0NEIiLFtbIkRFTCIsIjIwMjYtMDktMTIiLCJCTFIiLG51bGwsIlFQIiwiMTgxMiJdXV0=,2026-09-12 18:34:04.008086
46,10,DEL,BLR,2026-09-12,2026-09-19,17436.00,INR,180,Round trip,Akasa Air,0,126,WyJDalJJTVdFM2NsOUJhREUwUVVGQlNqSmpjRkZDUnkwdExTMHRMUzB0TFc5NVlXZ3hNa0ZCUVVGQlIzRnNWR04zUldWQ1pYbEJFZ1pSVURFNE1qUWFDd2ljaUFFUUFCb0RTVTVTT0J4d3g0NEIiLFtbIkRFTCIsIjIwMjYtMDktMTIiLCJCTFIiLG51bGwsIlFQIiwiMTgyNCJdXV0=,2026-09-12 18:34:04.010423
47,10,DEL,BLR,2026-09-12,2026-09-19,17436.00,INR,175,Round trip,Akasa Air,0,124,WyJDalJJTVdFM2NsOUJhREUwUVVGQlNqSmpjRkZDUnkwdExTMHRMUzB0TFc5NVlXZ3hNa0ZCUVVGQlIzRnNWR04zUldWQ1pYbEJFZ1pSVURFek1EZ2FDd2ljaUFFUUFCb0RTVTVTT0J4d3g0NEIiLFtbIkRFTCIsIjIwMjYtMDktMTIiLCJCTFIiLG51bGwsIlFQIiwiMTMwOCJdXV0=,2026-09-12 18:34:04.013639
48,10,DEL,BLR,2026-09-12,2026-09-19,17439.00,INR,175,Round trip,Air India,0,143,WyJDalJJTVdFM2NsOUJhREUwUVVGQlNqSmpjRkZDUnkwdExTMHRMUzB0TFc5NVlXZ3hNa0ZCUVVGQlIzRnNWR04zUldWQ1pYbEJFZ1pCU1RJMU1USWFDd2lmaUFFUUFCb0RTVTVTT0J4d3lvNEIiLFtbIkRFTCIsIjIwMjYtMDktMTIiLCJCTFIiLG51bGwsIkFJIiwiMjUxMiJdXV0=,2026-09-12 18:34:04.016754
49,10,DEL,BLR,2026-09-12,2026-09-19,17439.00,INR,170,Round trip,Air India,0,143,WyJDalJJTVdFM2NsOUJhREUwUVVGQlNqSmpjRkZDUnkwdExTMHRMUzB0TFc5NVlXZ3hNa0ZCUVVGQlIzRnNWR04zUldWQ1pYbEJFZ1pCU1RJNE1Ea2FDd2lmaUFFUUFCb0RTVTVTT0J4d3lvNEIiLFtbIkRFTCIsIjIwMjYtMDktMTIiLCJCTFIiLG51bGwsIkFJIiwiMjgwOSJdXV0=,2026-09-12 18:34:04.019352
50,10,DEL,BLR,2026-09-12,2026-09-19,17820.00,INR,175,Round trip,IndiGo,0,124,WyJDalJJTVdFM2NsOUJhREUwUVVGQlNqSmpjRkZDUnkwdExTMHRMUzB0TFc5NVlXZ3hNa0ZCUVVGQlIzRnNWR04zUldWQ1pYbEJFZ1UyUlRnME5ob0xDSnlMQVJBQUdnTkpUbEk0SEhEWmtRRT0iLFtbIkRFTCIsIjIwMjYtMDktMTIiLCJCTFIiLG51bGwsIjZFIiwiODQ2Il1dXQ==,2026-09-12 18:34:04.021886
51,11,DEL,BOM,2026-09-12,2026-09-19,12655.00,INR,145,Round trip,Air India,0,103,WyJDalJJWm1SS1N6UTFOR0V4TUhkQlNVbG5jMmRDUnkwdExTMHRMUzB0TFhaMGJtTXlOVUZCUVVGQlIzRnNWR1JCU0dsemN6QkJFZ1pCU1RJME16a2FDZ2p2WWhBQUdnTkpUbEk0SEhDOFp3PT0iLFtbIkRFTCIsIjIwMjYtMDktMTIiLCJCT00iLG51bGwsIkFJIiwiMjQzOSJdXV0=,2026-09-12 18:34:09.699266
52,11,DEL,BOM,2026-09-12,2026-09-19,12771.00,INR,135,Round trip,IndiGo,0,89,WyJDalJJWm1SS1N6UTFOR0V4TUhkQlNVbG5jMmRDUnkwdExTMHRMUzB0TFhaMGJtTXlOVUZCUVVGQlIzRnNWR1JCU0dsemN6QkJFZ1UyUlRNeU1ob0tDT05qRUFBYUEwbE9VamdjY0xWbyIsW1siREVMIiwiMjAyNi0wOS0xMiIsIkJPTSIsbnVsbCwiNkUiLCIzMjIiXV1d,2026-09-12 18:34:09.702824
53,11,DEL,BOM,2026-09-12,2026-09-19,12956.00,INR,145,Round trip,Air India Express,0,103,WyJDalJJWm1SS1N6UTFOR0V4TUhkQlNVbG5jMmRDUnkwdExTMHRMUzB0TFhaMGJtTXlOVUZCUVVGQlIzRnNWR1JCU0dsemN6QkJFZ1pKV0RFeU16VWFDZ2ljWlJBQUdnTkpUbEk0SEhEM2FRPT0iLFtbIkRFTCIsIjIwMjYtMDktMTIiLCJCT00iLG51bGwsIklYIiwiMTIzNSJdXV0=,2026-09-12 18:34:09.705409
54,11,DEL,BOM,2026-09-12,2026-09-19,12765.00,INR,140,Round trip,Air India,0,103,WyJDalJJWm1SS1N6UTFOR0V4TUhkQlNVbG5jMmRDUnkwdExTMHRMUzB0TFhaMGJtTXlOVUZCUVVGQlIzRnNWR1JCU0dsemN6QkJFZ1pCU1RJNU9ERWFDZ2pkWXhBQUdnTkpUbEk0SEhDdmFBPT0iLFtbIkRFTCIsIjIwMjYtMDktMTIiLCJCT00iLG51bGwsIkFJIiwiMjk4MSJdXV0=,2026-09-12 18:34:09.708333
55,11,DEL,BOM,2026-09-12,2026-09-19,12765.00,INR,145,Round trip,Air India,0,103,WyJDalJJWm1SS1N6UTFOR0V4TUhkQlNVbG5jMmRDUnkwdExTMHRMUzB0TFhaMGJtTXlOVUZCUVVGQlIzRnNWR1JCU0dsemN6QkJFZ1pCU1RJME16TWFDZ2pkWXhBQUdnTkpUbEk0SEhDdmFBPT0iLFtbIkRFTCIsIjIwMjYtMDktMTIiLCJCT00iLG51bGwsIkFJIiwiMjQzMyJdXV0=,2026-09-12 18:34:09.711245
56,11,DEL,BOM,2026-09-12,2026-09-19,12771.00,INR,140,Round trip,IndiGo,0,89,WyJDalJJWm1SS1N6UTFOR0V4TUhkQlNVbG5jMmRDUnkwdExTMHRMUzB0TFhaMGJtTXlOVUZCUVVGQlIzRnNWR1JCU0dsemN6QkJFZ1kyUlRZeE1UUWFDZ2pqWXhBQUdnTkpUbEk0SEhDMWFBPT0iLFtbIkRFTCIsIjIwMjYtMDktMTIiLCJCT00iLG51bGwsIjZFIiwiNjExNCJdXV0=,2026-09-12 18:34:09.714702
57,11,DEL,BOM,2026-09-12,2026-09-19,12923.00,INR,145,Round trip,Air India,0,103,WyJDalJJWm1SS1N6UTFOR0V4TUhkQlNVbG5jMmRDUnkwdExTMHRMUzB0TFhaMGJtTXlOVUZCUVVGQlIzRnNWR1JCU0dsemN6QkJFZ1pCU1RJNU56Y2FDZ2o3WkJBQUdnTkpUbEk0SEhEVWFRPT0iLFtbIkRFTCIsIjIwMjYtMDktMTIiLCJCT00iLG51bGwsIkFJIiwiMjk3NyJdXV0=,2026-09-12 18:34:09.71722
58,11,DEL,BOM,2026-09-12,2026-09-19,12923.00,INR,145,Round trip,Air India,0,103,WyJDalJJWm1SS1N6UTFOR0V4TUhkQlNVbG5jMmRDUnkwdExTMHRMUzB0TFhaMGJtTXlOVUZCUVVGQlIzRnNWR1JCU0dsemN6QkJFZ1pCU1RJNU9EVWFDZ2o3WkJBQUdnTkpUbEk0SEhEVWFRPT0iLFtbIkRFTCIsIjIwMjYtMDktMTIiLCJCT00iLG51bGwsIkFJIiwiMjk4NSJdXV0=,2026-09-12 18:34:09.719926
59,11,DEL,BOM,2026-09-12,2026-09-19,12929.00,INR,140,Round trip,IndiGo,0,89,WyJDalJJWm1SS1N6UTFOR0V4TUhkQlNVbG5jMmRDUnkwdExTMHRMUzB0TFhaMGJtTXlOVUZCUVVGQlIzRnNWR1JCU0dsemN6QkJFZ1UyUlRNNU5Sb0tDSUZsRUFBYUEwbE9VamdjY05wcCIsW1siREVMIiwiMjAyNi0wOS0xMiIsIkJPTSIsbnVsbCwiNkUiLCIzOTUiXV1d,2026-09-12 18:34:09.722707
60,11,DEL,BOM,2026-09-12,2026-09-19,13133.00,INR,155,Round trip,Air India,0,103,WyJDalJJWm1SS1N6UTFOR0V4TUhkQlNVbG5jMmRDUnkwdExTMHRMUzB0TFhaMGJtTXlOVUZCUVVGQlIzRnNWR1JCU0dsemN6QkJFZ1pCU1RJNU5UY2FDZ2pOWmhBQUdnTkpUbEk0SEhDd2F3PT0iLFtbIkRFTCIsIjIwMjYtMDktMTIiLCJCT00iLG51bGwsIkFJIiwiMjk1NyJdXV0=,2026-09-12 18:34:09.725115
61,11,DEL,BOM,2026-09-12,2026-09-19,14618.00,INR,145,Round trip,Akasa Air,0,88,WyJDalJJWm1SS1N6UTFOR0V4TUhkQlNVbG5jMmRDUnkwdExTMHRMUzB0TFhaMGJtTXlOVUZCUVVGQlIzRnNWR1JCU0dsemN6QkJFZ1pSVURFNE1qWWFDZ2lhY2hBQUdnTkpUbEk0SEhEQ2R3PT0iLFtbIkRFTCIsIjIwMjYtMDktMTIiLCJCT00iLG51bGwsIlFQIiwiMTgyNiJdXV0=,2026-09-12 18:34:09.727914
62,11,DEL,BOM,2026-09-12,2026-09-19,25949.00,INR,160,Round trip,SpiceJet,0,120,WyJDalJJWm1SS1N6UTFOR0V4TUhkQlNVbG5jMmRDUnkwdExTMHRMUzB0TFhaMGJtTXlOVUZCUVVGQlIzRnNWR1JCU0dsemN6QkJFZ1pUUnpJNE1ESWFDd2pkeWdFUUFCb0RTVTVTT0J4d2xOUUIiLFtbIkRFTCIsIjIwMjYtMDktMTIiLCJCT00iLG51bGwsIlNHIiwiMjgwMiJdXV0=,2026-09-12 18:34:09.729988
63,12,DEL,HYD,2026-09-12,2026-09-19,16737.00,INR,140,Round trip,Air India,0,115,WyJDalJJTTBsaFdqaGtWSHBvZFVsQlNHdHpSM2RDUnkwdExTMHRMWFozWkc0eU1pMXVNVUZCUVVGQlIzRnNWR1JSVDI1MFFXOUJFZ1pCU1RJME5Ea2FDd2poZ2dFUUFCb0RTVTVTT0J4dzY0Z0IiLFtbIkRFTCIsIjIwMjYtMDktMTIiLCJIWUQiLG51bGwsIkFJIiwiMjQ0OSJdXV0=,2026-09-12 18:34:12.642692
64,12,DEL,HYD,2026-09-12,2026-09-19,16737.00,INR,140,Round trip,Air India,0,115,WyJDalJJTTBsaFdqaGtWSHBvZFVsQlNHdHpSM2RDUnkwdExTMHRMWFozWkc0eU1pMXVNVUZCUVVGQlIzRnNWR1JSVDI1MFFXOUJFZ1pCU1RFM01EWWFDd2poZ2dFUUFCb0RTVTVTT0J4dzY0Z0IiLFtbIkRFTCIsIjIwMjYtMDktMTIiLCJIWUQiLG51bGwsIkFJIiwiMTcwNiJdXV0=,2026-09-12 18:34:12.661043
65,12,DEL,HYD,2026-09-12,2026-09-19,16799.00,INR,135,Round trip,IndiGo,0,99,WyJDalJJTTBsaFdqaGtWSHBvZFVsQlNHdHpSM2RDUnkwdExTMHRMWFozWkc0eU1pMXVNVUZCUVVGQlIzRnNWR1JSVDI1MFFXOUJFZ1UyUlRnNE1ob0xDSitEQVJBQUdnTkpUbEk0SEhDc2lRRT0iLFtbIkRFTCIsIjIwMjYtMDktMTIiLCJIWUQiLG51bGwsIjZFIiwiODgyIl1dXQ==,2026-09-12 18:34:12.664104
66,12,DEL,HYD,2026-09-12,2026-09-19,17537.00,INR,150,Round trip,Akasa Air,0,100,WyJDalJJTTBsaFdqaGtWSHBvZFVsQlNHdHpSM2RDUnkwdExTMHRMWFozWkc0eU1pMXVNVUZCUVVGQlIzRnNWR1JSVDI1MFFXOUJFZ1pSVURFME1Ea2FDd2lCaVFFUUFCb0RTVTVTT0J4d3NZOEIiLFtbIkRFTCIsIjIwMjYtMDktMTIiLCJIWUQiLG51bGwsIlFQIiwiMTQwOSJdXV0=,2026-09-12 18:34:12.666777
67,12,DEL,HYD,2026-09-12,2026-09-19,16120.00,INR,370,Round trip,IndiGo,1,161,WyJDalJJTTBsaFdqaGtWSHBvZFVsQlNHdHpSM2RDUnkwdExTMHRMWFozWkc0eU1pMXVNVUZCUVVGQlIzRnNWR1JSVDI1MFFXOUJFZ3cyUlRNd00zdzJSVFl4T0RjYUNnajRmUkFBR2dOSlRsSTRISERtZ3dFPSIsW1siREVMIiwiMjAyNi0wOS0xMiIsIkJPTSIsbnVsbCwiNkUiLCIzMDMiXSxbIkJPTSIsIjIwMjYtMDktMTMiLCJIWUQiLG51bGwsIjZFIiwiNjE4NyJdXV0=,2026-09-12 18:34:12.669141
68,12,DEL,HYD,2026-09-12,2026-09-19,16799.00,INR,135,Round trip,IndiGo,0,99,WyJDalJJTTBsaFdqaGtWSHBvZFVsQlNHdHpSM2RDUnkwdExTMHRMWFozWkc0eU1pMXVNVUZCUVVGQlIzRnNWR1JSVDI1MFFXOUJFZ1UyUlRNNE1ob0xDSitEQVJBQUdnTkpUbEk0SEhDc2lRRT0iLFtbIkRFTCIsIjIwMjYtMDktMTIiLCJIWUQiLG51bGwsIjZFIiwiMzgyIl1dXQ==,2026-09-12 18:34:12.67201
69,12,DEL,HYD,2026-09-12,2026-09-19,16997.00,INR,140,Round trip,Air India,0,115,WyJDalJJTTBsaFdqaGtWSHBvZFVsQlNHdHpSM2RDUnkwdExTMHRMWFozWkc0eU1pMXVNVUZCUVVGQlIzRnNWR1JSVDI1MFFXOUJFZ1pCU1RFM01EZ2FDd2psaEFFUUFCb0RTVTVTT0J4dy9Jb0IiLFtbIkRFTCIsIjIwMjYtMDktMTIiLCJIWUQiLG51bGwsIkFJIiwiMTcwOCJdXV0=,2026-09-12 18:34:12.675269
70,12,DEL,HYD,2026-09-12,2026-09-19,16997.00,INR,140,Round trip,Air India,0,115,WyJDalJJTTBsaFdqaGtWSHBvZFVsQlNHdHpSM2RDUnkwdExTMHRMWFozWkc0eU1pMXVNVUZCUVVGQlIzRnNWR1JSVDI1MFFXOUJFZ1pCU1RJNE56RWFDd2psaEFFUUFCb0RTVTVTT0J4dy9Jb0IiLFtbIkRFTCIsIjIwMjYtMDktMTIiLCJIWUQiLG51bGwsIkFJIiwiMjg3MSJdXV0=,2026-09-12 18:34:12.677582
71,13,DEL,MAA,2026-09-12,2026-09-19,19130.00,INR,175,Round trip,IndiGo,0,126,WyJDalJJYkdWUlIxQktNMTlDY0hkQlMzRTVlV2RDUnkwdExTMHRMUzB0TFMxMmQybHZOMEZCUVVGQlIzRnNWR1JuU2tabldIRkJFZ1kyUlRZd05qRWFDd2k2bFFFUUFCb0RTVTVTT0J4d3RKd0IiLFtbIkRFTCIsIjIwMjYtMDktMTIiLCJNQUEiLG51bGwsIjZFIiwiNjA2MSJdXV0=,2026-09-12 18:34:16.73105
72,13,DEL,MAA,2026-09-12,2026-09-19,21553.00,INR,165,Round trip,Air India,0,146,WyJDalJJYkdWUlIxQktNMTlDY0hkQlMzRTVlV2RDUnkwdExTMHRMUzB0TFMxMmQybHZOMEZCUVVGQlIzRnNWR1JuU2tabldIRkJFZ1pCU1RJNE9UVWFDd2l4cUFFUUFCb0RTVTVTT0J4d203QUIiLFtbIkRFTCIsIjIwMjYtMDktMTIiLCJNQUEiLG51bGwsIkFJIiwiMjg5NSJdXV0=,2026-09-12 18:34:16.734919
73,13,DEL,MAA,2026-09-12,2026-09-19,52632.00,INR,395,Round trip,IndiGo,1,258,WyJDalJJYkdWUlIxQktNMTlDY0hkQlMzRTVlV2RDUnkwdExTMHRMUzB0TFMxMmQybHZOMEZCUVVGQlIzRnNWR1JuU2tabldIRkJFZ3MyUlRNeU1udzJSVEV6TmhvTENKaWJBeEFBR2dOSlRsSTRISENvcmdNPSIsW1siREVMIiwiMjAyNi0wOS0xMiIsIkJPTSIsbnVsbCwiNkUiLCIzMjIiXSxbIkJPTSIsIjIwMjYtMDktMTMiLCJNQUEiLG51bGwsIjZFIiwiMTM2Il1dXQ==,2026-09-12 18:34:16.737836
74,14,DEL,CCU,2026-09-12,2026-09-19,17002.00,INR,140,Round trip,SpiceJet,0,121,WyJDalJJU0VaYWJGWkZlWFU1ZFdOQlNFZDVSMUZDUnkwdExTMHRMUzB0TFMxMmRISnJNVUZCUVVGQlIzRnNWR1IzUlVSS1FtRkJFZ1ZUUnprd05Sb0xDT3FFQVJBQUdnTkpUbEk0SEhDQml3RT0iLFtbIkRFTCIsIjIwMjYtMDktMTIiLCJDQ1UiLG51bGwsIlNHIiwiOTA1Il1dXQ==,2026-09-12 18:34:24.71844
75,14,DEL,CCU,2026-09-12,2026-09-19,17486.00,INR,135,Round trip,IndiGo,0,99,WyJDalJJU0VaYWJGWkZlWFU1ZFdOQlNFZDVSMUZDUnkwdExTMHRMUzB0TFMxMmRISnJNVUZCUVVGQlIzRnNWR1IzUlVSS1FtRkJFZ1UyUlRJME54b0xDTTZJQVJBQUdnTkpUbEk0SEhEN2pnRT0iLFtbIkRFTCIsIjIwMjYtMDktMTIiLCJDQ1UiLG51bGwsIjZFIiwiMjQ3Il1dXQ==,2026-09-12 18:34:24.721979
76,14,DEL,CCU,2026-09-12,2026-09-19,18628.00,INR,140,Round trip,Air India,0,115,WyJDalJJU0VaYWJGWkZlWFU1ZFdOQlNFZDVSMUZDUnkwdExTMHRMUzB0TFMxMmRISnJNVUZCUVVGQlIzRnNWR1IzUlVSS1FtRkJFZ1pCU1RFM01UUWFDd2pFa1FFUUFCb0RTVTVTT0J4d3BwZ0IiLFtbIkRFTCIsIjIwMjYtMDktMTIiLCJDQ1UiLG51bGwsIkFJIiwiMTcxNCJdXV0=,2026-09-12 18:34:24.725269
77,15,DEL,PNQ,2026-09-12,2026-09-19,17970.00,INR,135,Round trip,Air India Express,0,107,WyJDalJJWW1GelkwcEVYMTlPVDBWQlIyUlRlSGRDUnkwdExTMHRMUzB0TFMxMmRHNW1Oa0ZCUVVGQlIzRnNWR1ZSVG5OaFdrdEJFZ1pKV0RFeU5UY2FDd2l5akFFUUFCb0RTVTVTT0J4dzlwSUIiLFtbIkRFTCIsIjIwMjYtMDktMTIiLCJQTlEiLG51bGwsIklYIiwiMTI1NyJdXV0=,2026-09-12 18:34:28.912367
78,15,DEL,PNQ,2026-09-12,2026-09-19,19166.00,INR,125,Round trip,IndiGo,0,91,WyJDalJJWW1GelkwcEVYMTlPVDBWQlIyUlRlSGRDUnkwdExTMHRMUzB0TFMxMmRHNW1Oa0ZCUVVGQlIzRnNWR1ZSVG5OaFdrdEJFZ1kyUlRJMk1UZ2FDd2plbFFFUUFCb0RTVTVTT0J4dzJad0IiLFtbIkRFTCIsIjIwMjYtMDktMTIiLCJQTlEiLG51bGwsIjZFIiwiMjYxOCJdXV0=,2026-09-12 18:34:28.915395
79,15,DEL,PNQ,2026-09-12,2026-09-19,21332.00,INR,135,Round trip,Air India,0,105,WyJDalJJWW1GelkwcEVYMTlPVDBWQlIyUlRlSGRDUnkwdExTMHRMUzB0TFMxMmRHNW1Oa0ZCUVVGQlIzRnNWR1ZSVG5OaFdrdEJFZ1pCU1RJMk1Ea2FDd2pVcGdFUUFCb0RTVTVTT0J4d3RLNEIiLFtbIkRFTCIsIjIwMjYtMDktMTIiLCJQTlEiLG51bGwsIkFJIiwiMjYwOSJdXV0=,2026-09-12 18:34:28.917886
80,15,DEL,PNQ,2026-09-12,2026-09-19,21668.00,INR,125,Round trip,Air India,0,105,WyJDalJJWW1GelkwcEVYMTlPVDBWQlIyUlRlSGRDUnkwdExTMHRMUzB0TFMxMmRHNW1Oa0ZCUVVGQlIzRnNWR1ZSVG5OaFdrdEJFZ1pCU1RFM016QWFDd2lrcVFFUUFCb0RTVTVTT0J4d2xMRUIiLFtbIkRFTCIsIjIwMjYtMDktMTIiLCJQTlEiLG51bGwsIkFJIiwiMTczMCJdXV0=,2026-09-12 18:34:28.920582
81,15,DEL,PNQ,2026-09-12,2026-09-19,31397.00,INR,135,Round trip,Air India,0,105,WyJDalJJWW1GelkwcEVYMTlPVDBWQlIyUlRlSGRDUnkwdExTMHRMUzB0TFMxMmRHNW1Oa0ZCUVVGQlIzRnNWR1ZSVG5OaFdrdEJFZ1pCU1RJNU56TWFDd2lsOVFFUUFCb0RTVTVTT0J4dzJZQUMiLFtbIkRFTCIsIjIwMjYtMDktMTIiLCJQTlEiLG51bGwsIkFJIiwiMjk3MyJdXV0=,2026-09-12 18:34:28.922983
82,1,BLR,DEL,2026-09-12,2026-09-19,19171.00,INR,165,Round trip,Air India,0,143,WyJDalJJWTFnMGRuTjBVbXhSUnpCQlNGaDBVVUZDUnkwdExTMHRMUzB0TFhaM2FtOHlORUZCUVVGQlIzRnNWRmxWUlc5aWJtMUJFZ1pCU1RJNE1UZ2FDd2pqbFFFUUFCb0RTVTVTT0J4dzM1d0IiLFtbIkJMUiIsIjIwMjYtMDktMTIiLCJERUwiLG51bGwsIkFJIiwiMjgxOCJdXV0=,2026-09-12 18:34:35.713985
83,1,BLR,DEL,2026-09-12,2026-09-19,24450.00,INR,295,Round trip,IndiGo,1,157,WyJDalJJWTFnMGRuTjBVbXhSUnpCQlNGaDBVVUZDUnkwdExTMHRMUzB0TFhaM2FtOHlORUZCUVVGQlIzRnNWRmxWUlc5aWJtMUJFZ3cyUlRFeE5udzJSVEkwTVRnYUN3aUN2d0VRQUJvRFNVNVNPQnh3ODhjQiIsW1siQkxSIiwiMjAyNi0wOS0xMiIsIlBOUSIsbnVsbCwiNkUiLCIxMTYiXSxbIlBOUSIsIjIwMjYtMDktMTMiLCJERUwiLG51bGwsIjZFIiwiMjQxOCJdXV0=,2026-09-12 18:34:35.735782
84,1,BLR,DEL,2026-09-12,2026-09-19,25800.00,INR,700,Round trip,"Air India Express, Air India",1,191,WyJDalJJWTFnMGRuTjBVbXhSUnpCQlNGaDBVVUZDUnkwdExTMHRMUzB0TFhaM2FtOHlORUZCUVVGQlIzRnNWRmxWUlc5aWJtMUJFZzFKV0RJM09EZDhRVWt5T0RnMkdnc0l5TWtCRUFBYUEwbE9VamdjY1BqU0FRPT0iLFtbIkJMUiIsIjIwMjYtMDktMTIiLCJNQUEiLG51bGwsIklYIiwiMjc4NyJdLFsiTUFBIiwiMjAyNi0wOS0xMyIsIkRFTCIsbnVsbCwiQUkiLCIyODg2Il1dXQ==,2026-09-12 18:34:35.739239
85,1,BLR,DEL,2026-09-12,2026-09-19,27081.00,INR,290,Round trip,IndiGo,1,155,WyJDalJJWTFnMGRuTjBVbXhSUnpCQlNGaDBVVUZDUnkwdExTMHRMUzB0TFhaM2FtOHlORUZCUVVGQlIzRnNWRmxWUlc5aWJtMUJFZ3cyUlRVeU9IdzJSVFV6TWpFYUN3akowd0VRQUJvRFNVNVNPQnh3dGQwQiIsW1siQkxSIiwiMjAyNi0wOS0xMiIsIlBOUSIsbnVsbCwiNkUiLCI1MjgiXSxbIlBOUSIsIjIwMjYtMDktMTMiLCJERUwiLG51bGwsIjZFIiwiNTMyMSJdXV0=,2026-09-12 18:34:35.742335
86,1,BLR,DEL,2026-09-12,2026-09-19,27803.00,INR,740,Round trip,Air India Express,1,190,WyJDalJJWTFnMGRuTjBVbXhSUnpCQlNGaDBVVUZDUnkwdExTMHRMUzB0TFhaM2FtOHlORUZCUVVGQlIzRnNWRmxWUlc5aWJtMUJFZzFKV0RJMk9EQjhTVmd4TmpjeUdnc0ltOWtCRUFBYUEwbE9VamdjY0tqakFRPT0iLFtbIkJMUiIsIjIwMjYtMDktMTIiLCJQTlEiLG51bGwsIklYIiwiMjY4MCJdLFsiUE5RIiwiMjAyNi0wOS0xMyIsIkRFTCIsbnVsbCwiSVgiLCIxNjcyIl1dXQ==,2026-09-12 18:34:35.74517
87,1,BLR,DEL,2026-09-12,2026-09-19,30673.00,INR,405,Round trip,"Air India Express, Air India",1,171,WyJDalJJWTFnMGRuTjBVbXhSUnpCQlNGaDBVVUZDUnkwdExTMHRMUzB0TFhaM2FtOHlORUZCUVVGQlIzRnNWRmxWUlc5aWJtMUJFZzFKV0RFM01qTjhRVWt4T0RBMkdnc0kwZThCRUFBYUEwbE9VamdjY09UNkFRPT0iLFtbIkJMUiIsIjIwMjYtMDktMTIiLCJIWUQiLG51bGwsIklYIiwiMTcyMyJdLFsiSFlEIiwiMjAyNi0wOS0xMyIsIkRFTCIsbnVsbCwiQUkiLCIxODA2Il1dXQ==,2026-09-12 18:34:35.74773
88,1,BLR,DEL,2026-09-12,2026-09-19,38098.00,INR,170,Round trip,IndiGo,0,186,WyJDalJJWTFnMGRuTjBVbXhSUnpCQlNGaDBVVUZDUnkwdExTMHRMUzB0TFhaM2FtOHlORUZCUVVGQlIzRnNWRmxWUlc5aWJtMUJFZ1UyUlRneE54b0xDTktwQWhBQUdnTkpUbEk0SEhDK3R3ST0iLFtbIkJMUiIsIjIwMjYtMDktMTIiLCJERUwiLG51bGwsIjZFIiwiODE3Il1dXQ==,2026-09-12 18:34:35.750436
89,1,BLR,DEL,2026-09-12,2026-09-19,38098.00,INR,170,Round trip,IndiGo,0,186,WyJDalJJWTFnMGRuTjBVbXhSUnpCQlNGaDBVVUZDUnkwdExTMHRMUzB0TFhaM2FtOHlORUZCUVVGQlIzRnNWRmxWUlc5aWJtMUJFZ1kyUlRJek1UTWFDd2pTcVFJUUFCb0RTVTVTT0J4d3ZyY0MiLFtbIkJMUiIsIjIwMjYtMDktMTIiLCJERUwiLG51bGwsIjZFIiwiMjMxMyJdXV0=,2026-09-12 18:34:35.752752
90,1,BLR,DEL,2026-09-12,2026-09-19,55813.00,INR,175,Round trip,Air India,0,215,WyJDalJJWTFnMGRuTjBVbXhSUnpCQlNGaDBVVUZDUnkwdExTMHRMUzB0TFhaM2FtOHlORUZCUVVGQlIzRnNWRmxWUlc5aWJtMUJFZ1pCU1RJME9EZ2FDd2lGdEFNUUFCb0RTVTVTT0J4d3FjZ0QiLFtbIkJMUiIsIjIwMjYtMDktMTIiLCJERUwiLG51bGwsIkFJIiwiMjQ4OCJdXV0=,2026-09-12 18:34:35.75513
91,1,BLR,DEL,2026-09-12,2026-09-19,67171.00,INR,350,Round trip,Air India,1,189,WyJDalJJWTFnMGRuTjBVbXhSUnpCQlNGaDBVVUZDUnkwdExTMHRMUzB0TFhaM2FtOHlORUZCUVVGQlIzRnNWRmxWUlc5aWJtMUJFZzFCU1RJMk5ESjhRVWt5TkRJeUdnc0k0NHdFRUFBYUEwbE9VamdjY0plbEJBPT0iLFtbIkJMUiIsIjIwMjYtMDktMTIiLCJCT00iLG51bGwsIkFJIiwiMjY0MiJdLFsiQk9NIiwiMjAyNi0wOS0xMyIsIkRFTCIsbnVsbCwiQUkiLCIyNDIyIl1dXQ==,2026-09-12 18:34:35.757438
92,2,BLR,BOM,2026-09-12,2026-09-19,13034.00,INR,250,Round trip,IndiGo,1,122,WyJDalJJWVd0dE5YcElOazVJY2xWQlJscDFUR2RDUnkwdExTMHRMWFJzWVdReE9DMXVNa0ZCUVVGQlIzRnNWRmt3UnpkT2JXTkJFZzAyUlRZd056ZDhOa1UyTWpJMUdnb0k2bVVRQUJvRFNVNVNPQnh3eUdvPSIsW1siQkxSIiwiMjAyNi0wOS0xMiIsIk1BQSIsbnVsbCwiNkUiLCI2MDc3Il0sWyJNQUEiLCIyMDI2LTA5LTEyIiwiQk9NIixudWxsLCI2RSIsIjYyMjUiXV1d,2026-09-12 18:34:37.334154
93,2,BLR,BOM,2026-09-12,2026-09-19,15377.00,INR,110,Round trip,Akasa Air,0,73,WyJDalJJWVd0dE5YcElOazVJY2xWQlJscDFUR2RDUnkwdExTMHRMWFJzWVdReE9DMXVNa0ZCUVVGQlIzRnNWRmt3UnpkT2JXTkJFZ1pSVURFeE16UWFDZ2lSZUJBQUdnTkpUbEk0SEhEY2ZRPT0iLFtbIkJMUiIsIjIwMjYtMDktMTIiLCJCT00iLG51bGwsIlFQIiwiMTEzNCJdXV0=,2026-09-12 18:34:37.33915
94,2,BLR,BOM,2026-09-12,2026-09-19,15648.00,INR,130,Round trip,Air India,0,83,WyJDalJJWVd0dE5YcElOazVJY2xWQlJscDFUR2RDUnkwdExTMHRMWFJzWVdReE9DMXVNa0ZCUVVGQlIzRnNWRmt3UnpkT2JXTkJFZ1pCU1RJNE5UQWFDZ2lnZWhBQUdnTkpUbEk0SEhENGZ3PT0iLFtbIkJMUiIsIjIwMjYtMDktMTIiLCJCT00iLG51bGwsIkFJIiwiMjg1MCJdXV0=,2026-09-12 18:34:37.341535
95,2,BLR,BOM,2026-09-12,2026-09-19,16130.00,INR,105,Round trip,IndiGo,0,71,WyJDalJJWVd0dE5YcElOazVJY2xWQlJscDFUR2RDUnkwdExTMHRMWFJzWVdReE9DMXVNa0ZCUVVGQlIzRnNWRmt3UnpkT2JXTkJFZ1kyUlRVek56WWFDZ2lDZmhBQUdnTkpUbEk0SEhEd2d3RT0iLFtbIkJMUiIsIjIwMjYtMDktMTIiLCJCT00iLG51bGwsIjZFIiwiNTM3NiJdXV0=,2026-09-12 18:34:37.343908
96,2,BLR,BOM,2026-09-12,2026-09-19,18879.00,INR,270,Round trip,IndiGo,1,145,WyJDalJJWVd0dE5YcElOazVJY2xWQlJscDFUR2RDUnkwdExTMHRMWFJzWVdReE9DMXVNa0ZCUVVGQlIzRnNWRmt3UnpkT2JXTkJFZzAyUlRZME1qTjhOa1UyTXpVeEdnc0l2NU1CRUFBYUEwbE9VamdjY0syYUFRPT0iLFtbIkJMUiIsIjIwMjYtMDktMTIiLCJBTUQiLG51bGwsIjZFIiwiNjQyMyJdLFsiQU1EIiwiMjAyNi0wOS0xMiIsIkJPTSIsbnVsbCwiNkUiLCI2MzUxIl1dXQ==,2026-09-12 18:34:37.348189
97,2,BLR,BOM,2026-09-12,2026-09-19,21654.00,INR,125,Round trip,Air India,0,83,WyJDalJJWVd0dE5YcElOazVJY2xWQlJscDFUR2RDUnkwdExTMHRMWFJzWVdReE9DMXVNa0ZCUVVGQlIzRnNWRmt3UnpkT2JXTkJFZ1pCU1RJNE5EQWFDd2lXcVFFUUFCb0RTVTVTT0J4d2hiRUIiLFtbIkJMUiIsIjIwMjYtMDktMTIiLCJCT00iLG51bGwsIkFJIiwiMjg0MCJdXV0=,2026-09-12 18:34:37.351275
98,2,BLR,BOM,2026-09-12,2026-09-19,32159.00,INR,125,Round trip,Air India,0,83,WyJDalJJWVd0dE5YcElOazVJY2xWQlJscDFUR2RDUnkwdExTMHRMWFJzWVdReE9DMXVNa0ZCUVVGQlIzRnNWRmt3UnpkT2JXTkJFZ1pCU1RJNE1URWFDd2lmK3dFUUFCb0RTVTVTT0J4dzk0WUMiLFtbIkJMUiIsIjIwMjYtMDktMTIiLCJCT00iLG51bGwsIkFJIiwiMjgxMSJdXV0=,2026-09-12 18:34:37.353976
99,2,BLR,BOM,2026-09-12,2026-09-19,32314.00,INR,125,Round trip,Air India,0,83,WyJDalJJWVd0dE5YcElOazVJY2xWQlJscDFUR2RDUnkwdExTMHRMWFJzWVdReE9DMXVNa0ZCUVVGQlIzRnNWRmt3UnpkT2JXTkJFZ1pCU1RJMk5ESWFDd2k2L0FFUUFCb0RTVTVTT0J4d21ZZ0MiLFtbIkJMUiIsIjIwMjYtMDktMTIiLCJCT00iLG51bGwsIkFJIiwiMjY0MiJdXV0=,2026-09-12 18:34:37.356746
100,3,BLR,HYD,2026-09-12,2026-09-19,13459.00,INR,70,Round trip,Air India Express,0,57,WyJDalJJZFhWRFN6SlpObUk1TWxGQlIxRkRUVkZDUnkwdExTMHRMUzB0TFhscGNtc3hOVUZCUVVGQlIzRnNWRnBWVFc1eFJVVkJFZ1pKV0RFM01qTWFDZ2lUYVJBQUdnTkpUbEk0SEhDRmJnPT0iLFtbIkJMUiIsIjIwMjYtMDktMTIiLCJIWUQiLG51bGwsIklYIiwiMTcyMyJdXV0=,2026-09-12 18:34:39.479484
101,3,BLR,HYD,2026-09-12,2026-09-19,14767.00,INR,75,Round trip,IndiGo,0,47,WyJDalJJZFhWRFN6SlpObUk1TWxGQlIxRkRUVkZDUnkwdExTMHRMUzB0TFhscGNtc3hOVUZCUVVGQlIzRnNWRnBWVFc1eFJVVkJFZ1kyUlRZM09EUWFDZ2l2Y3hBQUdnTkpUbEk0SEhEZWVBPT0iLFtbIkJMUiIsIjIwMjYtMDktMTIiLCJIWUQiLG51bGwsIjZFIiwiNjc4NCJdXV0=,2026-09-12 18:34:39.481416
102,3,BLR,HYD,2026-09-12,2026-09-19,19290.00,INR,245,Round trip,IndiGo,1,111,WyJDalJJZFhWRFN6SlpObUk1TWxGQlIxRkRUVkZDUnkwdExTMHRMUzB0TFhscGNtc3hOVUZCUVVGQlIzRnNWRnBWVFc1eFJVVkJFZ3MyUlRFeE5udzJSVE16TmhvTENOcVdBUkFBR2dOSlRsSTRISERiblFFPSIsW1siQkxSIiwiMjAyNi0wOS0xMiIsIlBOUSIsbnVsbCwiNkUiLCIxMTYiXSxbIlBOUSIsIjIwMjYtMDktMTMiLCJIWUQiLG51bGwsIjZFIiwiMzM2Il1dXQ==,2026-09-12 18:34:39.483157
103,4,BLR,MAA,2026-09-12,2026-09-19,7932.00,INR,65,Round trip,IndiGo,0,40,WyJDalJJYW5sNVFtZExPVmxWZURoQlQxbDJOa0ZDUnkwdExTMHRMUzB0TFMxdmVXTmlOMEZCUVVGQlIzRnNWRnByUmxONmJVRkJFZ1kyUlRZd056Y2FDZ2o4UFJBQUdnTkpUbEk0SEhEdFFBPT0iLFtbIkJMUiIsIjIwMjYtMDktMTIiLCJNQUEiLG51bGwsIjZFIiwiNjA3NyJdXV0=,2026-09-12 18:34:41.26314
104,4,BLR,MAA,2026-09-12,2026-09-19,7932.00,INR,65,Round trip,IndiGo,0,40,WyJDalJJYW5sNVFtZExPVmxWZURoQlQxbDJOa0ZDUnkwdExTMHRMUzB0TFMxdmVXTmlOMEZCUVVGQlIzRnNWRnByUmxONmJVRkJFZ1kyUlRZMU5qSWFDZ2o4UFJBQUdnTkpUbEk0SEhEdFFBPT0iLFtbIkJMUiIsIjIwMjYtMDktMTIiLCJNQUEiLG51bGwsIjZFIiwiNjU2MiJdXV0=,2026-09-12 18:34:41.266208
105,4,BLR,MAA,2026-09-12,2026-09-19,8266.00,INR,70,Round trip,Air India Express,0,46,WyJDalJJYW5sNVFtZExPVmxWZURoQlQxbDJOa0ZDUnkwdExTMHRMUzB0TFMxdmVXTmlOMEZCUVVGQlIzRnNWRnByUmxONmJVRkJFZ1pKV0RJM09EY2FDZ2pLUUJBQUdnTkpUbEk0SEhES1F3PT0iLFtbIkJMUiIsIjIwMjYtMDktMTIiLCJNQUEiLG51bGwsIklYIiwiMjc4NyJdXV0=,2026-09-12 18:34:41.269187
106,4,BLR,MAA,2026-09-12,2026-09-19,,INR,70,Round trip,Air India Express,0,43,WyJDalJJYW5sNVFtZExPVmxWZURoQlQxbDJOa0ZDUnkwdExTMHRMUzB0TFMxdmVXTmlOMEZCUVVGQlIzRnNWRnByUmxONmJVRkJFZ1pKV0RFeE5qZzRIQT09IixbWyJCTFIiLCIyMDI2LTA5LTEyIiwiTUFBIixudWxsLCJJWCIsIjExNjgiXV1d,2026-09-12 18:34:41.271905
107,5,BLR,CCU,2026-09-12,2026-09-19,21195.00,INR,155,Round trip,Air India Express,0,130,WyJDalJJYW1WNVEweDNhVmhTWWpSQlNqbG9kM2RDUnkwdExTMHRMUzB0TFMxdmEyUnFORUZCUVVGQlIzRnNWR0ZOU0U1RVkydEJFZ1pKV0RFek56QWFDd2pMcFFFUUFCb0RTVTVTT0J4d3BhMEIiLFtbIkJMUiIsIjIwMjYtMDktMTIiLCJDQ1UiLG51bGwsIklYIiwiMTM3MCJdXV0=,2026-09-12 18:34:42.994427
108,5,BLR,CCU,2026-09-12,2026-09-19,27432.00,INR,340,Round trip,IndiGo,1,180,WyJDalJJYW1WNVEweDNhVmhTWWpSQlNqbG9kM2RDUnkwdExTMHRMUzB0TFMxdmEyUnFORUZCUVVGQlIzRnNWR0ZOU0U1RVkydEJFZ3cyUlRRME1YdzJSVFk1TWpFYUN3aW8xZ0VRQUJvRFNVNVNPQnh3cE9BQiIsW1siQkxSIiwiMjAyNi0wOS0xMiIsIlBOUSIsbnVsbCwiNkUiLCI0NDEiXSxbIlBOUSIsIjIwMjYtMDktMTIiLCJDQ1UiLG51bGwsIjZFIiwiNjkyMSJdXV0=,2026-09-12 18:34:42.997917
109,5,BLR,CCU,2026-09-12,2026-09-19,27919.00,INR,160,Round trip,IndiGo,0,111,WyJDalJJYW1WNVEweDNhVmhTWWpSQlNqbG9kM2RDUnkwdExTMHRMUzB0TFMxdmEyUnFORUZCUVVGQlIzRnNWR0ZOU0U1RVkydEJFZ1UyUlRrMU1ob0xDSS9hQVJBQUdnTkpUbEk0SEhDaTVBRT0iLFtbIkJMUiIsIjIwMjYtMDktMTIiLCJDQ1UiLG51bGwsIjZFIiwiOTUyIl1dXQ==,2026-09-12 18:34:43.002486
110,6,BLR,PNQ,2026-09-12,2026-09-19,15953.00,INR,90,Round trip,Akasa Air,0,67,WyJDalJJTkZwb0xXdGFkSEZsUWxGQlFVNWpTRUZDUnkwdExTMHRMUzB0TFc5NVozQXlOVUZCUVVGQlIzRnNWR0ZqU2pNM1ZFZEJFZ1pSVURFek1UY2FDZ2pSZkJBQUdnTkpUbEk0SEhDM2dnRT0iLFtbIkJMUiIsIjIwMjYtMDktMTIiLCJQTlEiLG51bGwsIlFQIiwiMTMxNyJdXV0=,2026-09-12 18:34:44.779305
111,6,BLR,PNQ,2026-09-12,2026-09-19,16325.00,INR,85,Round trip,IndiGo,0,66,WyJDalJJTkZwb0xXdGFkSEZsUWxGQlFVNWpTRUZDUnkwdExTMHRMUzB0TFc5NVozQXlOVUZCUVVGQlIzRnNWR0ZqU2pNM1ZFZEJFZ1UyUlRRME1Sb0tDTVYvRUFBYUEwbE9VamdjY0x5RkFRPT0iLFtbIkJMUiIsIjIwMjYtMDktMTIiLCJQTlEiLG51bGwsIjZFIiwiNDQxIl1dXQ==,2026-09-12 18:34:44.78191
112,6,BLR,PNQ,2026-09-12,2026-09-19,16325.00,INR,90,Round trip,IndiGo,0,61,WyJDalJJTkZwb0xXdGFkSEZsUWxGQlFVNWpTRUZDUnkwdExTMHRMUzB0TFc5NVozQXlOVUZCUVVGQlIzRnNWR0ZqU2pNM1ZFZEJFZ1UyUlRVeU9Cb0tDTVYvRUFBYUEwbE9VamdjY0x5RkFRPT0iLFtbIkJMUiIsIjIwMjYtMDktMTIiLCJQTlEiLG51bGwsIjZFIiwiNTI4Il1dXQ==,2026-09-12 18:34:44.784101
113,6,BLR,PNQ,2026-09-12,2026-09-19,16789.00,INR,100,Round trip,Air India Express,0,76,WyJDalJJTkZwb0xXdGFkSEZsUWxGQlFVNWpTRUZDUnkwdExTMHRMUzB0TFc5NVozQXlOVUZCUVVGQlIzRnNWR0ZqU2pNM1ZFZEJFZ1pKV0RJMk9EQWFDd2lWZ3dFUUFCb0RTVTVTT0J4d29va0IiLFtbIkJMUiIsIjIwMjYtMDktMTIiLCJQTlEiLG51bGwsIklYIiwiMjY4MCJdXV0=,2026-09-12 18:34:44.786274
114,6,BLR,PNQ,2026-09-12,2026-09-19,17950.00,INR,100,Round trip,IndiGo,0,61,WyJDalJJTkZwb0xXdGFkSEZsUWxGQlFVNWpTRUZDUnkwdExTMHRMUzB0TFc5NVozQXlOVUZCUVVGQlIzRnNWR0ZqU2pNM1ZFZEJFZ1UyUlRFeE5ob0xDSjZNQVJBQUdnTkpUbEk0SEhEaGtnRT0iLFtbIkJMUiIsIjIwMjYtMDktMTIiLCJQTlEiLG51bGwsIjZFIiwiMTE2Il1dXQ==,2026-09-12 18:34:44.788797
115,7,BLR,AMD,2026-09-12,2026-09-19,17960.00,INR,560,Round trip,Air India,1,159,WyJDalJJZVU1WlRqVTJXRWR1WjFsQlNUazRVM2RDUnkwdExTMHRMUzB0TFhscFltZHBPVUZCUVVGQlIzRnNWR0YzUXpSSVRrRkJFZ3hCU1RJNE5EQjhRVWswT1RNYUN3aW9qQUVRQUJvRFNVNVNPQnh3NjVJQiIsW1siQkxSIiwiMjAyNi0wOS0xMiIsIkJPTSIsbnVsbCwiQUkiLCIyODQwIl0sWyJCT00iLCIyMDI2LTA5LTEzIiwiQU1EIixudWxsLCJBSSIsIjQ5MyJdXV0=,2026-09-12 18:34:46.814198
116,7,BLR,AMD,2026-09-12,2026-09-19,22168.00,INR,130,Round trip,IndiGo,0,92,WyJDalJJZVU1WlRqVTJXRWR1WjFsQlNUazRVM2RDUnkwdExTMHRMUzB0TFhscFltZHBPVUZCUVVGQlIzRnNWR0YzUXpSSVRrRkJFZ1kyUlRZME1qTWFDd2lZclFFUUFCb0RTVTVTT0J4d243VUIiLFtbIkJMUiIsIjIwMjYtMDktMTIiLCJBTUQiLG51bGwsIjZFIiwiNjQyMyJdXV0=,2026-09-12 18:34:46.816564
117,7,BLR,AMD,2026-09-12,2026-09-19,24865.00,INR,425,Round trip,IndiGo,1,113,WyJDalJJZVU1WlRqVTJXRWR1WjFsQlNUazRVM2RDUnkwdExTMHRMUzB0TFhscFltZHBPVUZCUVVGQlIzRnNWR0YzUXpSSVRrRkJFZ3MyUlRFeE5udzJSVGd4T1JvTENLSENBUkFBR2dOSlRsSTRISENteXdFPSIsW1siQkxSIiwiMjAyNi0wOS0xMiIsIlBOUSIsbnVsbCwiNkUiLCIxMTYiXSxbIlBOUSIsIjIwMjYtMDktMTMiLCJBTUQiLG51bGwsIjZFIiwiODE5Il1dXQ==,2026-09-12 18:34:46.818111
118,7,BLR,AMD,2026-09-12,2026-09-19,25255.00,INR,490,Round trip,Air India,1,159,WyJDalJJZVU1WlRqVTJXRWR1WjFsQlNUazRVM2RDUnkwdExTMHRMUzB0TFhscFltZHBPVUZCUVVGQlIzRnNWR0YzUXpSSVRrRkJFZ3hCU1RJNE1URjhRVWswT1RNYUN3aW54UUVRQUJvRFNVNVNPQnh3dnM0QiIsW1siQkxSIiwiMjAyNi0wOS0xMiIsIkJPTSIsbnVsbCwiQUkiLCIyODExIl0sWyJCT00iLCIyMDI2LTA5LTEzIiwiQU1EIixudWxsLCJBSSIsIjQ5MyJdXV0=,2026-09-12 18:34:46.820914
119,7,BLR,AMD,2026-09-12,2026-09-19,34491.00,INR,260,Round trip,IndiGo,1,177,WyJDalJJZVU1WlRqVTJXRWR1WjFsQlNUazRVM2RDUnkwdExTMHRMUzB0TFhscFltZHBPVUZCUVVGQlIzRnNWR0YzUXpSSVRrRkJFZzAyUlRVek56WjhOa1UxTVRVeUdnc0l1NDBDRUFBYUEwbE9VamdjY1ArWkFnPT0iLFtbIkJMUiIsIjIwMjYtMDktMTIiLCJCT00iLG51bGwsIjZFIiwiNTM3NiJdLFsiQk9NIiwiMjAyNi0wOS0xMiIsIkFNRCIsbnVsbCwiNkUiLCI1MTUyIl1dXQ==,2026-09-12 18:34:46.822802
120,8,BLR,COK,2026-09-12,2026-09-19,15617.00,INR,65,Round trip,IndiGo,0,47,WyJDalJJZEVaWmJXeEVOV3h1V2pSQlJXaGxlVkZDUnkwdExTMHRMUzB0TFMxd1ptMXpOVUZCUVVGQlIzRnNWR0k0VGpsWFgwOUJFZ1UyUlRRek5Sb0tDSUY2RUFBYUEwbE9VamdjY05kLyIsW1siQkxSIiwiMjAyNi0wOS0xMiIsIkNPSyIsbnVsbCwiNkUiLCI0MzUiXV1d,2026-09-12 18:34:48.631748
121,9,BLR,GOI,2026-09-12,2026-09-19,,INR,685,Round trip,"Air India, Air India Express",1,289,WyJDalJJWW1GelkwcEVYMTlPVDBWQlIyUlBTMmRDUnkwdExTMHRMUzB0TFMxMmRHNW1Oa0ZCUVVGQlIzRnNWR05uUlZBM04ydEJFZzFCU1RJNE1UaDhTVmd4TVRBNE9Cdz0iLFtbIkJMUiIsIjIwMjYtMDktMTIiLCJERUwiLG51bGwsIkFJIiwiMjgxOCJdLFsiREVMIiwiMjAyNi0wOS0xMyIsIkdPSSIsbnVsbCwiSVgiLCIxMTA4Il1dXQ==,2026-09-12 18:34:50.527288
122,9,BLR,GOI,2026-09-12,2026-09-19,,INR,410,Round trip,Air India,1,139,WyJDalJJWW1GelkwcEVYMTlPVDBWQlIyUlBTMmRDUnkwdExTMHRMUzB0TFMxMmRHNW1Oa0ZCUVVGQlIzRnNWR05uUlZBM04ydEJFZ3hCU1RJNE1URjhRVWsyTURNNEhBPT0iLFtbIkJMUiIsIjIwMjYtMDktMTIiLCJCT00iLG51bGwsIkFJIiwiMjgxMSJdLFsiQk9NIiwiMjAyNi0wOS0xMyIsIkdPSSIsbnVsbCwiQUkiLCI2MDMiXV1d,2026-09-12 18:34:50.533012
123,10,DEL,BLR,2026-09-12,2026-09-19,16878.00,INR,175,Round trip,IndiGo,0,124,WyJDalJJTVdFM2NsOUJhREUwUVVGQlNqSmpjRkZDUnkwdExTMHRMUzB0TFc5NVlXZ3hNa0ZCUVVGQlIzRnNWR04zUldWQ1pYbEJFZ1kyUlRZMU1UVWFDd2p1Z3dFUUFCb0RTVTVTT0J4dy80a0IiLFtbIkRFTCIsIjIwMjYtMDktMTIiLCJCTFIiLG51bGwsIjZFIiwiNjUxNSJdXV0=,2026-09-12 18:34:52.615874
124,10,DEL,BLR,2026-09-12,2026-09-19,16982.00,INR,175,Round trip,Air India,0,143,WyJDalJJTVdFM2NsOUJhREUwUVVGQlNqSmpjRkZDUnkwdExTMHRMUzB0TFc5NVlXZ3hNa0ZCUVVGQlIzRnNWR04zUldWQ1pYbEJFZ1pCU1RJME1USWFDd2pXaEFFUUFCb0RTVTVTT0J4dzdJb0IiLFtbIkRFTCIsIjIwMjYtMDktMTIiLCJCTFIiLG51bGwsIkFJIiwiMjQxMiJdXV0=,2026-09-12 18:34:52.61981
125,10,DEL,BLR,2026-09-12,2026-09-19,17436.00,INR,175,Round trip,Akasa Air,0,121,WyJDalJJTVdFM2NsOUJhREUwUVVGQlNqSmpjRkZDUnkwdExTMHRMUzB0TFc5NVlXZ3hNa0ZCUVVGQlIzRnNWR04zUldWQ1pYbEJFZ1pSVURFek5UQWFDd2ljaUFFUUFCb0RTVTVTT0J4d3g0NEIiLFtbIkRFTCIsIjIwMjYtMDktMTIiLCJCTFIiLG51bGwsIlFQIiwiMTM1MCJdXV0=,2026-09-12 18:34:52.623181
126,10,DEL,BLR,2026-09-12,2026-09-19,17436.00,INR,170,Round trip,Akasa Air,0,126,WyJDalJJTVdFM2NsOUJhREUwUVVGQlNqSmpjRkZDUnkwdExTMHRMUzB0TFc5NVlXZ3hNa0ZCUVVGQlIzRnNWR04zUldWQ1pYbEJFZ1pSVURFNE1USWFDd2ljaUFFUUFCb0RTVTVTT0J4d3g0NEIiLFtbIkRFTCIsIjIwMjYtMDktMTIiLCJCTFIiLG51bGwsIlFQIiwiMTgxMiJdXV0=,2026-09-12 18:34:52.627402
127,10,DEL,BLR,2026-09-12,2026-09-19,17436.00,INR,180,Round trip,Akasa Air,0,126,WyJDalJJTVdFM2NsOUJhREUwUVVGQlNqSmpjRkZDUnkwdExTMHRMUzB0TFc5NVlXZ3hNa0ZCUVVGQlIzRnNWR04zUldWQ1pYbEJFZ1pSVURFNE1qUWFDd2ljaUFFUUFCb0RTVTVTT0J4d3g0NEIiLFtbIkRFTCIsIjIwMjYtMDktMTIiLCJCTFIiLG51bGwsIlFQIiwiMTgyNCJdXV0=,2026-09-12 18:34:52.629977
128,10,DEL,BLR,2026-09-12,2026-09-19,17436.00,INR,175,Round trip,Akasa Air,0,124,WyJDalJJTVdFM2NsOUJhREUwUVVGQlNqSmpjRkZDUnkwdExTMHRMUzB0TFc5NVlXZ3hNa0ZCUVVGQlIzRnNWR04zUldWQ1pYbEJFZ1pSVURFek1EZ2FDd2ljaUFFUUFCb0RTVTVTT0J4d3g0NEIiLFtbIkRFTCIsIjIwMjYtMDktMTIiLCJCTFIiLG51bGwsIlFQIiwiMTMwOCJdXV0=,2026-09-12 18:34:52.632405
129,10,DEL,BLR,2026-09-12,2026-09-19,17439.00,INR,175,Round trip,Air India,0,143,WyJDalJJTVdFM2NsOUJhREUwUVVGQlNqSmpjRkZDUnkwdExTMHRMUzB0TFc5NVlXZ3hNa0ZCUVVGQlIzRnNWR04zUldWQ1pYbEJFZ1pCU1RJMU1USWFDd2lmaUFFUUFCb0RTVTVTT0J4d3lvNEIiLFtbIkRFTCIsIjIwMjYtMDktMTIiLCJCTFIiLG51bGwsIkFJIiwiMjUxMiJdXV0=,2026-09-12 18:34:52.634763
130,10,DEL,BLR,2026-09-12,2026-09-19,17439.00,INR,170,Round trip,Air India,0,143,WyJDalJJTVdFM2NsOUJhREUwUVVGQlNqSmpjRkZDUnkwdExTMHRMUzB0TFc5NVlXZ3hNa0ZCUVVGQlIzRnNWR04zUldWQ1pYbEJFZ1pCU1RJNE1Ea2FDd2lmaUFFUUFCb0RTVTVTT0J4d3lvNEIiLFtbIkRFTCIsIjIwMjYtMDktMTIiLCJCTFIiLG51bGwsIkFJIiwiMjgwOSJdXV0=,2026-09-12 18:34:52.637229
131,10,DEL,BLR,2026-09-12,2026-09-19,17820.00,INR,175,Round trip,IndiGo,0,124,WyJDalJJTVdFM2NsOUJhREUwUVVGQlNqSmpjRkZDUnkwdExTMHRMUzB0TFc5NVlXZ3hNa0ZCUVVGQlIzRnNWR04zUldWQ1pYbEJFZ1UyUlRnME5ob0xDSnlMQVJBQUdnTkpUbEk0SEhEWmtRRT0iLFtbIkRFTCIsIjIwMjYtMDktMTIiLCJCTFIiLG51bGwsIjZFIiwiODQ2Il1dXQ==,2026-09-12 18:34:52.63971
132,11,DEL,BOM,2026-09-12,2026-09-19,12655.00,INR,145,Round trip,Air India,0,103,WyJDalJJWm1SS1N6UTFOR0V4TUhkQlNVbG5jMmRDUnkwdExTMHRMUzB0TFhaMGJtTXlOVUZCUVVGQlIzRnNWR1JCU0dsemN6QkJFZ1pCU1RJME16a2FDZ2p2WWhBQUdnTkpUbEk0SEhDOFp3PT0iLFtbIkRFTCIsIjIwMjYtMDktMTIiLCJCT00iLG51bGwsIkFJIiwiMjQzOSJdXV0=,2026-09-12 18:34:54.929035
133,11,DEL,BOM,2026-09-12,2026-09-19,12771.00,INR,135,Round trip,IndiGo,0,89,WyJDalJJWm1SS1N6UTFOR0V4TUhkQlNVbG5jMmRDUnkwdExTMHRMUzB0TFhaMGJtTXlOVUZCUVVGQlIzRnNWR1JCU0dsemN6QkJFZ1UyUlRNeU1ob0tDT05qRUFBYUEwbE9VamdjY0xWbyIsW1siREVMIiwiMjAyNi0wOS0xMiIsIkJPTSIsbnVsbCwiNkUiLCIzMjIiXV1d,2026-09-12 18:34:54.932463
134,11,DEL,BOM,2026-09-12,2026-09-19,12956.00,INR,145,Round trip,Air India Express,0,103,WyJDalJJWm1SS1N6UTFOR0V4TUhkQlNVbG5jMmRDUnkwdExTMHRMUzB0TFhaMGJtTXlOVUZCUVVGQlIzRnNWR1JCU0dsemN6QkJFZ1pKV0RFeU16VWFDZ2ljWlJBQUdnTkpUbEk0SEhEM2FRPT0iLFtbIkRFTCIsIjIwMjYtMDktMTIiLCJCT00iLG51bGwsIklYIiwiMTIzNSJdXV0=,2026-09-12 18:34:54.936113
135,11,DEL,BOM,2026-09-12,2026-09-19,12765.00,INR,140,Round trip,Air India,0,103,WyJDalJJWm1SS1N6UTFOR0V4TUhkQlNVbG5jMmRDUnkwdExTMHRMUzB0TFhaMGJtTXlOVUZCUVVGQlIzRnNWR1JCU0dsemN6QkJFZ1pCU1RJNU9ERWFDZ2pkWXhBQUdnTkpUbEk0SEhDdmFBPT0iLFtbIkRFTCIsIjIwMjYtMDktMTIiLCJCT00iLG51bGwsIkFJIiwiMjk4MSJdXV0=,2026-09-12 18:34:54.939144
136,11,DEL,BOM,2026-09-12,2026-09-19,12765.00,INR,145,Round trip,Air India,0,103,WyJDalJJWm1SS1N6UTFOR0V4TUhkQlNVbG5jMmRDUnkwdExTMHRMUzB0TFhaMGJtTXlOVUZCUVVGQlIzRnNWR1JCU0dsemN6QkJFZ1pCU1RJME16TWFDZ2pkWXhBQUdnTkpUbEk0SEhDdmFBPT0iLFtbIkRFTCIsIjIwMjYtMDktMTIiLCJCT00iLG51bGwsIkFJIiwiMjQzMyJdXV0=,2026-09-12 18:34:54.942392
137,11,DEL,BOM,2026-09-12,2026-09-19,12771.00,INR,140,Round trip,IndiGo,0,89,WyJDalJJWm1SS1N6UTFOR0V4TUhkQlNVbG5jMmRDUnkwdExTMHRMUzB0TFhaMGJtTXlOVUZCUVVGQlIzRnNWR1JCU0dsemN6QkJFZ1kyUlRZeE1UUWFDZ2pqWXhBQUdnTkpUbEk0SEhDMWFBPT0iLFtbIkRFTCIsIjIwMjYtMDktMTIiLCJCT00iLG51bGwsIjZFIiwiNjExNCJdXV0=,2026-09-12 18:34:54.946957
138,11,DEL,BOM,2026-09-12,2026-09-19,12923.00,INR,145,Round trip,Air India,0,103,WyJDalJJWm1SS1N6UTFOR0V4TUhkQlNVbG5jMmRDUnkwdExTMHRMUzB0TFhaMGJtTXlOVUZCUVVGQlIzRnNWR1JCU0dsemN6QkJFZ1pCU1RJNU56Y2FDZ2o3WkJBQUdnTkpUbEk0SEhEVWFRPT0iLFtbIkRFTCIsIjIwMjYtMDktMTIiLCJCT00iLG51bGwsIkFJIiwiMjk3NyJdXV0=,2026-09-12 18:34:54.950065
139,11,DEL,BOM,2026-09-12,2026-09-19,12923.00,INR,145,Round trip,Air India,0,103,WyJDalJJWm1SS1N6UTFOR0V4TUhkQlNVbG5jMmRDUnkwdExTMHRMUzB0TFhaMGJtTXlOVUZCUVVGQlIzRnNWR1JCU0dsemN6QkJFZ1pCU1RJNU9EVWFDZ2o3WkJBQUdnTkpUbEk0SEhEVWFRPT0iLFtbIkRFTCIsIjIwMjYtMDktMTIiLCJCT00iLG51bGwsIkFJIiwiMjk4NSJdXV0=,2026-09-12 18:34:54.95344
140,11,DEL,BOM,2026-09-12,2026-09-19,12929.00,INR,140,Round trip,IndiGo,0,89,WyJDalJJWm1SS1N6UTFOR0V4TUhkQlNVbG5jMmRDUnkwdExTMHRMUzB0TFhaMGJtTXlOVUZCUVVGQlIzRnNWR1JCU0dsemN6QkJFZ1UyUlRNNU5Sb0tDSUZsRUFBYUEwbE9VamdjY05wcCIsW1siREVMIiwiMjAyNi0wOS0xMiIsIkJPTSIsbnVsbCwiNkUiLCIzOTUiXV1d,2026-09-12 18:34:54.956406
141,11,DEL,BOM,2026-09-12,2026-09-19,13133.00,INR,155,Round trip,Air India,0,103,WyJDalJJWm1SS1N6UTFOR0V4TUhkQlNVbG5jMmRDUnkwdExTMHRMUzB0TFhaMGJtTXlOVUZCUVVGQlIzRnNWR1JCU0dsemN6QkJFZ1pCU1RJNU5UY2FDZ2pOWmhBQUdnTkpUbEk0SEhDd2F3PT0iLFtbIkRFTCIsIjIwMjYtMDktMTIiLCJCT00iLG51bGwsIkFJIiwiMjk1NyJdXV0=,2026-09-12 18:34:54.958749
142,11,DEL,BOM,2026-09-12,2026-09-19,14618.00,INR,145,Round trip,Akasa Air,0,88,WyJDalJJWm1SS1N6UTFOR0V4TUhkQlNVbG5jMmRDUnkwdExTMHRMUzB0TFhaMGJtTXlOVUZCUVVGQlIzRnNWR1JCU0dsemN6QkJFZ1pSVURFNE1qWWFDZ2lhY2hBQUdnTkpUbEk0SEhEQ2R3PT0iLFtbIkRFTCIsIjIwMjYtMDktMTIiLCJCT00iLG51bGwsIlFQIiwiMTgyNiJdXV0=,2026-09-12 18:34:54.961463
143,11,DEL,BOM,2026-09-12,2026-09-19,25949.00,INR,160,Round trip,SpiceJet,0,120,WyJDalJJWm1SS1N6UTFOR0V4TUhkQlNVbG5jMmRDUnkwdExTMHRMUzB0TFhaMGJtTXlOVUZCUVVGQlIzRnNWR1JCU0dsemN6QkJFZ1pUUnpJNE1ESWFDd2pkeWdFUUFCb0RTVTVTT0J4d2xOUUIiLFtbIkRFTCIsIjIwMjYtMDktMTIiLCJCT00iLG51bGwsIlNHIiwiMjgwMiJdXV0=,2026-09-12 18:34:54.964106
144,12,DEL,HYD,2026-09-12,2026-09-19,16737.00,INR,140,Round trip,Air India,0,115,WyJDalJJTTBsaFdqaGtWSHBvZFVsQlNHdHpSM2RDUnkwdExTMHRMWFozWkc0eU1pMXVNVUZCUVVGQlIzRnNWR1JSVDI1MFFXOUJFZ1pCU1RJME5Ea2FDd2poZ2dFUUFCb0RTVTVTT0J4dzY0Z0IiLFtbIkRFTCIsIjIwMjYtMDktMTIiLCJIWUQiLG51bGwsIkFJIiwiMjQ0OSJdXV0=,2026-09-12 18:34:57.030754
145,12,DEL,HYD,2026-09-12,2026-09-19,16737.00,INR,140,Round trip,Air India,0,115,WyJDalJJTTBsaFdqaGtWSHBvZFVsQlNHdHpSM2RDUnkwdExTMHRMWFozWkc0eU1pMXVNVUZCUVVGQlIzRnNWR1JSVDI1MFFXOUJFZ1pCU1RFM01EWWFDd2poZ2dFUUFCb0RTVTVTT0J4dzY0Z0IiLFtbIkRFTCIsIjIwMjYtMDktMTIiLCJIWUQiLG51bGwsIkFJIiwiMTcwNiJdXV0=,2026-09-12 18:34:57.034498
146,12,DEL,HYD,2026-09-12,2026-09-19,16799.00,INR,135,Round trip,IndiGo,0,99,WyJDalJJTTBsaFdqaGtWSHBvZFVsQlNHdHpSM2RDUnkwdExTMHRMWFozWkc0eU1pMXVNVUZCUVVGQlIzRnNWR1JSVDI1MFFXOUJFZ1UyUlRnNE1ob0xDSitEQVJBQUdnTkpUbEk0SEhDc2lRRT0iLFtbIkRFTCIsIjIwMjYtMDktMTIiLCJIWUQiLG51bGwsIjZFIiwiODgyIl1dXQ==,2026-09-12 18:34:57.03749
147,12,DEL,HYD,2026-09-12,2026-09-19,17537.00,INR,150,Round trip,Akasa Air,0,100,WyJDalJJTTBsaFdqaGtWSHBvZFVsQlNHdHpSM2RDUnkwdExTMHRMWFozWkc0eU1pMXVNVUZCUVVGQlIzRnNWR1JSVDI1MFFXOUJFZ1pSVURFME1Ea2FDd2lCaVFFUUFCb0RTVTVTT0J4d3NZOEIiLFtbIkRFTCIsIjIwMjYtMDktMTIiLCJIWUQiLG51bGwsIlFQIiwiMTQwOSJdXV0=,2026-09-12 18:34:57.040378
148,12,DEL,HYD,2026-09-12,2026-09-19,16120.00,INR,370,Round trip,IndiGo,1,161,WyJDalJJTTBsaFdqaGtWSHBvZFVsQlNHdHpSM2RDUnkwdExTMHRMWFozWkc0eU1pMXVNVUZCUVVGQlIzRnNWR1JSVDI1MFFXOUJFZ3cyUlRNd00zdzJSVFl4T0RjYUNnajRmUkFBR2dOSlRsSTRISERtZ3dFPSIsW1siREVMIiwiMjAyNi0wOS0xMiIsIkJPTSIsbnVsbCwiNkUiLCIzMDMiXSxbIkJPTSIsIjIwMjYtMDktMTMiLCJIWUQiLG51bGwsIjZFIiwiNjE4NyJdXV0=,2026-09-12 18:34:57.043174
149,12,DEL,HYD,2026-09-12,2026-09-19,16799.00,INR,135,Round trip,IndiGo,0,99,WyJDalJJTTBsaFdqaGtWSHBvZFVsQlNHdHpSM2RDUnkwdExTMHRMWFozWkc0eU1pMXVNVUZCUVVGQlIzRnNWR1JSVDI1MFFXOUJFZ1UyUlRNNE1ob0xDSitEQVJBQUdnTkpUbEk0SEhDc2lRRT0iLFtbIkRFTCIsIjIwMjYtMDktMTIiLCJIWUQiLG51bGwsIjZFIiwiMzgyIl1dXQ==,2026-09-12 18:34:57.045983
150,12,DEL,HYD,2026-09-12,2026-09-19,16997.00,INR,140,Round trip,Air India,0,115,WyJDalJJTTBsaFdqaGtWSHBvZFVsQlNHdHpSM2RDUnkwdExTMHRMWFozWkc0eU1pMXVNVUZCUVVGQlIzRnNWR1JSVDI1MFFXOUJFZ1pCU1RFM01EZ2FDd2psaEFFUUFCb0RTVTVTT0J4dy9Jb0IiLFtbIkRFTCIsIjIwMjYtMDktMTIiLCJIWUQiLG51bGwsIkFJIiwiMTcwOCJdXV0=,2026-09-12 18:34:57.048353
151,12,DEL,HYD,2026-09-12,2026-09-19,16997.00,INR,140,Round trip,Air India,0,115,WyJDalJJTTBsaFdqaGtWSHBvZFVsQlNHdHpSM2RDUnkwdExTMHRMWFozWkc0eU1pMXVNVUZCUVVGQlIzRnNWR1JSVDI1MFFXOUJFZ1pCU1RJNE56RWFDd2psaEFFUUFCb0RTVTVTT0J4dy9Jb0IiLFtbIkRFTCIsIjIwMjYtMDktMTIiLCJIWUQiLG51bGwsIkFJIiwiMjg3MSJdXV0=,2026-09-12 18:34:57.050719
152,13,DEL,MAA,2026-09-12,2026-09-19,19130.00,INR,175,Round trip,IndiGo,0,126,WyJDalJJYkdWUlIxQktNMTlDY0hkQlMzRTVlV2RDUnkwdExTMHRMUzB0TFMxMmQybHZOMEZCUVVGQlIzRnNWR1JuU2tabldIRkJFZ1kyUlRZd05qRWFDd2k2bFFFUUFCb0RTVTVTT0J4d3RKd0IiLFtbIkRFTCIsIjIwMjYtMDktMTIiLCJNQUEiLG51bGwsIjZFIiwiNjA2MSJdXV0=,2026-09-12 18:34:59.34408
153,13,DEL,MAA,2026-09-12,2026-09-19,21553.00,INR,165,Round trip,Air India,0,146,WyJDalJJYkdWUlIxQktNMTlDY0hkQlMzRTVlV2RDUnkwdExTMHRMUzB0TFMxMmQybHZOMEZCUVVGQlIzRnNWR1JuU2tabldIRkJFZ1pCU1RJNE9UVWFDd2l4cUFFUUFCb0RTVTVTT0J4d203QUIiLFtbIkRFTCIsIjIwMjYtMDktMTIiLCJNQUEiLG51bGwsIkFJIiwiMjg5NSJdXV0=,2026-09-12 18:34:59.34758
154,13,DEL,MAA,2026-09-12,2026-09-19,52632.00,INR,395,Round trip,IndiGo,1,258,WyJDalJJYkdWUlIxQktNMTlDY0hkQlMzRTVlV2RDUnkwdExTMHRMUzB0TFMxMmQybHZOMEZCUVVGQlIzRnNWR1JuU2tabldIRkJFZ3MyUlRNeU1udzJSVEV6TmhvTENKaWJBeEFBR2dOSlRsSTRISENvcmdNPSIsW1siREVMIiwiMjAyNi0wOS0xMiIsIkJPTSIsbnVsbCwiNkUiLCIzMjIiXSxbIkJPTSIsIjIwMjYtMDktMTMiLCJNQUEiLG51bGwsIjZFIiwiMTM2Il1dXQ==,2026-09-12 18:34:59.350116
155,14,DEL,CCU,2026-09-12,2026-09-19,17002.00,INR,140,Round trip,SpiceJet,0,121,WyJDalJJU0VaYWJGWkZlWFU1ZFdOQlNFZDVSMUZDUnkwdExTMHRMUzB0TFMxMmRISnJNVUZCUVVGQlIzRnNWR1IzUlVSS1FtRkJFZ1ZUUnprd05Sb0xDT3FFQVJBQUdnTkpUbEk0SEhDQml3RT0iLFtbIkRFTCIsIjIwMjYtMDktMTIiLCJDQ1UiLG51bGwsIlNHIiwiOTA1Il1dXQ==,2026-09-12 18:35:01.579748
156,14,DEL,CCU,2026-09-12,2026-09-19,17486.00,INR,135,Round trip,IndiGo,0,99,WyJDalJJU0VaYWJGWkZlWFU1ZFdOQlNFZDVSMUZDUnkwdExTMHRMUzB0TFMxMmRISnJNVUZCUVVGQlIzRnNWR1IzUlVSS1FtRkJFZ1UyUlRJME54b0xDTTZJQVJBQUdnTkpUbEk0SEhEN2pnRT0iLFtbIkRFTCIsIjIwMjYtMDktMTIiLCJDQ1UiLG51bGwsIjZFIiwiMjQ3Il1dXQ==,2026-09-12 18:35:01.582478
157,14,DEL,CCU,2026-09-12,2026-09-19,18628.00,INR,140,Round trip,Air India,0,115,WyJDalJJU0VaYWJGWkZlWFU1ZFdOQlNFZDVSMUZDUnkwdExTMHRMUzB0TFMxMmRISnJNVUZCUVVGQlIzRnNWR1IzUlVSS1FtRkJFZ1pCU1RFM01UUWFDd2pFa1FFUUFCb0RTVTVTT0J4d3BwZ0IiLFtbIkRFTCIsIjIwMjYtMDktMTIiLCJDQ1UiLG51bGwsIkFJIiwiMTcxNCJdXV0=,2026-09-12 18:35:01.584785
158,15,DEL,PNQ,2026-09-12,2026-09-19,17970.00,INR,135,Round trip,Air India Express,0,107,WyJDalJJWW1GelkwcEVYMTlPVDBWQlIyUlRlSGRDUnkwdExTMHRMUzB0TFMxMmRHNW1Oa0ZCUVVGQlIzRnNWR1ZSVG5OaFdrdEJFZ1pKV0RFeU5UY2FDd2l5akFFUUFCb0RTVTVTT0J4dzlwSUIiLFtbIkRFTCIsIjIwMjYtMDktMTIiLCJQTlEiLG51bGwsIklYIiwiMTI1NyJdXV0=,2026-09-12 18:35:03.469613
159,15,DEL,PNQ,2026-09-12,2026-09-19,19166.00,INR,125,Round trip,IndiGo,0,91,WyJDalJJWW1GelkwcEVYMTlPVDBWQlIyUlRlSGRDUnkwdExTMHRMUzB0TFMxMmRHNW1Oa0ZCUVVGQlIzRnNWR1ZSVG5OaFdrdEJFZ1kyUlRJMk1UZ2FDd2plbFFFUUFCb0RTVTVTT0J4dzJad0IiLFtbIkRFTCIsIjIwMjYtMDktMTIiLCJQTlEiLG51bGwsIjZFIiwiMjYxOCJdXV0=,2026-09-12 18:35:03.473481
160,15,DEL,PNQ,2026-09-12,2026-09-19,21332.00,INR,135,Round trip,Air India,0,105,WyJDalJJWW1GelkwcEVYMTlPVDBWQlIyUlRlSGRDUnkwdExTMHRMUzB0TFMxMmRHNW1Oa0ZCUVVGQlIzRnNWR1ZSVG5OaFdrdEJFZ1pCU1RJMk1Ea2FDd2pVcGdFUUFCb0RTVTVTT0J4d3RLNEIiLFtbIkRFTCIsIjIwMjYtMDktMTIiLCJQTlEiLG51bGwsIkFJIiwiMjYwOSJdXV0=,2026-09-12 18:35:03.476206
161,15,DEL,PNQ,2026-09-12,2026-09-19,21668.00,INR,125,Round trip,Air India,0,105,WyJDalJJWW1GelkwcEVYMTlPVDBWQlIyUlRlSGRDUnkwdExTMHRMUzB0TFMxMmRHNW1Oa0ZCUVVGQlIzRnNWR1ZSVG5OaFdrdEJFZ1pCU1RFM016QWFDd2lrcVFFUUFCb0RTVTVTT0J4d2xMRUIiLFtbIkRFTCIsIjIwMjYtMDktMTIiLCJQTlEiLG51bGwsIkFJIiwiMTczMCJdXV0=,2026-09-12 18:35:03.479044
162,15,DEL,PNQ,2026-09-12,2026-09-19,31397.00,INR,135,Round trip,Air India,0,105,WyJDalJJWW1GelkwcEVYMTlPVDBWQlIyUlRlSGRDUnkwdExTMHRMUzB0TFMxMmRHNW1Oa0ZCUVVGQlIzRnNWR1ZSVG5OaFdrdEJFZ1pCU1RJNU56TWFDd2lsOVFFUUFCb0RTVTVTT0J4dzJZQUMiLFtbIkRFTCIsIjIwMjYtMDktMTIiLCJQTlEiLG51bGwsIkFJIiwiMjk3MyJdXV0=,2026-09-12 18:35:03.481786
163,31,DEL,AMD,2026-09-12,2026-09-19,12358.00,INR,100,Round trip,Air India,0,77,WyJDalJJYUhOd2RqaExjRm8zZW1kQlNFUnZaMmRDUnkwdExTMHRMUzF2YTNSd09DMXVNVUZCUVVGQlIzRnNWR2hCUzE5ZlVFdEJFZ1pCU1RJMU5EVWFDZ2pHWUJBQUdnTkpUbEk0SEhDRlpRPT0iLFtbIkRFTCIsIjIwMjYtMDktMTIiLCJBTUQiLG51bGwsIkFJIiwiMjU0NSJdXV0=,2026-09-12 18:35:12.766271
164,31,DEL,AMD,2026-09-12,2026-09-19,13303.00,INR,105,Round trip,Air India,0,77,WyJDalJJYUhOd2RqaExjRm8zZW1kQlNFUnZaMmRDUnkwdExTMHRMUzF2YTNSd09DMXVNVUZCUVVGQlIzRnNWR2hCUzE5ZlVFdEJFZ1pCU1RJNU1Ea2FDZ2ozWnhBQUdnTkpUbEk0SEhEaWJBPT0iLFtbIkRFTCIsIjIwMjYtMDktMTIiLCJBTUQiLG51bGwsIkFJIiwiMjkwOSJdXV0=,2026-09-12 18:35:12.772722
165,31,DEL,AMD,2026-09-12,2026-09-19,13400.00,INR,95,Round trip,IndiGo,0,64,WyJDalJJYUhOd2RqaExjRm8zZW1kQlNFUnZaMmRDUnkwdExTMHRMUzF2YTNSd09DMXVNVUZCUVVGQlIzRnNWR2hCUzE5ZlVFdEJFZ1kyUlRJd01UTWFDZ2pZYUJBQUdnTkpUbEk0SEhESGJRPT0iLFtbIkRFTCIsIjIwMjYtMDktMTIiLCJBTUQiLG51bGwsIjZFIiwiMjAxMyJdXV0=,2026-09-12 18:35:12.776419
166,32,DEL,COK,2026-09-12,2026-09-19,24187.00,INR,190,Round trip,Air India,0,165,WyJDalJJVDBWS2NGRnVWWFJsZVd0QlN6SktjRkZDUnkwdExTMHRMUzB0TFMxNWJHdDJPVUZCUVVGQlIzRnNWR2hSUjJoVVJqWkJFZ1pCU1RJNE9ETWFDd2o3dkFFUUFCb0RTVTVTT0J4dzRNVUIiLFtbIkRFTCIsIjIwMjYtMDktMTIiLCJDT0siLG51bGwsIkFJIiwiMjg4MyJdXV0=,2026-09-12 18:35:21.955348
167,32,DEL,COK,2026-09-12,2026-09-19,26869.00,INR,460,Round trip,Air India Express,1,214,WyJDalJJVDBWS2NGRnVWWFJsZVd0QlN6SktjRkZDUnkwdExTMHRMUzB0TFMxNWJHdDJPVUZCUVVGQlIzRnNWR2hSUjJoVVJqWkJFZzFKV0RFeU16VjhTVmd4TnprM0dnc0k5ZEVCRUFBYUEwbE9VamdjY05mYkFRPT0iLFtbIkRFTCIsIjIwMjYtMDktMTIiLCJCT00iLG51bGwsIklYIiwiMTIzNSJdLFsiQk9NIiwiMjAyNi0wOS0xMyIsIkNPSyIsbnVsbCwiSVgiLCIxNzk3Il1dXQ==,2026-09-12 18:35:21.958448
168,32,DEL,COK,2026-09-12,2026-09-19,29889.00,INR,575,Round trip,Air India,1,199,WyJDalJJVDBWS2NGRnVWWFJsZVd0QlN6SktjRkZDUnkwdExTMHRMUzB0TFMxNWJHdDJPVUZCUVVGQlIzRnNWR2hSUjJoVVJqWkJFZzFCU1RJME16bDhRVWt5TnpnM0dnc0l3ZWtCRUFBYUEwbE9VamdjY0svMEFRPT0iLFtbIkRFTCIsIjIwMjYtMDktMTIiLCJCT00iLG51bGwsIkFJIiwiMjQzOSJdLFsiQk9NIiwiMjAyNi0wOS0xMyIsIkNPSyIsbnVsbCwiQUkiLCIyNzg3Il1dXQ==,2026-09-12 18:35:21.962002
169,32,DEL,COK,2026-09-12,2026-09-19,26058.00,INR,975,Round trip,Air India Express,1,200,WyJDalJJVDBWS2NGRnVWWFJsZVd0QlN6SktjRkZDUnkwdExTMHRMUzB0TFMxNWJHdDJPVUZCUVVGQlIzRnNWR2hSUjJoVVJqWkJFZzFKV0RFeU16VjhTVmd4T0RFd0dnc0l5c3NCRUFBYUEwbE9VamdjY0liVkFRPT0iLFtbIkRFTCIsIjIwMjYtMDktMTIiLCJCT00iLG51bGwsIklYIiwiMTIzNSJdLFsiQk9NIiwiMjAyNi0wOS0xMyIsIkNPSyIsbnVsbCwiSVgiLCIxODEwIl1dXQ==,2026-09-12 18:35:21.964946
170,32,DEL,COK,2026-09-12,2026-09-19,29672.00,INR,550,Round trip,"Air India Express, Air India",1,199,WyJDalJJVDBWS2NGRnVWWFJsZVd0QlN6SktjRkZDUnkwdExTMHRMUzB0TFMxNWJHdDJPVUZCUVVGQlIzRnNWR2hSUjJoVVJqWkJFZzFKV0RFeU16VjhRVWt5TnpnM0dnc0k2T2NCRUFBYUEwbE9VamdjY016eUFRPT0iLFtbIkRFTCIsIjIwMjYtMDktMTIiLCJCT00iLG51bGwsIklYIiwiMTIzNSJdLFsiQk9NIiwiMjAyNi0wOS0xMyIsIkNPSyIsbnVsbCwiQUkiLCIyNzg3Il1dXQ==,2026-09-12 18:35:21.967773
171,32,DEL,COK,2026-09-12,2026-09-19,30367.00,INR,485,Round trip,"Air India, Air India Express",1,214,WyJDalJJVDBWS2NGRnVWWFJsZVd0QlN6SktjRkZDUnkwdExTMHRMUzB0TFMxNWJHdDJPVUZCUVVGQlIzRnNWR2hSUjJoVVJqWkJFZzFCU1RJME16bDhTVmd4TnprM0dnc0luKzBCRUFBYUEwbE9VamdjY0tQNEFRPT0iLFtbIkRFTCIsIjIwMjYtMDktMTIiLCJCT00iLG51bGwsIkFJIiwiMjQzOSJdLFsiQk9NIiwiMjAyNi0wOS0xMyIsIkNPSyIsbnVsbCwiSVgiLCIxNzk3Il1dXQ==,2026-09-12 18:35:21.970557
172,32,DEL,COK,2026-09-12,2026-09-19,44599.00,INR,350,Round trip,IndiGo,1,257,WyJDalJJVDBWS2NGRnVWWFJsZVd0QlN6SktjRkZDUnkwdExTMHRMUzB0TFMxNWJHdDJPVUZCUVVGQlIzRnNWR2hSUjJoVVJqWkJFZzAyUlRJMk1UaDhOa1UyTVRJNUdnc0l0OXdDRUFBYUEwbE9VamdjY05Ic0FnPT0iLFtbIkRFTCIsIjIwMjYtMDktMTIiLCJQTlEiLG51bGwsIjZFIiwiMjYxOCJdLFsiUE5RIiwiMjAyNi0wOS0xMyIsIkNPSyIsbnVsbCwiNkUiLCI2MTI5Il1dXQ==,2026-09-12 18:35:21.973306
173,32,DEL,COK,2026-09-12,2026-09-19,,INR,190,Round trip,Air India Express,0,184,WyJDalJJVDBWS2NGRnVWWFJsZVd0QlN6SktjRkZDUnkwdExTMHRMUzB0TFMxNWJHdDJPVUZCUVVGQlIzRnNWR2hSUjJoVVJqWkJFZ1pKV0RFNE1UVTRIQT09IixbWyJERUwiLCIyMDI2LTA5LTEyIiwiQ09LIixudWxsLCJJWCIsIjE4MTUiXV1d,2026-09-12 18:35:21.976019
174,33,DEL,GOI,2026-09-12,2026-09-19,22457.00,INR,860,Round trip,Air India Express,1,159,WyJDalJJWWpWMVQzWlNheTAyVGxsQlNqSmlZM2RDUnkwdExTMHRMUzB0TFMxNWJHNTBPRUZCUVVGQlIzRnNWR2cwUWxwM2ExZEJFZzFKV0RFeU16VjhTVmd4TWpNNEdnc0l1YThCRUFBYUEwbE9VamdjY002M0FRPT0iLFtbIkRFTCIsIjIwMjYtMDktMTIiLCJCT00iLG51bGwsIklYIiwiMTIzNSJdLFsiQk9NIiwiMjAyNi0wOS0xMyIsIkdPSSIsbnVsbCwiSVgiLCIxMjM4Il1dXQ==,2026-09-12 18:35:33.449878
175,33,DEL,GOI,2026-09-12,2026-09-19,25800.00,INR,920,Round trip,Air India,1,182,WyJDalJJWWpWMVQzWlNheTAyVGxsQlNqSmlZM2RDUnkwdExTMHRMUzB0TFMxNWJHNTBPRUZCUVVGQlIzRnNWR2cwUWxwM2ExZEJFZzFCU1RJME16bDhRVWt5TkRjM0dnc0l5TWtCRUFBYUEwbE9VamdjY1BqU0FRPT0iLFtbIkRFTCIsIjIwMjYtMDktMTIiLCJCT00iLG51bGwsIkFJIiwiMjQzOSJdLFsiQk9NIiwiMjAyNi0wOS0xMyIsIkdPSSIsbnVsbCwiQUkiLCIyNDc3Il1dXQ==,2026-09-12 18:35:33.4538
176,33,DEL,GOI,2026-09-12,2026-09-19,31245.00,INR,450,Round trip,Air India,1,158,WyJDalJJWWpWMVQzWlNheTAyVGxsQlNqSmlZM2RDUnkwdExTMHRMUzB0TFMxNWJHNTBPRUZCUVVGQlIzRnNWR2cwUWxwM2ExZEJFZ3hCU1RJME16bDhRVWsyTURNYUN3aU45QUVRQUJvRFNVNVNPQnh3dXY4QiIsW1siREVMIiwiMjAyNi0wOS0xMiIsIkJPTSIsbnVsbCwiQUkiLCIyNDM5Il0sWyJCT00iLCIyMDI2LTA5LTEzIiwiR09JIixudWxsLCJBSSIsIjYwMyJdXV0=,2026-09-12 18:35:33.458389
177,33,DEL,GOI,2026-09-12,2026-09-19,27902.00,INR,1045,Round trip,"Air India Express, Air India",1,158,WyJDalJJWWpWMVQzWlNheTAyVGxsQlNqSmlZM2RDUnkwdExTMHRMUzB0TFMxNWJHNTBPRUZCUVVGQlIzRnNWR2cwUWxwM2ExZEJFZzFKV0RFeU16VjhRVWt5TnpRMUdnc0kvdGtCRUFBYUEwbE9VamdjY0pEa0FRPT0iLFtbIkRFTCIsIjIwMjYtMDktMTIiLCJCT00iLG51bGwsIklYIiwiMTIzNSJdLFsiQk9NIiwiMjAyNi0wOS0xMyIsIkdPSSIsbnVsbCwiQUkiLCIyNzQ1Il1dXQ==,2026-09-12 18:35:33.461616
178,33,DEL,GOI,2026-09-12,2026-09-19,29431.00,INR,895,Round trip,"Air India Express, Air India",1,182,WyJDalJJWWpWMVQzWlNheTAyVGxsQlNqSmlZM2RDUnkwdExTMHRMUzB0TFMxNWJHNTBPRUZCUVVGQlIzRnNWR2cwUWxwM2ExZEJFZzFKV0RFeU16VjhRVWt5TkRjM0dnc0k5K1VCRUFBYUEwbE9VamdjY05Ed0FRPT0iLFtbIkRFTCIsIjIwMjYtMDktMTIiLCJCT00iLG51bGwsIklYIiwiMTIzNSJdLFsiQk9NIiwiMjAyNi0wOS0xMyIsIkdPSSIsbnVsbCwiQUkiLCIyNDc3Il1dXQ==,2026-09-12 18:35:33.465207
179,33,DEL,GOI,2026-09-12,2026-09-19,30673.00,INR,820,Round trip,Air India,1,173,WyJDalJJWWpWMVQzWlNheTAyVGxsQlNqSmlZM2RDUnkwdExTMHRMUzB0TFMxNWJHNTBPRUZCUVVGQlIzRnNWR2cwUWxwM2ExZEJFZzFCU1RJME16bDhRVWt5TkRJd0dnc0kwZThCRUFBYUEwbE9VamdjY09UNkFRPT0iLFtbIkRFTCIsIjIwMjYtMDktMTIiLCJCT00iLG51bGwsIkFJIiwiMjQzOSJdLFsiQk9NIiwiMjAyNi0wOS0xMyIsIkdPSSIsbnVsbCwiQUkiLCIyNDIwIl1dXQ==,2026-09-12 18:35:33.469257
180,33,DEL,GOI,2026-09-12,2026-09-19,37267.00,INR,425,Round trip,"Air India Express, Air India",1,158,WyJDalJJWWpWMVQzWlNheTAyVGxsQlNqSmlZM2RDUnkwdExTMHRMUzB0TFMxNWJHNTBPRUZCUVVGQlIzRnNWR2cwUWxwM2ExZEJFZ3hKV0RFeU16VjhRVWsyTURNYUN3aVRvd0lRQUJvRFNVNVNPQnh3MkxBQyIsW1siREVMIiwiMjAyNi0wOS0xMiIsIkJPTSIsbnVsbCwiSVgiLCIxMjM1Il0sWyJCT00iLCIyMDI2LTA5LTEzIiwiR09JIixudWxsLCJBSSIsIjYwMyJdXV0=,2026-09-12 18:35:33.472917
181,33,DEL,GOI,2026-09-12,2026-09-19,43220.00,INR,440,Round trip,IndiGo,1,200,WyJDalJJWWpWMVQzWlNheTAyVGxsQlNqSmlZM2RDUnkwdExTMHRMUzB0TFMxNWJHNTBPRUZCUVVGQlIzRnNWR2cwUWxwM2ExZEJFZzAyUlRZeE1UUjhOa1UyTXpZeEdnc0kxTkVDRUFBYUEwbE9VamdjY0s3aEFnPT0iLFtbIkRFTCIsIjIwMjYtMDktMTIiLCJCT00iLG51bGwsIjZFIiwiNjExNCJdLFsiQk9NIiwiMjAyNi0wOS0xMyIsIkdPSSIsbnVsbCwiNkUiLCI2MzYxIl1dXQ==,2026-09-12 18:35:33.476312
290,58,MAA,COK,2026-09-12,2026-09-19,13366.00,INR,75,Round trip,IndiGo,0,55,WyJDalJJTVdFM2NsOUJhREUwUVVGQlNqTnBTMUZDUnkwdExTMHRMUzB0TFc5NVlXZ3hNa0ZCUVVGQlIzRnNWSFpOUmxoc1kwOUJFZ1UyUlRFMU5ob0tDTFpvRUFBYUEwbE9VamdjY0tSdCIsW1siTUFBIiwiMjAyNi0wOS0xMiIsIkNPSyIsbnVsbCwiNkUiLCIxNTYiXV1d,2026-09-12 18:38:59.157716
182,33,DEL,GOI,2026-09-12,2026-09-19,46819.00,INR,395,Round trip,IndiGo,1,200,WyJDalJJWWpWMVQzWlNheTAyVGxsQlNqSmlZM2RDUnkwdExTMHRMUzB0TFMxNWJHNTBPRUZCUVVGQlIzRnNWR2cwUWxwM2ExZEJFZ3cyUlRNeU1udzJSVFl6TmpFYUN3amo3UUlRQUJvRFNVNVNPQnh3NWY0QyIsW1siREVMIiwiMjAyNi0wOS0xMiIsIkJPTSIsbnVsbCwiNkUiLCIzMjIiXSxbIkJPTSIsIjIwMjYtMDktMTMiLCJHT0kiLG51bGwsIjZFIiwiNjM2MSJdXV0=,2026-09-12 18:35:33.479647
183,34,BOM,BLR,2026-09-12,2026-09-19,16056.00,INR,115,Round trip,IndiGo,0,72,WyJDalJJZVRCdlVqbERjbTVXYmtGQlN6bGxXbmRDUnkwdExTMHRMUzB0TFc5NWNtRXlOa0ZCUVVGQlIzRnNWR2xuVEdWRFNtdEJFZ1kyUlRZeE9EZ2FDZ2k0ZlJBQUdnTkpUbEk0SEhDamd3RT0iLFtbIkJPTSIsIjIwMjYtMDktMTIiLCJCTFIiLG51bGwsIjZFIiwiNjE4OCJdXV0=,2026-09-12 18:35:37.619323
184,34,BOM,BLR,2026-09-12,2026-09-19,16395.00,INR,120,Round trip,Akasa Air,0,75,WyJDalJJZVRCdlVqbERjbTVXYmtGQlN6bGxXbmRDUnkwdExTMHRMUzB0TFc5NWNtRXlOa0ZCUVVGQlIzRnNWR2xuVEdWRFNtdEJFZ1pSVURFMU1UZ2FDd2lMZ0FFUUFCb0RTVTVTT0J4d2hvWUIiLFtbIkJPTSIsIjIwMjYtMDktMTIiLCJCTFIiLG51bGwsIlFQIiwiMTUxOCJdXV0=,2026-09-12 18:35:37.622704
185,34,BOM,BLR,2026-09-12,2026-09-19,16483.00,INR,120,Round trip,Air India,0,84,WyJDalJJZVRCdlVqbERjbTVXYmtGQlN6bGxXbmRDUnkwdExTMHRMUzB0TFc5NWNtRXlOa0ZCUVVGQlIzRnNWR2xuVEdWRFNtdEJFZ1pCU1RJME1ERWFDd2pqZ0FFUUFCb0RTVTVTT0J4dzRvWUIiLFtbIkJPTSIsIjIwMjYtMDktMTIiLCJCTFIiLG51bGwsIkFJIiwiMjQwMSJdXV0=,2026-09-12 18:35:37.625716
186,34,BOM,BLR,2026-09-12,2026-09-19,16686.00,INR,120,Round trip,IndiGo,0,72,WyJDalJJZVRCdlVqbERjbTVXYmtGQlN6bGxXbmRDUnkwdExTMHRMUzB0TFc5NWNtRXlOa0ZCUVVGQlIzRnNWR2xuVEdWRFNtdEJFZ1kyUlRVek9EZ2FDd2l1Z2dFUUFCb0RTVTVTT0J4d3RvZ0IiLFtbIkJPTSIsIjIwMjYtMDktMTIiLCJCTFIiLG51bGwsIjZFIiwiNTM4OCJdXV0=,2026-09-12 18:35:37.628388
187,34,BOM,BLR,2026-09-12,2026-09-19,17262.00,INR,125,Round trip,Akasa Air,0,71,WyJDalJJZVRCdlVqbERjbTVXYmtGQlN6bGxXbmRDUnkwdExTMHRMUzB0TFc5NWNtRXlOa0ZCUVVGQlIzRnNWR2xuVEdWRFNtdEJFZ1pSVURFeE16TWFDd2p1aGdFUUFCb0RTVTVTT0J4d2tZMEIiLFtbIkJPTSIsIjIwMjYtMDktMTIiLCJCTFIiLG51bGwsIlFQIiwiMTEzMyJdXV0=,2026-09-12 18:35:37.630848
188,34,BOM,BLR,2026-09-12,2026-09-19,34025.00,INR,125,Round trip,Air India,0,84,WyJDalJJZVRCdlVqbERjbTVXYmtGQlN6bGxXbmRDUnkwdExTMHRMUzB0TFc5NWNtRXlOa0ZCUVVGQlIzRnNWR2xuVEdWRFNtdEJFZ1pCU1RJNE5UY2FDd2pwaVFJUUFCb0RTVTVTT0J4d21KWUMiLFtbIkJPTSIsIjIwMjYtMDktMTIiLCJCTFIiLG51bGwsIkFJIiwiMjg1NyJdXV0=,2026-09-12 18:35:37.634613
189,35,BOM,DEL,2026-09-12,2026-09-19,13389.00,INR,360,Round trip,IndiGo,1,117,WyJDalJJUkdkWlREZFNjRVU0VTJOQlJtcEJhMEZDUnkwdExTMHRMUzB0TFhscFltZHdPRUZCUVVGQlIzRnNWR2t3VGxRMGIxVkJFZzAyUlRVeE1EZDhOa1UxTXpnMUdnb0l6V2dRQUJvRFNVNVNPQnh3dkcwPSIsW1siQk9NIiwiMjAyNi0wOS0xMiIsIkFNRCIsbnVsbCwiNkUiLCI1MTA3Il0sWyJBTUQiLCIyMDI2LTA5LTEzIiwiREVMIixudWxsLCI2RSIsIjUzODUiXV1d,2026-09-12 18:35:41.7223
190,35,BOM,DEL,2026-09-12,2026-09-19,19233.00,INR,140,Round trip,Air India,0,106,WyJDalJJUkdkWlREZFNjRVU0VTJOQlJtcEJhMEZDUnkwdExTMHRMUzB0TFhscFltZHdPRUZCUVVGQlIzRnNWR2t3VGxRMGIxVkJFZ1pCU1RJNU9EWWFDd2lobGdFUUFCb0RTVTVTT0J4d29KMEIiLFtbIkJPTSIsIjIwMjYtMDktMTIiLCJERUwiLG51bGwsIkFJIiwiMjk4NiJdXV0=,2026-09-12 18:35:41.724451
191,35,BOM,DEL,2026-09-12,2026-09-19,19233.00,INR,140,Round trip,Air India,0,106,WyJDalJJUkdkWlREZFNjRVU0VTJOQlJtcEJhMEZDUnkwdExTMHRMUzB0TFhscFltZHdPRUZCUVVGQlIzRnNWR2t3VGxRMGIxVkJFZ1pCU1RFNE9ESWFDd2lobGdFUUFCb0RTVTVTT0J4d29KMEIiLFtbIkJPTSIsIjIwMjYtMDktMTIiLCJERUwiLG51bGwsIkFJIiwiMTg4MiJdXV0=,2026-09-12 18:35:41.725837
192,35,BOM,DEL,2026-09-12,2026-09-19,19344.00,INR,140,Round trip,Air India,0,106,WyJDalJJUkdkWlREZFNjRVU0VTJOQlJtcEJhMEZDUnkwdExTMHRMUzB0TFhscFltZHdPRUZCUVVGQlIzRnNWR2t3VGxRMGIxVkJFZ1pCU1RJNU5EQWFDd2lRbHdFUUFCb0RTVTVTT0J4d2xKNEIiLFtbIkJPTSIsIjIwMjYtMDktMTIiLCJERUwiLG51bGwsIkFJIiwiMjk0MCJdXV0=,2026-09-12 18:35:41.727338
193,35,BOM,DEL,2026-09-12,2026-09-19,19344.00,INR,135,Round trip,Air India,0,106,WyJDalJJUkdkWlREZFNjRVU0VTJOQlJtcEJhMEZDUnkwdExTMHRMUzB0TFhscFltZHdPRUZCUVVGQlIzRnNWR2t3VGxRMGIxVkJFZ1pCU1RFNE9UVWFDd2lRbHdFUUFCb0RTVTVTT0J4d2xKNEIiLFtbIkJPTSIsIjIwMjYtMDktMTIiLCJERUwiLG51bGwsIkFJIiwiMTg5NSJdXV0=,2026-09-12 18:35:41.729432
194,35,BOM,DEL,2026-09-12,2026-09-19,19501.00,INR,135,Round trip,Air India,0,119,WyJDalJJUkdkWlREZFNjRVU0VTJOQlJtcEJhMEZDUnkwdExTMHRMUzB0TFhscFltZHdPRUZCUVVGQlIzRnNWR2t3VGxRMGIxVkJFZ1ZCU1RneE5ob0xDSzJZQVJBQUdnTkpUbEk0SEhDNG53RT0iLFtbIkJPTSIsIjIwMjYtMDktMTIiLCJERUwiLG51bGwsIkFJIiwiODE2Il1dXQ==,2026-09-12 18:35:41.73118
195,35,BOM,DEL,2026-09-12,2026-09-19,22924.00,INR,140,Round trip,Air India,0,106,WyJDalJJUkdkWlREZFNjRVU0VTJOQlJtcEJhMEZDUnkwdExTMHRMUzB0TFhscFltZHdPRUZCUVVGQlIzRnNWR2t3VGxRMGIxVkJFZ1pCU1RJNU9EZ2FDd2lNc3dFUUFCb0RTVTVTT0J4d3Ryc0IiLFtbIkJPTSIsIjIwMjYtMDktMTIiLCJERUwiLG51bGwsIkFJIiwiMjk4OCJdXV0=,2026-09-12 18:35:41.733245
196,35,BOM,DEL,2026-09-12,2026-09-19,23460.00,INR,135,Round trip,Air India,0,106,WyJDalJJUkdkWlREZFNjRVU0VTJOQlJtcEJhMEZDUnkwdExTMHRMUzB0TFhscFltZHdPRUZCUVVGQlIzRnNWR2t3VGxRMGIxVkJFZ1pCU1RJME1EZ2FDd2lrdHdFUUFCb0RTVTVTT0J4dzU3OEIiLFtbIkJPTSIsIjIwMjYtMDktMTIiLCJERUwiLG51bGwsIkFJIiwiMjQwOCJdXV0=,2026-09-12 18:35:41.734888
197,35,BOM,DEL,2026-09-12,2026-09-19,23691.00,INR,265,Round trip,IndiGo,1,131,WyJDalJJUkdkWlREZFNjRVU0VTJOQlJtcEJhMEZDUnkwdExTMHRMUzB0TFhscFltZHdPRUZCUVVGQlIzRnNWR2t3VGxRMGIxVkJFZzAyUlRVeE5qUjhOa1UyT1RjeUdnc0lpN2tCRUFBYUEwbE9VamdjY05uQkFRPT0iLFtbIkJPTSIsIjIwMjYtMDktMTIiLCJJRFIiLG51bGwsIjZFIiwiNTE2NCJdLFsiSURSIiwiMjAyNi0wOS0xMiIsIkRFTCIsbnVsbCwiNkUiLCI2OTcyIl1dXQ==,2026-09-12 18:35:41.737297
198,35,BOM,DEL,2026-09-12,2026-09-19,30768.00,INR,145,Round trip,IndiGo,0,137,WyJDalJJUkdkWlREZFNjRVU0VTJOQlJtcEJhMEZDUnkwdExTMHRMUzB0TFhscFltZHdPRUZCUVVGQlIzRnNWR2t3VGxRMGIxVkJFZ1UyUlRNek1Cb0xDTER3QVJBQUdnTkpUbEk0SEhESCt3RT0iLFtbIkJPTSIsIjIwMjYtMDktMTIiLCJERUwiLG51bGwsIjZFIiwiMzMwIl1dXQ==,2026-09-12 18:35:41.739587
199,35,BOM,DEL,2026-09-12,2026-09-19,30768.00,INR,135,Round trip,IndiGo,0,137,WyJDalJJUkdkWlREZFNjRVU0VTJOQlJtcEJhMEZDUnkwdExTMHRMUzB0TFhscFltZHdPRUZCUVVGQlIzRnNWR2t3VGxRMGIxVkJFZ1UyUlRFd01ob0xDTER3QVJBQUdnTkpUbEk0SEhESCt3RT0iLFtbIkJPTSIsIjIwMjYtMDktMTIiLCJERUwiLG51bGwsIjZFIiwiMTAyIl1dXQ==,2026-09-12 18:35:41.741233
200,35,BOM,DEL,2026-09-12,2026-09-19,30768.00,INR,135,Round trip,IndiGo,0,137,WyJDalJJUkdkWlREZFNjRVU0VTJOQlJtcEJhMEZDUnkwdExTMHRMUzB0TFhscFltZHdPRUZCUVVGQlIzRnNWR2t3VGxRMGIxVkJFZ1UyUlRZMU1Sb0xDTER3QVJBQUdnTkpUbEk0SEhESCt3RT0iLFtbIkJPTSIsIjIwMjYtMDktMTIiLCJERUwiLG51bGwsIjZFIiwiNjUxIl1dXQ==,2026-09-12 18:35:41.743171
201,35,BOM,DEL,2026-09-12,2026-09-19,30768.00,INR,135,Round trip,IndiGo,0,137,WyJDalJJUkdkWlREZFNjRVU0VTJOQlJtcEJhMEZDUnkwdExTMHRMUzB0TFhscFltZHdPRUZCUVVGQlIzRnNWR2t3VGxRMGIxVkJFZ1UyUlRNMU1Cb0xDTER3QVJBQUdnTkpUbEk0SEhESCt3RT0iLFtbIkJPTSIsIjIwMjYtMDktMTIiLCJERUwiLG51bGwsIjZFIiwiMzUwIl1dXQ==,2026-09-12 18:35:41.745554
202,36,BOM,HYD,2026-09-12,2026-09-19,13978.00,INR,95,Round trip,IndiGo,0,59,WyJDalJJWm1SS1N6UTFOR0V4TUhkQlNVbDZiMmRDUnkwdExTMHRMUzB0TFhaMGJtTXlOVUZCUVVGQlIzRnNWR3BGUjJWU1ZHdEJFZ1kyUlRZeE9UVWFDZ2lhYlJBQUdnTkpUbEk0SEhDa2NnPT0iLFtbIkJPTSIsIjIwMjYtMDktMTIiLCJIWUQiLG51bGwsIjZFIiwiNjE5NSJdXV0=,2026-09-12 18:35:49.909433
203,36,BOM,HYD,2026-09-12,2026-09-19,16498.00,INR,95,Round trip,IndiGo,0,59,WyJDalJJWm1SS1N6UTFOR0V4TUhkQlNVbDZiMmRDUnkwdExTMHRMUzB0TFhaMGJtTXlOVUZCUVVGQlIzRnNWR3BGUjJWU1ZHdEJFZ1kyUlRVd05UWWFDd2p5Z0FFUUFCb0RTVTVTT0J4dzhZWUIiLFtbIkJPTSIsIjIwMjYtMDktMTIiLCJIWUQiLG51bGwsIjZFIiwiNTA1NiJdXV0=,2026-09-12 18:35:49.913105
204,36,BOM,HYD,2026-09-12,2026-09-19,17027.00,INR,100,Round trip,Air India,0,70,WyJDalJJWm1SS1N6UTFOR0V4TUhkQlNVbDZiMmRDUnkwdExTMHRMUzB0TFhaMGJtTXlOVUZCUVVGQlIzRnNWR3BGUjJWU1ZHdEJFZ1pCU1RJNE5qa2FDd2lEaFFFUUFCb0RTVTVTT0J4d200c0IiLFtbIkJPTSIsIjIwMjYtMDktMTIiLCJIWUQiLG51bGwsIkFJIiwiMjg2OSJdXV0=,2026-09-12 18:35:49.915741
678,114,DEL,BOM,2026-09-13,2026-09-20,12771.00,INR,130,Round trip,IndiGo,0,89,WyJDalJJTlU1UmFtTlpUMGx3UTJ0QlJsZHlPR2RDUnkwdExTMHRMUzB0TFhCbVoyY3hPVUZCUVVGQlIzRnNWVkJqUjBGdmJ6SkJFZ1UyUlRNd014b0tDT05qRUFBYUEwbE9VamdjY0xWbyIsW1siREVMIiwiMjAyNi0wOS0xMyIsIkJPTSIsbnVsbCwiNkUiLCIzMDMiXV1d,2026-09-12 18:47:36.435844
205,36,BOM,HYD,2026-09-12,2026-09-19,32489.00,INR,505,Round trip,Air India,1,221,WyJDalJJWm1SS1N6UTFOR0V4TUhkQlNVbDZiMmRDUnkwdExTMHRMUzB0TFhaMGJtTXlOVUZCUVVGQlIzRnNWR3BGUjJWU1ZHdEJFZzFCU1RFNE9ESjhRVWt4Tnprekdnc0k2ZjBCRUFBYUEwbE9VamdjY05DSkFnPT0iLFtbIkJPTSIsIjIwMjYtMDktMTIiLCJERUwiLG51bGwsIkFJIiwiMTg4MiJdLFsiREVMIiwiMjAyNi0wOS0xMyIsIkhZRCIsbnVsbCwiQUkiLCIxNzkzIl1dXQ==,2026-09-12 18:35:49.918311
206,37,BOM,MAA,2026-09-12,2026-09-19,16339.00,INR,130,Round trip,Air India,0,97,WyJDalJJVFRoeFkxQTJhVU4yZVd0QlNEQlVaM2RDUnkwdExTMHRMWFozYUdreE1DMXVNVUZCUVVGQlIzRnNWR3B2UVZOMWFrTkJFZ1ZCU1RZek9Sb0tDTk4vRUFBYUEwbE9VamdjY011RkFRPT0iLFtbIkJPTSIsIjIwMjYtMDktMTIiLCJNQUEiLG51bGwsIkFJIiwiNjM5Il1dXQ==,2026-09-12 18:35:59.336287
207,37,BOM,MAA,2026-09-12,2026-09-19,17447.00,INR,125,Round trip,Air India,0,97,WyJDalJJVFRoeFkxQTJhVU4yZVd0QlNEQlVaM2RDUnkwdExTMHRMWFozYUdreE1DMXVNVUZCUVVGQlIzRnNWR3B2UVZOMWFrTkJFZ1pCU1RJNE1qY2FDd2luaUFFUUFCb0RTVTVTT0J4dzBvNEIiLFtbIkJPTSIsIjIwMjYtMDktMTIiLCJNQUEiLG51bGwsIkFJIiwiMjgyNyJdXV0=,2026-09-12 18:35:59.338579
208,38,BOM,CCU,2026-09-12,2026-09-19,24559.00,INR,185,Round trip,Air India,0,139,WyJDalJJUlRJeFdreEhTVnA0TkVWQlJuSmxTbEZDUnkwdExTMHRMUzB0TFhCbWEyMHhNVUZCUVVGQlIzRnNWR3RuUWpVM1EybEJFZ1pCU1RJMk5ETWFDd2p2dndFUUFCb0RTVTVTT0J4dzVjZ0IiLFtbIkJPTSIsIjIwMjYtMDktMTIiLCJDQ1UiLG51bGwsIkFJIiwiMjY0MyJdXV0=,2026-09-12 18:36:08.141401
209,38,BOM,CCU,2026-09-12,2026-09-19,,INR,440,Round trip,Air India,1,221,WyJDalJJUlRJeFdreEhTVnA0TkVWQlJuSmxTbEZDUnkwdExTMHRMUzB0TFhCbWEyMHhNVUZCUVVGQlIzRnNWR3RuUWpVM1EybEJFZzFCU1RFNE9UVjhRVWt5TnpBeU9Cdz0iLFtbIkJPTSIsIjIwMjYtMDktMTIiLCJERUwiLG51bGwsIkFJIiwiMTg5NSJdLFsiREVMIiwiMjAyNi0wOS0xMyIsIkNDVSIsbnVsbCwiQUkiLCIyNzAyIl1dXQ==,2026-09-12 18:36:08.145036
210,39,BOM,AMD,2026-09-12,2026-09-19,9957.00,INR,85,Round trip,IndiGo,0,47,WyJDalJJTkZwb0xXdGFkSEZsUWxGQlFVOWpXR2RDUnkwdExTMHRMUzB0TFc5NVozQXlOVUZCUVVGQlIzRnNWR3cwVFhsMVNXVkJFZ1kyUlRVeE5USWFDZ2psVFJBQUdnTkpUbEk0SEhDMFVRPT0iLFtbIkJPTSIsIjIwMjYtMDktMTIiLCJBTUQiLG51bGwsIjZFIiwiNTE1MiJdXV0=,2026-09-12 18:36:31.120379
211,39,BOM,AMD,2026-09-12,2026-09-19,10520.00,INR,80,Round trip,Air India,0,58,WyJDalJJTkZwb0xXdGFkSEZsUWxGQlFVOWpXR2RDUnkwdExTMHRMUzB0TFc5NVozQXlOVUZCUVVGQlIzRnNWR3cwVFhsMVNXVkJFZ1pCU1RJNU1Ua2FDZ2lZVWhBQUdnTkpUbEk0SEhDQlZnPT0iLFtbIkJPTSIsIjIwMjYtMDktMTIiLCJBTUQiLG51bGwsIkFJIiwiMjkxOSJdXV0=,2026-09-12 18:36:31.123948
212,39,BOM,AMD,2026-09-12,2026-09-19,10531.00,INR,95,Round trip,IndiGo,0,51,WyJDalJJTkZwb0xXdGFkSEZsUWxGQlFVOWpXR2RDUnkwdExTMHRMUzB0TFc5NVozQXlOVUZCUVVGQlIzRnNWR3cwVFhsMVNXVkJFZ1kyUlRVeU9ETWFDZ2lqVWhBQUdnTkpUbEk0SEhDTlZnPT0iLFtbIkJPTSIsIjIwMjYtMDktMTIiLCJBTUQiLG51bGwsIjZFIiwiNTI4MyJdXV0=,2026-09-12 18:36:31.12646
213,39,BOM,AMD,2026-09-12,2026-09-19,11146.00,INR,90,Round trip,Akasa Air,0,50,WyJDalJJTkZwb0xXdGFkSEZsUWxGQlFVOWpXR2RDUnkwdExTMHRMUzB0TFc5NVozQXlOVUZCUVVGQlIzRnNWR3cwVFhsMVNXVkJFZ1pSVURFeE9UVWFDZ2lLVnhBQUdnTkpUbEk0SEhDUVd3PT0iLFtbIkJPTSIsIjIwMjYtMDktMTIiLCJBTUQiLG51bGwsIlFQIiwiMTE5NSJdXV0=,2026-09-12 18:36:31.129433
214,39,BOM,AMD,2026-09-12,2026-09-19,12001.00,INR,80,Round trip,IndiGo,0,51,WyJDalJJTkZwb0xXdGFkSEZsUWxGQlFVOWpXR2RDUnkwdExTMHRMUzB0TFc5NVozQXlOVUZCUVVGQlIzRnNWR3cwVFhsMVNXVkJFZ1kyUlRVeE1EY2FDZ2poWFJBQUdnTkpUbEk0SEhDUFlnPT0iLFtbIkJPTSIsIjIwMjYtMDktMTIiLCJBTUQiLG51bGwsIjZFIiwiNTEwNyJdXV0=,2026-09-12 18:36:31.132272
215,40,BOM,COK,2026-09-12,2026-09-19,21309.00,INR,120,Round trip,Air India Express,0,111,WyJDalJJZUdKNFFVRkNNRWR5TldkQlJrdEtjbEZDUnkwdExTMHRMUzB0TFMxd2FuTnZOVUZCUVVGQlIzRnNWRzFKVEd4Q2RVZEJFZ1pKV0RFNE1ERWFDd2k5cGdFUUFCb0RTVTVTT0J4d25LNEIiLFtbIkJPTSIsIjIwMjYtMDktMTIiLCJDT0siLG51bGwsIklYIiwiMTgwMSJdXV0=,2026-09-12 18:36:41.134365
216,40,BOM,COK,2026-09-12,2026-09-19,21604.00,INR,115,Round trip,IndiGo,0,81,WyJDalJJZUdKNFFVRkNNRWR5TldkQlJrdEtjbEZDUnkwdExTMHRMUzB0TFMxd2FuTnZOVUZCUVVGQlIzRnNWRzFKVEd4Q2RVZEJFZ1kyUlRJd09UTWFDd2prcUFFUUFCb0RTVTVTT0J4dzBiQUIiLFtbIkJPTSIsIjIwMjYtMDktMTIiLCJDT0siLG51bGwsIjZFIiwiMjA5MyJdXV0=,2026-09-12 18:36:41.138259
217,40,BOM,COK,2026-09-12,2026-09-19,46344.00,INR,925,Round trip,Air India,1,271,WyJDalJJZUdKNFFVRkNNRWR5TldkQlJrdEtjbEZDUnkwdExTMHRMUzB0TFMxd2FuTnZOVUZCUVVGQlIzRnNWRzFKVEd4Q2RVZEJFZzFCU1RFNE9ESjhRVWt5TkRVNEdnc0lpT29DRUFBYUEwbE9VamdjY1BUNkFnPT0iLFtbIkJPTSIsIjIwMjYtMDktMTIiLCJERUwiLG51bGwsIkFJIiwiMTg4MiJdLFsiREVMIiwiMjAyNi0wOS0xMyIsIkNPSyIsbnVsbCwiQUkiLCIyNDU4Il1dXQ==,2026-09-12 18:36:41.140929
218,40,BOM,COK,2026-09-12,2026-09-19,47396.00,INR,1355,Round trip,"Air India, Air India Express",1,290,WyJDalJJZUdKNFFVRkNNRWR5TldkQlJrdEtjbEZDUnkwdExTMHRMUzB0TFMxd2FuTnZOVUZCUVVGQlIzRnNWRzFKVEd4Q2RVZEJFZzFCU1RFNE9ESjhTVmd4T0RFMUdnc0lwUElDRUFBYUEwbE9VamdjY01DREF3PT0iLFtbIkJPTSIsIjIwMjYtMDktMTIiLCJERUwiLG51bGwsIkFJIiwiMTg4MiJdLFsiREVMIiwiMjAyNi0wOS0xMyIsIkNPSyIsbnVsbCwiSVgiLCIxODE1Il1dXQ==,2026-09-12 18:36:41.144696
219,40,BOM,COK,2026-09-12,2026-09-19,49211.00,INR,870,Round trip,"Air India, Air India Express",1,290,WyJDalJJZUdKNFFVRkNNRWR5TldkQlJrdEtjbEZDUnkwdExTMHRMUzB0TFMxd2FuTnZOVUZCUVVGQlIzRnNWRzFKVEd4Q2RVZEJFZzFCU1RFNE9ESjhTVmd4T0RFeUdnc0l1NEFERUFBYUEwbE9VamdjY0t5U0F3PT0iLFtbIkJPTSIsIjIwMjYtMDktMTIiLCJERUwiLG51bGwsIkFJIiwiMTg4MiJdLFsiREVMIiwiMjAyNi0wOS0xMyIsIkNPSyIsbnVsbCwiSVgiLCIxODEyIl1dXQ==,2026-09-12 18:36:41.147377
220,41,BOM,GOI,2026-09-12,2026-09-19,21863.00,INR,80,Round trip,IndiGo,0,49,WyJDalJJTmtOWlUyMVplbEZmU1dOQlIwVmtOV2RDUnkwdExTMHRMUzB0TFhaMGVHVXlOMEZCUVVGQlIzRnNWRzVKUTFGQ1pDMUJFZ1kyUlRVeE1EWWFDd2pucWdFUUFCb0RTVTVTT0J4dzRMSUIiLFtbIkJPTSIsIjIwMjYtMDktMTIiLCJHT0kiLG51bGwsIjZFIiwiNTEwNiJdXV0=,2026-09-12 18:36:51.088726
221,41,BOM,GOI,2026-09-12,2026-09-19,28953.00,INR,450,Round trip,"Air India, Air India Express",1,252,WyJDalJJTmtOWlUyMVplbEZmU1dOQlIwVmtOV2RDUnkwdExTMHRMUzB0TFhaMGVHVXlOMEZCUVVGQlIzRnNWRzVKUTFGQ1pDMUJFZzFCU1RFNE9ESjhTVmd4TVRBNEdnc0ltZUlCRUFBYUEwbE9VamdjY056c0FRPT0iLFtbIkJPTSIsIjIwMjYtMDktMTIiLCJERUwiLG51bGwsIkFJIiwiMTg4MiJdLFsiREVMIiwiMjAyNi0wOS0xMyIsIkdPSSIsbnVsbCwiSVgiLCIxMTA4Il1dXQ==,2026-09-12 18:36:51.091194
222,41,BOM,GOI,2026-09-12,2026-09-19,30262.00,INR,1115,Round trip,Air India,1,236,WyJDalJJTmtOWlUyMVplbEZmU1dOQlIwVmtOV2RDUnkwdExTMHRMUzB0TFhaMGVHVXlOMEZCUVVGQlIzRnNWRzVKUTFGQ1pDMUJFZ3hCU1RFNE9ESjhRVWswT0RjYUN3aTI3QUVRQUJvRFNVNVNPQnh3dHZjQiIsW1siQk9NIiwiMjAyNi0wOS0xMiIsIkRFTCIsbnVsbCwiQUkiLCIxODgyIl0sWyJERUwiLCIyMDI2LTA5LTEzIiwiR09JIixudWxsLCJBSSIsIjQ4NyJdXV0=,2026-09-12 18:36:51.094243
223,41,BOM,GOI,2026-09-12,2026-09-19,36407.00,INR,815,Round trip,Air India,1,236,WyJDalJJTmtOWlUyMVplbEZmU1dOQlIwVmtOV2RDUnkwdExTMHRMUzB0TFhaMGVHVXlOMEZCUVVGQlIzRnNWRzVKUTFGQ1pDMUJFZzFCU1RFNE9ESjhRVWt5TmpJM0dnc0l0NXdDRUFBYUEwbE9VamdjY05TcEFnPT0iLFtbIkJPTSIsIjIwMjYtMDktMTIiLCJERUwiLG51bGwsIkFJIiwiMTg4MiJdLFsiREVMIiwiMjAyNi0wOS0xMyIsIkdPSSIsbnVsbCwiQUkiLCIyNjI3Il1dXQ==,2026-09-12 18:36:51.097403
224,42,HYD,BLR,2026-09-12,2026-09-19,14529.00,INR,85,Round trip,Air India Express,0,58,WyJDalJJT0VoSlYyUXRTVjlPUzFsQlMySkdaWGRDUnkwdExTMHRMUzB0TFhsc2JIRXhPVUZCUVVGQlIzRnNWRzVqU0hNMlRrTkJFZ1pKV0RJNU9ETWFDZ2pCY1JBQUdnTkpUbEk0SEhEbGRnPT0iLFtbIkhZRCIsIjIwMjYtMDktMTIiLCJCTFIiLG51bGwsIklYIiwiMjk4MyJdXV0=,2026-09-12 18:36:55.042437
225,42,HYD,BLR,2026-09-12,2026-09-19,14529.00,INR,80,Round trip,Air India Express,0,58,WyJDalJJT0VoSlYyUXRTVjlPUzFsQlMySkdaWGRDUnkwdExTMHRMUzB0TFhsc2JIRXhPVUZCUVVGQlIzRnNWRzVqU0hNMlRrTkJFZ1pKV0RFek56Z2FDZ2pCY1JBQUdnTkpUbEk0SEhEbGRnPT0iLFtbIkhZRCIsIjIwMjYtMDktMTIiLCJCTFIiLG51bGwsIklYIiwiMTM3OCJdXV0=,2026-09-12 18:36:55.045831
226,42,HYD,BLR,2026-09-12,2026-09-19,15018.00,INR,80,Round trip,IndiGo,0,53,WyJDalJJT0VoSlYyUXRTVjlPUzFsQlMySkdaWGRDUnkwdExTMHRMUzB0TFhsc2JIRXhPVUZCUVVGQlIzRnNWRzVqU0hNMlRrTkJFZ1UyUlRJNE5Sb0tDS3AxRUFBYUEwbE9VamdjY09WNiIsW1siSFlEIiwiMjAyNi0wOS0xMiIsIkJMUiIsbnVsbCwiNkUiLCIyODUiXV1d,2026-09-12 18:36:55.048844
227,42,HYD,BLR,2026-09-12,2026-09-19,16853.00,INR,80,Round trip,IndiGo,0,48,WyJDalJJT0VoSlYyUXRTVjlPUzFsQlMySkdaWGRDUnkwdExTMHRMUzB0TFhsc2JIRXhPVUZCUVVGQlIzRnNWRzVqU0hNMlRrTkJFZ1kyUlRZMU1EVWFDd2pWZ3dFUUFCb0RTVTVTT0J4dzVZa0IiLFtbIkhZRCIsIjIwMjYtMDktMTIiLCJCTFIiLG51bGwsIjZFIiwiNjUwNSJdXV0=,2026-09-12 18:36:55.052303
228,43,HYD,DEL,2026-09-12,2026-09-19,17428.00,INR,135,Round trip,IndiGo,0,98,WyJDalJJVldaVVRWVmpkVmRpYjI5QlMwUnlOM2RDUnkwdExTMHRMUzB0TFMxdmVYSnBPVUZCUVVGQlIzRnNWRzV2U0dkM1ptMUJFZ1kyUlRZd01qVWFDd2lVaUFFUUFCb0RTVTVTT0J4d3Y0NEIiLFtbIkhZRCIsIjIwMjYtMDktMTIiLCJERUwiLG51bGwsIjZFIiwiNjAyNSJdXV0=,2026-09-12 18:36:58.136988
229,43,HYD,DEL,2026-09-12,2026-09-19,17910.00,INR,150,Round trip,Air India,0,113,WyJDalJJVldaVVRWVmpkVmRpYjI5QlMwUnlOM2RDUnkwdExTMHRMUzB0TFMxdmVYSnBPVUZCUVVGQlIzRnNWRzV2U0dkM1ptMUJFZ1pCU1RJM056WWFDd2oyaXdFUUFCb0RTVTVTT0J4d3Q1SUIiLFtbIkhZRCIsIjIwMjYtMDktMTIiLCJERUwiLG51bGwsIkFJIiwiMjc3NiJdXV0=,2026-09-12 18:36:58.140252
230,43,HYD,DEL,2026-09-12,2026-09-19,18461.00,INR,150,Round trip,Air India,0,113,WyJDalJJVldaVVRWVmpkVmRpYjI5QlMwUnlOM2RDUnkwdExTMHRMUzB0TFMxdmVYSnBPVUZCUVVGQlIzRnNWRzV2U0dkM1ptMUJFZ1pCU1RFNE9EQWFDd2lka0FFUUFCb0RTVTVTT0J4dytKWUIiLFtbIkhZRCIsIjIwMjYtMDktMTIiLCJERUwiLG51bGwsIkFJIiwiMTg4MCJdXV0=,2026-09-12 18:36:58.142858
231,43,HYD,DEL,2026-09-12,2026-09-19,19056.00,INR,145,Round trip,IndiGo,0,98,WyJDalJJVldaVVRWVmpkVmRpYjI5QlMwUnlOM2RDUnkwdExTMHRMUzB0TFMxdmVYSnBPVUZCUVVGQlIzRnNWRzV2U0dkM1ptMUJFZ1UyUlRnNU1Cb0xDUENVQVJBQUdnTkpUbEk0SEhEbW13RT0iLFtbIkhZRCIsIjIwMjYtMDktMTIiLCJERUwiLG51bGwsIjZFIiwiODkwIl1dXQ==,2026-09-12 18:36:58.145486
232,43,HYD,DEL,2026-09-12,2026-09-19,19102.00,INR,145,Round trip,Air India,0,113,WyJDalJJVldaVVRWVmpkVmRpYjI5QlMwUnlOM2RDUnkwdExTMHRMUzB0TFMxdmVYSnBPVUZCUVVGQlIzRnNWRzV2U0dkM1ptMUJFZ1pCU1RJNE56QWFDd2llbFFFUUFCb0RTVTVTT0J4d2xwd0IiLFtbIkhZRCIsIjIwMjYtMDktMTIiLCJERUwiLG51bGwsIkFJIiwiMjg3MCJdXV0=,2026-09-12 18:36:58.148201
233,43,HYD,DEL,2026-09-12,2026-09-19,19889.00,INR,145,Round trip,Air India,0,111,WyJDalJJVldaVVRWVmpkVmRpYjI5QlMwUnlOM2RDUnkwdExTMHRMUzB0TFMxdmVYSnBPVUZCUVVGQlIzRnNWRzV2U0dkM1ptMUJFZ1pCU1RJMU1qQWFDd2l4bXdFUUFCb0RTVTVTT0J4d3pxSUIiLFtbIkhZRCIsIjIwMjYtMDktMTIiLCJERUwiLG51bGwsIkFJIiwiMjUyMCJdXV0=,2026-09-12 18:36:58.1507
234,44,HYD,BOM,2026-09-12,2026-09-19,14299.00,INR,340,Round trip,IndiGo,1,128,WyJDalJJWW1GelkwcEVYMTlPVDBWQlIyUnhPSGRDUnkwdExTMHRMUzB0TFMxMmRHNW1Oa0ZCUVVGQlIzRnNWRzQwUlVzemNIRkJFZ3cyUlRJeE5udzJSVFl5TURVYUNnamJieEFBR2dOSlRsSTRISEQwZEE9PSIsW1siSFlEIiwiMjAyNi0wOS0xMiIsIkFNRCIsbnVsbCwiNkUiLCIyMTYiXSxbIkFNRCIsIjIwMjYtMDktMTMiLCJCT00iLG51bGwsIjZFIiwiNjIwNSJdXV0=,2026-09-12 18:37:06.505895
235,44,HYD,BOM,2026-09-12,2026-09-19,18913.00,INR,90,Round trip,IndiGo,0,61,WyJDalJJWW1GelkwcEVYMTlPVDBWQlIyUnhPSGRDUnkwdExTMHRMUzB0TFMxMmRHNW1Oa0ZCUVVGQlIzRnNWRzQwUlVzemNIRkJFZ1kyUlRZek5qTWFDd2poa3dFUUFCb0RTVTVTT0J4dzBab0IiLFtbIkhZRCIsIjIwMjYtMDktMTIiLCJCT00iLG51bGwsIjZFIiwiNjM2MyJdXV0=,2026-09-12 18:37:06.509564
236,44,HYD,BOM,2026-09-12,2026-09-19,25475.00,INR,115,Round trip,Air India,0,71,WyJDalJJWW1GelkwcEVYMTlPVDBWQlIyUnhPSGRDUnkwdExTMHRMUzB0TFMxMmRHNW1Oa0ZCUVVGQlIzRnNWRzQwUlVzemNIRkJFZ1pCU1RJMk9Ua2FDd2lEeHdFUUFCb0RTVTVTT0J4d3BOQUIiLFtbIkhZRCIsIjIwMjYtMDktMTIiLCJCT00iLG51bGwsIkFJIiwiMjY5OSJdXV0=,2026-09-12 18:37:06.51235
237,44,HYD,BOM,2026-09-12,2026-09-19,25475.00,INR,115,Round trip,Air India,0,71,WyJDalJJWW1GelkwcEVYMTlPVDBWQlIyUnhPSGRDUnkwdExTMHRMUzB0TFMxMmRHNW1Oa0ZCUVVGQlIzRnNWRzQwUlVzemNIRkJFZ1pCU1RJNE56WWFDd2lEeHdFUUFCb0RTVTVTT0J4d3BOQUIiLFtbIkhZRCIsIjIwMjYtMDktMTIiLCJCT00iLG51bGwsIkFJIiwiMjg3NiJdXV0=,2026-09-12 18:37:06.515353
238,44,HYD,BOM,2026-09-12,2026-09-19,40712.00,INR,325,Round trip,IndiGo,1,179,WyJDalJJWW1GelkwcEVYMTlPVDBWQlIyUnhPSGRDUnkwdExTMHRMUzB0TFMxMmRHNW1Oa0ZCUVVGQlIzRnNWRzQwUlVzemNIRkJFZzAyUlRZMU1EVjhOa1UxTWprekdnc0lpTDRDRUFBYUEwbE9VamdjY083TUFnPT0iLFtbIkhZRCIsIjIwMjYtMDktMTIiLCJCTFIiLG51bGwsIjZFIiwiNjUwNSJdLFsiQkxSIiwiMjAyNi0wOS0xMyIsIkJPTSIsbnVsbCwiNkUiLCI1MjkzIl1dXQ==,2026-09-12 18:37:06.517636
239,45,HYD,MAA,2026-09-12,2026-09-19,15332.00,INR,85,Round trip,IndiGo,0,51,WyJDalJJYjFwemNXOUxkVlJzTjJkQlFXeFhaSGRDUnkwdExTMHRMUzB0TFMxdmVXWnlOVUZCUVVGQlIzRnNWRzg0VDJ4NmVUQkJFZ1kyUlRZeE56UWFDZ2prZHhBQUdnTkpUbEk0SEhDdGZRPT0iLFtbIkhZRCIsIjIwMjYtMDktMTIiLCJNQUEiLG51bGwsIjZFIiwiNjE3NCJdXV0=,2026-09-12 18:37:20.130147
240,45,HYD,MAA,2026-09-12,2026-09-19,,INR,1000,Round trip,Air India,2,311,WyJDalJJYjFwemNXOUxkVlJzTjJkQlFXeFhaSGRDUnkwdExTMHRMUzB0TFMxdmVXWnlOVUZCUVVGQlIzRnNWRzg0VDJ4NmVUQkJFaFJCU1RJM056WjhRVWt5T1RRemZFRkpNamM0TURnYyIsW1siSFlEIiwiMjAyNi0wOS0xMiIsIkRFTCIsbnVsbCwiQUkiLCIyNzc2Il0sWyJERUwiLCIyMDI2LTA5LTEzIiwiQk9NIixudWxsLCJBSSIsIjI5NDMiXSxbIkJPTSIsIjIwMjYtMDktMTMiLCJNQUEiLG51bGwsIkFJIiwiMjc4MCJdXV0=,2026-09-12 18:37:20.15173
241,46,HYD,CCU,2026-09-12,2026-09-19,22671.00,INR,130,Round trip,IndiGo,0,93,WyJDalJJYlY4dE9XSXdRek5qTmxsQlNUbHpXV2RDUnkwdExTMHRMUzB0TFhscFltVmhNVUZCUVVGQlIzRnNWSEJSUjFGV1RqQkJFZ1UyUlRrME5Cb0xDSSt4QVJBQUdnTkpUbEk0SEhDdHVRRT0iLFtbIkhZRCIsIjIwMjYtMDktMTIiLCJDQ1UiLG51bGwsIjZFIiwiOTQ0Il1dXQ==,2026-09-12 18:37:24.421902
242,46,HYD,CCU,2026-09-12,2026-09-19,,INR,380,Round trip,Air India,1,228,WyJDalJJYlY4dE9XSXdRek5qTmxsQlNUbHpXV2RDUnkwdExTMHRMUzB0TFhscFltVmhNVUZCUVVGQlIzRnNWSEJSUjFGV1RqQkJFZzFCU1RFNE9EQjhRVWt5TnpBeU9Cdz0iLFtbIkhZRCIsIjIwMjYtMDktMTIiLCJERUwiLG51bGwsIkFJIiwiMTg4MCJdLFsiREVMIiwiMjAyNi0wOS0xMyIsIkNDVSIsbnVsbCwiQUkiLCIyNzAyIl1dXQ==,2026-09-12 18:37:24.425381
243,47,HYD,PNQ,2026-09-12,2026-09-19,22535.00,INR,70,Round trip,IndiGo,0,49,WyJDalJJT0doM2VuTlRlVTFQWDNkQlNIQXpjbEZDUnkwdExTMHRMUzB0TFMxMmQzTnlORUZCUVVGQlIzRnNWSEZKUlZOUFJFbEJFZ1UyUlRReU5ob0xDSWV3QVJBQUdnTkpUbEk0SEhDZnVBRT0iLFtbIkhZRCIsIjIwMjYtMDktMTIiLCJQTlEiLG51bGwsIjZFIiwiNDI2Il1dXQ==,2026-09-12 18:37:38.102106
244,47,HYD,PNQ,2026-09-12,2026-09-19,,INR,445,Round trip,Air India,1,247,WyJDalJJT0doM2VuTlRlVTFQWDNkQlNIQXpjbEZDUnkwdExTMHRMUzB0TFMxMmQzTnlORUZCUVVGQlIzRnNWSEZKUlZOUFJFbEJFZzFCU1RJM056WjhRVWt5TkRZNU9Cdz0iLFtbIkhZRCIsIjIwMjYtMDktMTIiLCJERUwiLG51bGwsIkFJIiwiMjc3NiJdLFsiREVMIiwiMjAyNi0wOS0xMyIsIlBOUSIsbnVsbCwiQUkiLCIyNDY5Il1dXQ==,2026-09-12 18:37:38.105551
245,48,HYD,AMD,2026-09-12,2026-09-19,21211.00,INR,105,Round trip,IndiGo,0,79,WyJDalJJT0ZZNVIxTmlWRXBuUmxWQlNtRjNiM2RDUnkwdExTMHRMUzB0TFhsc1pXMHlNVUZCUVVGQlIzRnNWSEZWU3pSQmJtVkJFZ1UyUlRJeE5ob0xDTnVsQVJBQUdnTkpUbEk0SEhDMnJRRT0iLFtbIkhZRCIsIjIwMjYtMDktMTIiLCJBTUQiLG51bGwsIjZFIiwiMjE2Il1dXQ==,2026-09-12 18:37:41.322188
246,48,HYD,AMD,2026-09-12,2026-09-19,29652.00,INR,645,Round trip,IndiGo,1,161,WyJDalJJT0ZZNVIxTmlWRXBuUmxWQlNtRjNiM2RDUnkwdExTMHRMUzB0TFhsc1pXMHlNVUZCUVVGQlIzRnNWSEZWU3pSQmJtVkJFZzAyUlRZek5qTjhOa1V5TXpRM0dnc0kxT2NCRUFBYUEwbE9VamdjY0xmeUFRPT0iLFtbIkhZRCIsIjIwMjYtMDktMTIiLCJCT00iLG51bGwsIjZFIiwiNjM2MyJdLFsiQk9NIiwiMjAyNi0wOS0xMyIsIkFNRCIsbnVsbCwiNkUiLCIyMzQ3Il1dXQ==,2026-09-12 18:37:41.325352
247,48,HYD,AMD,2026-09-12,2026-09-19,30006.00,INR,475,Round trip,IndiGo,1,180,WyJDalJJT0ZZNVIxTmlWRXBuUmxWQlNtRjNiM2RDUnkwdExTMHRMUzB0TFhsc1pXMHlNVUZCUVVGQlIzRnNWSEZWU3pSQmJtVkJFZzAyUlRZek5qTjhOa1UxTVRRMEdnc0l0dW9CRUFBYUEwbE9VamdjY0tyMUFRPT0iLFtbIkhZRCIsIjIwMjYtMDktMTIiLCJCT00iLG51bGwsIjZFIiwiNjM2MyJdLFsiQk9NIiwiMjAyNi0wOS0xMyIsIkFNRCIsbnVsbCwiNkUiLCI1MTQ0Il1dXQ==,2026-09-12 18:37:41.328463
248,48,HYD,AMD,2026-09-12,2026-09-19,30186.00,INR,350,Round trip,IndiGo,1,168,WyJDalJJT0ZZNVIxTmlWRXBuUmxWQlNtRjNiM2RDUnkwdExTMHRMUzB0TFhsc1pXMHlNVUZCUVVGQlIzRnNWSEZWU3pSQmJtVkJFZ3cyUlRZek5qTjhOa1UyTXpJYUN3anE2d0VRQUJvRFNVNVNPQnh3NXZZQiIsW1siSFlEIiwiMjAyNi0wOS0xMiIsIkJPTSIsbnVsbCwiNkUiLCI2MzYzIl0sWyJCT00iLCIyMDI2LTA5LTEzIiwiQU1EIixudWxsLCI2RSIsIjYzMiJdXV0=,2026-09-12 18:37:41.331953
249,48,HYD,AMD,2026-09-12,2026-09-19,,INR,485,Round trip,Air India,1,214,WyJDalJJT0ZZNVIxTmlWRXBuUmxWQlNtRjNiM2RDUnkwdExTMHRMUzB0TFhsc1pXMHlNVUZCUVVGQlIzRnNWSEZWU3pSQmJtVkJFZ3hCU1RJM056WjhRVWs0TVRjNEhBPT0iLFtbIkhZRCIsIjIwMjYtMDktMTIiLCJERUwiLG51bGwsIkFJIiwiMjc3NiJdLFsiREVMIiwiMjAyNi0wOS0xMyIsIkFNRCIsbnVsbCwiQUkiLCI4MTciXV1d,2026-09-12 18:37:41.335455
250,49,HYD,COK,2026-09-12,2026-09-19,28093.00,INR,620,Round trip,Air India Express,1,111,WyJDalJJWld4TlVVZ3hVVmxGZEdkQlNIcGxTbWRDUnkwdExTMHRMUzB0TFhaM1pHMHhPRUZCUVVGQlIzRnNWSEZ2VEhBemFVOUJFZzFKV0RFek56aDhTVmd5TmpjNEdnc0l2ZHNCRUFBYUEwbE9VamdjY05qbEFRPT0iLFtbIkhZRCIsIjIwMjYtMDktMTIiLCJCTFIiLG51bGwsIklYIiwiMTM3OCJdLFsiQkxSIiwiMjAyNi0wOS0xMyIsIkNPSyIsbnVsbCwiSVgiLCIyNjc4Il1dXQ==,2026-09-12 18:37:52.731392
251,49,HYD,COK,2026-09-12,2026-09-19,35108.00,INR,950,Round trip,Air India,1,278,WyJDalJJWld4TlVVZ3hVVmxGZEdkQlNIcGxTbWRDUnkwdExTMHRMUzB0TFhaM1pHMHhPRUZCUVVGQlIzRnNWSEZ2VEhBemFVOUJFZzFCU1RJM056WjhRVWt5TkRVNEdnc0lwSklDRUFBYUEwbE9VamdjY0lXZkFnPT0iLFtbIkhZRCIsIjIwMjYtMDktMTIiLCJERUwiLG51bGwsIkFJIiwiMjc3NiJdLFsiREVMIiwiMjAyNi0wOS0xMyIsIkNPSyIsbnVsbCwiQUkiLCIyNDU4Il1dXQ==,2026-09-12 18:37:52.735721
252,49,HYD,COK,2026-09-12,2026-09-19,36309.00,INR,895,Round trip,"Air India, Air India Express",1,297,WyJDalJJWld4TlVVZ3hVVmxGZEdkQlNIcGxTbWRDUnkwdExTMHRMUzB0TFhaM1pHMHhPRUZCUVVGQlIzRnNWSEZ2VEhBemFVOUJFZzFCU1RJM056WjhTVmd4T0RFeUdnc0kxWnNDRUFBYUEwbE9VamdjY082b0FnPT0iLFtbIkhZRCIsIjIwMjYtMDktMTIiLCJERUwiLG51bGwsIkFJIiwiMjc3NiJdLFsiREVMIiwiMjAyNi0wOS0xMyIsIkNPSyIsbnVsbCwiSVgiLCIxODEyIl1dXQ==,2026-09-12 18:37:52.738642
253,49,HYD,COK,2026-09-12,2026-09-19,33744.00,INR,1150,Round trip,Air India,1,278,WyJDalJJWld4TlVVZ3hVVmxGZEdkQlNIcGxTbWRDUnkwdExTMHRMUzB0TFhaM1pHMHhPRUZCUVVGQlIzRnNWSEZ2VEhBemFVOUJFZzFCU1RJM056WjhRVWt5TkRjekdnc0kwSWNDRUFBYUEwbE9VamdjY1BLVEFnPT0iLFtbIkhZRCIsIjIwMjYtMDktMTIiLCJERUwiLG51bGwsIkFJIiwiMjc3NiJdLFsiREVMIiwiMjAyNi0wOS0xMyIsIkNPSyIsbnVsbCwiQUkiLCIyNDczIl1dXQ==,2026-09-12 18:37:52.741672
254,49,HYD,COK,2026-09-12,2026-09-19,34261.00,INR,1550,Round trip,Air India,1,278,WyJDalJJWld4TlVVZ3hVVmxGZEdkQlNIcGxTbWRDUnkwdExTMHRMUzB0TFhaM1pHMHhPRUZCUVVGQlIzRnNWSEZ2VEhBemFVOUJFZzFCU1RJM056WjhRVWt5T0Rnekdnc0kxWXNDRUFBYUEwbE9VamdjY0krWUFnPT0iLFtbIkhZRCIsIjIwMjYtMDktMTIiLCJERUwiLG51bGwsIkFJIiwiMjc3NiJdLFsiREVMIiwiMjAyNi0wOS0xMyIsIkNPSyIsbnVsbCwiQUkiLCIyODgzIl1dXQ==,2026-09-12 18:37:52.74515
255,49,HYD,COK,2026-09-12,2026-09-19,34305.00,INR,1380,Round trip,"Air India, Air India Express",1,297,WyJDalJJWld4TlVVZ3hVVmxGZEdkQlNIcGxTbWRDUnkwdExTMHRMUzB0TFhaM1pHMHhPRUZCUVVGQlIzRnNWSEZ2VEhBemFVOUJFZzFCU1RJM056WjhTVmd4T0RFMUdnc0lnWXdDRUFBYUEwbE9VamdjY0wyWUFnPT0iLFtbIkhZRCIsIjIwMjYtMDktMTIiLCJERUwiLG51bGwsIkFJIiwiMjc3NiJdLFsiREVMIiwiMjAyNi0wOS0xMyIsIkNPSyIsbnVsbCwiSVgiLCIxODE1Il1dXQ==,2026-09-12 18:37:52.749193
256,49,HYD,COK,2026-09-12,2026-09-19,41463.00,INR,615,Round trip,Air India,1,168,WyJDalJJWld4TlVVZ3hVVmxGZEdkQlNIcGxTbWRDUnkwdExTMHRMUzB0TFhaM1pHMHhPRUZCUVVGQlIzRnNWSEZ2VEhBemFVOUJFZzFCU1RJMk9UbDhRVWt5TnpnM0dnc0k5OE1DRUFBYUEwbE9VamdjY0lEVEFnPT0iLFtbIkhZRCIsIjIwMjYtMDktMTIiLCJCT00iLG51bGwsIkFJIiwiMjY5OSJdLFsiQk9NIiwiMjAyNi0wOS0xMyIsIkNPSyIsbnVsbCwiQUkiLCIyNzg3Il1dXQ==,2026-09-12 18:37:52.752694
257,49,HYD,COK,2026-09-12,2026-09-19,43669.00,INR,525,Round trip,"Air India, Air India Express",1,183,WyJDalJJWld4TlVVZ3hVVmxGZEdkQlNIcGxTbWRDUnkwdExTMHRMUzB0TFhaM1pHMHhPRUZCUVVGQlIzRnNWSEZ2VEhBemFVOUJFZzFCU1RJMk9UbDhTVmd4TnprM0dnc0lsZFVDRUFBYUEwbE9VamdjY0lUbEFnPT0iLFtbIkhZRCIsIjIwMjYtMDktMTIiLCJCT00iLG51bGwsIkFJIiwiMjY5OSJdLFsiQk9NIiwiMjAyNi0wOS0xMyIsIkNPSyIsbnVsbCwiSVgiLCIxNzk3Il1dXQ==,2026-09-12 18:37:52.755988
258,50,HYD,GOI,2026-09-12,2026-09-19,16324.00,INR,595,Round trip,IndiGo,1,96,WyJDalJJV1hScVNVd3RWSFl3ZG10QlIyNU1UVUZDUnkwdExTMHRMUzB0TFMxMmRHUnlNa0ZCUVVGQlIzRnNWSEpWUTFBeGIwdEJFZ3cyUlRZMU1EVjhOa1V4T1RRYUNnakVmeEFBR2dOSlRsSTRISEM3aFFFPSIsW1siSFlEIiwiMjAyNi0wOS0xMiIsIkJMUiIsbnVsbCwiNkUiLCI2NTA1Il0sWyJCTFIiLCIyMDI2LTA5LTEzIiwiR09JIixudWxsLCI2RSIsIjE5NCJdXV0=,2026-09-12 18:37:57.312289
259,51,MAA,BLR,2026-09-12,2026-09-19,10416.00,INR,615,Round trip,IndiGo,1,99,WyJDalJJYW1WNVEweDNhVmhTWWpSQlNpMW1hVkZDUnkwdExTMHRMUzB0TFMxdmEyUnFORUZCUVVGQlIzRnNWSEpyUkVObWEybEJFZ3cyUlRZME9EZDhOa1UwTVRNYUNnaXdVUkFBR2dOSlRsSTRISENVVlE9PSIsW1siTUFBIiwiMjAyNi0wOS0xMiIsIkhZRCIsbnVsbCwiNkUiLCI2NDg3Il0sWyJIWUQiLCIyMDI2LTA5LTEzIiwiQkxSIixudWxsLCI2RSIsIjQxMyJdXV0=,2026-09-12 18:38:10.654055
260,51,MAA,BLR,2026-09-12,2026-09-19,12996.00,INR,60,Round trip,IndiGo,0,41,WyJDalJJYW1WNVEweDNhVmhTWWpSQlNpMW1hVkZDUnkwdExTMHRMUzB0TFMxdmEyUnFORUZCUVVGQlIzRnNWSEpyUkVObWEybEJFZ1UyUlRjNU5ob0tDTVJsRUFBYUEwbE9VamdjY0tCcSIsW1siTUFBIiwiMjAyNi0wOS0xMiIsIkJMUiIsbnVsbCwiNkUiLCI3OTYiXV1d,2026-09-12 18:38:10.657769
261,51,MAA,BLR,2026-09-12,2026-09-19,35164.00,INR,1705,Round trip,Air India,1,180,WyJDalJJYW1WNVEweDNhVmhTWWpSQlNpMW1hVkZDUnkwdExTMHRMUzB0TFMxdmEyUnFORUZCUVVGQlIzRnNWSEpyUkVObWEybEJFZ3hCU1RRek5ueEJTVEk0TlRjYUN3amNrZ0lRQUJvRFNVNVNPQnh3d0o4QyIsW1siTUFBIiwiMjAyNi0wOS0xMiIsIkJPTSIsbnVsbCwiQUkiLCI0MzYiXSxbIkJPTSIsIjIwMjYtMDktMTMiLCJCTFIiLG51bGwsIkFJIiwiMjg1NyJdXV0=,2026-09-12 18:38:10.65986
262,51,MAA,BLR,2026-09-12,2026-09-19,36216.00,INR,560,Round trip,Air India Express,1,162,WyJDalJJYW1WNVEweDNhVmhTWWpSQlNpMW1hVkZDUnkwdExTMHRMUzB0TFMxdmEyUnFORUZCUVVGQlIzRnNWSEpyUkVObWEybEJFZzFKV0RJMk5qRjhTVmd5TnpBMkdnc0krSm9DRUFBYUEwbE9VamdjY0l5b0FnPT0iLFtbIk1BQSIsIjIwMjYtMDktMTIiLCJQTlEiLG51bGwsIklYIiwiMjY2MSJdLFsiUE5RIiwiMjAyNi0wOS0xMyIsIkJMUiIsbnVsbCwiSVgiLCIyNzA2Il1dXQ==,2026-09-12 18:38:10.663191
263,51,MAA,BLR,2026-09-12,2026-09-19,38318.00,INR,420,Round trip,Air India,1,180,WyJDalJJYW1WNVEweDNhVmhTWWpSQlNpMW1hVkZDUnkwdExTMHRMUzB0TFMxdmEyUnFORUZCUVVGQlIzRnNWSEpyUkVObWEybEJFZ3hCU1RRek5ueEJTVEk0TVRJYUN3aXVxd0lRQUJvRFNVNVNPQnh3cExrQyIsW1siTUFBIiwiMjAyNi0wOS0xMiIsIkJPTSIsbnVsbCwiQUkiLCI0MzYiXSxbIkJPTSIsIjIwMjYtMDktMTMiLCJCTFIiLG51bGwsIkFJIiwiMjgxMiJdXV0=,2026-09-12 18:38:10.665988
264,51,MAA,BLR,2026-09-12,2026-09-19,,INR,70,Round trip,Air India Express,0,43,WyJDalJJYW1WNVEweDNhVmhTWWpSQlNpMW1hVkZDUnkwdExTMHRMUzB0TFMxdmEyUnFORUZCUVVGQlIzRnNWSEpyUkVObWEybEJFZ1pKV0RJMk5qSTRIQT09IixbWyJNQUEiLCIyMDI2LTA5LTEyIiwiQkxSIixudWxsLCJJWCIsIjI2NjIiXV1d,2026-09-12 18:38:10.668337
265,52,MAA,DEL,2026-09-12,2026-09-19,21474.00,INR,340,Round trip,IndiGo,1,168,WyJDalJJTVdFM2NsOUJhREUwUVVGQlNqTmFRbWRDUnkwdExTMHRMUzB0TFc5NVlXZ3hNa0ZCUVVGQlIzRnNWSE5aU0VsbVJtOUJFZ3cyUlRVMk1YdzJSVEkwTVRnYUN3amlwd0VRQUJvRFNVNVNPQnh3eWE4QiIsW1siTUFBIiwiMjAyNi0wOS0xMiIsIlBOUSIsbnVsbCwiNkUiLCI1NjEiXSxbIlBOUSIsIjIwMjYtMDktMTMiLCJERUwiLG51bGwsIjZFIiwiMjQxOCJdXV0=,2026-09-12 18:38:15.630505
266,52,MAA,DEL,2026-09-12,2026-09-19,25341.00,INR,175,Round trip,IndiGo,0,126,WyJDalJJTVdFM2NsOUJhREUwUVVGQlNqTmFRbWRDUnkwdExTMHRMUzB0TFc5NVlXZ3hNa0ZCUVVGQlIzRnNWSE5aU0VsbVJtOUJFZ1kyUlRJek5qa2FDd2o5eFFFUUFCb0RTVTVTT0J4d21NOEIiLFtbIk1BQSIsIjIwMjYtMDktMTIiLCJERUwiLG51bGwsIjZFIiwiMjM2OSJdXV0=,2026-09-12 18:38:15.634371
267,52,MAA,DEL,2026-09-12,2026-09-19,27622.00,INR,180,Round trip,Air India,0,145,WyJDalJJTVdFM2NsOUJhREUwUVVGQlNqTmFRbWRDUnkwdExTMHRMUzB0TFc5NVlXZ3hNa0ZCUVVGQlIzRnNWSE5aU0VsbVJtOUJFZ1pCU1RJNE16Z2FDd2ptMXdFUUFCb0RTVTVTT0J4dzYrRUIiLFtbIk1BQSIsIjIwMjYtMDktMTIiLCJERUwiLG51bGwsIkFJIiwiMjgzOCJdXV0=,2026-09-12 18:38:15.636997
268,52,MAA,DEL,2026-09-12,2026-09-19,27622.00,INR,170,Round trip,Air India,0,169,WyJDalJJTVdFM2NsOUJhREUwUVVGQlNqTmFRbWRDUnkwdExTMHRMUzB0TFc5NVlXZ3hNa0ZCUVVGQlIzRnNWSE5aU0VsbVJtOUJFZ1ZCU1RVek9Cb0xDT2JYQVJBQUdnTkpUbEk0SEhEcjRRRT0iLFtbIk1BQSIsIjIwMjYtMDktMTIiLCJERUwiLG51bGwsIkFJIiwiNTM4Il1dXQ==,2026-09-12 18:38:15.639561
291,58,MAA,COK,2026-09-12,2026-09-19,,INR,595,Round trip,"Air India, Air India Express",1,207,WyJDalJJTVdFM2NsOUJhREUwUVVGQlNqTnBTMUZDUnkwdExTMHRMUzB0TFc5NVlXZ3hNa0ZCUVVGQlIzRnNWSFpOUmxoc1kwOUJFZ3hCU1RRek5ueEpXREUzT1RjNEhBPT0iLFtbIk1BQSIsIjIwMjYtMDktMTIiLCJCT00iLG51bGwsIkFJIiwiNDM2Il0sWyJCT00iLCIyMDI2LTA5LTEzIiwiQ09LIixudWxsLCJJWCIsIjE3OTciXV1d,2026-09-12 18:38:59.160074
269,52,MAA,DEL,2026-09-12,2026-09-19,41659.00,INR,280,Round trip,IndiGo,1,222,WyJDalJJTVdFM2NsOUJhREUwUVVGQlNqTmFRbWRDUnkwdExTMHRMUzB0TFc5NVlXZ3hNa0ZCUVVGQlIzRnNWSE5aU0VsbVJtOUJFZzAyUlRZME9EZDhOa1UyTURJMUdnc0l1OFVDRUFBYUEwbE9VamdjY00zVUFnPT0iLFtbIk1BQSIsIjIwMjYtMDktMTIiLCJIWUQiLG51bGwsIjZFIiwiNjQ4NyJdLFsiSFlEIiwiMjAyNi0wOS0xMiIsIkRFTCIsbnVsbCwiNkUiLCI2MDI1Il1dXQ==,2026-09-12 18:38:15.641897
270,53,MAA,BOM,2026-09-12,2026-09-19,16977.00,INR,120,Round trip,IndiGo,0,82,WyJDalJJYUhOd2RqaExjRm8zZW1kQlNFVlFkMUZDUnkwdExTMHRMUzF2YTNSd09DMXVNVUZCUVVGQlIzRnNWSE56U1ZCUVMyZEJFZ1kyUlRZeU1qVWFDd2pSaEFFUUFCb0RTVTVTT0J4dzU0b0IiLFtbIk1BQSIsIjIwMjYtMDktMTIiLCJCT00iLG51bGwsIjZFIiwiNjIyNSJdXV0=,2026-09-12 18:38:20.036225
271,53,MAA,BOM,2026-09-12,2026-09-19,21767.00,INR,140,Round trip,Air India,0,96,WyJDalJJYUhOd2RqaExjRm8zZW1kQlNFVlFkMUZDUnkwdExTMHRMUzF2YTNSd09DMXVNVUZCUVVGQlIzRnNWSE56U1ZCUVMyZEJFZ1ZCU1RRek5ob0xDSWVxQVJBQUdnTkpUbEk0SEhEN3NRRT0iLFtbIk1BQSIsIjIwMjYtMDktMTIiLCJCT00iLG51bGwsIkFJIiwiNDM2Il1dXQ==,2026-09-12 18:38:20.040679
272,54,MAA,HYD,2026-09-12,2026-09-19,13560.00,INR,290,Round trip,IndiGo,1,122,WyJDalJJTkV3NWVuSkxPV3hPUlRCQlFVeGtRbEZDUnkwdExTMHRMUzB0TFhaM1ltb3lNa0ZCUVVGQlIzRnNWSE00UjNkM2JVTkJFZ3MyUlRVMk1YdzJSVE16TmhvS0NQaHBFQUFhQTBsT1VqZ2NjTzl1IixbWyJNQUEiLCIyMDI2LTA5LTEyIiwiUE5RIixudWxsLCI2RSIsIjU2MSJdLFsiUE5RIiwiMjAyNi0wOS0xMyIsIkhZRCIsbnVsbCwiNkUiLCIzMzYiXV1d,2026-09-12 18:38:33.448638
273,54,MAA,HYD,2026-09-12,2026-09-19,13840.00,INR,85,Round trip,IndiGo,0,50,WyJDalJJTkV3NWVuSkxPV3hPUlRCQlFVeGtRbEZDUnkwdExTMHRMUzB0TFhaM1ltb3lNa0ZCUVVGQlIzRnNWSE00UjNkM2JVTkJFZ1UyUlRFNU14b0tDSkJzRUFBYUEwbE9VamdjY0pSeCIsW1siTUFBIiwiMjAyNi0wOS0xMiIsIkhZRCIsbnVsbCwiNkUiLCIxOTMiXV1d,2026-09-12 18:38:33.452515
274,54,MAA,HYD,2026-09-12,2026-09-19,13840.00,INR,75,Round trip,IndiGo,0,50,WyJDalJJTkV3NWVuSkxPV3hPUlRCQlFVeGtRbEZDUnkwdExTMHRMUzB0TFhaM1ltb3lNa0ZCUVVGQlIzRnNWSE00UjNkM2JVTkJFZ1kyUlRZME9EY2FDZ2lRYkJBQUdnTkpUbEk0SEhDVWNRPT0iLFtbIk1BQSIsIjIwMjYtMDktMTIiLCJIWUQiLG51bGwsIjZFIiwiNjQ4NyJdXV0=,2026-09-12 18:38:33.45507
275,54,MAA,HYD,2026-09-12,2026-09-19,32440.00,INR,1555,Round trip,Air India,1,166,WyJDalJJTkV3NWVuSkxPV3hPUlRCQlFVeGtRbEZDUnkwdExTMHRMUzB0TFhaM1ltb3lNa0ZCUVVGQlIzRnNWSE00UjNkM2JVTkJFZ3hCU1RRek5ueEJTVEk0TmprYUN3aTQvUUVRQUJvRFNVNVNPQnh3bllrQyIsW1siTUFBIiwiMjAyNi0wOS0xMiIsIkJPTSIsbnVsbCwiQUkiLCI0MzYiXSxbIkJPTSIsIjIwMjYtMDktMTMiLCJIWUQiLG51bGwsIkFJIiwiMjg2OSJdXV0=,2026-09-12 18:38:33.457469
276,54,MAA,HYD,2026-09-12,2026-09-19,38269.00,INR,400,Round trip,Air India,1,260,WyJDalJJTkV3NWVuSkxPV3hPUlRCQlFVeGtRbEZDUnkwdExTMHRMUzB0TFhaM1ltb3lNa0ZCUVVGQlIzRnNWSE00UjNkM2JVTkJFZzFCU1RJNE16aDhRVWt5TlRjM0dnc0kvYW9DRUFBYUEwbE9VamdjY1BHNEFnPT0iLFtbIk1BQSIsIjIwMjYtMDktMTIiLCJERUwiLG51bGwsIkFJIiwiMjgzOCJdLFsiREVMIiwiMjAyNi0wOS0xMyIsIkhZRCIsbnVsbCwiQUkiLCIyNTc3Il1dXQ==,2026-09-12 18:38:33.461064
277,55,MAA,CCU,2026-09-12,2026-09-19,17898.00,INR,140,Round trip,IndiGo,0,101,WyJDalJJT1RReVNIUmhiR3hMYkhkQlIyNTFkbmRDUnkwdExTMHRMUzB0TFMxMmRIWm5Oa0ZCUVVGQlIzRnNWSFF3U1RBM1FqUkJFZ1UyUlRreU14b0xDT3FMQVJBQUdnTkpUbEk0SEhDcWtnRT0iLFtbIk1BQSIsIjIwMjYtMDktMTIiLCJDQ1UiLG51bGwsIjZFIiwiOTIzIl1dXQ==,2026-09-12 18:38:37.991447
278,55,MAA,CCU,2026-09-12,2026-09-19,24185.00,INR,150,Round trip,Air India Express,0,119,WyJDalJJT1RReVNIUmhiR3hMYkhkQlIyNTFkbmRDUnkwdExTMHRMUzB0TFMxMmRIWm5Oa0ZCUVVGQlIzRnNWSFF3U1RBM1FqUkJFZ1pKV0RFMU56Y2FDd2o1dkFFUUFCb0RTVTVTT0J4dzNzVUIiLFtbIk1BQSIsIjIwMjYtMDktMTIiLCJDQ1UiLG51bGwsIklYIiwiMTU3NyJdXV0=,2026-09-12 18:38:37.995814
279,55,MAA,CCU,2026-09-12,2026-09-19,50777.00,INR,585,Round trip,IndiGo,1,304,WyJDalJJT1RReVNIUmhiR3hMYkhkQlIyNTFkbmRDUnkwdExTMHRMUzB0TFMxMmRIWm5Oa0ZCUVVGQlIzRnNWSFF3U1RBM1FqUkJFZzAyUlRZeU1qVjhOa1UyTXpZM0dnc0kyWXdERUFBYUEwbE9VamdjY0pPZkF3PT0iLFtbIk1BQSIsIjIwMjYtMDktMTIiLCJCT00iLG51bGwsIjZFIiwiNjIyNSJdLFsiQk9NIiwiMjAyNi0wOS0xMyIsIkNDVSIsbnVsbCwiNkUiLCI2MzY3Il1dXQ==,2026-09-12 18:38:37.998383
280,56,MAA,PNQ,2026-09-12,2026-09-19,13264.00,INR,480,Round trip,IndiGo,1,102,WyJDalJJYUdSaFJFOXhTek5sYzFWQlJ6bHZkRUZDUnkwdExTMHRMUzEyZEd0ek1pMXVNa0ZCUVVGQlIzRnNWSFZKVFRabFYxTkJFZ3MyUlRjNU5udzJSVFF3T0JvS0NOQm5FQUFhQTBsT1VqZ2NjTGxzIixbWyJNQUEiLCIyMDI2LTA5LTEyIiwiQkxSIixudWxsLCI2RSIsIjc5NiJdLFsiQkxSIiwiMjAyNi0wOS0xMyIsIlBOUSIsbnVsbCwiNkUiLCI0MDgiXV1d,2026-09-12 18:38:45.759818
281,56,MAA,PNQ,2026-09-12,2026-09-19,13936.00,INR,365,Round trip,IndiGo,1,102,WyJDalJJYUdSaFJFOXhTek5sYzFWQlJ6bHZkRUZDUnkwdExTMHRMUzEyZEd0ek1pMXVNa0ZCUVVGQlIzRnNWSFZKVFRabFYxTkJFZ3cyUlRjNU5udzJSVFk0TnpZYUNnandiQkFBR2dOSlRsSTRISEQ0Y1E9PSIsW1siTUFBIiwiMjAyNi0wOS0xMiIsIkJMUiIsbnVsbCwiNkUiLCI3OTYiXSxbIkJMUiIsIjIwMjYtMDktMTMiLCJQTlEiLG51bGwsIjZFIiwiNjg3NiJdXV0=,2026-09-12 18:38:45.764584
282,56,MAA,PNQ,2026-09-12,2026-09-19,16434.00,INR,105,Round trip,IndiGo,0,72,WyJDalJJYUdSaFJFOXhTek5sYzFWQlJ6bHZkRUZDUnkwdExTMHRMUzEyZEd0ek1pMXVNa0ZCUVVGQlIzRnNWSFZKVFRabFYxTkJFZ1UyUlRVMk1Sb0xDTEtBQVJBQUdnTkpUbEk0SEhDdWhnRT0iLFtbIk1BQSIsIjIwMjYtMDktMTIiLCJQTlEiLG51bGwsIjZFIiwiNTYxIl1dXQ==,2026-09-12 18:38:45.768865
283,56,MAA,PNQ,2026-09-12,2026-09-19,19302.00,INR,100,Round trip,Air India Express,0,89,WyJDalJJYUdSaFJFOXhTek5sYzFWQlJ6bHZkRUZDUnkwdExTMHRMUzEyZEd0ek1pMXVNa0ZCUVVGQlIzRnNWSFZKVFRabFYxTkJFZ1pKV0RJMk5qRWFDd2ptbGdFUUFCb0RTVTVTT0J4dzZKMEIiLFtbIk1BQSIsIjIwMjYtMDktMTIiLCJQTlEiLG51bGwsIklYIiwiMjY2MSJdXV0=,2026-09-12 18:38:45.77165
284,57,MAA,AMD,2026-09-12,2026-09-19,20778.00,INR,470,Round trip,IndiGo,1,124,WyJDalJJTTBsaFdqaGtWSHBvZFVsQlNHeGFUbmRDUnkwdExTMHRMWFozWkc0eU1pMXVNVUZCUVVGQlIzRnNWSFZ2UVVwd2FtTkJFZ3MyUlRVMk1YdzJSVGd4T1JvTENLcWlBUkFBR2dOSlRsSTRISER3cVFFPSIsW1siTUFBIiwiMjAyNi0wOS0xMiIsIlBOUSIsbnVsbCwiNkUiLCI1NjEiXSxbIlBOUSIsIjIwMjYtMDktMTMiLCJBTUQiLG51bGwsIjZFIiwiODE5Il1dXQ==,2026-09-12 18:38:53.739319
285,57,MAA,AMD,2026-09-12,2026-09-19,33553.00,INR,535,Round trip,IndiGo,1,213,WyJDalJJTTBsaFdqaGtWSHBvZFVsQlNHeGFUbmRDUnkwdExTMHRMWFozWkc0eU1pMXVNVUZCUVVGQlIzRnNWSFZ2UVVwd2FtTkJFZzAyUlRZeU1qVjhOa1UxTVRRMEdnc0lrWVlDRUFBYUEwbE9VamdjY0txU0FnPT0iLFtbIk1BQSIsIjIwMjYtMDktMTIiLCJCT00iLG51bGwsIjZFIiwiNjIyNSJdLFsiQk9NIiwiMjAyNi0wOS0xMyIsIkFNRCIsbnVsbCwiNkUiLCI1MTQ0Il1dXQ==,2026-09-12 18:38:53.742241
286,57,MAA,AMD,2026-09-12,2026-09-19,33733.00,INR,410,Round trip,IndiGo,1,201,WyJDalJJTTBsaFdqaGtWSHBvZFVsQlNHeGFUbmRDUnkwdExTMHRMWFozWkc0eU1pMXVNVUZCUVVGQlIzRnNWSFZ2UVVwd2FtTkJFZ3cyUlRZeU1qVjhOa1UyTXpJYUN3akZod0lRQUJvRFNVNVNPQnh3NXBNQyIsW1siTUFBIiwiMjAyNi0wOS0xMiIsIkJPTSIsbnVsbCwiNkUiLCI2MjI1Il0sWyJCT00iLCIyMDI2LTA5LTEzIiwiQU1EIixudWxsLCI2RSIsIjYzMiJdXV0=,2026-09-12 18:38:53.744444
287,57,MAA,AMD,2026-09-12,2026-09-19,34087.00,INR,260,Round trip,IndiGo,1,201,WyJDalJJTTBsaFdqaGtWSHBvZFVsQlNHeGFUbmRDUnkwdExTMHRMWFozWkc0eU1pMXVNVUZCUVVGQlIzRnNWSFZ2UVVwd2FtTkJFZ3cyUlRZeU1qVjhOa1U1TVRFYUN3aW5pZ0lRQUJvRFNVNVNPQnh3MkpZQyIsW1siTUFBIiwiMjAyNi0wOS0xMiIsIkJPTSIsbnVsbCwiNkUiLCI2MjI1Il0sWyJCT00iLCIyMDI2LTA5LTEzIiwiQU1EIixudWxsLCI2RSIsIjkxMSJdXV0=,2026-09-12 18:38:53.746608
288,57,MAA,AMD,2026-09-12,2026-09-19,37453.00,INR,855,Round trip,Air India,1,154,WyJDalJJTTBsaFdqaGtWSHBvZFVsQlNHeGFUbmRDUnkwdExTMHRMWFozWkc0eU1pMXVNVUZCUVVGQlIzRnNWSFZ2UVVwd2FtTkJFZ3hCU1RRek5ueEJTVEk0TkRjYUN3ak5wQUlRQUJvRFNVNVNPQnh3bTdJQyIsW1siTUFBIiwiMjAyNi0wOS0xMiIsIkJPTSIsbnVsbCwiQUkiLCI0MzYiXSxbIkJPTSIsIjIwMjYtMDktMTMiLCJBTUQiLG51bGwsIkFJIiwiMjg0NyJdXV0=,2026-09-12 18:38:53.749068
289,57,MAA,AMD,2026-09-12,2026-09-19,39077.00,INR,595,Round trip,Air India,1,246,WyJDalJJTTBsaFdqaGtWSHBvZFVsQlNHeGFUbmRDUnkwdExTMHRMWFozWkc0eU1pMXVNVUZCUVVGQlIzRnNWSFZ2UVVwd2FtTkJFZ3hCU1RJNE16aDhRVWs0TVRjYUN3aWxzUUlRQUJvRFNVNVNPQnh3djc4QyIsW1siTUFBIiwiMjAyNi0wOS0xMiIsIkRFTCIsbnVsbCwiQUkiLCIyODM4Il0sWyJERUwiLCIyMDI2LTA5LTEzIiwiQU1EIixudWxsLCJBSSIsIjgxNyJdXV0=,2026-09-12 18:38:53.753302
292,59,MAA,GOI,2026-09-12,2026-09-19,22727.00,INR,560,Round trip,IndiGo,1,89,WyJDalJJV1hScVNVd3RWSFl3ZG10QlIyNVdVR2RDUnkwdExTMHRMUzB0TFMxMmRHUnlNa0ZCUVVGQlIzRnNWSFpaU1dkMFdUWkJFZ3MyUlRjNU5udzJSVEU1TkJvTENNZXhBUkFBR2dOSlRsSTRISERvdVFFPSIsW1siTUFBIiwiMjAyNi0wOS0xMiIsIkJMUiIsbnVsbCwiNkUiLCI3OTYiXSxbIkJMUiIsIjIwMjYtMDktMTMiLCJHT0kiLG51bGwsIjZFIiwiMTk0Il1dXQ==,2026-09-12 18:39:03.167428
293,59,MAA,GOI,2026-09-12,2026-09-19,,INR,560,Round trip,Air India,1,227,WyJDalJJV1hScVNVd3RWSFl3ZG10QlIyNVdVR2RDUnkwdExTMHRMUzB0TFMxMmRHUnlNa0ZCUVVGQlIzRnNWSFpaU1dkMFdUWkJFZ3RCU1RRek5ueEJTVFl3TXpnYyIsW1siTUFBIiwiMjAyNi0wOS0xMiIsIkJPTSIsbnVsbCwiQUkiLCI0MzYiXSxbIkJPTSIsIjIwMjYtMDktMTMiLCJHT0kiLG51bGwsIkFJIiwiNjAzIl1dXQ==,2026-09-12 18:39:03.171711
294,60,CCU,BLR,2026-09-12,2026-09-19,18785.00,INR,160,Round trip,Air India Express,0,130,WyJDalJJT0ZZNVIxTmlWRXBuUmxWQlNtRXRTMmRDUnkwdExTMHRMUzB0TFhsc1pXMHlNVUZCUVVGQlIzRnNWSFp2VFhaRmRTMUJFZ1pKV0RFek56RWFDd2poa2dFUUFCb0RTVTVTT0J4d3k1a0IiLFtbIkNDVSIsIjIwMjYtMDktMTIiLCJCTFIiLG51bGwsIklYIiwiMTM3MSJdXV0=,2026-09-12 18:39:06.68984
295,60,CCU,BLR,2026-09-12,2026-09-19,19744.00,INR,160,Round trip,Akasa Air,0,111,WyJDalJJT0ZZNVIxTmlWRXBuUmxWQlNtRXRTMmRDUnkwdExTMHRMUzB0TFhsc1pXMHlNVUZCUVVGQlIzRnNWSFp2VFhaRmRTMUJFZ1pSVURFMU5qUWFDd2lnbWdFUUFCb0RTVTVTT0J4d3RxRUIiLFtbIkNDVSIsIjIwMjYtMDktMTIiLCJCTFIiLG51bGwsIlFQIiwiMTU2NCJdXV0=,2026-09-12 18:39:06.693801
296,60,CCU,BLR,2026-09-12,2026-09-19,22917.00,INR,330,Round trip,IndiGo,1,175,WyJDalJJT0ZZNVIxTmlWRXBuUmxWQlNtRXRTMmRDUnkwdExTMHRMUzB0TFhsc1pXMHlNVUZCUVVGQlIzRnNWSFp2VFhaRmRTMUJFZ3cyUlRRM05udzJSVFl3TlRVYUN3aUZzd0VRQUJvRFNVNVNPQnh3cjdzQiIsW1siQ0NVIiwiMjAyNi0wOS0xMiIsIlBOUSIsbnVsbCwiNkUiLCI0NzYiXSxbIlBOUSIsIjIwMjYtMDktMTIiLCJCTFIiLG51bGwsIjZFIiwiNjA1NSJdXV0=,2026-09-12 18:39:06.697772
297,60,CCU,BLR,2026-09-12,2026-09-19,23565.00,INR,160,Round trip,IndiGo,0,138,WyJDalJJT0ZZNVIxTmlWRXBuUmxWQlNtRXRTMmRDUnkwdExTMHRMUzB0TFhsc1pXMHlNVUZCUVVGQlIzRnNWSFp2VFhaRmRTMUJFZ1UyUlRVM014b0xDSTI0QVJBQUdnTkpUbEk0SEhEVndBRT0iLFtbIkNDVSIsIjIwMjYtMDktMTIiLCJCTFIiLG51bGwsIjZFIiwiNTczIl1dXQ==,2026-09-12 18:39:06.701167
298,61,CCU,DEL,2026-09-12,2026-09-19,16503.00,INR,155,Round trip,Air India,0,115,WyJDalJJWWw4emRVUlVWbTVmU2tGQlIzQTVVV2RDUnkwdExTMHRMUzB0TFhaMGRHOHhORUZCUVVGQlIzRnNWSFkwUTFCaVoxTkJFZ1pCU1RJM01UQWFDd2ozZ0FFUUFCb0RTVTVTT0J4dzk0WUIiLFtbIkNDVSIsIjIwMjYtMDktMTIiLCJERUwiLG51bGwsIkFJIiwiMjcxMCJdXV0=,2026-09-12 18:39:15.185468
299,61,CCU,DEL,2026-09-12,2026-09-19,16960.00,INR,145,Round trip,IndiGo,0,99,WyJDalJJWWw4emRVUlVWbTVmU2tGQlIzQTVVV2RDUnkwdExTMHRMUzB0TFhaMGRHOHhORUZCUVVGQlIzRnNWSFkwUTFCaVoxTkJFZ1kyUlRVeE9UQWFDd2pBaEFFUUFCb0RTVTVTT0J4dzFZb0IiLFtbIkNDVSIsIjIwMjYtMDktMTIiLCJERUwiLG51bGwsIjZFIiwiNTE5MCJdXV0=,2026-09-12 18:39:15.2041
300,61,CCU,DEL,2026-09-12,2026-09-19,17669.00,INR,155,Round trip,Air India,0,115,WyJDalJJWWw4emRVUlVWbTVmU2tGQlIzQTVVV2RDUnkwdExTMHRMUzB0TFhaMGRHOHhORUZCUVVGQlIzRnNWSFkwUTFCaVoxTkJFZ1pCU1RJM01EZ2FDd2lGaWdFUUFCb0RTVTVTT0J4d3U1QUIiLFtbIkNDVSIsIjIwMjYtMDktMTIiLCJERUwiLG51bGwsIkFJIiwiMjcwOCJdXV0=,2026-09-12 18:39:15.206607
301,61,CCU,DEL,2026-09-12,2026-09-19,17846.00,INR,140,Round trip,Akasa Air,0,98,WyJDalJJWWw4emRVUlVWbTVmU2tGQlIzQTVVV2RDUnkwdExTMHRMUzB0TFhaMGRHOHhORUZCUVVGQlIzRnNWSFkwUTFCaVoxTkJFZ1pSVURFNE1EUWFDd2kyaXdFUUFCb0RTVTVTT0J4dzlKRUIiLFtbIkNDVSIsIjIwMjYtMDktMTIiLCJERUwiLG51bGwsIlFQIiwiMTgwNCJdXV0=,2026-09-12 18:39:15.208891
302,62,CCU,BOM,2026-09-12,2026-09-19,18963.00,INR,160,Round trip,Akasa Air,0,116,WyJDalJJUm1KRFFYUXdUMWRoYzBGQlIxbG9PVUZDUnkwdExTMHRMUzB0TFMxMmQzTnFNa0ZCUVVGQlIzRnNWSGRaU1RZeWFUaEJFZ1pSVURFeE1qWWFDd2lUbEFFUUFCb0RTVTVTT0J4d2hac0IiLFtbIkNDVSIsIjIwMjYtMDktMTIiLCJCT00iLG51bGwsIlFQIiwiMTEyNiJdXV0=,2026-09-12 18:39:19.52748
303,62,CCU,BOM,2026-09-12,2026-09-19,18968.00,INR,165,Round trip,IndiGo,0,119,WyJDalJJUm1KRFFYUXdUMWRoYzBGQlIxbG9PVUZDUnkwdExTMHRMUzB0TFMxMmQzTnFNa0ZCUVVGQlIzRnNWSGRaU1RZeWFUaEJFZ1UyUlRFeE5Sb0xDSmlVQVJBQUdnTkpUbEk0SEhDS213RT0iLFtbIkNDVSIsIjIwMjYtMDktMTIiLCJCT00iLG51bGwsIjZFIiwiMTE1Il1dXQ==,2026-09-12 18:39:19.530391
304,62,CCU,BOM,2026-09-12,2026-09-19,24312.00,INR,190,Round trip,Air India,0,138,WyJDalJJUm1KRFFYUXdUMWRoYzBGQlIxbG9PVUZDUnkwdExTMHRMUzB0TFMxMmQzTnFNa0ZCUVVGQlIzRnNWSGRaU1RZeWFUaEJFZ1pCU1RJME9ESWFDd2o0dlFFUUFCb0RTVTVTT0J4dzQ4WUIiLFtbIkNDVSIsIjIwMjYtMDktMTIiLCJCT00iLG51bGwsIkFJIiwiMjQ4MiJdXV0=,2026-09-12 18:39:19.532456
305,62,CCU,BOM,2026-09-12,2026-09-19,,INR,530,Round trip,Air India,1,218,WyJDalJJUm1KRFFYUXdUMWRoYzBGQlIxbG9PVUZDUnkwdExTMHRMUzB0TFMxMmQzTnFNa0ZCUVVGQlIzRnNWSGRaU1RZeWFUaEJFZzFCU1RJM01UQjhRVWt4TnpRMU9Cdz0iLFtbIkNDVSIsIjIwMjYtMDktMTIiLCJERUwiLG51bGwsIkFJIiwiMjcxMCJdLFsiREVMIiwiMjAyNi0wOS0xMyIsIkJPTSIsbnVsbCwiQUkiLCIxNzQ1Il1dXQ==,2026-09-12 18:39:19.534514
306,63,CCU,HYD,2026-09-12,2026-09-19,22355.00,INR,350,Round trip,Air India,1,230,WyJDalJJTTBsaFdqaGtWSHBvZFVsQlNHeGxXV2RDUnkwdExTMHRMWFozWkc0eU1pMXVNVUZCUVVGQlIzRnNWSGR6UWs5R2FuZEJFZzFCU1RJM01UQjhRVWt5TlRjM0dnc0kwNjRCRUFBYUEwbE9VamdjY09PMkFRPT0iLFtbIkNDVSIsIjIwMjYtMDktMTIiLCJERUwiLG51bGwsIkFJIiwiMjcxMCJdLFsiREVMIiwiMjAyNi0wOS0xMyIsIkhZRCIsbnVsbCwiQUkiLCIyNTc3Il1dXQ==,2026-09-12 18:39:29.455037
307,63,CCU,HYD,2026-09-12,2026-09-19,22671.00,INR,130,Round trip,IndiGo,0,92,WyJDalJJTTBsaFdqaGtWSHBvZFVsQlNHeGxXV2RDUnkwdExTMHRMWFozWkc0eU1pMXVNVUZCUVVGQlIzRnNWSGR6UWs5R2FuZEJFZ1kyUlRZeE5UUWFDd2lQc1FFUUFCb0RTVTVTT0J4d3Jia0IiLFtbIkNDVSIsIjIwMjYtMDktMTIiLCJIWUQiLG51bGwsIjZFIiwiNjE1NCJdXV0=,2026-09-12 18:39:29.460129
308,64,CCU,MAA,2026-09-12,2026-09-19,15693.00,INR,135,Round trip,IndiGo,0,100,WyJDalJJVldaVVRWVmpkVmRpYjI5QlMwVlRTMUZDUnkwdExTMHRMUzB0TFMxdmVYSnBPVUZCUVVGQlIzRnNWSGhyUzJkMVoxTkJFZ1UyUlRjeU14b0tDTTE2RUFBYUEwbE9VamdjY0tlQUFRPT0iLFtbIkNDVSIsIjIwMjYtMDktMTIiLCJNQUEiLG51bGwsIjZFIiwiNzIzIl1dXQ==,2026-09-12 18:39:42.423664
309,64,CCU,MAA,2026-09-12,2026-09-19,19477.00,INR,900,Round trip,Air India Express,1,176,WyJDalJJVldaVVRWVmpkVmRpYjI5QlMwVlRTMUZDUnkwdExTMHRMUzB0TFMxdmVYSnBPVUZCUVVGQlIzRnNWSGhyUzJkMVoxTkJFZzFKV0RFek56RjhTVmd5T1RJMkdnc0lsWmdCRUFBYUEwbE9VamdjY0orZkFRPT0iLFtbIkNDVSIsIjIwMjYtMDktMTIiLCJCTFIiLG51bGwsIklYIiwiMTM3MSJdLFsiQkxSIiwiMjAyNi0wOS0xMyIsIk1BQSIsbnVsbCwiSVgiLCIyOTI2Il1dXQ==,2026-09-12 18:39:42.425756
310,64,CCU,MAA,2026-09-12,2026-09-19,30673.00,INR,710,Round trip,Air India,1,261,WyJDalJJVldaVVRWVmpkVmRpYjI5QlMwVlRTMUZDUnkwdExTMHRMUzB0TFMxdmVYSnBPVUZCUVVGQlIzRnNWSGhyUzJkMVoxTkJFZzFCU1RJM01UQjhRVWt5T0RNekdnc0kwZThCRUFBYUEwbE9VamdjY09UNkFRPT0iLFtbIkNDVSIsIjIwMjYtMDktMTIiLCJERUwiLG51bGwsIkFJIiwiMjcxMCJdLFsiREVMIiwiMjAyNi0wOS0xMyIsIk1BQSIsbnVsbCwiQUkiLCIyODMzIl1dXQ==,2026-09-12 18:39:42.42822
311,65,CCU,PNQ,2026-09-12,2026-09-19,18732.00,INR,540,Round trip,IndiGo,1,141,WyJDalJJUWpaMGJWVnNSVVJ4V1RSQlJIb3RSSGRDUnkwdExTMHRMUzF2YTNkNk9DMXVNVUZCUVVGQlIzRnNWSGxOVGxaWE4yVkJFZ3cyUlRZeE5UUjhOa1V6TlRFYUN3aXNrZ0VRQUJvRFNVNVNPQnh3azVrQiIsW1siQ0NVIiwiMjAyNi0wOS0xMiIsIkhZRCIsbnVsbCwiNkUiLCI2MTU0Il0sWyJIWUQiLCIyMDI2LTA5LTEzIiwiUE5RIixudWxsLCI2RSIsIjM1MSJdXV0=,2026-09-12 18:39:49.944565
312,65,CCU,PNQ,2026-09-12,2026-09-19,20789.00,INR,150,Round trip,IndiGo,0,112,WyJDalJJUWpaMGJWVnNSVVJ4V1RSQlJIb3RSSGRDUnkwdExTMHRMUzF2YTNkNk9DMXVNVUZCUVVGQlIzRnNWSGxOVGxaWE4yVkJFZ1UyUlRRM05ob0xDTFdpQVJBQUdnTkpUbEk0SEhEOHFRRT0iLFtbIkNDVSIsIjIwMjYtMDktMTIiLCJQTlEiLG51bGwsIjZFIiwiNDc2Il1dXQ==,2026-09-12 18:39:49.94754
313,65,CCU,PNQ,2026-09-12,2026-09-19,23024.00,INR,345,Round trip,Air India,1,220,WyJDalJJUWpaMGJWVnNSVVJ4V1RSQlJIb3RSSGRDUnkwdExTMHRMUzF2YTNkNk9DMXVNVUZCUVVGQlIzRnNWSGxOVGxaWE4yVkJFZzFCU1RJM01UQjhRVWt5TnpFeEdnc0k4TE1CRUFBYUEwbE9VamdjY0orOEFRPT0iLFtbIkNDVSIsIjIwMjYtMDktMTIiLCJERUwiLG51bGwsIkFJIiwiMjcxMCJdLFsiREVMIiwiMjAyNi0wOS0xMyIsIlBOUSIsbnVsbCwiQUkiLCIyNzExIl1dXQ==,2026-09-12 18:39:49.949453
314,65,CCU,PNQ,2026-09-12,2026-09-19,23123.00,INR,495,Round trip,IndiGo,1,140,WyJDalJJUWpaMGJWVnNSVVJ4V1RSQlJIb3RSSGRDUnkwdExTMHRMUzF2YTNkNk9DMXVNVUZCUVVGQlIzRnNWSGxOVGxaWE4yVkJFZ3cyUlRnMk1udzJSVFkyTlRrYUN3alR0QUVRQUJvRFNVNVNPQnh3aHIwQiIsW1siQ0NVIiwiMjAyNi0wOS0xMiIsIk5BRyIsbnVsbCwiNkUiLCI4NjIiXSxbIk5BRyIsIjIwMjYtMDktMTMiLCJQTlEiLG51bGwsIjZFIiwiNjY1OSJdXV0=,2026-09-12 18:39:49.95155
315,65,CCU,PNQ,2026-09-12,2026-09-19,26609.00,INR,335,Round trip,IndiGo,1,141,WyJDalJJUWpaMGJWVnNSVVJ4V1RSQlJIb3RSSGRDUnkwdExTMHRMUzF2YTNkNk9DMXVNVUZCUVVGQlIzRnNWSGxOVGxaWE4yVkJFZ3cyUlRZeE5UUjhOa1V6TXpjYUN3anh6d0VRQUJvRFNVNVNPQnh3eDlrQiIsW1siQ0NVIiwiMjAyNi0wOS0xMiIsIkhZRCIsbnVsbCwiNkUiLCI2MTU0Il0sWyJIWUQiLCIyMDI2LTA5LTEzIiwiUE5RIixudWxsLCI2RSIsIjMzNyJdXV0=,2026-09-12 18:39:49.953831
316,66,CCU,AMD,2026-09-12,2026-09-19,20062.00,INR,710,Round trip,Air India,1,192,WyJDalJJWjJRd1JXMUNkbnBVWldkQlJUTlBUbmRDUnkwdExTMHRMUzB0TFhCbVltSnJOMEZCUVVGQlIzRnNWSGxyUzNsTFQybEJFZzFCU1RJM01EaDhRVWt5T1RVNUdnc0kzcHdCRUFBYUEwbE9VamdjY0lPa0FRPT0iLFtbIkNDVSIsIjIwMjYtMDktMTIiLCJERUwiLG51bGwsIkFJIiwiMjcwOCJdLFsiREVMIiwiMjAyNi0wOS0xMyIsIkFNRCIsbnVsbCwiQUkiLCIyOTU5Il1dXQ==,2026-09-12 18:40:02.559557
317,66,CCU,AMD,2026-09-12,2026-09-19,21342.00,INR,620,Round trip,Air India,1,192,WyJDalJJWjJRd1JXMUNkbnBVWldkQlJUTlBUbmRDUnkwdExTMHRMUzB0TFhCbVltSnJOMEZCUVVGQlIzRnNWSGxyUzNsTFQybEJFZzFCU1RJM01UQjhRVWt5T1RVNUdnc0kzcVlCRUFBYUEwbE9VamdjY0wrdUFRPT0iLFtbIkNDVSIsIjIwMjYtMDktMTIiLCJERUwiLG51bGwsIkFJIiwiMjcxMCJdLFsiREVMIiwiMjAyNi0wOS0xMyIsIkFNRCIsbnVsbCwiQUkiLCIyOTU5Il1dXQ==,2026-09-12 18:40:02.563411
318,66,CCU,AMD,2026-09-12,2026-09-19,23120.00,INR,545,Round trip,Air India,1,216,WyJDalJJWjJRd1JXMUNkbnBVWldkQlJUTlBUbmRDUnkwdExTMHRMUzB0TFhCbVltSnJOMEZCUVVGQlIzRnNWSGxyUzNsTFQybEJFZ3hCU1RJM01UQjhRVWs0TVRjYUN3alF0QUVRQUJvRFNVNVNPQnh3ZzcwQiIsW1siQ0NVIiwiMjAyNi0wOS0xMiIsIkRFTCIsbnVsbCwiQUkiLCIyNzEwIl0sWyJERUwiLCIyMDI2LTA5LTEzIiwiQU1EIixudWxsLCJBSSIsIjgxNyJdXV0=,2026-09-12 18:40:02.567739
319,67,CCU,COK,2026-09-12,2026-09-19,31666.00,INR,605,Round trip,IndiGo,1,184,WyJDalJJYjNVNGNrOXZaRWRRUm1kQlMxVjJZMEZDUnkwdExTMHRMUzB0TFMxNWJHOW9PRUZCUVVGQlIzRnNWSHAzUmpaNmVHdEJFZ3MyUlRVM00zdzJSVGMyTXhvTENMTDNBUkFBR2dOSlRsSTRISER6Z2dJPSIsW1siQ0NVIiwiMjAyNi0wOS0xMiIsIkJMUiIsbnVsbCwiNkUiLCI1NzMiXSxbIkJMUiIsIjIwMjYtMDktMTMiLCJDT0siLG51bGwsIjZFIiwiNzYzIl1dXQ==,2026-09-12 18:40:12.667631
320,68,CCU,GOI,2026-09-12,2026-09-19,28826.00,INR,900,Round trip,Air India,1,246,WyJDalJJWWpWMVQzWlNheTAyVGxsQlNqTmFVbEZDUnkwdExTMHRMUzB0TFMxNWJHNTBPRUZCUVVGQlIzRnNWREJyUkdJelF6UkJFZzFCU1RJM01UQjhRVWt5TmpJM0dnc0ltdUVCRUFBYUEwbE9VamdjY05mckFRPT0iLFtbIkNDVSIsIjIwMjYtMDktMTIiLCJERUwiLG51bGwsIkFJIiwiMjcxMCJdLFsiREVMIiwiMjAyNi0wOS0xMyIsIkdPSSIsbnVsbCwiQUkiLCIyNjI3Il1dXQ==,2026-09-12 18:40:37.263258
321,68,CCU,GOI,2026-09-12,2026-09-19,31306.00,INR,535,Round trip,"Air India, Air India Express",1,261,WyJDalJJWWpWMVQzWlNheTAyVGxsQlNqTmFVbEZDUnkwdExTMHRMUzB0TFMxNWJHNTBPRUZCUVVGQlIzRnNWREJyUkdJelF6UkJFZzFCU1RJM01UQjhTVmd4TVRBNEdnc0l5dlFCRUFBYUEwbE9VamdjY1ByL0FRPT0iLFtbIkNDVSIsIjIwMjYtMDktMTIiLCJERUwiLG51bGwsIkFJIiwiMjcxMCJdLFsiREVMIiwiMjAyNi0wOS0xMyIsIkdPSSIsbnVsbCwiSVgiLCIxMTA4Il1dXQ==,2026-09-12 18:40:37.267404
322,68,CCU,GOI,2026-09-12,2026-09-19,41376.00,INR,965,Round trip,Air India,1,208,WyJDalJJWWpWMVQzWlNheTAyVGxsQlNqTmFVbEZDUnkwdExTMHRMUzB0TFMxNWJHNTBPRUZCUVVGQlIzRnNWREJyUkdJelF6UkJFZzFCU1RJME9ESjhRVWt5TkRJd0dnc0lvTU1DRUFBYUEwbE9VamdjY0tUU0FnPT0iLFtbIkNDVSIsIjIwMjYtMDktMTIiLCJCT00iLG51bGwsIkFJIiwiMjQ4MiJdLFsiQk9NIiwiMjAyNi0wOS0xMyIsIkdPSSIsbnVsbCwiQUkiLCIyNDIwIl1dXQ==,2026-09-12 18:40:37.270604
323,68,CCU,GOI,2026-09-12,2026-09-19,46058.00,INR,595,Round trip,Air India,1,193,WyJDalJJWWpWMVQzWlNheTAyVGxsQlNqTmFVbEZDUnkwdExTMHRMUzB0TFMxNWJHNTBPRUZCUVVGQlIzRnNWREJyUkdJelF6UkJFZ3hCU1RJME9ESjhRVWsyTURNYUN3anE1d0lRQUJvRFNVNVNPQnh3eVBnQyIsW1siQ0NVIiwiMjAyNi0wOS0xMiIsIkJPTSIsbnVsbCwiQUkiLCIyNDgyIl0sWyJCT00iLCIyMDI2LTA5LTEzIiwiR09JIixudWxsLCJBSSIsIjYwMyJdXV0=,2026-09-12 18:40:37.273665
324,69,PNQ,BLR,2026-09-12,2026-09-19,9308.00,INR,100,Round trip,IndiGo,0,63,WyJDalJJUmt3MmFrbHJaVmw0UXpSQlRFeFZNMEZDUnkwdExTMHRMUzB0TFhsc1ozVXhNVUZCUVVGQlIzRnNWREZ6UmxNeWVFbEJFZ1kyUlRZd05UVWFDZ2pjU0JBQUdnTkpUbEk0SEhDTlRBPT0iLFtbIlBOUSIsIjIwMjYtMDktMTIiLCJCTFIiLG51bGwsIjZFIiwiNjA1NSJdXV0=,2026-09-12 18:40:48.122948
325,69,PNQ,BLR,2026-09-12,2026-09-19,10124.00,INR,105,Round trip,Akasa Air,0,69,WyJDalJJUmt3MmFrbHJaVmw0UXpSQlRFeFZNMEZDUnkwdExTMHRMUzB0TFhsc1ozVXhNVUZCUVVGQlIzRnNWREZ6UmxNeWVFbEJFZ1pSVURFek1UZ2FDZ2lNVHhBQUdnTkpUbEk0SEhEalVnPT0iLFtbIlBOUSIsIjIwMjYtMDktMTIiLCJCTFIiLG51bGwsIlFQIiwiMTMxOCJdXV0=,2026-09-12 18:40:48.126397
326,69,PNQ,BLR,2026-09-12,2026-09-19,10270.00,INR,100,Round trip,IndiGo,0,63,WyJDalJJUmt3MmFrbHJaVmw0UXpSQlRFeFZNMEZDUnkwdExTMHRMUzB0TFhsc1ozVXhNVUZCUVVGQlIzRnNWREZ6UmxNeWVFbEJFZ1UyUlRFd054b0tDSjVRRUFBYUEwbE9VamdjY1B4VCIsW1siUE5RIiwiMjAyNi0wOS0xMiIsIkJMUiIsbnVsbCwiNkUiLCIxMDciXV1d,2026-09-12 18:40:48.128894
327,69,PNQ,BLR,2026-09-12,2026-09-19,23018.00,INR,105,Round trip,Air India Express,0,78,WyJDalJJUmt3MmFrbHJaVmw0UXpSQlRFeFZNMEZDUnkwdExTMHRMUzB0TFhsc1ozVXhNVUZCUVVGQlIzRnNWREZ6UmxNeWVFbEJFZ1pKV0RJNE56UWFDd2pxc3dFUUFCb0RTVTVTT0J4d21id0IiLFtbIlBOUSIsIjIwMjYtMDktMTIiLCJCTFIiLG51bGwsIklYIiwiMjg3NCJdXV0=,2026-09-12 18:40:48.131545
328,70,PNQ,DEL,2026-09-12,2026-09-19,18221.00,INR,485,Round trip,IndiGo,1,122,WyJDalJJY1ZKaVRHeFRTV2R1TlRSQlNHaGhVR2RDUnkwdExTMHRMUzB0TFMxMmQybDRORUZCUVVGQlIzRnNWREpqUjI1UlowVkJFZ3cyUlRVME4zdzJSVEl5TURrYUN3aXRqZ0VRQUJvRFNVNVNPQnh3L0pRQiIsW1siUE5RIiwiMjAyNi0wOS0xMiIsIkFNRCIsbnVsbCwiNkUiLCI1NDciXSxbIkFNRCIsIjIwMjYtMDktMTMiLCJERUwiLG51bGwsIjZFIiwiMjIwOSJdXV0=,2026-09-12 18:40:55.624041
329,70,PNQ,DEL,2026-09-12,2026-09-19,19144.00,INR,145,Round trip,Akasa Air,0,99,WyJDalJJY1ZKaVRHeFRTV2R1TlRSQlNHaGhVR2RDUnkwdExTMHRMUzB0TFMxMmQybDRORUZCUVVGQlIzRnNWREpqUjI1UlowVkJFZ1pSVURFNE1UQWFDd2pJbFFFUUFCb0RTVTVTT0J4d3dwd0IiLFtbIlBOUSIsIjIwMjYtMDktMTIiLCJERUwiLG51bGwsIlFQIiwiMTgxMCJdXV0=,2026-09-12 18:40:55.627074
330,70,PNQ,DEL,2026-09-12,2026-09-19,19297.00,INR,135,Round trip,IndiGo,0,96,WyJDalJJY1ZKaVRHeFRTV2R1TlRSQlNHaGhVR2RDUnkwdExTMHRMUzB0TFMxMmQybDRORUZCUVVGQlIzRnNWREpqUjI1UlowVkJFZ1kyUlRJMk1qUWFDd2pobGdFUUFCb0RTVTVTT0J4dzQ1MEIiLFtbIlBOUSIsIjIwMjYtMDktMTIiLCJERUwiLG51bGwsIjZFIiwiMjYyNCJdXV0=,2026-09-12 18:40:55.629184
331,70,PNQ,DEL,2026-09-12,2026-09-19,18844.00,INR,640,Round trip,IndiGo,1,113,WyJDalJJY1ZKaVRHeFRTV2R1TlRSQlNHaGhVR2RDUnkwdExTMHRMUzB0TFMxMmQybDRORUZCUVVGQlIzRnNWREpqUjI1UlowVkJFZzAyUlRZeE1UZDhOa1V5TVRZMUdnc0luSk1CRUFBYUEwbE9VamdjY0lpYUFRPT0iLFtbIlBOUSIsIjIwMjYtMDktMTIiLCJKQUkiLG51bGwsIjZFIiwiNjExNyJdLFsiSkFJIiwiMjAyNi0wOS0xMyIsIkRFTCIsbnVsbCwiNkUiLCIyMTY1Il1dXQ==,2026-09-12 18:40:55.631023
332,70,PNQ,DEL,2026-09-12,2026-09-19,23471.00,INR,150,Round trip,Air India Express,0,113,WyJDalJJY1ZKaVRHeFRTV2R1TlRSQlNHaGhVR2RDUnkwdExTMHRMUzB0TFMxMmQybDRORUZCUVVGQlIzRnNWREpqUjI1UlowVkJFZ1pKV0RFeU16RWFDd2l2dHdFUUFCb0RTVTVTT0J4dzg3OEIiLFtbIlBOUSIsIjIwMjYtMDktMTIiLCJERUwiLG51bGwsIklYIiwiMTIzMSJdXV0=,2026-09-12 18:40:55.633892
333,70,PNQ,DEL,2026-09-12,2026-09-19,27180.00,INR,145,Round trip,Air India,0,111,WyJDalJJY1ZKaVRHeFRTV2R1TlRSQlNHaGhVR2RDUnkwdExTMHRMUzB0TFMxMmQybDRORUZCUVVGQlIzRnNWREpqUjI1UlowVkJFZ1pCU1RFNE1EUWFDd2lzMUFFUUFCb0RTVTVTT0J4d25ONEIiLFtbIlBOUSIsIjIwMjYtMDktMTIiLCJERUwiLG51bGwsIkFJIiwiMTgwNCJdXV0=,2026-09-12 18:40:55.636104
334,70,PNQ,DEL,2026-09-12,2026-09-19,27269.00,INR,145,Round trip,Air India,0,111,WyJDalJJY1ZKaVRHeFRTV2R1TlRSQlNHaGhVR2RDUnkwdExTMHRMUzB0TFMxMmQybDRORUZCUVVGQlIzRnNWREpqUjI1UlowVkJFZ1pCU1RJNU56SWFDd2lGMVFFUUFCb0RTVTVTT0J4dytkNEIiLFtbIlBOUSIsIjIwMjYtMDktMTIiLCJERUwiLG51bGwsIkFJIiwiMjk3MiJdXV0=,2026-09-12 18:40:55.638535
335,70,PNQ,DEL,2026-09-12,2026-09-19,31732.00,INR,150,Round trip,Air India,0,111,WyJDalJJY1ZKaVRHeFRTV2R1TlRSQlNHaGhVR2RDUnkwdExTMHRMUzB0TFMxMmQybDRORUZCUVVGQlIzRnNWREpqUjI1UlowVkJFZ1pCU1RJMU5EZ2FDd2owOXdFUUFCb0RTVTVTT0J4d3VJTUMiLFtbIlBOUSIsIjIwMjYtMDktMTIiLCJERUwiLG51bGwsIkFJIiwiMjU0OCJdXV0=,2026-09-12 18:40:55.640905
336,71,PNQ,HYD,2026-09-12,2026-09-19,9830.00,INR,80,Round trip,IndiGo,0,50,WyJDalJJWjJRd1JXMUNkbnBVWldkQlJUTllTVkZDUnkwdExTMHRMUzB0TFhCbVltSnJOMEZCUVVGQlIzRnNWRFJOU0dNdGJrbEJFZ1UyUlRFd014b0tDT1pNRUFBYUEwbE9VamdjY0s5USIsW1siUE5RIiwiMjAyNi0wOS0xMiIsIkhZRCIsbnVsbCwiNkUiLCIxMDMiXV1d,2026-09-12 18:41:23.072679
337,71,PNQ,HYD,2026-09-12,2026-09-19,10881.00,INR,70,Round trip,Star Air,0,93,WyJDalJJWjJRd1JXMUNkbnBVWldkQlJUTllTVkZDUnkwdExTMHRMUzB0TFhCbVltSnJOMEZCUVVGQlIzRnNWRFJOU0dNdGJrbEJFZ1ZUTlRFM05Cb0tDSUZWRUFBYUEwbE9VamdjY1B0WSIsW1siUE5RIiwiMjAyNi0wOS0xMiIsIkhZRCIsbnVsbCwiUzUiLCIxNzQiXV1d,2026-09-12 18:41:23.075097
338,71,PNQ,HYD,2026-09-12,2026-09-19,,INR,120,Round trip,Alliance Air,0,68,WyJDalJJWjJRd1JXMUNkbnBVWldkQlJUTllTVkZDUnkwdExTMHRMUzB0TFhCbVltSnJOMEZCUVVGQlIzRnNWRFJOU0dNdGJrbEJFZ1U1U1RnMk9EZ2MiLFtbIlBOUSIsIjIwMjYtMDktMTIiLCJIWUQiLG51bGwsIjlJIiwiODY4Il1dXQ==,2026-09-12 18:41:23.077909
339,72,PNQ,MAA,2026-09-12,2026-09-19,12312.00,INR,505,Round trip,IndiGo,1,99,WyJDalJJWDBoWGFIaFNkMkpSWkRSQlIxUm9jMEZDUnkwdExTMHRMUzB0TFhscGRISXhPVUZCUVVGQlIzRnNWRFJaUjFvemQwTkJFZzAyUlRZd05UVjhOa1UyTWpZNUdnb0ltR0FRQUJvRFNVNVNPQnh3MVdRPSIsW1siUE5RIiwiMjAyNi0wOS0xMiIsIkJMUiIsbnVsbCwiNkUiLCI2MDU1Il0sWyJCTFIiLCIyMDI2LTA5LTEzIiwiTUFBIixudWxsLCI2RSIsIjYyNjkiXV1d,2026-09-12 18:41:30.497763
340,72,PNQ,MAA,2026-09-12,2026-09-19,13480.00,INR,110,Round trip,IndiGo,0,79,WyJDalJJWDBoWGFIaFNkMkpSWkRSQlIxUm9jMEZDUnkwdExTMHRMUzB0TFhscGRISXhPVUZCUVVGQlIzRnNWRFJaUjFvemQwTkJFZ1UyUlRJek9Cb0tDS2hwRUFBYUEwbE9VamdjY0p0dSIsW1siUE5RIiwiMjAyNi0wOS0xMiIsIk1BQSIsbnVsbCwiNkUiLCIyMzgiXV1d,2026-09-12 18:41:30.50065
341,72,PNQ,MAA,2026-09-12,2026-09-19,,INR,740,Round trip,Air India,1,257,WyJDalJJWDBoWGFIaFNkMkpSWkRSQlIxUm9jMEZDUnkwdExTMHRMUzB0TFhscGRISXhPVUZCUVVGQlIzRnNWRFJaUjFvemQwTkJFZzFCU1RFNE1EUjhRVWt5T0RNek9Cdz0iLFtbIlBOUSIsIjIwMjYtMDktMTIiLCJERUwiLG51bGwsIkFJIiwiMTgwNCJdLFsiREVMIiwiMjAyNi0wOS0xMyIsIk1BQSIsbnVsbCwiQUkiLCIyODMzIl1dXQ==,2026-09-12 18:41:30.502709
342,73,PNQ,CCU,2026-09-12,2026-09-19,14342.00,INR,585,Round trip,IndiGo,1,143,WyJDalJJVGxaWU5VRk5WRzFOYkRCQlIzWmpVMUZDUnkwdExTMHRMUzB0TFMxMmRHaGlNVUZCUVVGQlIzRnNWRFZKVEc1SGREQkJFZ3cyUlRFd00zdzJSVFkwT1RRYUNnaUdjQkFBR2dOSlRsSTRISENoZFE9PSIsW1siUE5RIiwiMjAyNi0wOS0xMiIsIkhZRCIsbnVsbCwiNkUiLCIxMDMiXSxbIkhZRCIsIjIwMjYtMDktMTMiLCJDQ1UiLG51bGwsIjZFIiwiNjQ5NCJdXV0=,2026-09-12 18:41:38.474124
343,73,PNQ,CCU,2026-09-12,2026-09-19,15114.00,INR,155,Round trip,IndiGo,0,114,WyJDalJJVGxaWU5VRk5WRzFOYkRCQlIzWmpVMUZDUnkwdExTMHRMUzB0TFMxMmRHaGlNVUZCUVVGQlIzRnNWRFZKVEc1SGREQkJFZ1kyUlRZNU1qRWFDZ2lLZGhBQUdnTkpUbEk0SEhESmV3PT0iLFtbIlBOUSIsIjIwMjYtMDktMTIiLCJDQ1UiLG51bGwsIjZFIiwiNjkyMSJdXV0=,2026-09-12 18:41:38.478055
344,73,PNQ,CCU,2026-09-12,2026-09-19,,INR,410,Round trip,Air India,1,226,WyJDalJJVGxaWU5VRk5WRzFOYkRCQlIzWmpVMUZDUnkwdExTMHRMUzB0TFMxMmRHaGlNVUZCUVVGQlIzRnNWRFZKVEc1SGREQkJFZzFCU1RFNE1EUjhRVWt5TnpBeU9Cdz0iLFtbIlBOUSIsIjIwMjYtMDktMTIiLCJERUwiLG51bGwsIkFJIiwiMTgwNCJdLFsiREVMIiwiMjAyNi0wOS0xMyIsIkNDVSIsbnVsbCwiQUkiLCIyNzAyIl1dXQ==,2026-09-12 18:41:38.479499
345,74,PNQ,AMD,2026-09-12,2026-09-19,9691.00,INR,80,Round trip,IndiGo,0,57,WyJDalJJVDBWS2NGRnVWWFJsZVd0QlN6TkpSRUZDUnkwdExTMHRMUzB0TFMxNWJHdDJPVUZCUVVGQlIzRnNWRFZWVGpST1NqSkJFZ1UyUlRVME54b0tDTnRMRUFBYUEwbE9VamdjY0o1UCIsW1siUE5RIiwiMjAyNi0wOS0xMiIsIkFNRCIsbnVsbCwiNkUiLCI1NDciXV1d,2026-09-12 18:41:46.630447
346,74,PNQ,AMD,2026-09-12,2026-09-19,10071.00,INR,85,Round trip,Akasa Air,0,55,WyJDalJJVDBWS2NGRnVWWFJsZVd0QlN6TkpSRUZDUnkwdExTMHRMUzB0TFMxNWJHdDJPVUZCUVVGQlIzRnNWRFZWVGpST1NqSkJFZ1pSVURFNU1UZ2FDZ2pYVGhBQUdnTkpUbEk0SEhDclVnPT0iLFtbIlBOUSIsIjIwMjYtMDktMTIiLCJBTUQiLG51bGwsIlFQIiwiMTkxOCJdXV0=,2026-09-12 18:41:46.633212
347,75,PNQ,COK,2026-09-12,2026-09-19,13509.00,INR,495,Round trip,IndiGo,1,110,WyJDalJJUVY5UmNtcE9jVkJqTWpSQlNHeDBUWGRDUnkwdExTMHRMWFozYUdReE55MXVNa0ZCUVVGQlIzRnNWRFUwUW1sVFMxVkJFZ3cyUlRZd05UVjhOa1UzTmpNYUNnakZhUkFBR2dOSlRsSTRISEM1Ymc9PSIsW1siUE5RIiwiMjAyNi0wOS0xMiIsIkJMUiIsbnVsbCwiNkUiLCI2MDU1Il0sWyJCTFIiLCIyMDI2LTA5LTEzIiwiQ09LIixudWxsLCI2RSIsIjc2MyJdXV0=,2026-09-12 18:41:53.227124
348,75,PNQ,COK,2026-09-12,2026-09-19,50453.00,INR,1470,Round trip,"Air India, Air India Express",1,295,WyJDalJJUVY5UmNtcE9jVkJqTWpSQlNHeDBUWGRDUnkwdExTMHRMWFozYUdReE55MXVNa0ZCUVVGQlIzRnNWRFUwUW1sVFMxVkJFZzFCU1RFNE1EUjhTVmd4T0RFMUdnc0lsWW9ERUFBYUEwbE9VamdjY01DY0F3PT0iLFtbIlBOUSIsIjIwMjYtMDktMTIiLCJERUwiLG51bGwsIkFJIiwiMTgwNCJdLFsiREVMIiwiMjAyNi0wOS0xMyIsIkNPSyIsbnVsbCwiSVgiLCIxODE1Il1dXQ==,2026-09-12 18:41:53.230859
349,75,PNQ,COK,2026-09-12,2026-09-19,50740.00,INR,1335,Round trip,Air India,1,276,WyJDalJJUVY5UmNtcE9jVkJqTWpSQlNHeDBUWGRDUnkwdExTMHRMWFozYUdReE55MXVNa0ZCUVVGQlIzRnNWRFUwUW1sVFMxVkJFZzFCU1RFNE1EUjhRVWt4TnpNNEdnc0l0SXdERUFBYUEwbE9VamdjY095ZUF3PT0iLFtbIlBOUSIsIjIwMjYtMDktMTIiLCJERUwiLG51bGwsIkFJIiwiMTgwNCJdLFsiREVMIiwiMjAyNi0wOS0xMyIsIkNPSyIsbnVsbCwiQUkiLCIxNzM4Il1dXQ==,2026-09-12 18:41:53.234437
350,75,PNQ,COK,2026-09-12,2026-09-19,51504.00,INR,1040,Round trip,Air India,1,276,WyJDalJJUVY5UmNtcE9jVkJqTWpSQlNHeDBUWGRDUnkwdExTMHRMWFozYUdReE55MXVNa0ZCUVVGQlIzRnNWRFUwUW1sVFMxVkJFZzFCU1RFNE1EUjhRVWt5TkRVNEdnc0lzSklERUFBYUEwbE9VamdjY0l5bEF3PT0iLFtbIlBOUSIsIjIwMjYtMDktMTIiLCJERUwiLG51bGwsIkFJIiwiMTgwNCJdLFsiREVMIiwiMjAyNi0wOS0xMyIsIkNPSyIsbnVsbCwiQUkiLCIyNDU4Il1dXQ==,2026-09-12 18:41:53.24131
351,75,PNQ,COK,2026-09-12,2026-09-19,52269.00,INR,985,Round trip,"Air India, Air India Express",1,295,WyJDalJJUVY5UmNtcE9jVkJqTWpSQlNHeDBUWGRDUnkwdExTMHRMWFozYUdReE55MXVNa0ZCUVVGQlIzRnNWRFUwUW1sVFMxVkJFZzFCU1RFNE1EUjhTVmd4T0RFeUdnc0lyWmdERUFBYUEwbE9VamdjY0t5ckF3PT0iLFtbIlBOUSIsIjIwMjYtMDktMTIiLCJERUwiLG51bGwsIkFJIiwiMTgwNCJdLFsiREVMIiwiMjAyNi0wOS0xMyIsIkNPSyIsbnVsbCwiSVgiLCIxODEyIl1dXQ==,2026-09-12 18:41:53.244862
352,76,PNQ,GOI,2026-09-12,2026-09-19,42331.00,INR,565,Round trip,"Air India, Air India Express",1,257,WyJDalJJVlVSYWVHNTVja1JuUmxsQlJWUXlPWGRDUnkwdExTMHRMUzB0TFhCbVltbHRORUZCUVVGQlIzRnNWRGRKUTNoMVRrOUJFZzFCU1RFNE1EUjhTVmd4TVRBNEdnc0kyOG9DRUFBYUEwbE9VamdjY0l6YUFnPT0iLFtbIlBOUSIsIjIwMjYtMDktMTIiLCJERUwiLG51bGwsIkFJIiwiMTgwNCJdLFsiREVMIiwiMjAyNi0wOS0xMyIsIkdPSSIsbnVsbCwiSVgiLCIxMTA4Il1dXQ==,2026-09-12 18:42:10.988781
353,76,PNQ,GOI,2026-09-12,2026-09-19,43856.00,INR,1230,Round trip,Air India,1,242,WyJDalJJVlVSYWVHNTVja1JuUmxsQlJWUXlPWGRDUnkwdExTMHRMUzB0TFhCbVltbHRORUZCUVVGQlIzRnNWRGRKUTNoMVRrOUJFZ3hCU1RFNE1EUjhRVWswT0RjYUN3alExZ0lRQUJvRFNVNVNPQnh3eU9ZQyIsW1siUE5RIiwiMjAyNi0wOS0xMiIsIkRFTCIsbnVsbCwiQUkiLCIxODA0Il0sWyJERUwiLCIyMDI2LTA5LTEzIiwiR09JIixudWxsLCJBSSIsIjQ4NyJdXV0=,2026-09-12 18:42:10.991772
354,76,PNQ,GOI,2026-09-12,2026-09-19,47726.00,INR,930,Round trip,Air India,1,242,WyJDalJJVlVSYWVHNTVja1JuUmxsQlJWUXlPWGRDUnkwdExTMHRMUzB0TFhCbVltbHRORUZCUVVGQlIzRnNWRGRKUTNoMVRrOUJFZzFCU1RFNE1EUjhRVWt5TmpJM0dnc0k3dlFDRUFBYUEwbE9VamdjY0pxR0F3PT0iLFtbIlBOUSIsIjIwMjYtMDktMTIiLCJERUwiLG51bGwsIkFJIiwiMTgwNCJdLFsiREVMIiwiMjAyNi0wOS0xMyIsIkdPSSIsbnVsbCwiQUkiLCIyNjI3Il1dXQ==,2026-09-12 18:42:10.994101
355,77,AMD,BLR,2026-09-12,2026-09-19,19025.00,INR,130,Round trip,IndiGo,0,94,WyJDalJJVGxaWU5VRk5WRzFOYkRCQlIzWm9abmRDUnkwdExTMHRMUzB0TFMxMmRHaGlNVUZCUVVGQlIzRnNWRGQzUWtjNFYwTkJFZ1UyUlRrNU5ob0xDTkdVQVJBQUdnTkpUbEk0SEhER213RT0iLFtbIkFNRCIsIjIwMjYtMDktMTIiLCJCTFIiLG51bGwsIjZFIiwiOTk2Il1dXQ==,2026-09-12 18:42:22.671652
464,104,BLR,DEL,2026-09-13,2026-09-20,18276.00,INR,180,Round trip,IndiGo,0,124,WyJDalJJYW5sNVFtZExPVmxWZURoQlQyTXhZbWRDUnkwdExTMHRMUzB0TFMxdmVXTmlOMEZCUVVGQlIzRnNWVXh2UVhwb1lrdEJFZ1UyUlRnek1Cb0xDT1NPQVJBQUdnTkpUbEk0SEhDMmxRRT0iLFtbIkJMUiIsIjIwMjYtMDktMTMiLCJERUwiLG51bGwsIjZFIiwiODMwIl1dXQ==,2026-09-12 18:46:34.773216
356,77,AMD,BLR,2026-09-12,2026-09-19,27324.00,INR,595,Round trip,Air India,1,222,WyJDalJJVGxaWU5VRk5WRzFOYkRCQlIzWm9abmRDUnkwdExTMHRMUzB0TFMxMmRHaGlNVUZCUVVGQlIzRnNWRGQzUWtjNFYwTkJFZzFCU1RJMU5EWjhRVWt5TkRBNUdnc0l2TlVCRUFBYUEwbE9VamdjY0xQZkFRPT0iLFtbIkFNRCIsIjIwMjYtMDktMTIiLCJERUwiLG51bGwsIkFJIiwiMjU0NiJdLFsiREVMIiwiMjAyNi0wOS0xMyIsIkJMUiIsbnVsbCwiQUkiLCIyNDA5Il1dXQ==,2026-09-12 18:42:22.674854
357,77,AMD,BLR,2026-09-12,2026-09-19,36383.00,INR,430,Round trip,IndiGo,1,187,WyJDalJJVGxaWU5VRk5WRzFOYkRCQlIzWm9abmRDUnkwdExTMHRMUzB0TFMxMmRHaGlNVUZCUVVGQlIzRnNWRGQzUWtjNFYwTkJFZzAyUlRZek5URjhOa1UxTWprMEdnc0luNXdDRUFBYUEwbE9VamdjY0x1cEFnPT0iLFtbIkFNRCIsIjIwMjYtMDktMTIiLCJCT00iLG51bGwsIjZFIiwiNjM1MSJdLFsiQk9NIiwiMjAyNi0wOS0xMyIsIkJMUiIsbnVsbCwiNkUiLCI1Mjk0Il1dXQ==,2026-09-12 18:42:22.678616
358,77,AMD,BLR,2026-09-12,2026-09-19,,INR,275,Round trip,Air India,1,201,WyJDalJJVGxaWU5VRk5WRzFOYkRCQlIzWm9abmRDUnkwdExTMHRMUzB0TFMxMmRHaGlNVUZCUVVGQlIzRnNWRGQzUWtjNFYwTkJFZzFCU1RJME9UUjhRVWt5T0RVM09Cdz0iLFtbIkFNRCIsIjIwMjYtMDktMTIiLCJCT00iLG51bGwsIkFJIiwiMjQ5NCJdLFsiQk9NIiwiMjAyNi0wOS0xMiIsIkJMUiIsbnVsbCwiQUkiLCIyODU3Il1dXQ==,2026-09-12 18:42:22.681974
359,78,AMD,DEL,2026-09-12,2026-09-19,14685.00,INR,100,Round trip,IndiGo,0,66,WyJDalJJYjFwemNXOUxkVlJzTjJkQlFXMXphM2RDUnkwdExTMHRMUzB0TFMxdmVXWnlOVUZCUVVGQlIzRnNWRGhKUTJNNGFtdEJFZ1UyUlRrek1ob0tDTjF5RUFBYUEwbE9VamdjY0loNCIsW1siQU1EIiwiMjAyNi0wOS0xMiIsIkRFTCIsbnVsbCwiNkUiLCI5MzIiXV1d,2026-09-12 18:42:27.136832
360,78,AMD,DEL,2026-09-12,2026-09-19,14947.00,INR,130,Round trip,Air India,0,103,WyJDalJJYjFwemNXOUxkVlJzTjJkQlFXMXphM2RDUnkwdExTMHRMUzB0TFMxdmVXWnlOVUZCUVVGQlIzRnNWRGhKUTJNNGFtdEJFZ1ZCU1RVek1ob0tDT04wRUFBYUEwbE9VamdjY0pwNiIsW1siQU1EIiwiMjAyNi0wOS0xMiIsIkRFTCIsbnVsbCwiQUkiLCI1MzIiXV1d,2026-09-12 18:42:27.141272
361,78,AMD,DEL,2026-09-12,2026-09-19,16995.00,INR,105,Round trip,Air India,0,103,WyJDalJJYjFwemNXOUxkVlJzTjJkQlFXMXphM2RDUnkwdExTMHRMUzB0TFMxdmVXWnlOVUZCUVVGQlIzRnNWRGhKUTJNNGFtdEJFZ1pCU1RFeE1qRWFDd2pqaEFFUUFCb0RTVTVTT0J4dytZb0IiLFtbIkFNRCIsIjIwMjYtMDktMTIiLCJERUwiLG51bGwsIkFJIiwiMTEyMSJdXV0=,2026-09-12 18:42:27.143733
362,78,AMD,DEL,2026-09-12,2026-09-19,16995.00,INR,105,Round trip,Air India,0,79,WyJDalJJYjFwemNXOUxkVlJzTjJkQlFXMXphM2RDUnkwdExTMHRMUzB0TFMxdmVXWnlOVUZCUVVGQlIzRnNWRGhKUTJNNGFtdEJFZ1pCU1RJMU5EWWFDd2pqaEFFUUFCb0RTVTVTT0J4dytZb0IiLFtbIkFNRCIsIjIwMjYtMDktMTIiLCJERUwiLG51bGwsIkFJIiwiMjU0NiJdXV0=,2026-09-12 18:42:27.146259
363,79,AMD,BOM,2026-09-12,2026-09-19,11738.00,INR,95,Round trip,IndiGo,0,49,WyJDalJJUnkxMVYyZEZZaTFyYjNkQlMyTndSMmRDUnkwdExTMHRMUzB0TFMxNWJHOW9PRUZCUVVGQlIzRnNWRGh2VGpWbVNEaEJFZ1UyUlRnMk9Cb0tDTnBiRUFBYUEwbE9VamdjY1B4ZiIsW1siQU1EIiwiMjAyNi0wOS0xMiIsIkJPTSIsbnVsbCwiNkUiLCI4NjgiXV1d,2026-09-12 18:42:34.961386
364,79,AMD,BOM,2026-09-12,2026-09-19,11793.00,INR,75,Round trip,IndiGo,0,53,WyJDalJJUnkxMVYyZEZZaTFyYjNkQlMyTndSMmRDUnkwdExTMHRMUzB0TFMxNWJHOW9PRUZCUVVGQlIzRnNWRGh2VGpWbVNEaEJFZ1kyUlRZek5URWFDZ2lSWEJBQUdnTkpUbEk0SEhDMllBPT0iLFtbIkFNRCIsIjIwMjYtMDktMTIiLCJCT00iLG51bGwsIjZFIiwiNjM1MSJdXV0=,2026-09-12 18:42:34.965154
365,79,AMD,BOM,2026-09-12,2026-09-19,11854.00,INR,100,Round trip,Air India,0,79,WyJDalJJUnkxMVYyZEZZaTFyYjNkQlMyTndSMmRDUnkwdExTMHRMUzB0TFMxNWJHOW9PRUZCUVVGQlIzRnNWRGh2VGpWbVNEaEJFZ1pCU1RJME9UUWFDZ2pPWEJBQUdnTkpUbEk0SEhEMVlBPT0iLFtbIkFNRCIsIjIwMjYtMDktMTIiLCJCT00iLG51bGwsIkFJIiwiMjQ5NCJdXV0=,2026-09-12 18:42:34.967768
366,79,AMD,BOM,2026-09-12,2026-09-19,,INR,500,Round trip,Air India,1,182,WyJDalJJUnkxMVYyZEZZaTFyYjNkQlMyTndSMmRDUnkwdExTMHRMUzB0TFMxNWJHOW9PRUZCUVVGQlIzRnNWRGh2VGpWbVNEaEJFZzFCU1RJMU5EWjhRVWt4TnpRMU9Cdz0iLFtbIkFNRCIsIjIwMjYtMDktMTIiLCJERUwiLG51bGwsIkFJIiwiMjU0NiJdLFsiREVMIiwiMjAyNi0wOS0xMyIsIkJPTSIsbnVsbCwiQUkiLCIxNzQ1Il1dXQ==,2026-09-12 18:42:34.970292
367,80,AMD,HYD,2026-09-12,2026-09-19,18849.00,INR,95,Round trip,IndiGo,0,76,WyJDalJJTkZwb0xXdGFkSEZsUWxGQlFWRk5RbEZDUnkwdExTMHRMUzB0TFc5NVozQXlOVUZCUVVGQlIzRnNWRGcwU21WalFYZEJFZ1kyUlRZM01qZ2FDd2loa3dFUUFCb0RTVTVTT0J4d2pwb0IiLFtbIkFNRCIsIjIwMjYtMDktMTIiLCJIWUQiLG51bGwsIjZFIiwiNjcyOCJdXV0=,2026-09-12 18:42:43.443871
368,80,AMD,HYD,2026-09-12,2026-09-19,19480.00,INR,285,Round trip,IndiGo,1,122,WyJDalJJTkZwb0xXdGFkSEZsUWxGQlFWRk5RbEZDUnkwdExTMHRMUzB0TFc5NVozQXlOVUZCUVVGQlIzRnNWRGcwU21WalFYZEJFZ3cyUlRnMk9IdzJSVFl4T0RjYUN3aVltQUVRQUJvRFNVNVNPQnh3b3A4QiIsW1siQU1EIiwiMjAyNi0wOS0xMiIsIkJPTSIsbnVsbCwiNkUiLCI4NjgiXSxbIkJPTSIsIjIwMjYtMDktMTMiLCJIWUQiLG51bGwsIjZFIiwiNjE4NyJdXV0=,2026-09-12 18:42:43.446918
369,80,AMD,HYD,2026-09-12,2026-09-19,26369.00,INR,410,Round trip,Air India,1,218,WyJDalJJTkZwb0xXdGFkSEZsUWxGQlFWRk5RbEZDUnkwdExTMHRMUzB0TFc5NVozQXlOVUZCUVVGQlIzRnNWRGcwU21WalFYZEJFZ3hCU1RVek1ueEJTVEkxTnpjYUN3aUJ6Z0VRQUJvRFNVNVNPQnh3eTljQiIsW1siQU1EIiwiMjAyNi0wOS0xMiIsIkRFTCIsbnVsbCwiQUkiLCI1MzIiXSxbIkRFTCIsIjIwMjYtMDktMTMiLCJIWUQiLG51bGwsIkFJIiwiMjU3NyJdXV0=,2026-09-12 18:42:43.450066
370,80,AMD,HYD,2026-09-12,2026-09-19,29192.00,INR,320,Round trip,Air India,1,194,WyJDalJJTkZwb0xXdGFkSEZsUWxGQlFWRk5RbEZDUnkwdExTMHRMUzB0TFc5NVozQXlOVUZCUVVGQlIzRnNWRGcwU21WalFYZEJFZzFCU1RJMU5EWjhRVWt5TlRjM0dnc0lpT1FCRUFBYUEwbE9VamdjY05idUFRPT0iLFtbIkFNRCIsIjIwMjYtMDktMTIiLCJERUwiLG51bGwsIkFJIiwiMjU0NiJdLFsiREVMIiwiMjAyNi0wOS0xMyIsIkhZRCIsbnVsbCwiQUkiLCIyNTc3Il1dXQ==,2026-09-12 18:42:43.453214
371,80,AMD,HYD,2026-09-12,2026-09-19,32746.00,INR,485,Round trip,IndiGo,1,169,WyJDalJJTkZwb0xXdGFkSEZsUWxGQlFWRk5RbEZDUnkwdExTMHRMUzB0TFc5NVozQXlOVUZCUVVGQlIzRnNWRGcwU21WalFYZEJFZzAyUlRZek5URjhOa1UyTXpZeUdnc0k2djhCRUFBYUEwbE9VamdjY04yTEFnPT0iLFtbIkFNRCIsIjIwMjYtMDktMTIiLCJCT00iLG51bGwsIjZFIiwiNjM1MSJdLFsiQk9NIiwiMjAyNi0wOS0xMyIsIkhZRCIsbnVsbCwiNkUiLCI2MzYyIl1dXQ==,2026-09-12 18:42:43.456459
372,81,AMD,MAA,2026-09-12,2026-09-19,20043.00,INR,555,Round trip,IndiGo,1,130,WyJDalJJYW1WNVEweDNhVmhTWWpSQlNsOWtUWGRDUnkwdExTMHRMUzB0TFMxdmEyUnFORUZCUVVGQlIzRnNWRGxqUTIweE1qQkJFZzQyUlRrNU5udzJSVFl5Tmprak1Sb0xDTXVjQVJBQUdnTkpUbEk0SEhEdm93RT0iLFtbIkFNRCIsIjIwMjYtMDktMTIiLCJCTFIiLG51bGwsIjZFIiwiOTk2Il0sWyJCTFIiLCIyMDI2LTA5LTEzIiwiTUFBIixudWxsLCI2RSIsIjYyNjkiXV1d,2026-09-12 18:42:48.046152
373,81,AMD,MAA,2026-09-12,2026-09-19,22979.00,INR,150,Round trip,IndiGo,0,110,WyJDalJJYW1WNVEweDNhVmhTWWpSQlNsOWtUWGRDUnkwdExTMHRMUzB0TFMxdmEyUnFORUZCUVVGQlIzRnNWRGxqUTIweE1qQkJFZ2MyUlRNME9DTXhHZ3NJdzdNQkVBQWFBMGxPVWpnY2NQQzdBUT09IixbWyJBTUQiLCIyMDI2LTA5LTEyIiwiTUFBIixudWxsLCI2RSIsIjM0OCJdXV0=,2026-09-12 18:42:48.049796
374,81,AMD,MAA,2026-09-12,2026-09-19,35854.00,INR,545,Round trip,IndiGo,1,205,WyJDalJJYW1WNVEweDNhVmhTWWpSQlNsOWtUWGRDUnkwdExTMHRMUzB0TFMxdmEyUnFORUZCUVVGQlIzRnNWRGxqUTIweE1qQkJFZzgyUlRZek5URjhOa1UxTVRnNEl6RWFDd2lPbUFJUUFCb0RTVTVTT0J4d2txVUMiLFtbIkFNRCIsIjIwMjYtMDktMTIiLCJCT00iLG51bGwsIjZFIiwiNjM1MSJdLFsiQk9NIiwiMjAyNi0wOS0xMyIsIk1BQSIsbnVsbCwiNkUiLCI1MTg4Il1dXQ==,2026-09-12 18:42:48.053095
375,82,AMD,CCU,2026-09-12,2026-09-19,17178.00,INR,160,Round trip,IndiGo,0,114,WyJDalJJZVRRMWRrdzVZbHBSTm1kQlMwRmtUMUZDUnkwdExTMHRMUzB0ZVdsaVkya3hOMEZCUVVGQlIzRnNWQzFGUTBsM1NYVkJFZ1UyUlRNeE9Sb0xDSnFHQVJBQUdnTkpUbEk0SEhDNWpBRT0iLFtbIkFNRCIsIjIwMjYtMDktMTIiLCJDQ1UiLG51bGwsIjZFIiwiMzE5Il1dXQ==,2026-09-12 18:43:00.753909
376,82,AMD,CCU,2026-09-12,2026-09-19,22023.00,INR,590,Round trip,Air India,1,194,WyJDalJJZVRRMWRrdzVZbHBSTm1kQlMwRmtUMUZDUnkwdExTMHRMUzB0ZVdsaVkya3hOMEZCUVVGQlIzRnNWQzFGUTBsM1NYVkJFZzFCU1RJMU5EWjhRVWt5TlRNMUdnc0loNndCRUFBYUEwbE9VamdjY0llMEFRPT0iLFtbIkFNRCIsIjIwMjYtMDktMTIiLCJERUwiLG51bGwsIkFJIiwiMjU0NiJdLFsiREVMIiwiMjAyNi0wOS0xMyIsIkNDVSIsbnVsbCwiQUkiLCIyNTM1Il1dXQ==,2026-09-12 18:43:00.756245
377,82,AMD,CCU,2026-09-12,2026-09-19,38122.00,INR,350,Round trip,Air India,1,194,WyJDalJJZVRRMWRrdzVZbHBSTm1kQlMwRmtUMUZDUnkwdExTMHRMUzB0ZVdsaVkya3hOMEZCUVVGQlIzRnNWQzFGUTBsM1NYVkJFZzFCU1RJMU5EWjhRVWt5TnpBeUdnc0k2cWtDRUFBYUEwbE9VamdjY05lM0FnPT0iLFtbIkFNRCIsIjIwMjYtMDktMTIiLCJERUwiLG51bGwsIkFJIiwiMjU0NiJdLFsiREVMIiwiMjAyNi0wOS0xMyIsIkNDVSIsbnVsbCwiQUkiLCIyNzAyIl1dXQ==,2026-09-12 18:43:00.7585
378,83,AMD,PNQ,2026-09-12,2026-09-19,13471.00,INR,505,Round trip,IndiGo,1,92,WyJDalJJVDBWS2NGRnVWWFJsZVd0QlN6TlljbWRDUnkwdExTMHRMUzB0TFMxNWJHdDJPVUZCUVVGQlIzRnNWQzFuU2t4QmNXbEJFZ3cyUlRjeE9EZDhOa1V4TWpBYUNnaWZhUkFBR2dOSlRsSTRISENTYmc9PSIsW1siQU1EIiwiMjAyNi0wOS0xMiIsIklEUiIsbnVsbCwiNkUiLCI3MTg3Il0sWyJJRFIiLCIyMDI2LTA5LTEzIiwiUE5RIixudWxsLCI2RSIsIjEyMCJdXV0=,2026-09-12 18:43:04.945314
379,83,AMD,PNQ,2026-09-12,2026-09-19,17767.00,INR,90,Round trip,Akasa Air,0,53,WyJDalJJVDBWS2NGRnVWWFJsZVd0QlN6TlljbWRDUnkwdExTMHRMUzB0TFMxNWJHdDJPVUZCUVVGQlIzRnNWQzFuU2t4QmNXbEJFZ1pSVURFNU1UY2FDd2puaWdFUUFCb0RTVTVTT0J4d29aRUIiLFtbIkFNRCIsIjIwMjYtMDktMTIiLCJQTlEiLG51bGwsIlFQIiwiMTkxNyJdXV0=,2026-09-12 18:43:04.948688
380,83,AMD,PNQ,2026-09-12,2026-09-19,22739.00,INR,75,Round trip,IndiGo,0,55,WyJDalJJVDBWS2NGRnVWWFJsZVd0QlN6TlljbWRDUnkwdExTMHRMUzB0TFMxNWJHdDJPVUZCUVVGQlIzRnNWQzFuU2t4QmNXbEJFZ1UyUlRjNU5Cb0xDTk94QVJBQUdnTkpUbEk0SEhEMXVRRT0iLFtbIkFNRCIsIjIwMjYtMDktMTIiLCJQTlEiLG51bGwsIjZFIiwiNzk0Il1dXQ==,2026-09-12 18:43:04.95141
381,83,AMD,PNQ,2026-09-12,2026-09-19,,INR,315,Round trip,Air India,1,184,WyJDalJJVDBWS2NGRnVWWFJsZVd0QlN6TlljbWRDUnkwdExTMHRMUzB0TFMxNWJHdDJPVUZCUVVGQlIzRnNWQzFuU2t4QmNXbEJFZzFCU1RJMU5EWjhRVWt5TnpFeE9Cdz0iLFtbIkFNRCIsIjIwMjYtMDktMTIiLCJERUwiLG51bGwsIkFJIiwiMjU0NiJdLFsiREVMIiwiMjAyNi0wOS0xMyIsIlBOUSIsbnVsbCwiQUkiLCIyNzExIl1dXQ==,2026-09-12 18:43:04.953743
382,84,AMD,COK,2026-09-12,2026-09-19,23517.00,INR,605,Round trip,IndiGo,1,130,WyJDalJJUkdkWlREZFNjRVU0VTJOQlJtdEJXbmRDUnkwdExTMHRMUzB0TFhscFltZHdPRUZCUVVGQlIzRnNWQzB3UkZSSGFubEJFZ3cyUlRnMk9IdzJSVFkzTURFYUN3amR0d0VRQUJvRFNVNVNPQnh3bzhBQiIsW1siQU1EIiwiMjAyNi0wOS0xMiIsIkJPTSIsbnVsbCwiNkUiLCI4NjgiXSxbIkJPTSIsIjIwMjYtMDktMTMiLCJDT0siLG51bGwsIjZFIiwiNjcwMSJdXV0=,2026-09-12 18:43:09.86749
383,84,AMD,COK,2026-09-12,2026-09-19,23572.00,INR,495,Round trip,IndiGo,1,134,WyJDalJJUkdkWlREZFNjRVU0VTJOQlJtdEJXbmRDUnkwdExTMHRMUzB0TFhscFltZHdPRUZCUVVGQlIzRnNWQzB3UkZSSGFubEJFZzAyUlRZek5URjhOa1UyTnpBeEdnc0lsTGdCRUFBYUEwbE9VamdjY056QUFRPT0iLFtbIkFNRCIsIjIwMjYtMDktMTIiLCJCT00iLG51bGwsIjZFIiwiNjM1MSJdLFsiQk9NIiwiMjAyNi0wOS0xMyIsIkNPSyIsbnVsbCwiNkUiLCI2NzAxIl1dXQ==,2026-09-12 18:43:09.870345
384,84,AMD,COK,2026-09-12,2026-09-19,35350.00,INR,485,Round trip,IndiGo,1,135,WyJDalJJUkdkWlREZFNjRVU0VTJOQlJtdEJXbmRDUnkwdExTMHRMUzB0TFhscFltZHdPRUZCUVVGQlIzRnNWQzB3UkZSSGFubEJFZ3cyUlRjNU5IdzJSVFl4TWprYUN3aVdsQUlRQUJvRFNVNVNPQnh3Z3FFQyIsW1siQU1EIiwiMjAyNi0wOS0xMiIsIlBOUSIsbnVsbCwiNkUiLCI3OTQiXSxbIlBOUSIsIjIwMjYtMDktMTMiLCJDT0siLG51bGwsIjZFIiwiNjEyOSJdXV0=,2026-09-12 18:43:09.87473
385,85,AMD,GOI,2026-09-12,2026-09-19,20125.00,INR,520,Round trip,IndiGo,1,94,WyJDalJJTUU5T2MzcFhTVmxLTlhOQlMyazRZWGRDUnkwdExTMHRMUzB0TFhsc2JHc3lNRUZCUVVGQlIzRnNWRjlKUlZGVlEybEJFZ3cyUlRnMk9IdzJSVFl6TmpFYUN3aWRuUUVRQUJvRFNVNVNPQnh3eGFRQiIsW1siQU1EIiwiMjAyNi0wOS0xMiIsIkJPTSIsbnVsbCwiNkUiLCI4NjgiXSxbIkJPTSIsIjIwMjYtMDktMTMiLCJHT0kiLG51bGwsIjZFIiwiNjM2MSJdXV0=,2026-09-12 18:43:19.137545
386,85,AMD,GOI,2026-09-12,2026-09-19,20180.00,INR,410,Round trip,IndiGo,1,98,WyJDalJJTUU5T2MzcFhTVmxLTlhOQlMyazRZWGRDUnkwdExTMHRMUzB0TFhsc2JHc3lNRUZCUVVGQlIzRnNWRjlKUlZGVlEybEJFZzAyUlRZek5URjhOa1UyTXpZeEdnc0kxSjBCRUFBYUEwbE9VamdjY1Ara0FRPT0iLFtbIkFNRCIsIjIwMjYtMDktMTIiLCJCT00iLG51bGwsIjZFIiwiNjM1MSJdLFsiQk9NIiwiMjAyNi0wOS0xMyIsIkdPSSIsbnVsbCwiNkUiLCI2MzYxIl1dXQ==,2026-09-12 18:43:19.144258
387,85,AMD,GOI,2026-09-12,2026-09-19,29078.00,INR,505,Round trip,"Air India, Air India Express",1,225,WyJDalJJTUU5T2MzcFhTVmxLTlhOQlMyazRZWGRDUnkwdExTMHRMUzB0TFhsc2JHc3lNRUZCUVVGQlIzRnNWRjlKUlZGVlEybEJFZzFCU1RJMU5EWjhTVmd4TVRBNEdnc0lsdU1CRUFBYUEwbE9VamdjY043dEFRPT0iLFtbIkFNRCIsIjIwMjYtMDktMTIiLCJERUwiLG51bGwsIkFJIiwiMjU0NiJdLFsiREVMIiwiMjAyNi0wOS0xMyIsIkdPSSIsbnVsbCwiSVgiLCIxMTA4Il1dXQ==,2026-09-12 18:43:19.147882
388,85,AMD,GOI,2026-09-12,2026-09-19,26087.00,INR,1005,Round trip,"Air India, Air India Express",1,134,WyJDalJJTUU5T2MzcFhTVmxLTlhOQlMyazRZWGRDUnkwdExTMHRMUzB0TFhsc2JHc3lNRUZCUVVGQlIzRnNWRjlKUlZGVlEybEJFZzFCU1RJME9UUjhTVmd4TWpNNEdnc0k1OHNCRUFBYUEwbE9VamdjY0tUVkFRPT0iLFtbIkFNRCIsIjIwMjYtMDktMTIiLCJCT00iLG51bGwsIkFJIiwiMjQ5NCJdLFsiQk9NIiwiMjAyNi0wOS0xMyIsIkdPSSIsbnVsbCwiSVgiLCIxMjM4Il1dXQ==,2026-09-12 18:43:19.151351
389,85,AMD,GOI,2026-09-12,2026-09-19,28858.00,INR,595,Round trip,"Air India, Air India Express",1,249,WyJDalJJTUU5T2MzcFhTVmxLTlhOQlMyazRZWGRDUnkwdExTMHRMUzB0TFhsc2JHc3lNRUZCUVVGQlIzRnNWRjlKUlZGVlEybEJFZ3hCU1RVek1ueEpXREV4TURnYUN3aTY0UUVRQUJvRFNVNVNPQnh3K09zQiIsW1siQU1EIiwiMjAyNi0wOS0xMiIsIkRFTCIsbnVsbCwiQUkiLCI1MzIiXSxbIkRFTCIsIjIwMjYtMDktMTMiLCJHT0kiLG51bGwsIklYIiwiMTEwOCJdXV0=,2026-09-12 18:43:19.155247
390,85,AMD,GOI,2026-09-12,2026-09-19,30482.00,INR,1260,Round trip,Air India,1,234,WyJDalJJTUU5T2MzcFhTVmxLTlhOQlMyazRZWGRDUnkwdExTMHRMUzB0TFhsc2JHc3lNRUZCUVVGQlIzRnNWRjlKUlZGVlEybEJFZ3RCU1RVek1ueEJTVFE0TnhvTENKTHVBUkFBR2dOSlRsSTRISENjK1FFPSIsW1siQU1EIiwiMjAyNi0wOS0xMiIsIkRFTCIsbnVsbCwiQUkiLCI1MzIiXSxbIkRFTCIsIjIwMjYtMDktMTMiLCJHT0kiLG51bGwsIkFJIiwiNDg3Il1dXQ==,2026-09-12 18:43:19.159667
391,85,AMD,GOI,2026-09-12,2026-09-19,30769.00,INR,570,Round trip,Air India,1,134,WyJDalJJTUU5T2MzcFhTVmxLTlhOQlMyazRZWGRDUnkwdExTMHRMUzB0TFhsc2JHc3lNRUZCUVVGQlIzRnNWRjlKUlZGVlEybEJFZ3hCU1RJME9UUjhRVWsyTURNYUN3aXg4QUVRQUJvRFNVNVNPQnh3eVBzQiIsW1siQU1EIiwiMjAyNi0wOS0xMiIsIkJPTSIsbnVsbCwiQUkiLCIyNDk0Il0sWyJCT00iLCIyMDI2LTA5LTEzIiwiR09JIixudWxsLCJBSSIsIjYwMyJdXV0=,2026-09-12 18:43:19.162701
392,85,AMD,GOI,2026-09-12,2026-09-19,42449.00,INR,870,Round trip,Air India,1,209,WyJDalJJTUU5T2MzcFhTVmxLTlhOQlMyazRZWGRDUnkwdExTMHRMUzB0TFhsc2JHc3lNRUZCUVVGQlIzRnNWRjlKUlZGVlEybEJFZzFCU1RJMU5EWjhRVWt5TmpJM0dnc0kwY3NDRUFBYUEwbE9VamdjY0lmYkFnPT0iLFtbIkFNRCIsIjIwMjYtMDktMTIiLCJERUwiLG51bGwsIkFJIiwiMjU0NiJdLFsiREVMIiwiMjAyNi0wOS0xMyIsIkdPSSIsbnVsbCwiQUkiLCIyNjI3Il1dXQ==,2026-09-12 18:43:19.165732
393,86,COK,BLR,2026-09-12,2026-09-19,12939.00,INR,70,Round trip,IndiGo,0,43,WyJDalJJZUd0SVZXc3hZVTVIYzNOQlFVOTJYM2RDUnkwdExTMHRMUzEyZEhWdU55MXVNa0ZCUVVGQlIzRnNWRjl6VFdjNVUzRkJFZ1UyUlRRM01ob0tDSXRsRUFBYUEwbE9VamdjY09WcCIsW1siQ09LIiwiMjAyNi0wOS0xMiIsIkJMUiIsbnVsbCwiNkUiLCI0NzIiXV1d,2026-09-12 18:43:23.856012
394,86,COK,BLR,2026-09-12,2026-09-19,,INR,335,Round trip,Air India,1,227,WyJDalJJZUd0SVZXc3hZVTVIYzNOQlFVOTJYM2RDUnkwdExTMHRMUzEyZEhWdU55MXVNa0ZCUVVGQlIzRnNWRjl6VFdjNVUzRkJFZ3hCU1RZNU9YeEJTVEk0TlRjNEhBPT0iLFtbIkNPSyIsIjIwMjYtMDktMTIiLCJCT00iLG51bGwsIkFJIiwiNjk5Il0sWyJCT00iLCIyMDI2LTA5LTEyIiwiQkxSIixudWxsLCJBSSIsIjI4NTciXV1d,2026-09-12 18:43:23.859597
395,87,COK,DEL,2026-09-12,2026-09-19,23597.00,INR,200,Round trip,Air India Express,0,185,WyJDalJJWTFnMGRuTjBVbXhSUnpCQlNGcFNVbWRDUnkwdExTMHRMUzB0TFhaM2FtOHlORUZCUVVGQlIzRnNWRjg0U1VkVVVUaEJFZ1pKV0RFNE1UWWFDd2l0dUFFUUFCb0RTVTVTT0J4dzk4QUIiLFtbIkNPSyIsIjIwMjYtMDktMTIiLCJERUwiLG51bGwsIklYIiwiMTgxNiJdXV0=,2026-09-12 18:43:31.147609
396,87,COK,DEL,2026-09-12,2026-09-19,24300.00,INR,195,Round trip,IndiGo,0,147,WyJDalJJWTFnMGRuTjBVbXhSUnpCQlNGcFNVbWRDUnkwdExTMHRMUzB0TFhaM2FtOHlORUZCUVVGQlIzRnNWRjg0U1VkVVVUaEJFZ1kyUlRJek9ESWFDd2pzdlFFUUFCb0RTVTVTT0J4dzFzWUIiLFtbIkNPSyIsIjIwMjYtMDktMTIiLCJERUwiLG51bGwsIjZFIiwiMjM4MiJdXV0=,2026-09-12 18:43:31.151428
397,87,COK,DEL,2026-09-12,2026-09-19,26139.00,INR,205,Round trip,Air India,0,165,WyJDalJJWTFnMGRuTjBVbXhSUnpCQlNGcFNVbWRDUnkwdExTMHRMUzB0TFhaM2FtOHlORUZCUVVGQlIzRnNWRjg0U1VkVVVUaEJFZ1pCU1RFNE1qZ2FDd2liekFFUUFCb0RTVTVTT0J4dzI5VUIiLFtbIkNPSyIsIjIwMjYtMDktMTIiLCJERUwiLG51bGwsIkFJIiwiMTgyOCJdXV0=,2026-09-12 18:43:31.153978
398,87,COK,DEL,2026-09-12,2026-09-19,35451.00,INR,665,Round trip,Air India Express,1,223,WyJDalJJWTFnMGRuTjBVbXhSUnpCQlNGcFNVbWRDUnkwdExTMHRMUzB0TFhaM2FtOHlORUZCUVVGQlIzRnNWRjg0U1VkVVVUaEJFZzFKV0RJM01qQjhTVmd4TmpjeUdnc0krNVFDRUFBYUEwbE9VamdjY095aEFnPT0iLFtbIkNPSyIsIjIwMjYtMDktMTIiLCJQTlEiLG51bGwsIklYIiwiMjcyMCJdLFsiUE5RIiwiMjAyNi0wOS0xMyIsIkRFTCIsbnVsbCwiSVgiLCIxNjcyIl1dXQ==,2026-09-12 18:43:31.156673
399,87,COK,DEL,2026-09-12,2026-09-19,41662.00,INR,490,Round trip,"Air India Express, Air India",1,221,WyJDalJJWTFnMGRuTjBVbXhSUnpCQlNGcFNVbWRDUnkwdExTMHRMUzB0TFhaM2FtOHlORUZCUVVGQlIzRnNWRjg0U1VkVVVUaEJFZzFKV0RJM01qQjhRVWt5TnpFeUdnc0l2c1VDRUFBYUEwbE9VamdjY05EVUFnPT0iLFtbIkNPSyIsIjIwMjYtMDktMTIiLCJQTlEiLG51bGwsIklYIiwiMjcyMCJdLFsiUE5RIiwiMjAyNi0wOS0xMyIsIkRFTCIsbnVsbCwiQUkiLCIyNzEyIl1dXQ==,2026-09-12 18:43:31.159796
400,88,COK,BOM,2026-09-12,2026-09-19,14632.00,INR,145,Round trip,Air India Express,0,117,WyJDalJJUjB0dFNFdzVOSGcyUlZGQlJteDVSbmRDUnkwdExTMHRMUzB0YjJ0aVptY3lNVUZCUVVGQlIzRnNWVUZaVGxReWNsVkJFZ1pKV0RFNE1ESWFDZ2lvY2hBQUdnTkpUbEk0SEhEUmR3PT0iLFtbIkNPSyIsIjIwMjYtMDktMTIiLCJCT00iLG51bGwsIklYIiwiMTgwMiJdXV0=,2026-09-12 18:43:42.828326
401,88,COK,BOM,2026-09-12,2026-09-19,16526.00,INR,545,Round trip,Air India Express,1,285,WyJDalJJUjB0dFNFdzVOSGcyUlZGQlJteDVSbmRDUnkwdExTMHRMUzB0YjJ0aVptY3lNVUZCUVVGQlIzRnNWVUZaVGxReWNsVkJFZzFKV0RFNE1UWjhTVmd4TURVMkdnc0lqb0VCRUFBYUEwbE9VamdjY0krSEFRPT0iLFtbIkNPSyIsIjIwMjYtMDktMTIiLCJERUwiLG51bGwsIklYIiwiMTgxNiJdLFsiREVMIiwiMjAyNi0wOS0xMyIsIkJPTSIsbnVsbCwiSVgiLCIxMDU2Il1dXQ==,2026-09-12 18:43:42.831086
402,88,COK,BOM,2026-09-12,2026-09-19,21560.00,INR,125,Round trip,IndiGo,0,85,WyJDalJJUjB0dFNFdzVOSGcyUlZGQlJteDVSbmRDUnkwdExTMHRMUzB0YjJ0aVptY3lNVUZCUVVGQlIzRnNWVUZaVGxReWNsVkJFZ1kyUlRJd09UUWFDd2k0cUFFUUFCb0RTVTVTT0J4d283QUIiLFtbIkNPSyIsIjIwMjYtMDktMTIiLCJCT00iLG51bGwsIjZFIiwiMjA5NCJdXV0=,2026-09-12 18:43:42.834277
403,88,COK,BOM,2026-09-12,2026-09-19,22054.00,INR,145,Round trip,Air India,0,144,WyJDalJJUjB0dFNFdzVOSGcyUlZGQlJteDVSbmRDUnkwdExTMHRMUzB0YjJ0aVptY3lNVUZCUVVGQlIzRnNWVUZaVGxReWNsVkJFZ1ZCU1RZNU9Sb0xDS2FzQVJBQUdnTkpUbEk0SEhDb3RBRT0iLFtbIkNPSyIsIjIwMjYtMDktMTIiLCJCT00iLG51bGwsIkFJIiwiNjk5Il1dXQ==,2026-09-12 18:43:42.836406
404,88,COK,BOM,2026-09-12,2026-09-19,29823.00,INR,705,Round trip,"Air India Express, Air India",1,288,WyJDalJJUjB0dFNFdzVOSGcyUlZGQlJteDVSbmRDUnkwdExTMHRMUzB0YjJ0aVptY3lNVUZCUVVGQlIzRnNWVUZaVGxReWNsVkJFZzFKV0RFNE1UWjhRVWt5TmpjNEdnc0kvK2dCRUFBYUEwbE9VamdjY09yekFRPT0iLFtbIkNPSyIsIjIwMjYtMDktMTIiLCJERUwiLG51bGwsIklYIiwiMTgxNiJdLFsiREVMIiwiMjAyNi0wOS0xMyIsIkJPTSIsbnVsbCwiQUkiLCIyNjc4Il1dXQ==,2026-09-12 18:43:42.838138
405,88,COK,BOM,2026-09-12,2026-09-19,30530.00,INR,500,Round trip,"Air India Express, Air India",1,288,WyJDalJJUjB0dFNFdzVOSGcyUlZGQlJteDVSbmRDUnkwdExTMHRMUzB0YjJ0aVptY3lNVUZCUVVGQlIzRnNWVUZaVGxReWNsVkJFZzFKV0RFNE1UWjhRVWt4TnpRMUdnc0l3dTRCRUFBYUEwbE9VamdjY003NUFRPT0iLFtbIkNPSyIsIjIwMjYtMDktMTIiLCJERUwiLG51bGwsIklYIiwiMTgxNiJdLFsiREVMIiwiMjAyNi0wOS0xMyIsIkJPTSIsbnVsbCwiQUkiLCIxNzQ1Il1dXQ==,2026-09-12 18:43:42.839856
406,89,COK,HYD,2026-09-12,2026-09-19,,INR,435,Round trip,Air India,1,280,WyJDalJJVEZGMVNGTjFTalEwTXpCQlMxTjZaR2RDUnkwdExTMHRMUzB0YjNsaVpXSXhORUZCUVVGQlIzRnNWVUozUkdaVE9VZEJFZzFCU1RFNE1qaDhRVWt5TlRjM09Cdz0iLFtbIkNPSyIsIjIwMjYtMDktMTIiLCJERUwiLG51bGwsIkFJIiwiMTgyOCJdLFsiREVMIiwiMjAyNi0wOS0xMyIsIkhZRCIsbnVsbCwiQUkiLCIyNTc3Il1dXQ==,2026-09-12 18:43:56.403318
407,90,COK,MAA,2026-09-12,2026-09-19,72786.00,INR,990,Round trip,"Etihad, Akasa Air",1,444,WyJDalJJTmtNMlEzWmFUMjlGVWtGQlIxZHhhRkZDUnkwdExTMHRMUzB0TFMxMmRIcDBPVUZCUVVGQlIzRnNWVU5WUWtkc1NuRkJFZ3RGV1RNek5YeFJVRFU0TnhvTENOSzRCQkFBR2dOSlRsSTRISENMMHdRPSIsW1siQ09LIiwiMjAyNi0wOS0xMiIsIkFVSCIsbnVsbCwiRVkiLCIzMzUiXSxbIkFVSCIsIjIwMjYtMDktMTMiLCJNQUEiLG51bGwsIlFQIiwiNTg3Il1dXQ==,2026-09-12 18:44:04.705323
408,90,COK,MAA,2026-09-12,2026-09-19,,INR,680,Round trip,"Air India Express, Air India",1,330,WyJDalJJTmtNMlEzWmFUMjlGVWtGQlIxZHhhRkZDUnkwdExTMHRMUzB0TFMxMmRIcDBPVUZCUVVGQlIzRnNWVU5WUWtkc1NuRkJFZzFKV0RFNE1UWjhRVWt5T0RNek9Cdz0iLFtbIkNPSyIsIjIwMjYtMDktMTIiLCJERUwiLG51bGwsIklYIiwiMTgxNiJdLFsiREVMIiwiMjAyNi0wOS0xMyIsIk1BQSIsbnVsbCwiQUkiLCIyODMzIl1dXQ==,2026-09-12 18:44:04.708741
409,91,COK,CCU,2026-09-12,2026-09-19,32011.00,INR,325,Round trip,IndiGo,1,154,WyJDalJJZUdKNFFVRkNNRWR5TldkQlJrc3RObmRDUnkwdExTMHRMUzB0TFMxd2FuTnZOVUZCUVVGQlIzRnNWVU5uUlhoTFNuTkJFZ3cyUlRZNU1qSjhOa1U1TlRJYUN3aUwrZ0VRQUJvRFNVNVNPQnh3M0lVQyIsW1siQ09LIiwiMjAyNi0wOS0xMiIsIkJMUiIsbnVsbCwiNkUiLCI2OTIyIl0sWyJCTFIiLCIyMDI2LTA5LTEyIiwiQ0NVIixudWxsLCI2RSIsIjk1MiJdXV0=,2026-09-12 18:44:07.840339
410,91,COK,CCU,2026-09-12,2026-09-19,,INR,465,Round trip,Air India,1,280,WyJDalJJZUdKNFFVRkNNRWR5TldkQlJrc3RObmRDUnkwdExTMHRMUzB0TFMxd2FuTnZOVUZCUVVGQlIzRnNWVU5uUlhoTFNuTkJFZzFCU1RFNE1qaDhRVWt5TnpBeU9Cdz0iLFtbIkNPSyIsIjIwMjYtMDktMTIiLCJERUwiLG51bGwsIkFJIiwiMTgyOCJdLFsiREVMIiwiMjAyNi0wOS0xMyIsIkNDVSIsbnVsbCwiQUkiLCIyNzAyIl1dXQ==,2026-09-12 18:44:07.842102
411,92,COK,PNQ,2026-09-12,2026-09-19,14929.00,INR,500,Round trip,IndiGo,1,104,WyJDalJJWDJsVlduUllOWEIwWXpoQlNYVmZaMEZDUnkwdExTMHRMUzB0YjNsamJHb3hOa0ZCUVVGQlIzRnNWVU56Um1aNlRYRkJFZ3MyUlRRM01udzJSVFF3T0JvS0NORjBFQUFhQTBsT1VqZ2NjSWQ2IixbWyJDT0siLCIyMDI2LTA5LTEyIiwiQkxSIixudWxsLCI2RSIsIjQ3MiJdLFsiQkxSIiwiMjAyNi0wOS0xMyIsIlBOUSIsbnVsbCwiNkUiLCI0MDgiXV1d,2026-09-12 18:44:11.62965
412,92,COK,PNQ,2026-09-12,2026-09-19,15570.00,INR,385,Round trip,IndiGo,1,104,WyJDalJJWDJsVlduUllOWEIwWXpoQlNYVmZaMEZDUnkwdExTMHRMUzB0YjNsamJHb3hOa0ZCUVVGQlIzRnNWVU56Um1aNlRYRkJFZ3cyUlRRM01udzJSVFk0TnpZYUNnalNlUkFBR2dOSlRsSTRISENtZnc9PSIsW1siQ09LIiwiMjAyNi0wOS0xMiIsIkJMUiIsbnVsbCwiNkUiLCI0NzIiXSxbIkJMUiIsIjIwMjYtMDktMTMiLCJQTlEiLG51bGwsIjZFIiwiNjg3NiJdXV0=,2026-09-12 18:44:11.648999
413,92,COK,PNQ,2026-09-12,2026-09-19,21240.00,INR,295,Round trip,IndiGo,1,104,WyJDalJJWDJsVlduUllOWEIwWXpoQlNYVmZaMEZDUnkwdExTMHRMUzB0YjNsamJHb3hOa0ZCUVVGQlIzRnNWVU56Um1aNlRYRkJFZ3cyUlRRM01udzJSVFkxTmpNYUN3ajRwUUVRQUJvRFNVNVNPQnh3MUswQiIsW1siQ09LIiwiMjAyNi0wOS0xMiIsIkJMUiIsbnVsbCwiNkUiLCI0NzIiXSxbIkJMUiIsIjIwMjYtMDktMTMiLCJQTlEiLG51bGwsIjZFIiwiNjU2MyJdXV0=,2026-09-12 18:44:11.652031
414,92,COK,PNQ,2026-09-12,2026-09-19,26270.00,INR,115,Round trip,Air India Express,0,110,WyJDalJJWDJsVlduUllOWEIwWXpoQlNYVmZaMEZDUnkwdExTMHRMUzB0YjNsamJHb3hOa0ZCUVVGQlIzRnNWVU56Um1aNlRYRkJFZ1pKV0RJM01qQWFDd2llelFFUUFCb0RTVTVTT0J4dzVOWUIiLFtbIkNPSyIsIjIwMjYtMDktMTIiLCJQTlEiLG51bGwsIklYIiwiMjcyMCJdXV0=,2026-09-12 18:44:11.655427
415,93,COK,AMD,2026-09-12,2026-09-19,26182.00,INR,580,Round trip,IndiGo,1,135,WyJDalJJVGxaWU5VRk5WRzFOYkRCQlIzWjJSWGRDUnkwdExTMHRMUzB0TFMxMmRHaGlNVUZCUVVGQlIzRnNWVVJCU0VGdlduZEJFZ3MyUlRRM01udzJSVFU0TmhvTENNYk1BUkFBR2dOSlRsSTRISENJMWdFPSIsW1siQ09LIiwiMjAyNi0wOS0xMiIsIkJMUiIsbnVsbCwiNkUiLCI0NzIiXSxbIkJMUiIsIjIwMjYtMDktMTMiLCJBTUQiLG51bGwsIjZFIiwiNTg2Il1dXQ==,2026-09-12 18:44:17.809889
416,93,COK,AMD,2026-09-12,2026-09-19,,INR,515,Round trip,"Air India Express, Air India",1,285,WyJDalJJVGxaWU5VRk5WRzFOYkRCQlIzWjJSWGRDUnkwdExTMHRMUzB0TFMxMmRHaGlNVUZCUVVGQlIzRnNWVVJCU0VGdlduZEJFZ3hKV0RFNE1UWjhRVWs0TVRjNEhBPT0iLFtbIkNPSyIsIjIwMjYtMDktMTIiLCJERUwiLG51bGwsIklYIiwiMTgxNiJdLFsiREVMIiwiMjAyNi0wOS0xMyIsIkFNRCIsbnVsbCwiQUkiLCI4MTciXV1d,2026-09-12 18:44:17.813748
417,94,COK,GOI,2026-09-12,2026-09-19,20951.00,INR,580,Round trip,IndiGo,1,91,WyJDalJJVFhGM2QySm1OM2gyZEVsQlMybFlka0ZDUnkwdExTMHRMUzB0YjNsamFHODBPRUZCUVVGQlIzRnNWVVJWVERsd1EyRkJFZ3MyUlRRM01udzJSVEU1TkJvTENOZWpBUkFBR2dOSlRsSTRISENscXdFPSIsW1siQ09LIiwiMjAyNi0wOS0xMiIsIkJMUiIsbnVsbCwiNkUiLCI0NzIiXSxbIkJMUiIsIjIwMjYtMDktMTMiLCJHT0kiLG51bGwsIjZFIiwiMTk0Il1dXQ==,2026-09-12 18:44:21.456947
418,94,COK,GOI,2026-09-12,2026-09-19,,INR,460,Round trip,"Air India Express, Air India",1,200,WyJDalJJVFhGM2QySm1OM2gyZEVsQlMybFlka0ZDUnkwdExTMHRMUzB0YjNsamFHODBPRUZCUVVGQlIzRnNWVVJWVERsd1EyRkJFZ3hKV0RFNE1ESjhRVWsyTURNNEhBPT0iLFtbIkNPSyIsIjIwMjYtMDktMTIiLCJCT00iLG51bGwsIklYIiwiMTgwMiJdLFsiQk9NIiwiMjAyNi0wOS0xMyIsIkdPSSIsbnVsbCwiQUkiLCI2MDMiXV1d,2026-09-12 18:44:21.462486
419,95,GOI,BLR,2026-09-12,2026-09-19,11359.00,INR,80,Round trip,IndiGo,0,48,WyJDalJJWWpWMVQzWlNheTAyVGxsQlNqUlBibWRDUnkwdExTMHRMUzB0TFMxNWJHNTBPRUZCUVVGQlIzRnNWVVZOUVVaaU5XOUJFZ1kyUlRZMU5UY2FDZ2pmV0JBQUdnTkpUbEk0SEhEdlhBPT0iLFtbIkdPSSIsIjIwMjYtMDktMTIiLCJCTFIiLG51bGwsIjZFIiwiNjU1NyJdXV0=,2026-09-12 18:44:35.11851
420,95,GOI,BLR,2026-09-12,2026-09-19,32084.00,INR,665,Round trip,Air India,1,139,WyJDalJJWWpWMVQzWlNheTAyVGxsQlNqUlBibWRDUnkwdExTMHRMUzB0TFMxNWJHNTBPRUZCUVVGQlIzRnNWVVZOUVVaaU5XOUJFZzFCU1RJMU1EWjhRVWt5TmpBekdnc0kxUG9CRUFBYUEwbE9VamdjY0tpR0FnPT0iLFtbIkdPSSIsIjIwMjYtMDktMTIiLCJCT00iLG51bGwsIkFJIiwiMjUwNiJdLFsiQk9NIiwiMjAyNi0wOS0xMyIsIkJMUiIsbnVsbCwiQUkiLCIyNjAzIl1dXQ==,2026-09-12 18:44:35.121908
421,95,GOI,BLR,2026-09-12,2026-09-19,41089.00,INR,400,Round trip,Air India,1,139,WyJDalJJWWpWMVQzWlNheTAyVGxsQlNqUlBibWRDUnkwdExTMHRMUzB0TFMxNWJHNTBPRUZCUVVGQlIzRnNWVVZOUVVaaU5XOUJFZzFCU1RJMU1EWjhRVWt5T0RFeUdnc0lnY0VDRUFBYUEwbE9VamdjY1BqUEFnPT0iLFtbIkdPSSIsIjIwMjYtMDktMTIiLCJCT00iLG51bGwsIkFJIiwiMjUwNiJdLFsiQk9NIiwiMjAyNi0wOS0xMyIsIkJMUiIsbnVsbCwiQUkiLCIyODEyIl1dXQ==,2026-09-12 18:44:35.125117
422,95,GOI,BLR,2026-09-12,2026-09-19,,INR,70,Round trip,Air India Express,0,58,WyJDalJJWWpWMVQzWlNheTAyVGxsQlNqUlBibWRDUnkwdExTMHRMUzB0TFMxNWJHNTBPRUZCUVVGQlIzRnNWVVZOUVVaaU5XOUJFZ1pKV0RJd01EUTRIQT09IixbWyJHT0kiLCIyMDI2LTA5LTEyIiwiQkxSIixudWxsLCJJWCIsIjIwMDQiXV1d,2026-09-12 18:44:35.127849
423,96,GOI,DEL,2026-09-12,2026-09-19,21103.00,INR,160,Round trip,IndiGo,0,110,WyJDalJJUVY5UmNtcE9jVkJqTWpSQlNHMUxjbEZDUnkwdExTMHRMWFozYUdReE55MXVNa0ZCUVVGQlIzRnNWVVpCU3pGRGRrbEJFZ1kyUlRVd01EZ2FDd2p2cEFFUUFCb0RTVTVTT0J4d3hhd0IiLFtbIkdPSSIsIjIwMjYtMDktMTIiLCJERUwiLG51bGwsIjZFIiwiNTAwOCJdXV0=,2026-09-12 18:44:48.844314
424,97,GOI,BOM,2026-09-12,2026-09-19,12625.00,INR,510,Round trip,IndiGo,1,125,WyJDalJJWVd0ak1HRjNlbk5rVlRoQlRqRlBSVUZDUnkwdExTMHRMUzB0TFMxdmVXRm1PRUZCUVVGQlIzRnNWVVpSVG1kWGRXTkJFZzAyUlRZeE56ZDhOa1UxTVRRekdnb0kwV0lRQUJvRFNVNVNPQnh3bkdjPSIsW1siR09JIiwiMjAyNi0wOS0xMiIsIkhZRCIsbnVsbCwiNkUiLCI2MTc3Il0sWyJIWUQiLCIyMDI2LTA5LTEzIiwiQk9NIixudWxsLCI2RSIsIjUxNDMiXV1d,2026-09-12 18:44:52.636691
425,97,GOI,BOM,2026-09-12,2026-09-19,14125.00,INR,295,Round trip,IndiGo,1,112,WyJDalJJWVd0ak1HRjNlbk5rVlRoQlRqRlBSVUZDUnkwdExTMHRMUzB0TFMxdmVXRm1PRUZCUVVGQlIzRnNWVVpSVG1kWGRXTkJFZzAyUlRZeE56ZDhOa1UyTXpZekdnb0lyVzRRQUJvRFNVNVNPQnh3dm5NPSIsW1siR09JIiwiMjAyNi0wOS0xMiIsIkhZRCIsbnVsbCwiNkUiLCI2MTc3Il0sWyJIWUQiLCIyMDI2LTA5LTEyIiwiQk9NIixudWxsLCI2RSIsIjYzNjMiXV1d,2026-09-12 18:44:52.640754
426,97,GOI,BOM,2026-09-12,2026-09-19,21735.00,INR,100,Round trip,Air India,0,55,WyJDalJJWVd0ak1HRjNlbk5rVlRoQlRqRlBSVUZDUnkwdExTMHRMUzB0TFMxdmVXRm1PRUZCUVVGQlIzRnNWVVpSVG1kWGRXTkJFZ1pCU1RJMU1EWWFDd2pucVFFUUFCb0RTVTVTT0J4dzJyRUIiLFtbIkdPSSIsIjIwMjYtMDktMTIiLCJCT00iLG51bGwsIkFJIiwiMjUwNiJdXV0=,2026-09-12 18:44:52.644195
427,97,GOI,BOM,2026-09-12,2026-09-19,,INR,275,Round trip,"Air India Express, Air India",1,142,WyJDalJJWVd0ak1HRjNlbk5rVlRoQlRqRlBSVUZDUnkwdExTMHRMUzB0TFMxdmVXRm1PRUZCUVVGQlIzRnNWVVpSVG1kWGRXTkJFZzFKV0RJd01EUjhRVWt5TmpReU9Cdz0iLFtbIkdPSSIsIjIwMjYtMDktMTIiLCJCTFIiLG51bGwsIklYIiwiMjAwNCJdLFsiQkxSIiwiMjAyNi0wOS0xMiIsIkJPTSIsbnVsbCwiQUkiLCIyNjQyIl1dXQ==,2026-09-12 18:44:52.648181
428,98,GOI,HYD,2026-09-12,2026-09-19,32345.00,INR,1535,Round trip,Air India,1,125,WyJDalJJWDJsVlduUllOWEIwWXpoQlNYWkxhSGRDUnkwdExTMHRMUzB0YjNsamJHb3hOa0ZCUVVGQlIzRnNWVVpuVGtaYVdXdEJFZzFCU1RJMU1EWjhRVWt5T0RZNUdnc0kyZndCRUFBYUEwbE9VamdjY0xtSUFnPT0iLFtbIkdPSSIsIjIwMjYtMDktMTIiLCJCT00iLG51bGwsIkFJIiwiMjUwNiJdLFsiQk9NIiwiMjAyNi0wOS0xMyIsIkhZRCIsbnVsbCwiQUkiLCIyODY5Il1dXQ==,2026-09-12 18:45:07.882516
429,98,GOI,HYD,2026-09-12,2026-09-19,32440.00,INR,605,Round trip,Air India,1,125,WyJDalJJWDJsVlduUllOWEIwWXpoQlNYWkxhSGRDUnkwdExTMHRMUzB0YjNsamJHb3hOa0ZCUVVGQlIzRnNWVVpuVGtaYVdXdEJFZzFCU1RJMU1EWjhRVWt5TmpJMUdnc0l1UDBCRUFBYUEwbE9VamdjY0oySkFnPT0iLFtbIkdPSSIsIjIwMjYtMDktMTIiLCJCT00iLG51bGwsIkFJIiwiMjUwNiJdLFsiQk9NIiwiMjAyNi0wOS0xMyIsIkhZRCIsbnVsbCwiQUkiLCIyNjI1Il1dXQ==,2026-09-12 18:45:07.887001
430,99,GOI,MAA,2026-09-12,2026-09-19,31727.00,INR,685,Round trip,Air India,1,152,WyJDalJJWTFnMGRuTjBVbXhSUnpCQlNGcHFTRkZDUnkwdExTMHRMUzB0TFhaM2FtOHlORUZCUVVGQlIzRnNWVWRuU25nMWJtZEJFZzFCU1RJMU1EWjhRVWt5T0RJeEdnc0k3L2NCRUFBYUEwbE9VamdjY0xPREFnPT0iLFtbIkdPSSIsIjIwMjYtMDktMTIiLCJCT00iLG51bGwsIkFJIiwiMjUwNiJdLFsiQk9NIiwiMjAyNi0wOS0xMyIsIk1BQSIsbnVsbCwiQUkiLCIyODIxIl1dXQ==,2026-09-12 18:45:24.880035
431,100,GOI,CCU,2026-09-12,2026-09-19,30036.00,INR,625,Round trip,IndiGo,1,148,WyJDalJJZVRRMWRrdzVZbHBSTm1kQlMwSklRMUZDUnkwdExTMHRMUzB0ZVdsaVkya3hOMEZCUVVGQlIzRnNWVWxKU1hkaFRtZEJFZ3cyUlRrNE5YdzJSVFkwT1RRYUN3alU2Z0VRQUJvRFNVNVNPQnh3eWZVQiIsW1siR09JIiwiMjAyNi0wOS0xMiIsIkhZRCIsbnVsbCwiNkUiLCI5ODUiXSxbIkhZRCIsIjIwMjYtMDktMTMiLCJDQ1UiLG51bGwsIjZFIiwiNjQ5NCJdXV0=,2026-09-12 18:45:43.456307
432,100,GOI,CCU,2026-09-12,2026-09-19,32084.00,INR,1345,Round trip,Air India,1,195,WyJDalJJZVRRMWRrdzVZbHBSTm1kQlMwSklRMUZDUnkwdExTMHRMUzB0ZVdsaVkya3hOMEZCUVVGQlIzRnNWVWxKU1hkaFRtZEJFZzFCU1RJMU1EWjhRVWt5TkRneEdnc0kxUG9CRUFBYUEwbE9VamdjY0tpR0FnPT0iLFtbIkdPSSIsIjIwMjYtMDktMTIiLCJCT00iLG51bGwsIkFJIiwiMjUwNiJdLFsiQk9NIiwiMjAyNi0wOS0xMyIsIkNDVSIsbnVsbCwiQUkiLCIyNDgxIl1dXQ==,2026-09-12 18:45:43.458264
433,100,GOI,CCU,2026-09-12,2026-09-19,32536.00,INR,1015,Round trip,Air India,1,195,WyJDalJJZVRRMWRrdzVZbHBSTm1kQlMwSklRMUZDUnkwdExTMHRMUzB0ZVdsaVkya3hOMEZCUVVGQlIzRnNWVWxKU1hkaFRtZEJFZzFCU1RJMU1EWjhRVWt5TkRjeEdnc0ltUDRCRUFBYUEwbE9VamdjY0lHS0FnPT0iLFtbIkdPSSIsIjIwMjYtMDktMTIiLCJCT00iLG51bGwsIkFJIiwiMjUwNiJdLFsiQk9NIiwiMjAyNi0wOS0xMyIsIkNDVSIsbnVsbCwiQUkiLCIyNDcxIl1dXQ==,2026-09-12 18:45:43.459771
434,100,GOI,CCU,2026-09-12,2026-09-19,32822.00,INR,735,Round trip,Air India,1,195,WyJDalJJZVRRMWRrdzVZbHBSTm1kQlMwSklRMUZDUnkwdExTMHRMUzB0ZVdsaVkya3hOMEZCUVVGQlIzRnNWVWxKU1hkaFRtZEJFZzFCU1RJMU1EWjhRVWt5TnpjeEdnc0l0b0FDRUFBYUEwbE9VamdjY0syTUFnPT0iLFtbIkdPSSIsIjIwMjYtMDktMTIiLCJCT00iLG51bGwsIkFJIiwiMjUwNiJdLFsiQk9NIiwiMjAyNi0wOS0xMyIsIkNDVSIsbnVsbCwiQUkiLCIyNzcxIl1dXQ==,2026-09-12 18:45:43.461927
435,101,GOI,PNQ,2026-09-12,2026-09-19,,INR,565,Round trip,Air India,2,348,WyJDalJJTkV3NWVuSkxPV3hPUlRCQlFVMHhTVUZDUnkwdExTMHRMUzB0TFhaM1ltb3lNa0ZCUVVGQlIzRnNWVWx6VEZoaFgybEJFaFJCU1RJMU1EWjhRVWt4T0RneWZFRkpNalEyT1RnYyIsW1siR09JIiwiMjAyNi0wOS0xMiIsIkJPTSIsbnVsbCwiQUkiLCIyNTA2Il0sWyJCT00iLCIyMDI2LTA5LTEyIiwiREVMIixudWxsLCJBSSIsIjE4ODIiXSxbIkRFTCIsIjIwMjYtMDktMTMiLCJQTlEiLG51bGwsIkFJIiwiMjQ2OSJdXV0=,2026-09-12 18:45:58.828254
436,101,GOI,PNQ,2026-09-12,2026-09-19,,INR,565,Round trip,Air India,2,348,WyJDalJJTkV3NWVuSkxPV3hPUlRCQlFVMHhTVUZDUnkwdExTMHRMUzB0TFhaM1ltb3lNa0ZCUVVGQlIzRnNWVWx6VEZoaFgybEJFaFJCU1RJMU1EWjhRVWt5TkRJeWZFRkpNalEyT1RnYyIsW1siR09JIiwiMjAyNi0wOS0xMiIsIkJPTSIsbnVsbCwiQUkiLCIyNTA2Il0sWyJCT00iLCIyMDI2LTA5LTEzIiwiREVMIixudWxsLCJBSSIsIjI0MjIiXSxbIkRFTCIsIjIwMjYtMDktMTMiLCJQTlEiLG51bGwsIkFJIiwiMjQ2OSJdXV0=,2026-09-12 18:45:58.831318
437,102,GOI,AMD,2026-09-12,2026-09-19,29990.00,INR,620,Round trip,Air India,1,131,WyJDalJJUWtWV01VOVVhRkkyTjI5QlJ6ZFZZMmRDUnkwdExTMHRkblJpWjNBeU1DMXVNVUZCUVVGQlIzRnNWVXB2UmtkdE9VVkJFZ3hCU1RJMU1EWjhRVWswT1RNYUN3aW02Z0VRQUJvRFNVNVNPQnh3bWZVQiIsW1siR09JIiwiMjAyNi0wOS0xMiIsIkJPTSIsbnVsbCwiQUkiLCIyNTA2Il0sWyJCT00iLCIyMDI2LTA5LTEzIiwiQU1EIixudWxsLCJBSSIsIjQ5MyJdXV0=,2026-09-12 18:46:15.060524
438,103,GOI,COK,2026-09-12,2026-09-19,32988.00,INR,665,Round trip,Air India,1,152,WyJDalJJZUc1NVFUWnNOV1pVTjFWQlMyaDVUVUZDUnkwdExTMHRMUzB0TFc5cmNXVXlNRUZCUVVGQlIzRnNWVXR2U0RKVlNXVkJFZzFCU1RJMU1EWjhRVWt5TnpnM0dnc0kzSUVDRUFBYUEwbE9VamdjY05xTkFnPT0iLFtbIkdPSSIsIjIwMjYtMDktMTIiLCJCT00iLG51bGwsIkFJIiwiMjUwNiJdLFsiQk9NIiwiMjAyNi0wOS0xMyIsIkNPSyIsbnVsbCwiQUkiLCIyNzg3Il1dXQ==,2026-09-12 18:46:30.443747
439,103,GOI,COK,2026-09-12,2026-09-19,38987.00,INR,1490,Round trip,"Air India, Air India Express",1,166,WyJDalJJZUc1NVFUWnNOV1pVTjFWQlMyaDVUVUZDUnkwdExTMHRMUzB0TFc5cmNXVXlNRUZCUVVGQlIzRnNWVXR2U0RKVlNXVkJFZzFCU1RJMU1EWjhTVmd4T0RBeEdnc0l5N0FDRUFBYUEwbE9VamdjY09DK0FnPT0iLFtbIkdPSSIsIjIwMjYtMDktMTIiLCJCT00iLG51bGwsIkFJIiwiMjUwNiJdLFsiQk9NIiwiMjAyNi0wOS0xMyIsIkNPSyIsbnVsbCwiSVgiLCIxODAxIl1dXQ==,2026-09-12 18:46:30.447633
440,103,GOI,COK,2026-09-12,2026-09-19,39273.00,INR,1090,Round trip,"Air India, Air India Express",1,152,WyJDalJJZUc1NVFUWnNOV1pVTjFWQlMyaDVUVUZDUnkwdExTMHRMUzB0TFc5cmNXVXlNRUZCUVVGQlIzRnNWVXR2U0RKVlNXVkJFZzFCU1RJMU1EWjhTVmd4T0RFd0dnc0k2YklDRUFBYUEwbE9VamdjY0l6QkFnPT0iLFtbIkdPSSIsIjIwMjYtMDktMTIiLCJCT00iLG51bGwsIkFJIiwiMjUwNiJdLFsiQk9NIiwiMjAyNi0wOS0xMyIsIkNPSyIsbnVsbCwiSVgiLCIxODEwIl1dXQ==,2026-09-12 18:46:30.451229
441,103,GOI,COK,2026-09-12,2026-09-19,40611.00,INR,575,Round trip,"Air India, Air India Express",1,166,WyJDalJJZUc1NVFUWnNOV1pVTjFWQlMyaDVUVUZDUnkwdExTMHRMUzB0TFc5cmNXVXlNRUZCUVVGQlIzRnNWVXR2U0RKVlNXVkJFZzFCU1RJMU1EWjhTVmd4TnprM0dnc0lvNzBDRUFBYUEwbE9VamdjY0lUTUFnPT0iLFtbIkdPSSIsIjIwMjYtMDktMTIiLCJCT00iLG51bGwsIkFJIiwiMjUwNiJdLFsiQk9NIiwiMjAyNi0wOS0xMyIsIkNPSyIsbnVsbCwiSVgiLCIxNzk3Il1dXQ==,2026-09-12 18:46:30.454317
442,104,BLR,DEL,2026-09-13,2026-09-20,17335.00,INR,170,Round trip,IndiGo,0,124,WyJDalJJYW5sNVFtZExPVmxWZURoQlQyTXhZbWRDUnkwdExTMHRMUzB0TFMxdmVXTmlOMEZCUVVGQlIzRnNWVXh2UVhwb1lrdEJFZ1kyUlRJek1UTWFDd2kzaHdFUUFCb0RTVTVTT0J4dzNZMEIiLFtbIkJMUiIsIjIwMjYtMDktMTMiLCJERUwiLG51bGwsIjZFIiwiMjMxMyJdXV0=,2026-09-12 18:46:34.718168
443,104,BLR,DEL,2026-09-13,2026-09-20,17438.00,INR,165,Round trip,Air India,0,143,WyJDalJJYW5sNVFtZExPVmxWZURoQlQyTXhZbWRDUnkwdExTMHRMUzB0TFMxdmVXTmlOMEZCUVVGQlIzRnNWVXh2UVhwb1lrdEJFZ1pCU1RJNE1UQWFDd2llaUFFUUFCb0RTVTVTT0J4d3lZNEIiLFtbIkJMUiIsIjIwMjYtMDktMTMiLCJERUwiLG51bGwsIkFJIiwiMjgxMCJdXV0=,2026-09-12 18:46:34.721277
444,104,BLR,DEL,2026-09-13,2026-09-20,17895.00,INR,165,Round trip,Akasa Air,0,126,WyJDalJJYW5sNVFtZExPVmxWZURoQlQyTXhZbWRDUnkwdExTMHRMUzB0TFMxdmVXTmlOMEZCUVVGQlIzRnNWVXh2UVhwb1lrdEJFZ1pSVURFNE1qTWFDd2puaXdFUUFCb0RTVTVTT0J4d3A1SUIiLFtbIkJMUiIsIjIwMjYtMDktMTMiLCJERUwiLG51bGwsIlFQIiwiMTgyMyJdXV0=,2026-09-12 18:46:34.723135
445,104,BLR,DEL,2026-09-13,2026-09-20,17335.00,INR,170,Round trip,IndiGo,0,124,WyJDalJJYW5sNVFtZExPVmxWZURoQlQyTXhZbWRDUnkwdExTMHRMUzB0TFMxdmVXTmlOMEZCUVVGQlIzRnNWVXh2UVhwb1lrdEJFZ1UyUlRnek5ob0xDTGVIQVJBQUdnTkpUbEk0SEhEZGpRRT0iLFtbIkJMUiIsIjIwMjYtMDktMTMiLCJERUwiLG51bGwsIjZFIiwiODM2Il1dXQ==,2026-09-12 18:46:34.724857
446,104,BLR,DEL,2026-09-13,2026-09-20,17335.00,INR,170,Round trip,IndiGo,0,124,WyJDalJJYW5sNVFtZExPVmxWZURoQlQyTXhZbWRDUnkwdExTMHRMUzB0TFMxdmVXTmlOMEZCUVVGQlIzRnNWVXh2UVhwb1lrdEJFZ1UyUlRnME5Cb0xDTGVIQVJBQUdnTkpUbEk0SEhEZGpRRT0iLFtbIkJMUiIsIjIwMjYtMDktMTMiLCJERUwiLG51bGwsIjZFIiwiODQ0Il1dXQ==,2026-09-12 18:46:34.728229
447,104,BLR,DEL,2026-09-13,2026-09-20,17335.00,INR,170,Round trip,IndiGo,0,124,WyJDalJJYW5sNVFtZExPVmxWZURoQlQyTXhZbWRDUnkwdExTMHRMUzB0TFMxdmVXTmlOMEZCUVVGQlIzRnNWVXh2UVhwb1lrdEJFZ1UyUlRneE54b0xDTGVIQVJBQUdnTkpUbEk0SEhEZGpRRT0iLFtbIkJMUiIsIjIwMjYtMDktMTMiLCJERUwiLG51bGwsIjZFIiwiODE3Il1dXQ==,2026-09-12 18:46:34.729901
448,104,BLR,DEL,2026-09-13,2026-09-20,17335.00,INR,170,Round trip,IndiGo,0,124,WyJDalJJYW5sNVFtZExPVmxWZURoQlQyTXhZbWRDUnkwdExTMHRMUzB0TFMxdmVXTmlOMEZCUVVGQlIzRnNWVXh2UVhwb1lrdEJFZ1kyUlRZME1EWWFDd2kzaHdFUUFCb0RTVTVTT0J4dzNZMEIiLFtbIkJMUiIsIjIwMjYtMDktMTMiLCJERUwiLG51bGwsIjZFIiwiNjQwNiJdXV0=,2026-09-12 18:46:34.732225
449,104,BLR,DEL,2026-09-13,2026-09-20,17438.00,INR,175,Round trip,Air India,0,143,WyJDalJJYW5sNVFtZExPVmxWZURoQlQyTXhZbWRDUnkwdExTMHRMUzB0TFMxdmVXTmlOMEZCUVVGQlIzRnNWVXh2UVhwb1lrdEJFZ1pCU1RJME1UUWFDd2llaUFFUUFCb0RTVTVTT0J4d3lZNEIiLFtbIkJMUiIsIjIwMjYtMDktMTMiLCJERUwiLG51bGwsIkFJIiwiMjQxNCJdXV0=,2026-09-12 18:46:34.734755
450,104,BLR,DEL,2026-09-13,2026-09-20,17438.00,INR,180,Round trip,Air India,0,143,WyJDalJJYW5sNVFtZExPVmxWZURoQlQyTXhZbWRDUnkwdExTMHRMUzB0TFMxdmVXTmlOMEZCUVVGQlIzRnNWVXh2UVhwb1lrdEJFZ1pCU1RJMU1URWFDd2llaUFFUUFCb0RTVTVTT0J4d3lZNEIiLFtbIkJMUiIsIjIwMjYtMDktMTMiLCJERUwiLG51bGwsIkFJIiwiMjUxMSJdXV0=,2026-09-12 18:46:34.73894
451,104,BLR,DEL,2026-09-13,2026-09-20,17438.00,INR,165,Round trip,Air India,0,144,WyJDalJJYW5sNVFtZExPVmxWZURoQlQyTXhZbWRDUnkwdExTMHRMUzB0TFMxdmVXTmlOMEZCUVVGQlIzRnNWVXh2UVhwb1lrdEJFZ1ZCU1RReU9Cb0xDSjZJQVJBQUdnTkpUbEk0SEhESmpnRT0iLFtbIkJMUiIsIjIwMjYtMDktMTMiLCJERUwiLG51bGwsIkFJIiwiNDI4Il1dXQ==,2026-09-12 18:46:34.741399
452,104,BLR,DEL,2026-09-13,2026-09-20,17438.00,INR,175,Round trip,Air India,0,143,WyJDalJJYW5sNVFtZExPVmxWZURoQlQyTXhZbWRDUnkwdExTMHRMUzB0TFMxdmVXTmlOMEZCUVVGQlIzRnNWVXh2UVhwb1lrdEJFZ1pCU1RJME1UZ2FDd2llaUFFUUFCb0RTVTVTT0J4d3lZNEIiLFtbIkJMUiIsIjIwMjYtMDktMTMiLCJERUwiLG51bGwsIkFJIiwiMjQxOCJdXV0=,2026-09-12 18:46:34.743947
453,104,BLR,DEL,2026-09-13,2026-09-20,17438.00,INR,185,Round trip,Air India,0,143,WyJDalJJYW5sNVFtZExPVmxWZURoQlQyTXhZbWRDUnkwdExTMHRMUzB0TFMxdmVXTmlOMEZCUVVGQlIzRnNWVXh2UVhwb1lrdEJFZ1pCU1RJNE1qQWFDd2llaUFFUUFCb0RTVTVTT0J4d3lZNEIiLFtbIkJMUiIsIjIwMjYtMDktMTMiLCJERUwiLG51bGwsIkFJIiwiMjgyMCJdXV0=,2026-09-12 18:46:34.746388
454,104,BLR,DEL,2026-09-13,2026-09-20,17438.00,INR,170,Round trip,Air India,0,143,WyJDalJJYW5sNVFtZExPVmxWZURoQlQyTXhZbWRDUnkwdExTMHRMUzB0TFMxdmVXTmlOMEZCUVVGQlIzRnNWVXh2UVhwb1lrdEJFZ1pCU1RJNE1ESWFDd2llaUFFUUFCb0RTVTVTT0J4d3lZNEIiLFtbIkJMUiIsIjIwMjYtMDktMTMiLCJERUwiLG51bGwsIkFJIiwiMjgwMiJdXV0=,2026-09-12 18:46:34.74869
455,104,BLR,DEL,2026-09-13,2026-09-20,17438.00,INR,180,Round trip,Air India,0,181,WyJDalJJYW5sNVFtZExPVmxWZURoQlQyTXhZbWRDUnkwdExTMHRMUzB0TFMxdmVXTmlOMEZCUVVGQlIzRnNWVXh2UVhwb1lrdEJFZ1pCU1RJMk5qVWFDd2llaUFFUUFCb0RTVTVTT0J4d3lZNEIiLFtbIkJMUiIsIjIwMjYtMDktMTMiLCJERUwiLG51bGwsIkFJIiwiMjY2NSJdXV0=,2026-09-12 18:46:34.751107
456,104,BLR,DEL,2026-09-13,2026-09-20,17438.00,INR,165,Round trip,Air India,0,143,WyJDalJJYW5sNVFtZExPVmxWZURoQlQyTXhZbWRDUnkwdExTMHRMUzB0TFMxdmVXTmlOMEZCUVVGQlIzRnNWVXh2UVhwb1lrdEJFZ1pCU1RJNE1UZ2FDd2llaUFFUUFCb0RTVTVTT0J4d3lZNEIiLFtbIkJMUiIsIjIwMjYtMDktMTMiLCJERUwiLG51bGwsIkFJIiwiMjgxOCJdXV0=,2026-09-12 18:46:34.753216
457,104,BLR,DEL,2026-09-13,2026-09-20,17438.00,INR,175,Round trip,Air India,0,143,WyJDalJJYW5sNVFtZExPVmxWZURoQlQyTXhZbWRDUnkwdExTMHRMUzB0TFMxdmVXTmlOMEZCUVVGQlIzRnNWVXh2UVhwb1lrdEJFZ1pCU1RJME9EZ2FDd2llaUFFUUFCb0RTVTVTT0J4d3lZNEIiLFtbIkJMUiIsIjIwMjYtMDktMTMiLCJERUwiLG51bGwsIkFJIiwiMjQ4OCJdXV0=,2026-09-12 18:46:34.75553
458,104,BLR,DEL,2026-09-13,2026-09-20,17790.00,INR,170,Round trip,IndiGo,0,124,WyJDalJJYW5sNVFtZExPVmxWZURoQlQyTXhZbWRDUnkwdExTMHRMUzB0TFMxdmVXTmlOMEZCUVVGQlIzRnNWVXh2UVhwb1lrdEJFZ1kyUlRZd016UWFDd2oraWdFUUFCb0RTVTVTT0J4d3VaRUIiLFtbIkJMUiIsIjIwMjYtMDktMTMiLCJERUwiLG51bGwsIjZFIiwiNjAzNCJdXV0=,2026-09-12 18:46:34.757842
459,104,BLR,DEL,2026-09-13,2026-09-20,17790.00,INR,165,Round trip,IndiGo,0,124,WyJDalJJYW5sNVFtZExPVmxWZURoQlQyTXhZbWRDUnkwdExTMHRMUzB0TFMxdmVXTmlOMEZCUVVGQlIzRnNWVXh2UVhwb1lrdEJFZ1UyUlRnM01Cb0xDUDZLQVJBQUdnTkpUbEk0SEhDNWtRRT0iLFtbIkJMUiIsIjIwMjYtMDktMTMiLCJERUwiLG51bGwsIjZFIiwiODcwIl1dXQ==,2026-09-12 18:46:34.760254
460,104,BLR,DEL,2026-09-13,2026-09-20,17895.00,INR,170,Round trip,Akasa Air,0,126,WyJDalJJYW5sNVFtZExPVmxWZURoQlQyTXhZbWRDUnkwdExTMHRMUzB0TFMxdmVXTmlOMEZCUVVGQlIzRnNWVXh2UVhwb1lrdEJFZ1pSVURFNE1URWFDd2puaXdFUUFCb0RTVTVTT0J4d3A1SUIiLFtbIkJMUiIsIjIwMjYtMDktMTMiLCJERUwiLG51bGwsIlFQIiwiMTgxMSJdXV0=,2026-09-12 18:46:34.763363
461,104,BLR,DEL,2026-09-13,2026-09-20,17895.00,INR,170,Round trip,Akasa Air,0,120,WyJDalJJYW5sNVFtZExPVmxWZURoQlQyTXhZbWRDUnkwdExTMHRMUzB0TFMxdmVXTmlOMEZCUVVGQlIzRnNWVXh2UVhwb1lrdEJFZ1pSVURFek5Ua2FDd2puaXdFUUFCb0RTVTVTT0J4d3A1SUIiLFtbIkJMUiIsIjIwMjYtMDktMTMiLCJERUwiLG51bGwsIlFQIiwiMTM1OSJdXV0=,2026-09-12 18:46:34.765827
462,104,BLR,DEL,2026-09-13,2026-09-20,17895.00,INR,180,Round trip,Air India,0,181,WyJDalJJYW5sNVFtZExPVmxWZURoQlQyTXhZbWRDUnkwdExTMHRMUzB0TFMxdmVXTmlOMEZCUVVGQlIzRnNWVXh2UVhwb1lrdEJFZ1pCU1RJME1EWWFDd2puaXdFUUFCb0RTVTVTT0J4d3A1SUIiLFtbIkJMUiIsIjIwMjYtMDktMTMiLCJERUwiLG51bGwsIkFJIiwiMjQwNiJdXV0=,2026-09-12 18:46:34.768122
463,104,BLR,DEL,2026-09-13,2026-09-20,18276.00,INR,170,Round trip,IndiGo,0,124,WyJDalJJYW5sNVFtZExPVmxWZURoQlQyTXhZbWRDUnkwdExTMHRMUzB0TFMxdmVXTmlOMEZCUVVGQlIzRnNWVXh2UVhwb1lrdEJFZ1UyUlRnME9Sb0xDT1NPQVJBQUdnTkpUbEk0SEhDMmxRRT0iLFtbIkJMUiIsIjIwMjYtMDktMTMiLCJERUwiLG51bGwsIjZFIiwiODQ5Il1dXQ==,2026-09-12 18:46:34.770574
465,104,BLR,DEL,2026-09-13,2026-09-20,18276.00,INR,175,Round trip,IndiGo,0,124,WyJDalJJYW5sNVFtZExPVmxWZURoQlQyTXhZbWRDUnkwdExTMHRMUzB0TFMxdmVXTmlOMEZCUVVGQlIzRnNWVXh2UVhwb1lrdEJFZ1UyUlRnMk9Sb0xDT1NPQVJBQUdnTkpUbEk0SEhDMmxRRT0iLFtbIkJMUiIsIjIwMjYtMDktMTMiLCJERUwiLG51bGwsIjZFIiwiODY5Il1dXQ==,2026-09-12 18:46:34.777082
466,104,BLR,DEL,2026-09-13,2026-09-20,18276.00,INR,170,Round trip,IndiGo,0,124,WyJDalJJYW5sNVFtZExPVmxWZURoQlQyTXhZbWRDUnkwdExTMHRMUzB0TFMxdmVXTmlOMEZCUVVGQlIzRnNWVXh2UVhwb1lrdEJFZ1UyUlRnME1Cb0xDT1NPQVJBQUdnTkpUbEk0SEhDMmxRRT0iLFtbIkJMUiIsIjIwMjYtMDktMTMiLCJERUwiLG51bGwsIjZFIiwiODQwIl1dXQ==,2026-09-12 18:46:34.779927
467,104,BLR,DEL,2026-09-13,2026-09-20,18276.00,INR,170,Round trip,IndiGo,0,124,WyJDalJJYW5sNVFtZExPVmxWZURoQlQyTXhZbWRDUnkwdExTMHRMUzB0TFMxdmVXTmlOMEZCUVVGQlIzRnNWVXh2UVhwb1lrdEJFZ1kyUlRZd016a2FDd2pramdFUUFCb0RTVTVTT0J4d3RwVUIiLFtbIkJMUiIsIjIwMjYtMDktMTMiLCJERUwiLG51bGwsIjZFIiwiNjAzOSJdXV0=,2026-09-12 18:46:34.78227
468,104,BLR,DEL,2026-09-13,2026-09-20,18322.00,INR,175,Round trip,Akasa Air,0,126,WyJDalJJYW5sNVFtZExPVmxWZURoQlQyTXhZbWRDUnkwdExTMHRMUzB0TFMxdmVXTmlOMEZCUVVGQlIzRnNWVXh2UVhwb1lrdEJFZ1pSVURFek1EY2FDd2lTandFUUFCb0RTVTVTT0J4dzVwVUIiLFtbIkJMUiIsIjIwMjYtMDktMTMiLCJERUwiLG51bGwsIlFQIiwiMTMwNyJdXV0=,2026-09-12 18:46:34.784947
469,104,BLR,DEL,2026-09-13,2026-09-20,18392.00,INR,170,Round trip,Air India Express,0,145,WyJDalJJYW5sNVFtZExPVmxWZURoQlQyTXhZbWRDUnkwdExTMHRMUzB0TFMxdmVXTmlOMEZCUVVGQlIzRnNWVXh2UVhwb1lrdEJFZ1pKV0RFd05EQWFDd2pZandFUUFCb0RTVTVTT0J4d3I1WUIiLFtbIkJMUiIsIjIwMjYtMDktMTMiLCJERUwiLG51bGwsIklYIiwiMTA0MCJdXV0=,2026-09-12 18:46:34.787516
470,104,BLR,DEL,2026-09-13,2026-09-20,18795.00,INR,170,Round trip,IndiGo,0,124,WyJDalJJYW5sNVFtZExPVmxWZURoQlQyTXhZbWRDUnkwdExTMHRMUzB0TFMxdmVXTmlOMEZCUVVGQlIzRnNWVXh2UVhwb1lrdEJFZ1UyUlRnd05Cb0xDT3VTQVJBQUdnTkpUbEk0SEhEVm1RRT0iLFtbIkJMUiIsIjIwMjYtMDktMTMiLCJERUwiLG51bGwsIjZFIiwiODA0Il1dXQ==,2026-09-12 18:46:34.789857
471,104,BLR,DEL,2026-09-13,2026-09-20,18795.00,INR,170,Round trip,IndiGo,0,124,WyJDalJJYW5sNVFtZExPVmxWZURoQlQyTXhZbWRDUnkwdExTMHRMUzB0TFMxdmVXTmlOMEZCUVVGQlIzRnNWVXh2UVhwb1lrdEJFZ1UyUlRFM05Sb0xDT3VTQVJBQUdnTkpUbEk0SEhEVm1RRT0iLFtbIkJMUiIsIjIwMjYtMDktMTMiLCJERUwiLG51bGwsIjZFIiwiMTc1Il1dXQ==,2026-09-12 18:46:34.792027
472,104,BLR,DEL,2026-09-13,2026-09-20,18795.00,INR,170,Round trip,IndiGo,0,124,WyJDalJJYW5sNVFtZExPVmxWZURoQlQyTXhZbWRDUnkwdExTMHRMUzB0TFMxdmVXTmlOMEZCUVVGQlIzRnNWVXh2UVhwb1lrdEJFZ1UyUlRnd09Sb0xDT3VTQVJBQUdnTkpUbEk0SEhEVm1RRT0iLFtbIkJMUiIsIjIwMjYtMDktMTMiLCJERUwiLG51bGwsIjZFIiwiODA5Il1dXQ==,2026-09-12 18:46:34.794487
473,104,BLR,DEL,2026-09-13,2026-09-20,18795.00,INR,170,Round trip,IndiGo,0,124,WyJDalJJYW5sNVFtZExPVmxWZURoQlQyTXhZbWRDUnkwdExTMHRMUzB0TFMxdmVXTmlOMEZCUVVGQlIzRnNWVXh2UVhwb1lrdEJFZ1UyUlRnMk1Cb0xDT3VTQVJBQUdnTkpUbEk0SEhEVm1RRT0iLFtbIkJMUiIsIjIwMjYtMDktMTMiLCJERUwiLG51bGwsIjZFIiwiODYwIl1dXQ==,2026-09-12 18:46:34.797761
474,104,BLR,DEL,2026-09-13,2026-09-20,18809.00,INR,170,Round trip,Akasa Air,0,119,WyJDalJJYW5sNVFtZExPVmxWZURoQlQyTXhZbWRDUnkwdExTMHRMUzB0TFMxdmVXTmlOMEZCUVVGQlIzRnNWVXh2UVhwb1lrdEJFZ1pSVURFNE1qRWFDd2o1a2dFUUFCb0RTVTVTT0J4dzVKa0IiLFtbIkJMUiIsIjIwMjYtMDktMTMiLCJERUwiLG51bGwsIlFQIiwiMTgyMSJdXV0=,2026-09-12 18:46:34.80037
475,104,BLR,DEL,2026-09-13,2026-09-20,18903.00,INR,180,Round trip,Air India,0,143,WyJDalJJYW5sNVFtZExPVmxWZURoQlQyTXhZbWRDUnkwdExTMHRMUzB0TFMxdmVXTmlOMEZCUVVGQlIzRnNWVXh2UVhwb1lrdEJFZ1pCU1RJNE1EUWFDd2pYa3dFUUFCb0RTVTVTT0J4d3hwb0IiLFtbIkJMUiIsIjIwMjYtMDktMTMiLCJERUwiLG51bGwsIkFJIiwiMjgwNCJdXV0=,2026-09-12 18:46:34.802923
476,104,BLR,DEL,2026-09-13,2026-09-20,20076.00,INR,310,Round trip,Air India Express,1,185,WyJDalJJYW5sNVFtZExPVmxWZURoQlQyTXhZbWRDUnkwdExTMHRMUzB0TFMxdmVXTmlOMEZCUVVGQlIzRnNWVXh2UVhwb1lrdEJFZzFKV0RFME9EQjhTVmd5TVRjekdnc0k3SndCRUFBYUEwbE9VamdjY0pLa0FRPT0iLFtbIkJMUiIsIjIwMjYtMDktMTMiLCJMS08iLG51bGwsIklYIiwiMTQ4MCJdLFsiTEtPIiwiMjAyNi0wOS0xMyIsIkRFTCIsbnVsbCwiSVgiLCIyMTczIl1dXQ==,2026-09-12 18:46:34.805814
477,104,BLR,DEL,2026-09-13,2026-09-20,20610.00,INR,175,Round trip,Air India,0,143,WyJDalJJYW5sNVFtZExPVmxWZURoQlQyTXhZbWRDUnkwdExTMHRMUzB0TFMxdmVXTmlOMEZCUVVGQlIzRnNWVXh2UVhwb1lrdEJFZ1pCU1RJM05UZ2FDd2lDb1FFUUFCb0RTVTVTT0J4d3dhZ0IiLFtbIkJMUiIsIjIwMjYtMDktMTMiLCJERUwiLG51bGwsIkFJIiwiMjc1OCJdXV0=,2026-09-12 18:46:34.809314
478,104,BLR,DEL,2026-09-13,2026-09-20,29991.00,INR,180,Round trip,Air India,0,143,WyJDalJJYW5sNVFtZExPVmxWZURoQlQyTXhZbWRDUnkwdExTMHRMUzB0TFMxdmVXTmlOMEZCUVVGQlIzRnNWVXh2UVhwb1lrdEJFZ1pCU1RJMk5UUWFDd2luNmdFUUFCb0RTVTVTT0J4d212VUIiLFtbIkJMUiIsIjIwMjYtMDktMTMiLCJERUwiLG51bGwsIkFJIiwiMjY1NCJdXV0=,2026-09-12 18:46:34.811781
479,105,BLR,BOM,2026-09-13,2026-09-20,13396.00,INR,120,Round trip,Air India,0,83,WyJDalJJU0VaaGIxcExibEprWVRCQlJrZGlZbEZDUnkwdExTMHRMUzB0Y0dwaVpYQXhNRUZCUVVGQlIzRnNWVXc0UmtKVmMyOUJFZ1pCU1RJMk1EUWFDZ2pVYUJBQUdnTkpUbEk0SEhERGJRPT0iLFtbIkJMUiIsIjIwMjYtMDktMTMiLCJCT00iLG51bGwsIkFJIiwiMjYwNCJdXV0=,2026-09-12 18:46:42.504503
480,105,BLR,BOM,2026-09-13,2026-09-20,13721.00,INR,105,Round trip,IndiGo,0,71,WyJDalJJU0VaaGIxcExibEprWVRCQlJrZGlZbEZDUnkwdExTMHRMUzB0Y0dwaVpYQXhNRUZCUVVGQlIzRnNWVXc0UmtKVmMyOUJFZ1kyUlRVek5URWFDZ2laYXhBQUdnTkpUbEk0SEhDWGNBPT0iLFtbIkJMUiIsIjIwMjYtMDktMTMiLCJCT00iLG51bGwsIjZFIiwiNTM1MSJdXV0=,2026-09-12 18:46:42.508197
481,105,BLR,BOM,2026-09-13,2026-09-20,13926.00,INR,110,Round trip,Akasa Air,0,73,WyJDalJJU0VaaGIxcExibEprWVRCQlJrZGlZbEZDUnkwdExTMHRMUzB0Y0dwaVpYQXhNRUZCUVVGQlIzRnNWVXc0UmtKVmMyOUJFZ1pSVURFMU1qZ2FDZ2ptYkJBQUdnTkpUbEk0SEhEdWNRPT0iLFtbIkJMUiIsIjIwMjYtMDktMTMiLCJCT00iLG51bGwsIlFQIiwiMTUyOCJdXV0=,2026-09-12 18:46:42.511107
482,105,BLR,BOM,2026-09-13,2026-09-20,13396.00,INR,120,Round trip,Air India,0,83,WyJDalJJU0VaaGIxcExibEprWVRCQlJrZGlZbEZDUnkwdExTMHRMUzB0Y0dwaVpYQXhNRUZCUVVGQlIzRnNWVXc0UmtKVmMyOUJFZ1pCU1RJME1ESWFDZ2pVYUJBQUdnTkpUbEk0SEhERGJRPT0iLFtbIkJMUiIsIjIwMjYtMDktMTMiLCJCT00iLG51bGwsIkFJIiwiMjQwMiJdXV0=,2026-09-12 18:46:42.513397
483,105,BLR,BOM,2026-09-13,2026-09-20,13396.00,INR,120,Round trip,Air India,0,106,WyJDalJJU0VaaGIxcExibEprWVRCQlJrZGlZbEZDUnkwdExTMHRMUzB0Y0dwaVpYQXhNRUZCUVVGQlIzRnNWVXc0UmtKVmMyOUJFZ1pCU1RJME1URWFDZ2pVYUJBQUdnTkpUbEk0SEhERGJRPT0iLFtbIkJMUiIsIjIwMjYtMDktMTMiLCJCT00iLG51bGwsIkFJIiwiMjQxMSJdXV0=,2026-09-12 18:46:42.515612
484,105,BLR,BOM,2026-09-13,2026-09-20,13396.00,INR,125,Round trip,Air India,0,83,WyJDalJJU0VaaGIxcExibEprWVRCQlJrZGlZbEZDUnkwdExTMHRMUzB0Y0dwaVpYQXhNRUZCUVVGQlIzRnNWVXc0UmtKVmMyOUJFZ1pCU1RJMk5ESWFDZ2pVYUJBQUdnTkpUbEk0SEhERGJRPT0iLFtbIkJMUiIsIjIwMjYtMDktMTMiLCJCT00iLG51bGwsIkFJIiwiMjY0MiJdXV0=,2026-09-12 18:46:42.517889
485,105,BLR,BOM,2026-09-13,2026-09-20,13569.00,INR,125,Round trip,Air India,0,83,WyJDalJJU0VaaGIxcExibEprWVRCQlJrZGlZbEZDUnkwdExTMHRMUzB0Y0dwaVpYQXhNRUZCUVVGQlIzRnNWVXc0UmtKVmMyOUJFZ1pCU1RJNE5EQWFDZ2lCYWhBQUdnTkpUbEk0SEhENGJnPT0iLFtbIkJMUiIsIjIwMjYtMDktMTMiLCJCT00iLG51bGwsIkFJIiwiMjg0MCJdXV0=,2026-09-12 18:46:42.520304
486,105,BLR,BOM,2026-09-13,2026-09-20,13667.00,INR,100,Round trip,Akasa Air,0,70,WyJDalJJU0VaaGIxcExibEprWVRCQlJrZGlZbEZDUnkwdExTMHRMUzB0Y0dwaVpYQXhNRUZCUVVGQlIzRnNWVXc0UmtKVmMyOUJFZ1pSVURFMU1UVWFDZ2pqYWhBQUdnTkpUbEk0SEhEZmJ3PT0iLFtbIkJMUiIsIjIwMjYtMDktMTMiLCJCT00iLG51bGwsIlFQIiwiMTUxNSJdXV0=,2026-09-12 18:46:42.522744
487,105,BLR,BOM,2026-09-13,2026-09-20,13721.00,INR,105,Round trip,IndiGo,0,71,WyJDalJJU0VaaGIxcExibEprWVRCQlJrZGlZbEZDUnkwdExTMHRMUzB0Y0dwaVpYQXhNRUZCUVVGQlIzRnNWVXc0UmtKVmMyOUJFZ1kyUlRVeU1UWWFDZ2laYXhBQUdnTkpUbEk0SEhDWGNBPT0iLFtbIkJMUiIsIjIwMjYtMDktMTMiLCJCT00iLG51bGwsIjZFIiwiNTIxNiJdXV0=,2026-09-12 18:46:42.525156
488,105,BLR,BOM,2026-09-13,2026-09-20,13721.00,INR,105,Round trip,IndiGo,0,71,WyJDalJJU0VaaGIxcExibEprWVRCQlJrZGlZbEZDUnkwdExTMHRMUzB0Y0dwaVpYQXhNRUZCUVVGQlIzRnNWVXc0UmtKVmMyOUJFZ1kyUlRVd05URWFDZ2laYXhBQUdnTkpUbEk0SEhDWGNBPT0iLFtbIkJMUiIsIjIwMjYtMDktMTMiLCJCT00iLG51bGwsIjZFIiwiNTA1MSJdXV0=,2026-09-12 18:46:42.528214
489,105,BLR,BOM,2026-09-13,2026-09-20,13721.00,INR,105,Round trip,IndiGo,0,71,WyJDalJJU0VaaGIxcExibEprWVRCQlJrZGlZbEZDUnkwdExTMHRMUzB0Y0dwaVpYQXhNRUZCUVVGQlIzRnNWVXc0UmtKVmMyOUJFZ1kyUlRVd09UUWFDZ2laYXhBQUdnTkpUbEk0SEhDWGNBPT0iLFtbIkJMUiIsIjIwMjYtMDktMTMiLCJCT00iLG51bGwsIjZFIiwiNTA5NCJdXV0=,2026-09-12 18:46:42.531541
490,105,BLR,BOM,2026-09-13,2026-09-20,13879.00,INR,125,Round trip,Air India,0,83,WyJDalJJU0VaaGIxcExibEprWVRCQlJrZGlZbEZDUnkwdExTMHRMUzB0Y0dwaVpYQXhNRUZCUVVGQlIzRnNWVXc0UmtKVmMyOUJFZ1pCU1RJNE5USWFDZ2kzYkJBQUdnTkpUbEk0SEhDOWNRPT0iLFtbIkJMUiIsIjIwMjYtMDktMTMiLCJCT00iLG51bGwsIkFJIiwiMjg1MiJdXV0=,2026-09-12 18:46:42.534397
491,105,BLR,BOM,2026-09-13,2026-09-20,13879.00,INR,130,Round trip,Air India,0,83,WyJDalJJU0VaaGIxcExibEprWVRCQlJrZGlZbEZDUnkwdExTMHRMUzB0Y0dwaVpYQXhNRUZCUVVGQlIzRnNWVXc0UmtKVmMyOUJFZ1pCU1RJNE5UQWFDZ2kzYkJBQUdnTkpUbEk0SEhDOWNRPT0iLFtbIkJMUiIsIjIwMjYtMDktMTMiLCJCT00iLG51bGwsIkFJIiwiMjg1MCJdXV0=,2026-09-12 18:46:42.537143
492,105,BLR,BOM,2026-09-13,2026-09-20,13926.00,INR,105,Round trip,Akasa Air,0,73,WyJDalJJU0VaaGIxcExibEprWVRCQlJrZGlZbEZDUnkwdExTMHRMUzB0Y0dwaVpYQXhNRUZCUVVGQlIzRnNWVXc0UmtKVmMyOUJFZ1pSVURFMU1UY2FDZ2ptYkJBQUdnTkpUbEk0SEhEdWNRPT0iLFtbIkJMUiIsIjIwMjYtMDktMTMiLCJCT00iLG51bGwsIlFQIiwiMTUxNyJdXV0=,2026-09-12 18:46:42.538869
493,105,BLR,BOM,2026-09-13,2026-09-20,13926.00,INR,110,Round trip,Akasa Air,0,73,WyJDalJJU0VaaGIxcExibEprWVRCQlJrZGlZbEZDUnkwdExTMHRMUzB0Y0dwaVpYQXhNRUZCUVVGQlIzRnNWVXc0UmtKVmMyOUJFZ1pSVURFeE16UWFDZ2ptYkJBQUdnTkpUbEk0SEhEdWNRPT0iLFtbIkJMUiIsIjIwMjYtMDktMTMiLCJCT00iLG51bGwsIlFQIiwiMTEzNCJdXV0=,2026-09-12 18:46:42.540875
494,105,BLR,BOM,2026-09-13,2026-09-20,14036.00,INR,110,Round trip,IndiGo,0,71,WyJDalJJU0VaaGIxcExibEprWVRCQlJrZGlZbEZDUnkwdExTMHRMUzB0Y0dwaVpYQXhNRUZCUVVGQlIzRnNWVXc0UmtKVmMyOUJFZ1kyUlRVeU16Y2FDZ2pVYlJBQUdnTkpUbEk0SEhEaGNnPT0iLFtbIkJMUiIsIjIwMjYtMDktMTMiLCJCT00iLG51bGwsIjZFIiwiNTIzNyJdXV0=,2026-09-12 18:46:42.543594
495,105,BLR,BOM,2026-09-13,2026-09-20,14036.00,INR,110,Round trip,IndiGo,0,71,WyJDalJJU0VaaGIxcExibEprWVRCQlJrZGlZbEZDUnkwdExTMHRMUzB0Y0dwaVpYQXhNRUZCUVVGQlIzRnNWVXc0UmtKVmMyOUJFZ1kyUlRVd05qa2FDZ2pVYlJBQUdnTkpUbEk0SEhEaGNnPT0iLFtbIkJMUiIsIjIwMjYtMDktMTMiLCJCT00iLG51bGwsIjZFIiwiNTA2OSJdXV0=,2026-09-12 18:46:42.546077
496,105,BLR,BOM,2026-09-13,2026-09-20,14036.00,INR,110,Round trip,IndiGo,0,71,WyJDalJJU0VaaGIxcExibEprWVRCQlJrZGlZbEZDUnkwdExTMHRMUzB0Y0dwaVpYQXhNRUZCUVVGQlIzRnNWVXc0UmtKVmMyOUJFZ1kyUlRVeU1UZ2FDZ2pVYlJBQUdnTkpUbEk0SEhEaGNnPT0iLFtbIkJMUiIsIjIwMjYtMDktMTMiLCJCT00iLG51bGwsIjZFIiwiNTIxOCJdXV0=,2026-09-12 18:46:42.549578
497,105,BLR,BOM,2026-09-13,2026-09-20,14052.00,INR,125,Round trip,Air India,0,83,WyJDalJJU0VaaGIxcExibEprWVRCQlJrZGlZbEZDUnkwdExTMHRMUzB0Y0dwaVpYQXhNRUZCUVVGQlIzRnNWVXc0UmtKVmMyOUJFZ1pCU1RJMk1UQWFDZ2prYlJBQUdnTkpUbEk0SEhEeWNnPT0iLFtbIkJMUiIsIjIwMjYtMDktMTMiLCJCT00iLG51bGwsIkFJIiwiMjYxMCJdXV0=,2026-09-12 18:46:42.552239
498,105,BLR,BOM,2026-09-13,2026-09-20,14105.00,INR,120,Round trip,Air India,0,83,WyJDalJJU0VaaGIxcExibEprWVRCQlJrZGlZbEZDUnkwdExTMHRMUzB0Y0dwaVpYQXhNRUZCUVVGQlIzRnNWVXc0UmtKVmMyOUJFZ1pCU1RJMk16QWFDZ2laYmhBQUdnTkpUbEk0SEhDcGN3PT0iLFtbIkJMUiIsIjIwMjYtMDktMTMiLCJCT00iLG51bGwsIkFJIiwiMjYzMCJdXV0=,2026-09-12 18:46:42.554584
499,105,BLR,BOM,2026-09-13,2026-09-20,14160.00,INR,280,Round trip,IndiGo,1,106,WyJDalJJU0VaaGIxcExibEprWVRCQlJrZGlZbEZDUnkwdExTMHRMUzB0Y0dwaVpYQXhNRUZCUVVGQlIzRnNWVXc0UmtKVmMyOUJFZzAyUlRZM05UTjhOa1UxTWpReUdnb0kwRzRRQUJvRFNVNVNPQnh3NDNNPSIsW1siQkxSIiwiMjAyNi0wOS0xMyIsIkdPSSIsbnVsbCwiNkUiLCI2NzUzIl0sWyJHT0kiLCIyMDI2LTA5LTEzIiwiQk9NIixudWxsLCI2RSIsIjUyNDIiXV1d,2026-09-12 18:46:42.556509
500,105,BLR,BOM,2026-09-13,2026-09-20,14168.00,INR,110,Round trip,Air India,0,83,WyJDalJJU0VaaGIxcExibEprWVRCQlJrZGlZbEZDUnkwdExTMHRMUzB0Y0dwaVpYQXhNRUZCUVVGQlIzRnNWVXc0UmtKVmMyOUJFZ1pCU1RJNE5UZ2FDZ2pZYmhBQUdnTkpUbEk0SEhEcmN3PT0iLFtbIkJMUiIsIjIwMjYtMDktMTMiLCJCT00iLG51bGwsIkFJIiwiMjg1OCJdXV0=,2026-09-12 18:46:42.559034
501,105,BLR,BOM,2026-09-13,2026-09-20,14351.00,INR,95,Round trip,IndiGo,0,71,WyJDalJJU0VaaGIxcExibEprWVRCQlJrZGlZbEZDUnkwdExTMHRMUzB0Y0dwaVpYQXhNRUZCUVVGQlIzRnNWVXc0UmtKVmMyOUJFZ1kyUlRZeU9ETWFDZ2lQY0JBQUdnTkpUbEk0SEhDcWRRPT0iLFtbIkJMUiIsIjIwMjYtMDktMTMiLCJCT00iLG51bGwsIjZFIiwiNjI4MyJdXV0=,2026-09-12 18:46:42.561553
502,105,BLR,BOM,2026-09-13,2026-09-20,14351.00,INR,105,Round trip,IndiGo,0,71,WyJDalJJU0VaaGIxcExibEprWVRCQlJrZGlZbEZDUnkwdExTMHRMUzB0Y0dwaVpYQXhNRUZCUVVGQlIzRnNWVXc0UmtKVmMyOUJFZ1kyUlRVek56WWFDZ2lQY0JBQUdnTkpUbEk0SEhDcWRRPT0iLFtbIkJMUiIsIjIwMjYtMDktMTMiLCJCT00iLG51bGwsIjZFIiwiNTM3NiJdXV0=,2026-09-12 18:46:42.563351
503,105,BLR,BOM,2026-09-13,2026-09-20,14481.00,INR,115,Round trip,Akasa Air,0,73,WyJDalJJU0VaaGIxcExibEprWVRCQlJrZGlZbEZDUnkwdExTMHRMUzB0Y0dwaVpYQXhNRUZCUVVGQlIzRnNWVXc0UmtKVmMyOUJFZ1pSVURFek9ERWFDZ2lSY1JBQUdnTkpUbEk0SEhDemRnPT0iLFtbIkJMUiIsIjIwMjYtMDktMTMiLCJCT00iLG51bGwsIlFQIiwiMTM4MSJdXV0=,2026-09-12 18:46:42.566151
504,105,BLR,BOM,2026-09-13,2026-09-20,14501.00,INR,235,Round trip,IndiGo,1,118,WyJDalJJU0VaaGIxcExibEprWVRCQlJrZGlZbEZDUnkwdExTMHRMUzB0Y0dwaVpYQXhNRUZCUVVGQlIzRnNWVXc0UmtKVmMyOUJFZ3cyUlRrd05IdzJSVFV5TlRnYUNnaWxjUkFBR2dOSlRsSTRISERIZGc9PSIsW1siQkxSIiwiMjAyNi0wOS0xMyIsIk1BQSIsbnVsbCwiNkUiLCI5MDQiXSxbIk1BQSIsIjIwMjYtMDktMTMiLCJCT00iLG51bGwsIjZFIiwiNTI1OCJdXV0=,2026-09-12 18:46:42.568606
505,105,BLR,BOM,2026-09-13,2026-09-20,14651.00,INR,125,Round trip,Air India,0,83,WyJDalJJU0VaaGIxcExibEprWVRCQlJrZGlZbEZDUnkwdExTMHRMUzB0Y0dwaVpYQXhNRUZCUVVGQlIzRnNWVXc0UmtKVmMyOUJFZ1pCU1RJNE1URWFDZ2k3Y2hBQUdnTkpUbEk0SEhEa2R3PT0iLFtbIkJMUiIsIjIwMjYtMDktMTMiLCJCT00iLG51bGwsIkFJIiwiMjgxMSJdXV0=,2026-09-12 18:46:42.570966
506,105,BLR,BOM,2026-09-13,2026-09-20,14771.00,INR,105,Round trip,IndiGo,0,71,WyJDalJJU0VaaGIxcExibEprWVRCQlJrZGlZbEZDUnkwdExTMHRMUzB0Y0dwaVpYQXhNRUZCUVVGQlIzRnNWVXc0UmtKVmMyOUJFZ1kyUlRVd016RWFDZ2l6Y3hBQUdnTkpUbEk0SEhEaWVBPT0iLFtbIkJMUiIsIjIwMjYtMDktMTMiLCJCT00iLG51bGwsIjZFIiwiNTAzMSJdXV0=,2026-09-12 18:46:42.573158
507,105,BLR,BOM,2026-09-13,2026-09-20,14771.00,INR,100,Round trip,IndiGo,0,71,WyJDalJJU0VaaGIxcExibEprWVRCQlJrZGlZbEZDUnkwdExTMHRMUzB0Y0dwaVpYQXhNRUZCUVVGQlIzRnNWVXc0UmtKVmMyOUJFZ1kyUlRVeU5UVWFDZ2l6Y3hBQUdnTkpUbEk0SEhEaWVBPT0iLFtbIkJMUiIsIjIwMjYtMDktMTMiLCJCT00iLG51bGwsIjZFIiwiNTI1NSJdXV0=,2026-09-12 18:46:42.575351
508,105,BLR,BOM,2026-09-13,2026-09-20,14834.00,INR,120,Round trip,Air India,0,83,WyJDalJJU0VaaGIxcExibEprWVRCQlJrZGlZbEZDUnkwdExTMHRMUzB0Y0dwaVpYQXhNRUZCUVVGQlIzRnNWVXc0UmtKVmMyOUJFZ1pCU1RJNE5UUWFDZ2p5Y3hBQUdnTkpUbEk0SEhDa2VRPT0iLFtbIkJMUiIsIjIwMjYtMDktMTMiLCJCT00iLG51bGwsIkFJIiwiMjg1NCJdXV0=,2026-09-12 18:46:42.577542
509,105,BLR,BOM,2026-09-13,2026-09-20,14893.00,INR,105,Round trip,IndiGo,0,71,WyJDalJJU0VaaGIxcExibEprWVRCQlJrZGlZbEZDUnkwdExTMHRMUzB0Y0dwaVpYQXhNRUZCUVVGQlIzRnNWVXc0UmtKVmMyOUJFZ1kyUlRVeU1EVWFDZ2l0ZEJBQUdnTkpUbEk0SEhEaWVRPT0iLFtbIkJMUiIsIjIwMjYtMDktMTMiLCJCT00iLG51bGwsIjZFIiwiNTIwNSJdXV0=,2026-09-12 18:46:42.579478
510,105,BLR,BOM,2026-09-13,2026-09-20,14893.00,INR,105,Round trip,IndiGo,0,69,WyJDalJJU0VaaGIxcExibEprWVRCQlJrZGlZbEZDUnkwdExTMHRMUzB0Y0dwaVpYQXhNRUZCUVVGQlIzRnNWVXc0UmtKVmMyOUJFZ1kyUlRVd09Ea2FDZ2l0ZEJBQUdnTkpUbEk0SEhEaWVRPT0iLFtbIkJMUiIsIjIwMjYtMDktMTMiLCJCT00iLG51bGwsIjZFIiwiNTA4OSJdXV0=,2026-09-12 18:46:42.581467
511,105,BLR,BOM,2026-09-13,2026-09-20,17308.00,INR,110,Round trip,IndiGo,0,71,WyJDalJJU0VaaGIxcExibEprWVRCQlJrZGlZbEZDUnkwdExTMHRMUzB0Y0dwaVpYQXhNRUZCUVVGQlIzRnNWVXc0UmtKVmMyOUJFZ1kyUlRVeU9UTWFDd2ljaHdFUUFCb0RTVTVTT0J4d3dZMEIiLFtbIkJMUiIsIjIwMjYtMDktMTMiLCJCT00iLG51bGwsIjZFIiwiNTI5MyJdXV0=,2026-09-12 18:46:42.583392
512,106,BLR,HYD,2026-09-13,2026-09-20,9651.00,INR,70,Round trip,Air India Express,0,57,WyJDalJJY0ZOZk0wdFRiblJNYzFGQlNqTnFPVUZDUnkwdExTMHRMUzB0TFhsc2Izb3hNMEZCUVVGQlIzRnNWVTFaVEVNMGNWZEJFZ1pKV0RFM01qTWFDZ2l6U3hBQUdnTkpUbEk0SEhEMFRnPT0iLFtbIkJMUiIsIjIwMjYtMDktMTMiLCJIWUQiLG51bGwsIklYIiwiMTcyMyJdXV0=,2026-09-12 18:46:46.52773
513,106,BLR,HYD,2026-09-13,2026-09-20,10049.00,INR,80,Round trip,Air India Express,0,56,WyJDalJJY0ZOZk0wdFRiblJNYzFGQlNqTnFPVUZDUnkwdExTMHRMUzB0TFhsc2Izb3hNMEZCUVVGQlIzRnNWVTFaVEVNMGNWZEJFZ1pKV0RJd01UZ2FDZ2pCVGhBQUdnTkpUbEk0SEhDVVVnPT0iLFtbIkJMUiIsIjIwMjYtMDktMTMiLCJIWUQiLG51bGwsIklYIiwiMjAxOCJdXV0=,2026-09-12 18:46:46.530833
514,106,BLR,HYD,2026-09-13,2026-09-20,11738.00,INR,75,Round trip,IndiGo,0,47,WyJDalJJY0ZOZk0wdFRiblJNYzFGQlNqTnFPVUZDUnkwdExTMHRMUzB0TFhsc2Izb3hNMEZCUVVGQlIzRnNWVTFaVEVNMGNWZEJFZ1UyUlRRNE5Cb0tDTnBiRUFBYUEwbE9VamdjY1B4ZiIsW1siQkxSIiwiMjAyNi0wOS0xMyIsIkhZRCIsbnVsbCwiNkUiLCI0ODQiXV1d,2026-09-12 18:46:46.533243
515,106,BLR,HYD,2026-09-13,2026-09-20,9735.00,INR,235,Round trip,IndiGo,1,91,WyJDalJJY0ZOZk0wdFRiblJNYzFGQlNqTnFPVUZDUnkwdExTMHRMUzB0TFhsc2Izb3hNMEZCUVVGQlIzRnNWVTFaVEVNMGNWZEJFZ3cyUlRZeU5qbDhOa1V6TnpJYUNnaUhUQkFBR2dOSlRsSTRISERNVHc9PSIsW1siQkxSIiwiMjAyNi0wOS0xMyIsIk1BQSIsbnVsbCwiNkUiLCI2MjY5Il0sWyJNQUEiLCIyMDI2LTA5LTEzIiwiSFlEIixudWxsLCI2RSIsIjM3MiJdXV0=,2026-09-12 18:46:46.53539
516,106,BLR,HYD,2026-09-13,2026-09-20,9735.00,INR,245,Round trip,IndiGo,1,111,WyJDalJJY0ZOZk0wdFRiblJNYzFGQlNqTnFPVUZDUnkwdExTMHRMUzB0TFhsc2Izb3hNMEZCUVVGQlIzRnNWVTFaVEVNMGNWZEJFZ3MyUlRFeE5udzJSVE16TmhvS0NJZE1FQUFhQTBsT1VqZ2NjTXhQIixbWyJCTFIiLCIyMDI2LTA5LTEzIiwiUE5RIixudWxsLCI2RSIsIjExNiJdLFsiUE5RIiwiMjAyNi0wOS0xNCIsIkhZRCIsbnVsbCwiNkUiLCIzMzYiXV1d,2026-09-12 18:46:46.538051
517,106,BLR,HYD,2026-09-13,2026-09-20,11149.00,INR,75,Round trip,IndiGo,0,52,WyJDalJJY0ZOZk0wdFRiblJNYzFGQlNqTnFPVUZDUnkwdExTMHRMUzB0TFhsc2Izb3hNMEZCUVVGQlIzRnNWVTFaVEVNMGNWZEJFZ1kyUlRZM09EUWFDZ2lOVnhBQUdnTkpUbEk0SEhDVVd3PT0iLFtbIkJMUiIsIjIwMjYtMDktMTMiLCJIWUQiLG51bGwsIjZFIiwiNjc4NCJdXV0=,2026-09-12 18:46:46.542457
518,106,BLR,HYD,2026-09-13,2026-09-20,12092.00,INR,80,Round trip,Air India Express,0,60,WyJDalJJY0ZOZk0wdFRiblJNYzFGQlNqTnFPVUZDUnkwdExTMHRMUzB0TFhsc2Izb3hNMEZCUVVGQlIzRnNWVTFaVEVNMGNWZEJFZ1pKV0RJNE1Ua2FDZ2k4WGhBQUdnTkpUbEk0SEhEdVlnPT0iLFtbIkJMUiIsIjIwMjYtMDktMTMiLCJIWUQiLG51bGwsIklYIiwiMjgxOSJdXV0=,2026-09-12 18:46:46.54603
519,106,BLR,HYD,2026-09-13,2026-09-20,12387.00,INR,70,Round trip,IndiGo,0,47,WyJDalJJY0ZOZk0wdFRiblJNYzFGQlNqTnFPVUZDUnkwdExTMHRMUzB0TFhsc2Izb3hNMEZCUVVGQlIzRnNWVTFaVEVNMGNWZEJFZ1kyUlRZeE56Z2FDZ2pqWUJBQUdnTkpUbEk0SEhDalpRPT0iLFtbIkJMUiIsIjIwMjYtMDktMTMiLCJIWUQiLG51bGwsIjZFIiwiNjE3OCJdXV0=,2026-09-12 18:46:46.548161
520,106,BLR,HYD,2026-09-13,2026-09-20,12387.00,INR,75,Round trip,IndiGo,0,47,WyJDalJJY0ZOZk0wdFRiblJNYzFGQlNqTnFPVUZDUnkwdExTMHRMUzB0TFhsc2Izb3hNMEZCUVVGQlIzRnNWVTFaVEVNMGNWZEJFZ1UyUlRNeE1ob0tDT05nRUFBYUEwbE9VamdjY0tObCIsW1siQkxSIiwiMjAyNi0wOS0xMyIsIkhZRCIsbnVsbCwiNkUiLCIzMTIiXV1d,2026-09-12 18:46:46.550171
521,106,BLR,HYD,2026-09-13,2026-09-20,12387.00,INR,75,Round trip,IndiGo,0,52,WyJDalJJY0ZOZk0wdFRiblJNYzFGQlNqTnFPVUZDUnkwdExTMHRMUzB0TFhsc2Izb3hNMEZCUVVGQlIzRnNWVTFaVEVNMGNWZEJFZ1kyUlRZME1EUWFDZ2pqWUJBQUdnTkpUbEk0SEhDalpRPT0iLFtbIkJMUiIsIjIwMjYtMDktMTMiLCJIWUQiLG51bGwsIjZFIiwiNjQwNCJdXV0=,2026-09-12 18:46:46.552547
522,106,BLR,HYD,2026-09-13,2026-09-20,13104.00,INR,70,Round trip,IndiGo,0,47,WyJDalJJY0ZOZk0wdFRiblJNYzFGQlNqTnFPVUZDUnkwdExTMHRMUzB0TFhsc2Izb3hNMEZCUVVGQlIzRnNWVTFaVEVNMGNWZEJFZ1UyUlRZek9Cb0tDTEJtRUFBYUEwbE9VamdjY0pGciIsW1siQkxSIiwiMjAyNi0wOS0xMyIsIkhZRCIsbnVsbCwiNkUiLCI2MzgiXV1d,2026-09-12 18:46:46.554823
523,106,BLR,HYD,2026-09-13,2026-09-20,13459.00,INR,85,Round trip,Air India Express,0,57,WyJDalJJY0ZOZk0wdFRiblJNYzFGQlNqTnFPVUZDUnkwdExTMHRMUzB0TFhsc2Izb3hNMEZCUVVGQlIzRnNWVTFaVEVNMGNWZEJFZ1pKV0RJMU1EWWFDZ2lUYVJBQUdnTkpUbEk0SEhDRmJnPT0iLFtbIkJMUiIsIjIwMjYtMDktMTMiLCJIWUQiLG51bGwsIklYIiwiMjUwNiJdXV0=,2026-09-12 18:46:46.557039
524,106,BLR,HYD,2026-09-13,2026-09-20,13895.00,INR,75,Round trip,IndiGo,0,52,WyJDalJJY0ZOZk0wdFRiblJNYzFGQlNqTnFPVUZDUnkwdExTMHRMUzB0TFhsc2Izb3hNMEZCUVVGQlIzRnNWVTFaVEVNMGNWZEJFZ1UyUlRVek54b0tDTWRzRUFBYUEwbE9VamdjY00xeCIsW1siQkxSIiwiMjAyNi0wOS0xMyIsIkhZRCIsbnVsbCwiNkUiLCI1MzciXV1d,2026-09-12 18:46:46.559407
525,106,BLR,HYD,2026-09-13,2026-09-20,13895.00,INR,75,Round trip,IndiGo,0,52,WyJDalJJY0ZOZk0wdFRiblJNYzFGQlNqTnFPVUZDUnkwdExTMHRMUzB0TFhsc2Izb3hNMEZCUVVGQlIzRnNWVTFaVEVNMGNWZEJFZ1UyUlRnMU5Sb0tDTWRzRUFBYUEwbE9VamdjY00xeCIsW1siQkxSIiwiMjAyNi0wOS0xMyIsIkhZRCIsbnVsbCwiNkUiLCI4NTUiXV1d,2026-09-12 18:46:46.562132
526,106,BLR,HYD,2026-09-13,2026-09-20,15399.00,INR,390,Round trip,Air India Express,1,107,WyJDalJJY0ZOZk0wdFRiblJNYzFGQlNqTnFPVUZDUnkwdExTMHRMUzB0TFhsc2Izb3hNMEZCUVVGQlIzRnNWVTFaVEVNMGNWZEJFZzFKV0RJNU1qWjhTVmd4T0RNeUdnb0lwM2dRQUJvRFNVNVNPQnh3ODMwPSIsW1siQkxSIiwiMjAyNi0wOS0xMyIsIk1BQSIsbnVsbCwiSVgiLCIyOTI2Il0sWyJNQUEiLCIyMDI2LTA5LTEzIiwiSFlEIixudWxsLCJJWCIsIjE4MzIiXV1d,2026-09-12 18:46:46.564212
527,106,BLR,HYD,2026-09-13,2026-09-20,15730.00,INR,75,Round trip,IndiGo,0,47,WyJDalJJY0ZOZk0wdFRiblJNYzFGQlNqTnFPVUZDUnkwdExTMHRMUzB0TFhsc2Izb3hNMEZCUVVGQlIzRnNWVTFaVEVNMGNWZEJFZ1kyUlRZd05qY2FDZ2p5ZWhBQUdnTkpUbEk0SEhET2dBRT0iLFtbIkJMUiIsIjIwMjYtMDktMTMiLCJIWUQiLG51bGwsIjZFIiwiNjA2NyJdXV0=,2026-09-12 18:46:46.566957
528,107,BLR,MAA,2026-09-13,2026-09-20,7932.00,INR,60,Round trip,IndiGo,0,36,WyJDalJJTFc0ek1tdGljR3RXWW5kQlMyMUdWMEZDUnkwdExTMHRMUzB0TFMxNWJHOW9PRUZCUVVGQlIzRnNWVTF2UVZWaVNWRkJFZ1kyUlRZeU5qa2FDZ2o4UFJBQUdnTkpUbEk0SEhEdFFBPT0iLFtbIkJMUiIsIjIwMjYtMDktMTMiLCJNQUEiLG51bGwsIjZFIiwiNjI2OSJdXV0=,2026-09-12 18:46:51.616506
529,107,BLR,MAA,2026-09-13,2026-09-20,7932.00,INR,55,Round trip,IndiGo,0,36,WyJDalJJTFc0ek1tdGljR3RXWW5kQlMyMUdWMEZDUnkwdExTMHRMUzB0TFMxNWJHOW9PRUZCUVVGQlIzRnNWVTF2UVZWaVNWRkJFZ1UyUlRrd05Cb0tDUHc5RUFBYUEwbE9VamdjY08xQSIsW1siQkxSIiwiMjAyNi0wOS0xMyIsIk1BQSIsbnVsbCwiNkUiLCI5MDQiXV1d,2026-09-12 18:46:51.620049
530,107,BLR,MAA,2026-09-13,2026-09-20,7932.00,INR,70,Round trip,IndiGo,0,36,WyJDalJJTFc0ek1tdGljR3RXWW5kQlMyMUdWMEZDUnkwdExTMHRMUzB0TFMxNWJHOW9PRUZCUVVGQlIzRnNWVTF2UVZWaVNWRkJFZ1kyUlRZeU1EZ2FDZ2o4UFJBQUdnTkpUbEk0SEhEdFFBPT0iLFtbIkJMUiIsIjIwMjYtMDktMTMiLCJNQUEiLG51bGwsIjZFIiwiNjIwOCJdXV0=,2026-09-12 18:46:51.622997
531,107,BLR,MAA,2026-09-13,2026-09-20,7932.00,INR,55,Round trip,IndiGo,0,36,WyJDalJJTFc0ek1tdGljR3RXWW5kQlMyMUdWMEZDUnkwdExTMHRMUzB0TFMxNWJHOW9PRUZCUVVGQlIzRnNWVTF2UVZWaVNWRkJFZ1UyUlRNMU5ob0tDUHc5RUFBYUEwbE9VamdjY08xQSIsW1siQkxSIiwiMjAyNi0wOS0xMyIsIk1BQSIsbnVsbCwiNkUiLCIzNTYiXV1d,2026-09-12 18:46:51.625504
532,107,BLR,MAA,2026-09-13,2026-09-20,7932.00,INR,60,Round trip,IndiGo,0,36,WyJDalJJTFc0ek1tdGljR3RXWW5kQlMyMUdWMEZDUnkwdExTMHRMUzB0TFMxNWJHOW9PRUZCUVVGQlIzRnNWVTF2UVZWaVNWRkJFZ1kyUlRZd01UY2FDZ2o4UFJBQUdnTkpUbEk0SEhEdFFBPT0iLFtbIkJMUiIsIjIwMjYtMDktMTMiLCJNQUEiLG51bGwsIjZFIiwiNjAxNyJdXV0=,2026-09-12 18:46:51.628407
533,107,BLR,MAA,2026-09-13,2026-09-20,7932.00,INR,65,Round trip,IndiGo,0,36,WyJDalJJTFc0ek1tdGljR3RXWW5kQlMyMUdWMEZDUnkwdExTMHRMUzB0TFMxNWJHOW9PRUZCUVVGQlIzRnNWVTF2UVZWaVNWRkJFZ1kyUlRZd056Y2FDZ2o4UFJBQUdnTkpUbEk0SEhEdFFBPT0iLFtbIkJMUiIsIjIwMjYtMDktMTMiLCJNQUEiLG51bGwsIjZFIiwiNjA3NyJdXV0=,2026-09-12 18:46:51.631892
534,107,BLR,MAA,2026-09-13,2026-09-20,7932.00,INR,65,Round trip,IndiGo,0,40,WyJDalJJTFc0ek1tdGljR3RXWW5kQlMyMUdWMEZDUnkwdExTMHRMUzB0TFMxNWJHOW9PRUZCUVVGQlIzRnNWVTF2UVZWaVNWRkJFZ1kyUlRZMU5qSWFDZ2o4UFJBQUdnTkpUbEk0SEhEdFFBPT0iLFtbIkJMUiIsIjIwMjYtMDktMTMiLCJNQUEiLG51bGwsIjZFIiwiNjU2MiJdXV0=,2026-09-12 18:46:51.634552
535,107,BLR,MAA,2026-09-13,2026-09-20,8266.00,INR,70,Round trip,Air India Express,0,46,WyJDalJJTFc0ek1tdGljR3RXWW5kQlMyMUdWMEZDUnkwdExTMHRMUzB0TFMxNWJHOW9PRUZCUVVGQlIzRnNWVTF2UVZWaVNWRkJFZ1pKV0RJNU1qWWFDZ2pLUUJBQUdnTkpUbEk0SEhES1F3PT0iLFtbIkJMUiIsIjIwMjYtMDktMTMiLCJNQUEiLG51bGwsIklYIiwiMjkyNiJdXV0=,2026-09-12 18:46:51.636941
536,107,BLR,MAA,2026-09-13,2026-09-20,8266.00,INR,70,Round trip,Air India Express,0,46,WyJDalJJTFc0ek1tdGljR3RXWW5kQlMyMUdWMEZDUnkwdExTMHRMUzB0TFMxNWJHOW9PRUZCUVVGQlIzRnNWVTF2UVZWaVNWRkJFZ1pKV0RJNU5ESWFDZ2pLUUJBQUdnTkpUbEk0SEhES1F3PT0iLFtbIkJMUiIsIjIwMjYtMDktMTMiLCJNQUEiLG51bGwsIklYIiwiMjk0MiJdXV0=,2026-09-12 18:46:51.639305
537,107,BLR,MAA,2026-09-13,2026-09-20,8266.00,INR,70,Round trip,Air India Express,0,44,WyJDalJJTFc0ek1tdGljR3RXWW5kQlMyMUdWMEZDUnkwdExTMHRMUzB0TFMxNWJHOW9PRUZCUVVGQlIzRnNWVTF2UVZWaVNWRkJFZ1pKV0RJMU1EVWFDZ2pLUUJBQUdnTkpUbEk0SEhES1F3PT0iLFtbIkJMUiIsIjIwMjYtMDktMTMiLCJNQUEiLG51bGwsIklYIiwiMjUwNSJdXV0=,2026-09-12 18:46:51.641955
538,107,BLR,MAA,2026-09-13,2026-09-20,8266.00,INR,70,Round trip,Air India Express,0,43,WyJDalJJTFc0ek1tdGljR3RXWW5kQlMyMUdWMEZDUnkwdExTMHRMUzB0TFMxNWJHOW9PRUZCUVVGQlIzRnNWVTF2UVZWaVNWRkJFZ1pKV0RFeE5qZ2FDZ2pLUUJBQUdnTkpUbEk0SEhES1F3PT0iLFtbIkJMUiIsIjIwMjYtMDktMTMiLCJNQUEiLG51bGwsIklYIiwiMTE2OCJdXV0=,2026-09-12 18:46:51.644882
539,107,BLR,MAA,2026-09-13,2026-09-20,8266.00,INR,70,Round trip,Air India Express,0,46,WyJDalJJTFc0ek1tdGljR3RXWW5kQlMyMUdWMEZDUnkwdExTMHRMUzB0TFMxNWJHOW9PRUZCUVVGQlIzRnNWVTF2UVZWaVNWRkJFZ1pKV0RJM09EY2FDZ2pLUUJBQUdnTkpUbEk0SEhES1F3PT0iLFtbIkJMUiIsIjIwMjYtMDktMTMiLCJNQUEiLG51bGwsIklYIiwiMjc4NyJdXV0=,2026-09-12 18:46:51.647206
540,108,BLR,CCU,2026-09-13,2026-09-20,16480.00,INR,315,Round trip,IndiGo,1,137,WyJDalJJZVRCdlVqbERjbTVXYmtGQlRFRkRZVUZDUnkwdExTMHRMUzB0TFc5NWNtRXlOa0ZCUVVGQlIzRnNWVTVGUWpkTVlrVkJFZ3cyUlRZd01UZDhOa1U1TWpNYUN3amdnQUVRQUJvRFNVNVNPQnh3MzRZQiIsW1siQkxSIiwiMjAyNi0wOS0xMyIsIk1BQSIsbnVsbCwiNkUiLCI2MDE3Il0sWyJNQUEiLCIyMDI2LTA5LTEzIiwiQ0NVIixudWxsLCI2RSIsIjkyMyJdXV0=,2026-09-12 18:46:57.859214
541,108,BLR,CCU,2026-09-13,2026-09-20,17736.00,INR,160,Round trip,IndiGo,0,111,WyJDalJJZVRCdlVqbERjbTVXYmtGQlRFRkRZVUZDUnkwdExTMHRMUzB0TFc5NWNtRXlOa0ZCUVVGQlIzRnNWVTVGUWpkTVlrVkJFZ1UyUlRrMU1ob0xDTWlLQVJBQUdnTkpUbEk0SEhDQmtRRT0iLFtbIkJMUiIsIjIwMjYtMDktMTMiLCJDQ1UiLG51bGwsIjZFIiwiOTUyIl1dXQ==,2026-09-12 18:46:57.862022
542,108,BLR,CCU,2026-09-13,2026-09-20,22255.00,INR,155,Round trip,Akasa Air,0,111,WyJDalJJZVRCdlVqbERjbTVXYmtGQlRFRkRZVUZDUnkwdExTMHRMUzB0TFc5NWNtRXlOa0ZCUVVGQlIzRnNWVTVGUWpkTVlrVkJFZ1pSVURFMU5qRWFDd2p2clFFUUFCb0RTVTVTT0J4dytyVUIiLFtbIkJMUiIsIjIwMjYtMDktMTMiLCJDQ1UiLG51bGwsIlFQIiwiMTU2MSJdXV0=,2026-09-12 18:46:57.864184
543,108,BLR,CCU,2026-09-13,2026-09-20,16690.00,INR,335,Round trip,IndiGo,1,172,WyJDalJJZVRCdlVqbERjbTVXYmtGQlRFRkRZVUZDUnkwdExTMHRMUzB0TFc5NWNtRXlOa0ZCUVVGQlIzRnNWVTVGUWpkTVlrVkJFZ3cyUlRZMk5UTjhOa1V4TmpJYUN3aXlnZ0VRQUJvRFNVNVNPQnh3dW9nQiIsW1siQkxSIiwiMjAyNi0wOS0xMyIsIkdPSSIsbnVsbCwiNkUiLCI2NjUzIl0sWyJHT0kiLCIyMDI2LTA5LTEzIiwiQ0NVIixudWxsLCI2RSIsIjE2MiJdXV0=,2026-09-12 18:46:57.865896
544,108,BLR,CCU,2026-09-13,2026-09-20,16690.00,INR,380,Round trip,IndiGo,1,192,WyJDalJJZVRCdlVqbERjbTVXYmtGQlRFRkRZVUZDUnkwdExTMHRMUzB0TFc5NWNtRXlOa0ZCUVVGQlIzRnNWVTVGUWpkTVlrVkJFZ3cyUlRZeU56ZDhOa1V6TkRJYUN3aXlnZ0VRQUJvRFNVNVNPQnh3dW9nQiIsW1siQkxSIiwiMjAyNi0wOS0xMyIsIlBBVCIsbnVsbCwiNkUiLCI2Mjc3Il0sWyJQQVQiLCIyMDI2LTA5LTEzIiwiQ0NVIixudWxsLCI2RSIsIjM0MiJdXV0=,2026-09-12 18:46:57.867865
545,108,BLR,CCU,2026-09-13,2026-09-20,16821.00,INR,330,Round trip,IndiGo,1,182,WyJDalJJZVRCdlVqbERjbTVXYmtGQlRFRkRZVUZDUnkwdExTMHRMUzB0TFc5NWNtRXlOa0ZCUVVGQlIzRnNWVTVGUWpkTVlrVkJFZzAyUlRZNE56WjhOa1UyTXpVNUdnc0l0WU1CRUFBYUEwbE9VamdjY01PSkFRPT0iLFtbIkJMUiIsIjIwMjYtMDktMTMiLCJQTlEiLG51bGwsIjZFIiwiNjg3NiJdLFsiUE5RIiwiMjAyNi0wOS0xMyIsIkNDVSIsbnVsbCwiNkUiLCI2MzU5Il1dXQ==,2026-09-12 18:46:57.869992
546,108,BLR,CCU,2026-09-13,2026-09-20,16821.00,INR,340,Round trip,IndiGo,1,180,WyJDalJJZVRCdlVqbERjbTVXYmtGQlRFRkRZVUZDUnkwdExTMHRMUzB0TFc5NWNtRXlOa0ZCUVVGQlIzRnNWVTVGUWpkTVlrVkJFZ3cyUlRRME1YdzJSVFk1TWpFYUN3aTFnd0VRQUJvRFNVNVNPQnh3dzRrQiIsW1siQkxSIiwiMjAyNi0wOS0xMyIsIlBOUSIsbnVsbCwiNkUiLCI0NDEiXSxbIlBOUSIsIjIwMjYtMDktMTMiLCJDQ1UiLG51bGwsIjZFIiwiNjkyMSJdXV0=,2026-09-12 18:46:57.8732
547,108,BLR,CCU,2026-09-13,2026-09-20,17031.00,INR,410,Round trip,IndiGo,1,206,WyJDalJJZVRCdlVqbERjbTVXYmtGQlRFRkRZVUZDUnkwdExTMHRMUzB0TFc5NWNtRXlOa0ZCUVVGQlIzRnNWVTVGUWpkTVlrVkJFZ3MyUlRVNE5udzJSVGMxTVJvTENJZUZBUkFBR2dOSlRsSTRISENmaXdFPSIsW1siQkxSIiwiMjAyNi0wOS0xMyIsIkFNRCIsbnVsbCwiNkUiLCI1ODYiXSxbIkFNRCIsIjIwMjYtMDktMTMiLCJDQ1UiLG51bGwsIjZFIiwiNzUxIl1dXQ==,2026-09-12 18:46:57.874992
548,108,BLR,CCU,2026-09-13,2026-09-20,17193.00,INR,365,Round trip,IndiGo,1,145,WyJDalJJZVRCdlVqbERjbTVXYmtGQlRFRkRZVUZDUnkwdExTMHRMUzB0TFc5NWNtRXlOa0ZCUVVGQlIzRnNWVTVGUWpkTVlrVkJFZ3cyUlRVek4zdzJSVFk1TURjYUN3aXBoZ0VRQUJvRFNVNVNPQnh3eVl3QiIsW1siQkxSIiwiMjAyNi0wOS0xMyIsIkhZRCIsbnVsbCwiNkUiLCI1MzciXSxbIkhZRCIsIjIwMjYtMDktMTMiLCJDQ1UiLG51bGwsIjZFIiwiNjkwNyJdXV0=,2026-09-12 18:46:57.876843
549,108,BLR,CCU,2026-09-13,2026-09-20,17403.00,INR,320,Round trip,IndiGo,1,192,WyJDalJJZVRCdlVqbERjbTVXYmtGQlRFRkRZVUZDUnkwdExTMHRMUzB0TFc5NWNtRXlOa0ZCUVVGQlIzRnNWVTVGUWpkTVlrVkJFZ3cyUlRZNE1ERjhOa1UyTmpNYUN3ajdod0VRQUJvRFNVNVNPQnh3cEk0QiIsW1siQkxSIiwiMjAyNi0wOS0xMyIsIlBBVCIsbnVsbCwiNkUiLCI2ODAxIl0sWyJQQVQiLCIyMDI2LTA5LTEzIiwiQ0NVIixudWxsLCI2RSIsIjY2MyJdXV0=,2026-09-12 18:46:57.879282
550,108,BLR,CCU,2026-09-13,2026-09-20,17975.00,INR,285,Round trip,IndiGo,1,145,WyJDalJJZVRCdlVqbERjbTVXYmtGQlRFRkRZVUZDUnkwdExTMHRMUzB0TFc5NWNtRXlOa0ZCUVVGQlIzRnNWVTVGUWpkTVlrVkJFZzAyUlRZME1EUjhOa1UyT1RBM0dnc0l0NHdCRUFBYUEwbE9VamdjY1B1U0FRPT0iLFtbIkJMUiIsIjIwMjYtMDktMTMiLCJIWUQiLG51bGwsIjZFIiwiNjQwNCJdLFsiSFlEIiwiMjAyNi0wOS0xMyIsIkNDVSIsbnVsbCwiNkUiLCI2OTA3Il1dXQ==,2026-09-12 18:46:57.881277
551,108,BLR,CCU,2026-09-13,2026-09-20,18261.00,INR,160,Round trip,IndiGo,0,111,WyJDalJJZVRCdlVqbERjbTVXYmtGQlRFRkRZVUZDUnkwdExTMHRMUzB0TFc5NWNtRXlOa0ZCUVVGQlIzRnNWVTVGUWpkTVlrVkJFZ1UyUlRrM05Sb0xDTldPQVJBQUdnTkpUbEk0SEhDbWxRRT0iLFtbIkJMUiIsIjIwMjYtMDktMTMiLCJDQ1UiLG51bGwsIjZFIiwiOTc1Il1dXQ==,2026-09-12 18:46:57.883048
552,108,BLR,CCU,2026-09-13,2026-09-20,18996.00,INR,170,Round trip,IndiGo,0,111,WyJDalJJZVRCdlVqbERjbTVXYmtGQlRFRkRZVUZDUnkwdExTMHRMUzB0TFc5NWNtRXlOa0ZCUVVGQlIzRnNWVTVGUWpkTVlrVkJFZ1UyUlRJeU14b0xDTFNVQVJBQUdnTkpUbEk0SEhDb213RT0iLFtbIkJMUiIsIjIwMjYtMDktMTMiLCJDQ1UiLG51bGwsIjZFIiwiMjIzIl1dXQ==,2026-09-12 18:46:57.884456
553,108,BLR,CCU,2026-09-13,2026-09-20,18996.00,INR,160,Round trip,IndiGo,0,138,WyJDalJJZVRCdlVqbERjbTVXYmtGQlRFRkRZVUZDUnkwdExTMHRMUzB0TFc5NWNtRXlOa0ZCUVVGQlIzRnNWVTVGUWpkTVlrVkJFZ1UyUlRZM05ob0xDTFNVQVJBQUdnTkpUbEk0SEhDb213RT0iLFtbIkJMUiIsIjIwMjYtMDktMTMiLCJDQ1UiLG51bGwsIjZFIiwiNjc2Il1dXQ==,2026-09-12 18:46:57.885982
554,108,BLR,CCU,2026-09-13,2026-09-20,19483.00,INR,840,Round trip,Air India Express,1,165,WyJDalJJZVRCdlVqbERjbTVXYmtGQlRFRkRZVUZDUnkwdExTMHRMUzB0TFc5NWNtRXlOa0ZCUVVGQlIzRnNWVTVGUWpkTVlrVkJFZzFKV0RJM09EZDhTVmd4TWpVMkdnc0ltNWdCRUFBYUEwbE9VamdjY0tXZkFRPT0iLFtbIkJMUiIsIjIwMjYtMDktMTMiLCJNQUEiLG51bGwsIklYIiwiMjc4NyJdLFsiTUFBIiwiMjAyNi0wOS0xNCIsIkNDVSIsbnVsbCwiSVgiLCIxMjU2Il1dXQ==,2026-09-12 18:46:57.887812
555,108,BLR,CCU,2026-09-13,2026-09-20,20466.00,INR,160,Round trip,IndiGo,0,111,WyJDalJJZVRCdlVqbERjbTVXYmtGQlRFRkRZVUZDUnkwdExTMHRMUzB0TFc5NWNtRXlOa0ZCUVVGQlIzRnNWVTVGUWpkTVlrVkJFZ1kyUlRZME16a2FDd2p5bndFUUFCb0RTVTVTT0J4d3FxY0IiLFtbIkJMUiIsIjIwMjYtMDktMTMiLCJDQ1UiLG51bGwsIjZFIiwiNjQzOSJdXV0=,2026-09-12 18:46:57.889515
556,108,BLR,CCU,2026-09-13,2026-09-20,20571.00,INR,160,Round trip,IndiGo,0,111,WyJDalJJZVRCdlVqbERjbTVXYmtGQlRFRkRZVUZDUnkwdExTMHRMUzB0TFc5NWNtRXlOa0ZCUVVGQlIzRnNWVTVGUWpkTVlrVkJFZ1UyUlRFM01ob0xDTnVnQVJBQUdnTkpUbEk0SEhDWXFBRT0iLFtbIkJMUiIsIjIwMjYtMDktMTMiLCJDQ1UiLG51bGwsIjZFIiwiMTcyIl1dXQ==,2026-09-12 18:46:57.891244
557,108,BLR,CCU,2026-09-13,2026-09-20,20571.00,INR,160,Round trip,IndiGo,0,111,WyJDalJJZVRCdlVqbERjbTVXYmtGQlRFRkRZVUZDUnkwdExTMHRMUzB0TFc5NWNtRXlOa0ZCUVVGQlIzRnNWVTVGUWpkTVlrVkJFZ1kyUlRZMU56SWFDd2pib0FFUUFCb0RTVTVTT0J4d21LZ0IiLFtbIkJMUiIsIjIwMjYtMDktMTMiLCJDQ1UiLG51bGwsIjZFIiwiNjU3MiJdXV0=,2026-09-12 18:46:57.893096
558,108,BLR,CCU,2026-09-13,2026-09-20,21516.00,INR,145,Round trip,IndiGo,0,111,WyJDalJJZVRCdlVqbERjbTVXYmtGQlRFRkRZVUZDUnkwdExTMHRMUzB0TFc5NWNtRXlOa0ZCUVVGQlIzRnNWVTVGUWpkTVlrVkJFZ1UyUlRRME1ob0xDSXlvQVJBQUdnTkpUbEk0SEhEMXJ3RT0iLFtbIkJMUiIsIjIwMjYtMDktMTMiLCJDQ1UiLG51bGwsIjZFIiwiNDQyIl1dXQ==,2026-09-12 18:46:57.894851
559,108,BLR,CCU,2026-09-13,2026-09-20,21516.00,INR,155,Round trip,IndiGo,0,111,WyJDalJJZVRCdlVqbERjbTVXYmtGQlRFRkRZVUZDUnkwdExTMHRMUzB0TFc5NWNtRXlOa0ZCUVVGQlIzRnNWVTVGUWpkTVlrVkJFZ1UyUlRVd014b0xDSXlvQVJBQUdnTkpUbEk0SEhEMXJ3RT0iLFtbIkJMUiIsIjIwMjYtMDktMTMiLCJDQ1UiLG51bGwsIjZFIiwiNTAzIl1dXQ==,2026-09-12 18:46:57.896997
560,108,BLR,CCU,2026-09-13,2026-09-20,21801.00,INR,155,Round trip,Air India Express,0,130,WyJDalJJZVRCdlVqbERjbTVXYmtGQlRFRkRZVUZDUnkwdExTMHRMUzB0TFc5NWNtRXlOa0ZCUVVGQlIzRnNWVTVGUWpkTVlrVkJFZ1pKV0RFek56QWFDd2lwcWdFUUFCb0RTVTVTT0J4d243SUIiLFtbIkJMUiIsIjIwMjYtMDktMTMiLCJDQ1UiLG51bGwsIklYIiwiMTM3MCJdXV0=,2026-09-12 18:46:57.899734
561,108,BLR,CCU,2026-09-13,2026-09-20,24501.00,INR,160,Round trip,Air India Express,0,134,WyJDalJJZVRCdlVqbERjbTVXYmtGQlRFRkRZVUZDUnkwdExTMHRMUzB0TFc5NWNtRXlOa0ZCUVVGQlIzRnNWVTVGUWpkTVlrVkJFZ1pKV0RFeE16RWFDd2kxdndFUUFCb0RTVTVTT0J4d3FjZ0IiLFtbIkJMUiIsIjIwMjYtMDktMTMiLCJDQ1UiLG51bGwsIklYIiwiMTEzMSJdXV0=,2026-09-12 18:46:57.901089
562,108,BLR,CCU,2026-09-13,2026-09-20,,INR,160,Round trip,Air India Express,0,131,WyJDalJJZVRCdlVqbERjbTVXYmtGQlRFRkRZVUZDUnkwdExTMHRMUzB0TFc5NWNtRXlOa0ZCUVVGQlIzRnNWVTVGUWpkTVlrVkJFZ1pKV0RFMU16YzRIQT09IixbWyJCTFIiLCIyMDI2LTA5LTEzIiwiQ0NVIixudWxsLCJJWCIsIjE1MzciXV1d,2026-09-12 18:46:57.90234
563,109,BLR,PNQ,2026-09-13,2026-09-20,8977.00,INR,100,Round trip,IndiGo,0,61,WyJDalJJWTFnMGRuTjBVbXhSUnpCQlNGb3hXbmRDUnkwdExTMHRMUzB0TFhaM2FtOHlORUZCUVVGQlIzRnNWVTVaUW1WaExVRkJFZ1UyUlRFeE5ob0tDSkZHRUFBYUEwbE9VamdjY0xOSiIsW1siQkxSIiwiMjAyNi0wOS0xMyIsIlBOUSIsbnVsbCwiNkUiLCIxMTYiXV1d,2026-09-12 18:47:04.713935
564,109,BLR,PNQ,2026-09-13,2026-09-20,9047.00,INR,100,Round trip,Air India Express,0,76,WyJDalJJWTFnMGRuTjBVbXhSUnpCQlNGb3hXbmRDUnkwdExTMHRMUzB0TFhaM2FtOHlORUZCUVVGQlIzRnNWVTVaUW1WaExVRkJFZ1pKV0RJMk9EQWFDZ2pYUmhBQUdnTkpUbEk0SEhEOFNRPT0iLFtbIkJMUiIsIjIwMjYtMDktMTMiLCJQTlEiLG51bGwsIklYIiwiMjY4MCJdXV0=,2026-09-12 18:47:04.717284
565,109,BLR,PNQ,2026-09-13,2026-09-20,9308.00,INR,90,Round trip,IndiGo,0,61,WyJDalJJWTFnMGRuTjBVbXhSUnpCQlNGb3hXbmRDUnkwdExTMHRMUzB0TFhaM2FtOHlORUZCUVVGQlIzRnNWVTVaUW1WaExVRkJFZ1UyUlRRd09Cb0tDTnhJRUFBYUEwbE9VamdjY0kxTSIsW1siQkxSIiwiMjAyNi0wOS0xMyIsIlBOUSIsbnVsbCwiNkUiLCI0MDgiXV1d,2026-09-12 18:47:04.719787
566,109,BLR,PNQ,2026-09-13,2026-09-20,9763.00,INR,100,Round trip,Akasa Air,0,63,WyJDalJJWTFnMGRuTjBVbXhSUnpCQlNGb3hXbmRDUnkwdExTMHRMUzB0TFhaM2FtOHlORUZCUVVGQlIzRnNWVTVaUW1WaExVRkJFZ1pSVURFek1UTWFDZ2lqVEJBQUdnTkpUbEk0SEhEcFR3PT0iLFtbIkJMUiIsIjIwMjYtMDktMTMiLCJQTlEiLG51bGwsIlFQIiwiMTMxMyJdXV0=,2026-09-12 18:47:04.722729
567,109,BLR,PNQ,2026-09-13,2026-09-20,9139.00,INR,90,Round trip,IndiGo,0,61,WyJDalJJWTFnMGRuTjBVbXhSUnpCQlNGb3hXbmRDUnkwdExTMHRMUzB0TFhaM2FtOHlORUZCUVVGQlIzRnNWVTVaUW1WaExVRkJFZ1UyUlRVeU9Cb0tDTE5IRUFBYUEwbE9VamdjY054SyIsW1siQkxSIiwiMjAyNi0wOS0xMyIsIlBOUSIsbnVsbCwiNkUiLCI1MjgiXV1d,2026-09-12 18:47:04.72518
568,109,BLR,PNQ,2026-09-13,2026-09-20,9669.00,INR,85,Round trip,IndiGo,0,61,WyJDalJJWTFnMGRuTjBVbXhSUnpCQlNGb3hXbmRDUnkwdExTMHRMUzB0TFhaM2FtOHlORUZCUVVGQlIzRnNWVTVaUW1WaExVRkJFZ1UyUlRFd05Sb0tDTVZMRUFBYUEwbE9VamdjY0lkUCIsW1siQkxSIiwiMjAyNi0wOS0xMyIsIlBOUSIsbnVsbCwiNkUiLCIxMDUiXV1d,2026-09-12 18:47:04.728486
569,109,BLR,PNQ,2026-09-13,2026-09-20,9860.00,INR,85,Round trip,IndiGo,0,61,WyJDalJJWTFnMGRuTjBVbXhSUnpCQlNGb3hXbmRDUnkwdExTMHRMUzB0TFhaM2FtOHlORUZCUVVGQlIzRnNWVTVaUW1WaExVRkJFZ1kyUlRZNE56WWFDZ2lFVFJBQUdnTkpUbEk0SEhEUFVBPT0iLFtbIkJMUiIsIjIwMjYtMDktMTMiLCJQTlEiLG51bGwsIjZFIiwiNjg3NiJdXV0=,2026-09-12 18:47:04.731218
570,109,BLR,PNQ,2026-09-13,2026-09-20,9860.00,INR,85,Round trip,IndiGo,0,66,WyJDalJJWTFnMGRuTjBVbXhSUnpCQlNGb3hXbmRDUnkwdExTMHRMUzB0TFhaM2FtOHlORUZCUVVGQlIzRnNWVTVaUW1WaExVRkJFZ1UyUlRRME1Sb0tDSVJORUFBYUEwbE9VamdjY005USIsW1siQkxSIiwiMjAyNi0wOS0xMyIsIlBOUSIsbnVsbCwiNkUiLCI0NDEiXV1d,2026-09-12 18:47:04.733608
571,109,BLR,PNQ,2026-09-13,2026-09-20,9935.00,INR,95,Round trip,Air India Express,0,76,WyJDalJJWTFnMGRuTjBVbXhSUnpCQlNGb3hXbmRDUnkwdExTMHRMUzB0TFhaM2FtOHlORUZCUVVGQlIzRnNWVTVaUW1WaExVRkJFZ1pKV0RJNE56TWFDZ2pQVFJBQUdnTkpUbEk0SEhDZFVRPT0iLFtbIkJMUiIsIjIwMjYtMDktMTMiLCJQTlEiLG51bGwsIklYIiwiMjg3MyJdXV0=,2026-09-12 18:47:04.736316
572,109,BLR,PNQ,2026-09-13,2026-09-20,10332.00,INR,95,Round trip,Air India Express,0,76,WyJDalJJWTFnMGRuTjBVbXhSUnpCQlNGb3hXbmRDUnkwdExTMHRMUzB0TFhaM2FtOHlORUZCUVVGQlIzRnNWVTVaUW1WaExVRkJFZ1pKV0RFNU56RWFDZ2pjVUJBQUdnTkpUbEk0SEhDOVZBPT0iLFtbIkJMUiIsIjIwMjYtMDktMTMiLCJQTlEiLG51bGwsIklYIiwiMTk3MSJdXV0=,2026-09-12 18:47:04.738381
573,109,BLR,PNQ,2026-09-13,2026-09-20,10332.00,INR,95,Round trip,Air India Express,0,76,WyJDalJJWTFnMGRuTjBVbXhSUnpCQlNGb3hXbmRDUnkwdExTMHRMUzB0TFhaM2FtOHlORUZCUVVGQlIzRnNWVTVaUW1WaExVRkJFZ1pKV0RJNU1UTWFDZ2pjVUJBQUdnTkpUbEk0SEhDOVZBPT0iLFtbIkJMUiIsIjIwMjYtMDktMTMiLCJQTlEiLG51bGwsIklYIiwiMjkxMyJdXV0=,2026-09-12 18:47:04.74069
574,109,BLR,PNQ,2026-09-13,2026-09-20,10516.00,INR,95,Round trip,Akasa Air,0,66,WyJDalJJWTFnMGRuTjBVbXhSUnpCQlNGb3hXbmRDUnkwdExTMHRMUzB0TFhaM2FtOHlORUZCUVVGQlIzRnNWVTVaUW1WaExVRkJFZ1pSVURFek1qVWFDZ2lVVWhBQUdnTkpUbEk0SEhEOVZRPT0iLFtbIkJMUiIsIjIwMjYtMDktMTMiLCJQTlEiLG51bGwsIlFQIiwiMTMyNSJdXV0=,2026-09-12 18:47:04.744232
575,109,BLR,PNQ,2026-09-13,2026-09-20,10516.00,INR,95,Round trip,Akasa Air,0,63,WyJDalJJWTFnMGRuTjBVbXhSUnpCQlNGb3hXbmRDUnkwdExTMHRMUzB0TFhaM2FtOHlORUZCUVVGQlIzRnNWVTVaUW1WaExVRkJFZ1pSVURFek1UVWFDZ2lVVWhBQUdnTkpUbEk0SEhEOVZRPT0iLFtbIkJMUiIsIjIwMjYtMDktMTMiLCJQTlEiLG51bGwsIlFQIiwiMTMxNSJdXV0=,2026-09-12 18:47:04.746641
576,109,BLR,PNQ,2026-09-13,2026-09-20,10725.00,INR,100,Round trip,Akasa Air,0,63,WyJDalJJWTFnMGRuTjBVbXhSUnpCQlNGb3hXbmRDUnkwdExTMHRMUzB0TFhaM2FtOHlORUZCUVVGQlIzRnNWVTVaUW1WaExVRkJFZ1pSVURFek1URWFDZ2psVXhBQUdnTkpUbEk0SEhEWVZ3PT0iLFtbIkJMUiIsIjIwMjYtMDktMTMiLCJQTlEiLG51bGwsIlFQIiwiMTMxMSJdXV0=,2026-09-12 18:47:04.749013
577,109,BLR,PNQ,2026-09-13,2026-09-20,10971.00,INR,90,Round trip,IndiGo,0,61,WyJDalJJWTFnMGRuTjBVbXhSUnpCQlNGb3hXbmRDUnkwdExTMHRMUzB0TFhaM2FtOHlORUZCUVVGQlIzRnNWVTVaUW1WaExVRkJFZ1kyUlRZMU5qTWFDZ2piVlJBQUdnTkpUbEk0SEhEWldRPT0iLFtbIkJMUiIsIjIwMjYtMDktMTMiLCJQTlEiLG51bGwsIjZFIiwiNjU2MyJdXV0=,2026-09-12 18:47:04.751726
578,109,BLR,PNQ,2026-09-13,2026-09-20,10971.00,INR,90,Round trip,IndiGo,0,66,WyJDalJJWTFnMGRuTjBVbXhSUnpCQlNGb3hXbmRDUnkwdExTMHRMUzB0TFhaM2FtOHlORUZCUVVGQlIzRnNWVTVaUW1WaExVRkJFZ1UyUlRFM014b0tDTnRWRUFBYUEwbE9VamdjY05sWiIsW1siQkxSIiwiMjAyNi0wOS0xMyIsIlBOUSIsbnVsbCwiNkUiLCIxNzMiXV1d,2026-09-12 18:47:04.754039
579,109,BLR,PNQ,2026-09-13,2026-09-20,11775.00,INR,90,Round trip,IndiGo,0,66,WyJDalJJWTFnMGRuTjBVbXhSUnpCQlNGb3hXbmRDUnkwdExTMHRMUzB0TFhaM2FtOHlORUZCUVVGQlIzRnNWVTVaUW1WaExVRkJFZ1kyUlRZeE1EUWFDZ2ovV3hBQUdnTkpUbEk0SEhDallBPT0iLFtbIkJMUiIsIjIwMjYtMDktMTMiLCJQTlEiLG51bGwsIjZFIiwiNjEwNCJdXV0=,2026-09-12 18:47:04.756323
580,110,BLR,AMD,2026-09-13,2026-09-20,15211.00,INR,425,Round trip,IndiGo,1,113,WyJDalJJYW5sNVFtZExPVmxWZURoQlQyUkNkWGRDUnkwdExTMHRMUzB0TFMxdmVXTmlOMEZCUVVGQlIzRnNWVTR3UXpjeU1EaEJFZ3MyUlRFeE5udzJSVGd4T1JvS0NPdDJFQUFhQTBsT1VqZ2NjSzU4IixbWyJCTFIiLCIyMDI2LTA5LTEzIiwiUE5RIixudWxsLCI2RSIsIjExNiJdLFsiUE5RIiwiMjAyNi0wOS0xNCIsIkFNRCIsbnVsbCwiNkUiLCI4MTkiXV1d,2026-09-12 18:47:13.139575
581,110,BLR,AMD,2026-09-13,2026-09-20,15491.00,INR,130,Round trip,IndiGo,0,92,WyJDalJJYW5sNVFtZExPVmxWZURoQlQyUkNkWGRDUnkwdExTMHRMUzB0TFMxdmVXTmlOMEZCUVVGQlIzRnNWVTR3UXpjeU1EaEJFZ1kyUlRZME1qTWFDZ2lEZVJBQUdnTkpUbEk0SEhEVWZnPT0iLFtbIkJMUiIsIjIwMjYtMDktMTMiLCJBTUQiLG51bGwsIjZFIiwiNjQyMyJdXV0=,2026-09-12 18:47:13.163007
582,110,BLR,AMD,2026-09-13,2026-09-20,17108.00,INR,130,Round trip,Akasa Air,0,96,WyJDalJJYW5sNVFtZExPVmxWZURoQlQyUkNkWGRDUnkwdExTMHRMUzB0TFMxdmVXTmlOMEZCUVVGQlIzRnNWVTR3UXpjeU1EaEJFZ1pSVURFNU1EWWFDd2pVaFFFUUFCb0RTVTVTT0J4dzhJc0IiLFtbIkJMUiIsIjIwMjYtMDktMTMiLCJBTUQiLG51bGwsIlFQIiwiMTkwNiJdXV0=,2026-09-12 18:47:13.165359
583,110,BLR,AMD,2026-09-13,2026-09-20,16515.00,INR,290,Round trip,Air India,1,141,WyJDalJJYW5sNVFtZExPVmxWZURoQlQyUkNkWGRDUnkwdExTMHRMUzB0TFMxdmVXTmlOMEZCUVVGQlIzRnNWVTR3UXpjeU1EaEJFZzFCU1RJNE5UUjhRVWt5T1RFNUdnc0lnNEVCRUFBYUEwbE9VamdjY0lPSEFRPT0iLFtbIkJMUiIsIjIwMjYtMDktMTMiLCJCT00iLG51bGwsIkFJIiwiMjg1NCJdLFsiQk9NIiwiMjAyNi0wOS0xMyIsIkFNRCIsbnVsbCwiQUkiLCIyOTE5Il1dXQ==,2026-09-12 18:47:13.167305
584,110,BLR,AMD,2026-09-13,2026-09-20,17084.00,INR,305,Round trip,IndiGo,1,127,WyJDalJJYW5sNVFtZExPVmxWZURoQlQyUkNkWGRDUnkwdExTMHRMUzB0TFMxdmVXTmlOMEZCUVVGQlIzRnNWVTR3UXpjeU1EaEJFZ3cyUlRNeE1udzJSVFl3T1RrYUN3aThoUUVRQUJvRFNVNVNPQnh3MTRzQiIsW1siQkxSIiwiMjAyNi0wOS0xMyIsIkhZRCIsbnVsbCwiNkUiLCIzMTIiXSxbIkhZRCIsIjIwMjYtMDktMTMiLCJBTUQiLG51bGwsIjZFIiwiNjA5OSJdXV0=,2026-09-12 18:47:13.170794
585,110,BLR,AMD,2026-09-13,2026-09-20,17084.00,INR,290,Round trip,IndiGo,1,123,WyJDalJJYW5sNVFtZExPVmxWZURoQlQyUkNkWGRDUnkwdExTMHRMUzB0TFMxdmVXTmlOMEZCUVVGQlIzRnNWVTR3UXpjeU1EaEJFZzAyUlRVd05qbDhOa1UxTWpBeEdnc0l2SVVCRUFBYUEwbE9VamdjY05lTEFRPT0iLFtbIkJMUiIsIjIwMjYtMDktMTMiLCJCT00iLG51bGwsIjZFIiwiNTA2OSJdLFsiQk9NIiwiMjAyNi0wOS0xMyIsIkFNRCIsbnVsbCwiNkUiLCI1MjAxIl1dXQ==,2026-09-12 18:47:13.173515
586,110,BLR,AMD,2026-09-13,2026-09-20,17276.00,INR,125,Round trip,IndiGo,0,92,WyJDalJJYW5sNVFtZExPVmxWZURoQlQyUkNkWGRDUnkwdExTMHRMUzB0TFMxdmVXTmlOMEZCUVVGQlIzRnNWVTR3UXpjeU1EaEJFZ1kyUlRZMU9UVWFDd2o4aGdFUUFCb0RTVTVTT0J4d29JMEIiLFtbIkJMUiIsIjIwMjYtMDktMTMiLCJBTUQiLG51bGwsIjZFIiwiNjU5NSJdXV0=,2026-09-12 18:47:13.176373
587,110,BLR,AMD,2026-09-13,2026-09-20,17276.00,INR,130,Round trip,IndiGo,0,92,WyJDalJJYW5sNVFtZExPVmxWZURoQlQyUkNkWGRDUnkwdExTMHRMUzB0TFMxdmVXTmlOMEZCUVVGQlIzRnNWVTR3UXpjeU1EaEJFZ1UyUlRJek9Sb0xDUHlHQVJBQUdnTkpUbEk0SEhDZ2pRRT0iLFtbIkJMUiIsIjIwMjYtMDktMTMiLCJBTUQiLG51bGwsIjZFIiwiMjM5Il1dXQ==,2026-09-12 18:47:13.17874
588,110,BLR,AMD,2026-09-13,2026-09-20,17801.00,INR,130,Round trip,IndiGo,0,92,WyJDalJJYW5sNVFtZExPVmxWZURoQlQyUkNkWGRDUnkwdExTMHRMUzB0TFMxdmVXTmlOMEZCUVVGQlIzRnNWVTR3UXpjeU1EaEJFZ1UyUlRVNE5ob0xDSW1MQVJBQUdnTkpUbEk0SEhERmtRRT0iLFtbIkJMUiIsIjIwMjYtMDktMTMiLCJBTUQiLG51bGwsIjZFIiwiNTg2Il1dXQ==,2026-09-12 18:47:13.180855
589,110,BLR,AMD,2026-09-13,2026-09-20,25763.00,INR,125,Round trip,Air India Express,0,109,WyJDalJJYW5sNVFtZExPVmxWZURoQlQyUkNkWGRDUnkwdExTMHRMUzB0TFMxdmVXTmlOMEZCUVVGQlIzRnNWVTR3UXpjeU1EaEJFZ1pKV0RJd01ERWFDd2lqeVFFUUFCb0RTVTVTT0J4dzBkSUIiLFtbIkJMUiIsIjIwMjYtMDktMTMiLCJBTUQiLG51bGwsIklYIiwiMjAwMSJdXV0=,2026-09-12 18:47:13.182738
590,111,BLR,COK,2026-09-13,2026-09-20,11569.00,INR,75,Round trip,Air India Express,0,53,WyJDalJJZVZCM05tUXhORnB6YkRoQlNGUnJVRUZDUnkwdExTMHRMUzEyZDNreE9DMXVNVUZCUVVGQlIzRnNWVTlWUVVGd2NpMUJFZ1pKV0RJMk1EZ2FDZ2l4V2hBQUdnTkpUbEk0SEhETFhnPT0iLFtbIkJMUiIsIjIwMjYtMDktMTMiLCJDT0siLG51bGwsIklYIiwiMjYwOCJdXV0=,2026-09-12 18:47:17.523489
591,111,BLR,COK,2026-09-13,2026-09-20,11648.00,INR,65,Round trip,IndiGo,0,42,WyJDalJJZVZCM05tUXhORnB6YkRoQlNGUnJVRUZDUnkwdExTMHRMUzEyZDNreE9DMXVNVUZCUVVGQlIzRnNWVTlWUVVGd2NpMUJFZ1UyUlRFME5Cb0tDSUJiRUFBYUEwbE9VamdjY0o1ZiIsW1siQkxSIiwiMjAyNi0wOS0xMyIsIkNPSyIsbnVsbCwiNkUiLCIxNDQiXV1d,2026-09-12 18:47:17.527794
592,111,BLR,COK,2026-09-13,2026-09-20,11648.00,INR,65,Round trip,IndiGo,0,47,WyJDalJJZVZCM05tUXhORnB6YkRoQlNGUnJVRUZDUnkwdExTMHRMUzEyZDNreE9DMXVNVUZCUVVGQlIzRnNWVTlWUVVGd2NpMUJFZ1UyUlRRek5Sb0tDSUJiRUFBYUEwbE9VamdjY0o1ZiIsW1siQkxSIiwiMjAyNi0wOS0xMyIsIkNPSyIsbnVsbCwiNkUiLCI0MzUiXV1d,2026-09-12 18:47:17.53008
593,111,BLR,COK,2026-09-13,2026-09-20,12071.00,INR,65,Round trip,IndiGo,0,42,WyJDalJJZVZCM05tUXhORnB6YkRoQlNGUnJVRUZDUnkwdExTMHRMUzEyZDNreE9DMXVNVUZCUVVGQlIzRnNWVTlWUVVGd2NpMUJFZ1UyUlRjd014b0tDS2RlRUFBYUEwbE9VamdjY05oaSIsW1siQkxSIiwiMjAyNi0wOS0xMyIsIkNPSyIsbnVsbCwiNkUiLCI3MDMiXV1d,2026-09-12 18:47:17.531927
594,111,BLR,COK,2026-09-13,2026-09-20,11949.00,INR,65,Round trip,Air India Express,0,60,WyJDalJJZVZCM05tUXhORnB6YkRoQlNGUnJVRUZDUnkwdExTMHRMUzEyZDNreE9DMXVNVUZCUVVGQlIzRnNWVTlWUVVGd2NpMUJFZ1pKV0RJeE1UWWFDZ2l0WFJBQUdnTkpUbEk0SEhEWllRPT0iLFtbIkJMUiIsIjIwMjYtMDktMTMiLCJDT0siLG51bGwsIklYIiwiMjExNiJdXV0=,2026-09-12 18:47:17.533958
595,111,BLR,COK,2026-09-13,2026-09-20,12543.00,INR,60,Round trip,IndiGo,0,47,WyJDalJJZVZCM05tUXhORnB6YkRoQlNGUnJVRUZDUnkwdExTMHRMUzEyZDNreE9DMXVNVUZCUVVGQlIzRnNWVTlWUVVGd2NpMUJFZ1UyUlRjMk14b0tDUDloRUFBYUEwbE9VamdjY01abSIsW1siQkxSIiwiMjAyNi0wOS0xMyIsIkNPSyIsbnVsbCwiNkUiLCI3NjMiXV1d,2026-09-12 18:47:17.535709
596,111,BLR,COK,2026-09-13,2026-09-20,12543.00,INR,70,Round trip,IndiGo,0,42,WyJDalJJZVZCM05tUXhORnB6YkRoQlNGUnJVRUZDUnkwdExTMHRMUzEyZDNreE9DMXVNVUZCUVVGQlIzRnNWVTlWUVVGd2NpMUJFZ1UyUlRZd01ob0tDUDloRUFBYUEwbE9VamdjY01abSIsW1siQkxSIiwiMjAyNi0wOS0xMyIsIkNPSyIsbnVsbCwiNkUiLCI2MDIiXV1d,2026-09-12 18:47:17.537369
597,111,BLR,COK,2026-09-13,2026-09-20,13369.00,INR,75,Round trip,Air India Express,0,53,WyJDalJJZVZCM05tUXhORnB6YkRoQlNGUnJVRUZDUnkwdExTMHRMUzEyZDNreE9DMXVNVUZCUVVGQlIzRnNWVTlWUVVGd2NpMUJFZ1pKV0RFNE9UTWFDZ2k1YUJBQUdnTkpUbEk0SEhDbmJRPT0iLFtbIkJMUiIsIjIwMjYtMDktMTMiLCJDT0siLG51bGwsIklYIiwiMTg5MyJdXV0=,2026-09-12 18:47:17.538923
598,111,BLR,COK,2026-09-13,2026-09-20,17735.00,INR,65,Round trip,IndiGo,0,42,WyJDalJJZVZCM05tUXhORnB6YkRoQlNGUnJVRUZDUnkwdExTMHRMUzEyZDNreE9DMXVNVUZCUVVGQlIzRnNWVTlWUVVGd2NpMUJFZ1kyUlRZME5EVWFDd2pIaWdFUUFCb0RTVTVTT0J4d2dKRUIiLFtbIkJMUiIsIjIwMjYtMDktMTMiLCJDT0siLG51bGwsIjZFIiwiNjQ0NSJdXV0=,2026-09-12 18:47:17.541512
599,111,BLR,COK,2026-09-13,2026-09-20,18850.00,INR,80,Round trip,IndiGo,0,44,WyJDalJJZVZCM05tUXhORnB6YkRoQlNGUnJVRUZDUnkwdExTMHRMUzEyZDNreE9DMXVNVUZCUVVGQlIzRnNWVTlWUVVGd2NpMUJFZ1kyUlRjd01EVWFDd2lpa3dFUUFCb0RTVTVTT0J4d2o1b0IiLFtbIkJMUiIsIjIwMjYtMDktMTMiLCJDT0siLG51bGwsIjZFIiwiNzAwNSJdXV0=,2026-09-12 18:47:17.543764
600,111,BLR,COK,2026-09-13,2026-09-20,281760.00,INR,685,Round trip,Malaysia Airlines,1,460,WyJDalJJZVZCM05tUXhORnB6YkRoQlNGUnJVRUZDUnkwdExTMHRMUzEyZDNreE9DMXVNVUZCUVVGQlIzRnNWVTlWUVVGd2NpMUJFZ3ROU0RFd05YeE5TREV3T0JvTENLQ1pFUkFBR2dOSlRsSTRISERSL3hFPSIsW1siQkxSIiwiMjAyNi0wOS0xMyIsIktVTCIsbnVsbCwiTUgiLCIxMDUiXSxbIktVTCIsIjIwMjYtMDktMTMiLCJDT0siLG51bGwsIk1IIiwiMTA4Il1dXQ==,2026-09-12 18:47:17.545927
601,111,BLR,COK,2026-09-13,2026-09-20,,INR,70,Round trip,Air India Express,0,53,WyJDalJJZVZCM05tUXhORnB6YkRoQlNGUnJVRUZDUnkwdExTMHRMUzEyZDNreE9DMXVNVUZCUVVGQlIzRnNWVTlWUVVGd2NpMUJFZ1pKV0RJMk56ZzRIQT09IixbWyJCTFIiLCIyMDI2LTA5LTEzIiwiQ09LIixudWxsLCJJWCIsIjI2NzgiXV1d,2026-09-12 18:47:17.548676
602,112,BLR,GOI,2026-09-13,2026-09-20,11784.00,INR,70,Round trip,IndiGo,0,48,WyJDalJJY2tkbWNGSnBlblkxUXpCQlMxbGFhMEZDUnkwdExTMHRMUzB0TFc5clltaDBNa0ZCUVVGQlIzRnNWVTlyVG1wZk9FOUJFZ1kyUlRZMU5UUWFDZ2lJWEJBQUdnTkpUbEk0SEhDc1lBPT0iLFtbIkJMUiIsIjIwMjYtMDktMTMiLCJHT0kiLG51bGwsIjZFIiwiNjU1NCJdXV0=,2026-09-12 18:47:24.284091
603,112,BLR,GOI,2026-09-13,2026-09-20,11989.00,INR,75,Round trip,IndiGo,0,48,WyJDalJJY2tkbWNGSnBlblkxUXpCQlMxbGFhMEZDUnkwdExTMHRMUzB0TFc5clltaDBNa0ZCUVVGQlIzRnNWVTlyVG1wZk9FOUJFZ1kyUlRZeE5qZ2FDZ2pWWFJBQUdnTkpUbEk0SEhDRFlnPT0iLFtbIkJMUiIsIjIwMjYtMDktMTMiLCJHT0kiLG51bGwsIjZFIiwiNjE2OCJdXV0=,2026-09-12 18:47:24.287872
604,112,BLR,GOI,2026-09-13,2026-09-20,13277.00,INR,75,Round trip,Air India Express,0,58,WyJDalJJY2tkbWNGSnBlblkxUXpCQlMxbGFhMEZDUnkwdExTMHRMUzB0TFc5clltaDBNa0ZCUVVGQlIzRnNWVTlyVG1wZk9FOUJFZ1pKV0RFMU16Z2FDZ2pkWnhBQUdnTkpUbEk0SEhESGJBPT0iLFtbIkJMUiIsIjIwMjYtMDktMTMiLCJHT0kiLG51bGwsIklYIiwiMTUzOCJdXV0=,2026-09-12 18:47:24.290888
605,112,BLR,GOI,2026-09-13,2026-09-20,14666.00,INR,80,Round trip,IndiGo,0,48,WyJDalJJY2tkbWNGSnBlblkxUXpCQlMxbGFhMEZDUnkwdExTMHRMUzB0TFc5clltaDBNa0ZCUVVGQlIzRnNWVTlyVG1wZk9FOUJFZ1kyUlRZM05UTWFDZ2pLY2hBQUdnTkpUbEk0SEhEMGR3PT0iLFtbIkJMUiIsIjIwMjYtMDktMTMiLCJHT0kiLG51bGwsIjZFIiwiNjc1MyJdXV0=,2026-09-12 18:47:24.293339
606,112,BLR,GOI,2026-09-13,2026-09-20,14711.00,INR,70,Round trip,Air India Express,0,58,WyJDalJJY2tkbWNGSnBlblkxUXpCQlMxbGFhMEZDUnkwdExTMHRMUzB0TFc5clltaDBNa0ZCUVVGQlIzRnNWVTlyVG1wZk9FOUJFZ1pKV0RFek9EWWFDZ2ozY2hBQUdnTkpUbEk0SEhDamVBPT0iLFtbIkJMUiIsIjIwMjYtMDktMTMiLCJHT0kiLG51bGwsIklYIiwiMTM4NiJdXV0=,2026-09-12 18:47:24.297179
607,112,BLR,GOI,2026-09-13,2026-09-20,17081.00,INR,75,Round trip,IndiGo,0,48,WyJDalJJY2tkbWNGSnBlblkxUXpCQlMxbGFhMEZDUnkwdExTMHRMUzB0TFc5clltaDBNa0ZCUVVGQlIzRnNWVTlyVG1wZk9FOUJFZ1UyUlRFNU5Cb0xDTG1GQVJBQUdnTkpUbEk0SEhEVGl3RT0iLFtbIkJMUiIsIjIwMjYtMDktMTMiLCJHT0kiLG51bGwsIjZFIiwiMTk0Il1dXQ==,2026-09-12 18:47:24.299378
608,112,BLR,GOI,2026-09-13,2026-09-20,17081.00,INR,75,Round trip,IndiGo,0,48,WyJDalJJY2tkbWNGSnBlblkxUXpCQlMxbGFhMEZDUnkwdExTMHRMUzB0TFc5clltaDBNa0ZCUVVGQlIzRnNWVTlyVG1wZk9FOUJFZ1kyUlRZMk5UTWFDd2k1aFFFUUFCb0RTVTVTT0J4dzA0c0IiLFtbIkJMUiIsIjIwMjYtMDktMTMiLCJHT0kiLG51bGwsIjZFIiwiNjY1MyJdXV0=,2026-09-12 18:47:24.301131
609,113,DEL,BLR,2026-09-13,2026-09-20,16878.00,INR,175,Round trip,IndiGo,0,124,WyJDalJJVFhGM2QySm1OM2gyZEVsQlMycE5VWGRDUnkwdExTMHRMUzB0YjNsamFHODBPRUZCUVVGQlIzRnNWVkJCUVZoSmJEQkJFZ1UyUlRnME5ob0xDTzZEQVJBQUdnTkpUbEk0SEhEL2lRRT0iLFtbIkRFTCIsIjIwMjYtMDktMTMiLCJCTFIiLG51bGwsIjZFIiwiODQ2Il1dXQ==,2026-09-12 18:47:31.760527
610,113,DEL,BLR,2026-09-13,2026-09-20,16982.00,INR,170,Round trip,Air India,0,144,WyJDalJJVFhGM2QySm1OM2gyZEVsQlMycE5VWGRDUnkwdExTMHRMUzB0YjNsamFHODBPRUZCUVVGQlIzRnNWVkJCUVZoSmJEQkJFZ1ZCU1RReU54b0xDTmFFQVJBQUdnTkpUbEk0SEhEc2lnRT0iLFtbIkRFTCIsIjIwMjYtMDktMTMiLCJCTFIiLG51bGwsIkFJIiwiNDI3Il1dXQ==,2026-09-12 18:47:31.764146
611,113,DEL,BLR,2026-09-13,2026-09-20,17436.00,INR,170,Round trip,Akasa Air,0,126,WyJDalJJVFhGM2QySm1OM2gyZEVsQlMycE5VWGRDUnkwdExTMHRMUzB0YjNsamFHODBPRUZCUVVGQlIzRnNWVkJCUVZoSmJEQkJFZ1pSVURFNE1USWFDd2ljaUFFUUFCb0RTVTVTT0J4d3g0NEIiLFtbIkRFTCIsIjIwMjYtMDktMTMiLCJCTFIiLG51bGwsIlFQIiwiMTgxMiJdXV0=,2026-09-12 18:47:31.766622
612,113,DEL,BLR,2026-09-13,2026-09-20,16878.00,INR,175,Round trip,IndiGo,0,124,WyJDalJJVFhGM2QySm1OM2gyZEVsQlMycE5VWGRDUnkwdExTMHRMUzB0YjNsamFHODBPRUZCUVVGQlIzRnNWVkJCUVZoSmJEQkJFZ1kyUlRJek1UUWFDd2p1Z3dFUUFCb0RTVTVTT0J4dy80a0IiLFtbIkRFTCIsIjIwMjYtMDktMTMiLCJCTFIiLG51bGwsIjZFIiwiMjMxNCJdXV0=,2026-09-12 18:47:31.769036
613,113,DEL,BLR,2026-09-13,2026-09-20,16878.00,INR,175,Round trip,IndiGo,0,124,WyJDalJJVFhGM2QySm1OM2gyZEVsQlMycE5VWGRDUnkwdExTMHRMUzB0YjNsamFHODBPRUZCUVVGQlIzRnNWVkJCUVZoSmJEQkJFZ1UyUlRneE1Cb0xDTzZEQVJBQUdnTkpUbEk0SEhEL2lRRT0iLFtbIkRFTCIsIjIwMjYtMDktMTMiLCJCTFIiLG51bGwsIjZFIiwiODEwIl1dXQ==,2026-09-12 18:47:31.771492
614,113,DEL,BLR,2026-09-13,2026-09-20,16878.00,INR,175,Round trip,IndiGo,0,124,WyJDalJJVFhGM2QySm1OM2gyZEVsQlMycE5VWGRDUnkwdExTMHRMUzB0YjNsamFHODBPRUZCUVVGQlIzRnNWVkJCUVZoSmJEQkJFZ1kyUlRZMU1UVWFDd2p1Z3dFUUFCb0RTVTVTT0J4dy80a0IiLFtbIkRFTCIsIjIwMjYtMDktMTMiLCJCTFIiLG51bGwsIjZFIiwiNjUxNSJdXV0=,2026-09-12 18:47:31.773929
615,113,DEL,BLR,2026-09-13,2026-09-20,16878.00,INR,175,Round trip,IndiGo,0,124,WyJDalJJVFhGM2QySm1OM2gyZEVsQlMycE5VWGRDUnkwdExTMHRMUzB0YjNsamFHODBPRUZCUVVGQlIzRnNWVkJCUVZoSmJEQkJFZ1UyUlRnM01Sb0xDTzZEQVJBQUdnTkpUbEk0SEhEL2lRRT0iLFtbIkRFTCIsIjIwMjYtMDktMTMiLCJCTFIiLG51bGwsIjZFIiwiODcxIl1dXQ==,2026-09-12 18:47:31.77665
616,113,DEL,BLR,2026-09-13,2026-09-20,16982.00,INR,175,Round trip,Air India,0,143,WyJDalJJVFhGM2QySm1OM2gyZEVsQlMycE5VWGRDUnkwdExTMHRMUzB0YjNsamFHODBPRUZCUVVGQlIzRnNWVkJCUVZoSmJEQkJFZ1pCU1RJM05UY2FDd2pXaEFFUUFCb0RTVTVTT0J4dzdJb0IiLFtbIkRFTCIsIjIwMjYtMDktMTMiLCJCTFIiLG51bGwsIkFJIiwiMjc1NyJdXV0=,2026-09-12 18:47:31.779134
617,113,DEL,BLR,2026-09-13,2026-09-20,16982.00,INR,175,Round trip,Air India,0,143,WyJDalJJVFhGM2QySm1OM2gyZEVsQlMycE5VWGRDUnkwdExTMHRMUzB0YjNsamFHODBPRUZCUVVGQlIzRnNWVkJCUVZoSmJEQkJFZ1pCU1RJME1Ea2FDd2pXaEFFUUFCb0RTVTVTT0J4dzdJb0IiLFtbIkRFTCIsIjIwMjYtMDktMTMiLCJCTFIiLG51bGwsIkFJIiwiMjQwOSJdXV0=,2026-09-12 18:47:31.781551
618,113,DEL,BLR,2026-09-13,2026-09-20,16982.00,INR,175,Round trip,Air India,0,143,WyJDalJJVFhGM2QySm1OM2gyZEVsQlMycE5VWGRDUnkwdExTMHRMUzB0YjNsamFHODBPRUZCUVVGQlIzRnNWVkJCUVZoSmJEQkJFZ1pCU1RJNE1ETWFDd2pXaEFFUUFCb0RTVTVTT0J4dzdJb0IiLFtbIkRFTCIsIjIwMjYtMDktMTMiLCJCTFIiLG51bGwsIkFJIiwiMjgwMyJdXV0=,2026-09-12 18:47:31.783982
619,113,DEL,BLR,2026-09-13,2026-09-20,16982.00,INR,175,Round trip,Air India,0,181,WyJDalJJVFhGM2QySm1OM2gyZEVsQlMycE5VWGRDUnkwdExTMHRMUzB0YjNsamFHODBPRUZCUVVGQlIzRnNWVkJCUVZoSmJEQkJFZ1pCU1RJNE1UVWFDd2pXaEFFUUFCb0RTVTVTT0J4dzdJb0IiLFtbIkRFTCIsIjIwMjYtMDktMTMiLCJCTFIiLG51bGwsIkFJIiwiMjgxNSJdXV0=,2026-09-12 18:47:31.78632
620,113,DEL,BLR,2026-09-13,2026-09-20,16982.00,INR,175,Round trip,Air India,0,143,WyJDalJJVFhGM2QySm1OM2gyZEVsQlMycE5VWGRDUnkwdExTMHRMUzB0YjNsamFHODBPRUZCUVVGQlIzRnNWVkJCUVZoSmJEQkJFZ1pCU1RJME1USWFDd2pXaEFFUUFCb0RTVTVTT0J4dzdJb0IiLFtbIkRFTCIsIjIwMjYtMDktMTMiLCJCTFIiLG51bGwsIkFJIiwiMjQxMiJdXV0=,2026-09-12 18:47:31.788524
621,113,DEL,BLR,2026-09-13,2026-09-20,17166.00,INR,175,Round trip,Air India Express,0,137,WyJDalJJVFhGM2QySm1OM2gyZEVsQlMycE5VWGRDUnkwdExTMHRMUzB0YjNsamFHODBPRUZCUVVGQlIzRnNWVkJCUVZoSmJEQkJFZ1pKV0RVNU56VWFDd2lPaGdFUUFCb0RTVTVTT0J4d3JJd0IiLFtbIkRFTCIsIjIwMjYtMDktMTMiLCJCTFIiLG51bGwsIklYIiwiNTk3NSJdXV0=,2026-09-12 18:47:31.79079
622,113,DEL,BLR,2026-09-13,2026-09-20,17335.00,INR,170,Round trip,IndiGo,0,124,WyJDalJJVFhGM2QySm1OM2gyZEVsQlMycE5VWGRDUnkwdExTMHRMUzB0YjNsamFHODBPRUZCUVVGQlIzRnNWVkJCUVZoSmJEQkJFZ1UyUlRnM014b0xDTGVIQVJBQUdnTkpUbEk0SEhEZGpRRT0iLFtbIkRFTCIsIjIwMjYtMDktMTMiLCJCTFIiLG51bGwsIjZFIiwiODczIl1dXQ==,2026-09-12 18:47:31.793083
623,113,DEL,BLR,2026-09-13,2026-09-20,17335.00,INR,175,Round trip,IndiGo,0,124,WyJDalJJVFhGM2QySm1OM2gyZEVsQlMycE5VWGRDUnkwdExTMHRMUzB0YjNsamFHODBPRUZCUVVGQlIzRnNWVkJCUVZoSmJEQkJFZ1UyUlRneU5ob0xDTGVIQVJBQUdnTkpUbEk0SEhEZGpRRT0iLFtbIkRFTCIsIjIwMjYtMDktMTMiLCJCTFIiLG51bGwsIjZFIiwiODI2Il1dXQ==,2026-09-12 18:47:31.796326
624,113,DEL,BLR,2026-09-13,2026-09-20,17335.00,INR,175,Round trip,IndiGo,0,124,WyJDalJJVFhGM2QySm1OM2gyZEVsQlMycE5VWGRDUnkwdExTMHRMUzB0YjNsamFHODBPRUZCUVVGQlIzRnNWVkJCUVZoSmJEQkJFZ1UyUlRnME1ob0xDTGVIQVJBQUdnTkpUbEk0SEhEZGpRRT0iLFtbIkRFTCIsIjIwMjYtMDktMTMiLCJCTFIiLG51bGwsIjZFIiwiODQyIl1dXQ==,2026-09-12 18:47:31.798922
625,113,DEL,BLR,2026-09-13,2026-09-20,17335.00,INR,170,Round trip,IndiGo,0,124,WyJDalJJVFhGM2QySm1OM2gyZEVsQlMycE5VWGRDUnkwdExTMHRMUzB0YjNsamFHODBPRUZCUVVGQlIzRnNWVkJCUVZoSmJEQkJFZ1UyUlRneE1Sb0xDTGVIQVJBQUdnTkpUbEk0SEhEZGpRRT0iLFtbIkRFTCIsIjIwMjYtMDktMTMiLCJCTFIiLG51bGwsIjZFIiwiODExIl1dXQ==,2026-09-12 18:47:31.801381
626,113,DEL,BLR,2026-09-13,2026-09-20,17335.00,INR,175,Round trip,IndiGo,0,124,WyJDalJJVFhGM2QySm1OM2gyZEVsQlMycE5VWGRDUnkwdExTMHRMUzB0YjNsamFHODBPRUZCUVVGQlIzRnNWVkJCUVZoSmJEQkJFZ1UyUlRnMk1Sb0xDTGVIQVJBQUdnTkpUbEk0SEhEZGpRRT0iLFtbIkRFTCIsIjIwMjYtMDktMTMiLCJCTFIiLG51bGwsIjZFIiwiODYxIl1dXQ==,2026-09-12 18:47:31.803768
627,113,DEL,BLR,2026-09-13,2026-09-20,17436.00,INR,175,Round trip,Akasa Air,0,126,WyJDalJJVFhGM2QySm1OM2gyZEVsQlMycE5VWGRDUnkwdExTMHRMUzB0YjNsamFHODBPRUZCUVVGQlIzRnNWVkJCUVZoSmJEQkJFZ1pSVURFek1EZ2FDd2ljaUFFUUFCb0RTVTVTT0J4d3g0NEIiLFtbIkRFTCIsIjIwMjYtMDktMTMiLCJCTFIiLG51bGwsIlFQIiwiMTMwOCJdXV0=,2026-09-12 18:47:31.806085
628,113,DEL,BLR,2026-09-13,2026-09-20,17436.00,INR,175,Round trip,Akasa Air,0,121,WyJDalJJVFhGM2QySm1OM2gyZEVsQlMycE5VWGRDUnkwdExTMHRMUzB0YjNsamFHODBPRUZCUVVGQlIzRnNWVkJCUVZoSmJEQkJFZ1pSVURFek5UQWFDd2ljaUFFUUFCb0RTVTVTT0J4d3g0NEIiLFtbIkRFTCIsIjIwMjYtMDktMTMiLCJCTFIiLG51bGwsIlFQIiwiMTM1MCJdXV0=,2026-09-12 18:47:31.808519
629,113,DEL,BLR,2026-09-13,2026-09-20,17670.00,INR,170,Round trip,Air India,0,143,WyJDalJJVFhGM2QySm1OM2gyZEVsQlMycE5VWGRDUnkwdExTMHRMUzB0YjNsamFHODBPRUZCUVVGQlIzRnNWVkJCUVZoSmJEQkJFZ1pCU1RJNE1Ea2FDd2lHaWdFUUFCb0RTVTVTT0J4d3ZKQUIiLFtbIkRFTCIsIjIwMjYtMDktMTMiLCJCTFIiLG51bGwsIkFJIiwiMjgwOSJdXV0=,2026-09-12 18:47:31.810675
630,113,DEL,BLR,2026-09-13,2026-09-20,17820.00,INR,175,Round trip,IndiGo,0,124,WyJDalJJVFhGM2QySm1OM2gyZEVsQlMycE5VWGRDUnkwdExTMHRMUzB0YjNsamFHODBPRUZCUVVGQlIzRnNWVkJCUVZoSmJEQkJFZ1UyUlRFM05ob0xDSnlMQVJBQUdnTkpUbEk0SEhEWmtRRT0iLFtbIkRFTCIsIjIwMjYtMDktMTMiLCJCTFIiLG51bGwsIjZFIiwiMTc2Il1dXQ==,2026-09-12 18:47:31.812991
631,113,DEL,BLR,2026-09-13,2026-09-20,17820.00,INR,175,Round trip,IndiGo,0,124,WyJDalJJVFhGM2QySm1OM2gyZEVsQlMycE5VWGRDUnkwdExTMHRMUzB0YjNsamFHODBPRUZCUVVGQlIzRnNWVkJCUVZoSmJEQkJFZ1UyUlRnek54b0xDSnlMQVJBQUdnTkpUbEk0SEhEWmtRRT0iLFtbIkRFTCIsIjIwMjYtMDktMTMiLCJCTFIiLG51bGwsIjZFIiwiODM3Il1dXQ==,2026-09-12 18:47:31.81521
632,113,DEL,BLR,2026-09-13,2026-09-20,17822.00,INR,175,Round trip,Air India,0,143,WyJDalJJVFhGM2QySm1OM2gyZEVsQlMycE5VWGRDUnkwdExTMHRMUzB0YjNsamFHODBPRUZCUVVGQlIzRnNWVkJCUVZoSmJEQkJFZ1pCU1RJME1UVWFDd2llaXdFUUFCb0RTVTVTT0J4dzI1RUIiLFtbIkRFTCIsIjIwMjYtMDktMTMiLCJCTFIiLG51bGwsIkFJIiwiMjQxNSJdXV0=,2026-09-12 18:47:31.817663
633,113,DEL,BLR,2026-09-13,2026-09-20,17987.00,INR,175,Round trip,Air India Express,0,145,WyJDalJJVFhGM2QySm1OM2gyZEVsQlMycE5VWGRDUnkwdExTMHRMUzB0YjNsamFHODBPRUZCUVVGQlIzRnNWVkJCUVZoSmJEQkJFZ1pKV0RFd056QWFDd2pEakFFUUFCb0RTVTVTT0J4d2lKTUIiLFtbIkRFTCIsIjIwMjYtMDktMTMiLCJCTFIiLG51bGwsIklYIiwiMTA3MCJdXV0=,2026-09-12 18:47:31.820015
634,113,DEL,BLR,2026-09-13,2026-09-20,18108.00,INR,180,Round trip,Akasa Air,0,126,WyJDalJJVFhGM2QySm1OM2gyZEVsQlMycE5VWGRDUnkwdExTMHRMUzB0YjNsamFHODBPRUZCUVVGQlIzRnNWVkJCUVZoSmJEQkJFZ1pSVURFNE1qUWFDd2k4alFFUUFCb0RTVTVTT0J4d2hwUUIiLFtbIkRFTCIsIjIwMjYtMDktMTMiLCJCTFIiLG51bGwsIlFQIiwiMTgyNCJdXV0=,2026-09-12 18:47:31.822581
635,113,DEL,BLR,2026-09-13,2026-09-20,18332.00,INR,175,Round trip,Air India,0,143,WyJDalJJVFhGM2QySm1OM2gyZEVsQlMycE5VWGRDUnkwdExTMHRMUzB0YjNsamFHODBPRUZCUVVGQlIzRnNWVkJCUVZoSmJEQkJFZ1pCU1RJME9EY2FDd2ljandFUUFCb0RTVTVTT0J4dzhaVUIiLFtbIkRFTCIsIjIwMjYtMDktMTMiLCJCTFIiLG51bGwsIkFJIiwiMjQ4NyJdXV0=,2026-09-12 18:47:31.825117
636,113,DEL,BLR,2026-09-13,2026-09-20,18332.00,INR,175,Round trip,Air India,0,143,WyJDalJJVFhGM2QySm1OM2gyZEVsQlMycE5VWGRDUnkwdExTMHRMUzB0YjNsamFHODBPRUZCUVVGQlIzRnNWVkJCUVZoSmJEQkJFZ1pCU1RJMU1USWFDd2ljandFUUFCb0RTVTVTT0J4dzhaVUIiLFtbIkRFTCIsIjIwMjYtMDktMTMiLCJCTFIiLG51bGwsIkFJIiwiMjUxMiJdXV0=,2026-09-12 18:47:31.827373
637,113,DEL,BLR,2026-09-13,2026-09-20,18335.00,INR,175,Round trip,IndiGo,0,124,WyJDalJJVFhGM2QySm1OM2gyZEVsQlMycE5VWGRDUnkwdExTMHRMUzB0YjNsamFHODBPRUZCUVVGQlIzRnNWVkJCUVZoSmJEQkJFZ1UyUlRneU1Cb0xDSitQQVJBQUdnTkpUbEk0SEhEMGxRRT0iLFtbIkRFTCIsIjIwMjYtMDktMTMiLCJCTFIiLG51bGwsIjZFIiwiODIwIl1dXQ==,2026-09-12 18:47:31.829695
638,113,DEL,BLR,2026-09-13,2026-09-20,18335.00,INR,175,Round trip,IndiGo,0,124,WyJDalJJVFhGM2QySm1OM2gyZEVsQlMycE5VWGRDUnkwdExTMHRMUzB0YjNsamFHODBPRUZCUVVGQlIzRnNWVkJCUVZoSmJEQkJFZ1UyUlRneU9Cb0xDSitQQVJBQUdnTkpUbEk0SEhEMGxRRT0iLFtbIkRFTCIsIjIwMjYtMDktMTMiLCJCTFIiLG51bGwsIjZFIiwiODI4Il1dXQ==,2026-09-12 18:47:31.831985
639,113,DEL,BLR,2026-09-13,2026-09-20,18535.00,INR,170,Round trip,Air India,0,143,WyJDalJJVFhGM2QySm1OM2gyZEVsQlMycE5VWGRDUnkwdExTMHRMUzB0YjNsamFHODBPRUZCUVVGQlIzRnNWVkJCUVZoSmJEQkJFZ1pCU1RJMk5UTWFDd2pua0FFUUFCb0RTVTVTT0J4d3haY0IiLFtbIkRFTCIsIjIwMjYtMDktMTMiLCJCTFIiLG51bGwsIkFJIiwiMjY1MyJdXV0=,2026-09-12 18:47:31.834133
640,113,DEL,BLR,2026-09-13,2026-09-20,18872.00,INR,170,Round trip,Air India,0,143,WyJDalJJVFhGM2QySm1OM2gyZEVsQlMycE5VWGRDUnkwdExTMHRMUzB0YjNsamFHODBPRUZCUVVGQlIzRnNWVkJCUVZoSmJEQkJFZ1pCU1RJME9EVWFDd2k0a3dFUUFCb0RTVTVTT0J4d3Bwb0IiLFtbIkRFTCIsIjIwMjYtMDktMTMiLCJCTFIiLG51bGwsIkFJIiwiMjQ4NSJdXV0=,2026-09-12 18:47:31.836351
641,113,DEL,BLR,2026-09-13,2026-09-20,18872.00,INR,175,Round trip,Air India,0,181,WyJDalJJVFhGM2QySm1OM2gyZEVsQlMycE5VWGRDUnkwdExTMHRMUzB0YjNsamFHODBPRUZCUVVGQlIzRnNWVkJCUVZoSmJEQkJFZ1pCU1RJMk5qUWFDd2k0a3dFUUFCb0RTVTVTT0J4d3Bwb0IiLFtbIkRFTCIsIjIwMjYtMDktMTMiLCJCTFIiLG51bGwsIkFJIiwiMjY2NCJdXV0=,2026-09-12 18:47:31.838091
642,113,DEL,BLR,2026-09-13,2026-09-20,18872.00,INR,165,Round trip,Air India,0,143,WyJDalJJVFhGM2QySm1OM2gyZEVsQlMycE5VWGRDUnkwdExTMHRMUzB0YjNsamFHODBPRUZCUVVGQlIzRnNWVkJCUVZoSmJEQkJFZ1pCU1RJNE1UY2FDd2k0a3dFUUFCb0RTVTVTT0J4d3Bwb0IiLFtbIkRFTCIsIjIwMjYtMDktMTMiLCJCTFIiLG51bGwsIkFJIiwiMjgxNyJdXV0=,2026-09-12 18:47:31.840327
643,113,DEL,BLR,2026-09-13,2026-09-20,18882.00,INR,175,Round trip,IndiGo,0,124,WyJDalJJVFhGM2QySm1OM2gyZEVsQlMycE5VWGRDUnkwdExTMHRMUzB0YjNsamFHODBPRUZCUVVGQlIzRnNWVkJCUVZoSmJEQkJFZ1UyUlRnNE1Cb0xDTUtUQVJBQUdnTkpUbEk0SEhDd21nRT0iLFtbIkRFTCIsIjIwMjYtMDktMTMiLCJCTFIiLG51bGwsIjZFIiwiODgwIl1dXQ==,2026-09-12 18:47:31.842582
644,113,DEL,BLR,2026-09-13,2026-09-20,19046.00,INR,175,Round trip,Air India,0,143,WyJDalJJVFhGM2QySm1OM2gyZEVsQlMycE5VWGRDUnkwdExTMHRMUzB0YjNsamFHODBPRUZCUVVGQlIzRnNWVkJCUVZoSmJEQkJFZ1pCU1RJNE1Ua2FDd2ptbEFFUUFCb0RTVTVTT0J4dzNKc0IiLFtbIkRFTCIsIjIwMjYtMDktMTMiLCJCTFIiLG51bGwsIkFJIiwiMjgxOSJdXV0=,2026-09-12 18:47:31.844853
645,113,DEL,BLR,2026-09-13,2026-09-20,19224.00,INR,180,Round trip,Akasa Air,0,119,WyJDalJJVFhGM2QySm1OM2gyZEVsQlMycE5VWGRDUnkwdExTMHRMUzB0YjNsamFHODBPRUZCUVVGQlIzRnNWVkJCUVZoSmJEQkJFZ1pSVURFNE1qSWFDd2lZbGdFUUFCb0RTVTVTT0J4d2xwMEIiLFtbIkRFTCIsIjIwMjYtMDktMTMiLCJCTFIiLG51bGwsIlFQIiwiMTgyMiJdXV0=,2026-09-12 18:47:31.847033
646,113,DEL,BLR,2026-09-13,2026-09-20,19464.00,INR,180,Round trip,IndiGo,0,124,WyJDalJJVFhGM2QySm1OM2gyZEVsQlMycE5VWGRDUnkwdExTMHRMUzB0YjNsamFHODBPRUZCUVVGQlIzRnNWVkJCUVZoSmJEQkJFZ1UyUlRnMU1Cb0xDSWlZQVJBQUdnTkpUbEk0SEhDUm53RT0iLFtbIkRFTCIsIjIwMjYtMDktMTMiLCJCTFIiLG51bGwsIjZFIiwiODUwIl1dXQ==,2026-09-12 18:47:31.849164
647,113,DEL,BLR,2026-09-13,2026-09-20,19554.00,INR,175,Round trip,Air India,0,143,WyJDalJJVFhGM2QySm1OM2gyZEVsQlMycE5VWGRDUnkwdExTMHRMUzB0YjNsamFHODBPRUZCUVVGQlIzRnNWVkJCUVZoSmJEQkJFZ1pCU1RJME1UY2FDd2ppbUFFUUFCb0RTVTVTT0J4dzc1OEIiLFtbIkRFTCIsIjIwMjYtMDktMTMiLCJCTFIiLG51bGwsIkFJIiwiMjQxNyJdXV0=,2026-09-12 18:47:31.851521
648,114,DEL,BOM,2026-09-13,2026-09-20,12765.00,INR,135,Round trip,Air India,0,103,WyJDalJJTlU1UmFtTlpUMGx3UTJ0QlJsZHlPR2RDUnkwdExTMHRMUzB0TFhCbVoyY3hPVUZCUVVGQlIzRnNWVkJqUjBGdmJ6SkJFZ1pCU1RJNU5qTWFDZ2pkWXhBQUdnTkpUbEk0SEhDdmFBPT0iLFtbIkRFTCIsIjIwMjYtMDktMTMiLCJCT00iLG51bGwsIkFJIiwiMjk2MyJdXV0=,2026-09-12 18:47:36.359762
649,114,DEL,BOM,2026-09-13,2026-09-20,12771.00,INR,135,Round trip,IndiGo,0,89,WyJDalJJTlU1UmFtTlpUMGx3UTJ0QlJsZHlPR2RDUnkwdExTMHRMUzB0TFhCbVoyY3hPVUZCUVVGQlIzRnNWVkJqUjBGdmJ6SkJFZ1UyUlRZM05Sb0tDT05qRUFBYUEwbE9VamdjY0xWbyIsW1siREVMIiwiMjAyNi0wOS0xMyIsIkJPTSIsbnVsbCwiNkUiLCI2NzUiXV1d,2026-09-12 18:47:36.362966
650,114,DEL,BOM,2026-09-13,2026-09-20,12956.00,INR,150,Round trip,Air India Express,0,100,WyJDalJJTlU1UmFtTlpUMGx3UTJ0QlJsZHlPR2RDUnkwdExTMHRMUzB0TFhCbVoyY3hPVUZCUVVGQlIzRnNWVkJqUjBGdmJ6SkJFZ1pKV0RFd05UWWFDZ2ljWlJBQUdnTkpUbEk0SEhEM2FRPT0iLFtbIkRFTCIsIjIwMjYtMDktMTMiLCJCT00iLG51bGwsIklYIiwiMTA1NiJdXV0=,2026-09-12 18:47:36.365589
651,114,DEL,BOM,2026-09-13,2026-09-20,13226.00,INR,140,Round trip,Akasa Air,0,88,WyJDalJJTlU1UmFtTlpUMGx3UTJ0QlJsZHlPR2RDUnkwdExTMHRMUzB0TFhCbVoyY3hPVUZCUVVGQlIzRnNWVkJqUjBGdmJ6SkJFZ1pSVURFeE1USWFDZ2lxWnhBQUdnTkpUbEk0SEhDUmJBPT0iLFtbIkRFTCIsIjIwMjYtMDktMTMiLCJCT00iLG51bGwsIlFQIiwiMTExMiJdXV0=,2026-09-12 18:47:36.367994
652,114,DEL,BOM,2026-09-13,2026-09-20,12655.00,INR,140,Round trip,Air India,0,103,WyJDalJJTlU1UmFtTlpUMGx3UTJ0QlJsZHlPR2RDUnkwdExTMHRMUzB0TFhCbVoyY3hPVUZCUVVGQlIzRnNWVkJqUjBGdmJ6SkJFZ1pCU1RFM05EVWFDZ2p2WWhBQUdnTkpUbEk0SEhDOFp3PT0iLFtbIkRFTCIsIjIwMjYtMDktMTMiLCJCT00iLG51bGwsIkFJIiwiMTc0NSJdXV0=,2026-09-12 18:47:36.371973
653,114,DEL,BOM,2026-09-13,2026-09-20,12765.00,INR,145,Round trip,Air India,0,101,WyJDalJJTlU1UmFtTlpUMGx3UTJ0QlJsZHlPR2RDUnkwdExTMHRMUzB0TFhCbVoyY3hPVUZCUVVGQlIzRnNWVkJqUjBGdmJ6SkJFZ1pCU1RJNU5ETWFDZ2pkWXhBQUdnTkpUbEk0SEhDdmFBPT0iLFtbIkRFTCIsIjIwMjYtMDktMTMiLCJCT00iLG51bGwsIkFJIiwiMjk0MyJdXV0=,2026-09-12 18:47:36.375289
654,114,DEL,BOM,2026-09-13,2026-09-20,12765.00,INR,135,Round trip,Air India,0,103,WyJDalJJTlU1UmFtTlpUMGx3UTJ0QlJsZHlPR2RDUnkwdExTMHRMUzB0TFhCbVoyY3hPVUZCUVVGQlIzRnNWVkJqUjBGdmJ6SkJFZ1pCU1RJMk56Z2FDZ2pkWXhBQUdnTkpUbEk0SEhDdmFBPT0iLFtbIkRFTCIsIjIwMjYtMDktMTMiLCJCT00iLG51bGwsIkFJIiwiMjY3OCJdXV0=,2026-09-12 18:47:36.378069
655,114,DEL,BOM,2026-09-13,2026-09-20,12765.00,INR,150,Round trip,Air India,0,103,WyJDalJJTlU1UmFtTlpUMGx3UTJ0QlJsZHlPR2RDUnkwdExTMHRMUzB0TFhCbVoyY3hPVUZCUVVGQlIzRnNWVkJqUjBGdmJ6SkJFZ1pCU1RJNU1qY2FDZ2pkWXhBQUdnTkpUbEk0SEhDdmFBPT0iLFtbIkRFTCIsIjIwMjYtMDktMTMiLCJCT00iLG51bGwsIkFJIiwiMjkyNyJdXV0=,2026-09-12 18:47:36.380728
656,114,DEL,BOM,2026-09-13,2026-09-20,12765.00,INR,145,Round trip,Air India,0,103,WyJDalJJTlU1UmFtTlpUMGx3UTJ0QlJsZHlPR2RDUnkwdExTMHRMUzB0TFhCbVoyY3hPVUZCUVVGQlIzRnNWVkJqUjBGdmJ6SkJFZ1pCU1RJNU9UVWFDZ2pkWXhBQUdnTkpUbEk0SEhDdmFBPT0iLFtbIkRFTCIsIjIwMjYtMDktMTMiLCJCT00iLG51bGwsIkFJIiwiMjk5NSJdXV0=,2026-09-12 18:47:36.383217
657,114,DEL,BOM,2026-09-13,2026-09-20,12765.00,INR,145,Round trip,Air India,0,104,WyJDalJJTlU1UmFtTlpUMGx3UTJ0QlJsZHlPR2RDUnkwdExTMHRMUzB0TFhCbVoyY3hPVUZCUVVGQlIzRnNWVkJqUjBGdmJ6SkJFZ1pCU1RJNU5EVWFDZ2pkWXhBQUdnTkpUbEk0SEhDdmFBPT0iLFtbIkRFTCIsIjIwMjYtMDktMTMiLCJCT00iLG51bGwsIkFJIiwiMjk0NSJdXV0=,2026-09-12 18:47:36.385667
658,114,DEL,BOM,2026-09-13,2026-09-20,12765.00,INR,145,Round trip,Air India,0,103,WyJDalJJTlU1UmFtTlpUMGx3UTJ0QlJsZHlPR2RDUnkwdExTMHRMUzB0TFhCbVoyY3hPVUZCUVVGQlIzRnNWVkJqUjBGdmJ6SkJFZ1pCU1RFM056Y2FDZ2pkWXhBQUdnTkpUbEk0SEhDdmFBPT0iLFtbIkRFTCIsIjIwMjYtMDktMTMiLCJCT00iLG51bGwsIkFJIiwiMTc3NyJdXV0=,2026-09-12 18:47:36.388154
659,114,DEL,BOM,2026-09-13,2026-09-20,12765.00,INR,140,Round trip,Air India,0,103,WyJDalJJTlU1UmFtTlpUMGx3UTJ0QlJsZHlPR2RDUnkwdExTMHRMUzB0TFhCbVoyY3hPVUZCUVVGQlIzRnNWVkJqUjBGdmJ6SkJFZ1pCU1RJNU5ERWFDZ2pkWXhBQUdnTkpUbEk0SEhDdmFBPT0iLFtbIkRFTCIsIjIwMjYtMDktMTMiLCJCT00iLG51bGwsIkFJIiwiMjk0MSJdXV0=,2026-09-12 18:47:36.390471
660,114,DEL,BOM,2026-09-13,2026-09-20,12765.00,INR,145,Round trip,Air India,0,116,WyJDalJJTlU1UmFtTlpUMGx3UTJ0QlJsZHlPR2RDUnkwdExTMHRMUzB0TFhCbVoyY3hPVUZCUVVGQlIzRnNWVkJqUjBGdmJ6SkJFZ1ZCU1RRME1Sb0tDTjFqRUFBYUEwbE9VamdjY0s5byIsW1siREVMIiwiMjAyNi0wOS0xMyIsIkJPTSIsbnVsbCwiQUkiLCI0NDEiXV1d,2026-09-12 18:47:36.393074
661,114,DEL,BOM,2026-09-13,2026-09-20,12765.00,INR,145,Round trip,Air India,0,103,WyJDalJJTlU1UmFtTlpUMGx3UTJ0QlJsZHlPR2RDUnkwdExTMHRMUzB0TFhCbVoyY3hPVUZCUVVGQlIzRnNWVkJqUjBGdmJ6SkJFZ1pCU1RJNU5UVWFDZ2pkWXhBQUdnTkpUbEk0SEhDdmFBPT0iLFtbIkRFTCIsIjIwMjYtMDktMTMiLCJCT00iLG51bGwsIkFJIiwiMjk1NSJdXV0=,2026-09-12 18:47:36.395518
662,114,DEL,BOM,2026-09-13,2026-09-20,12765.00,INR,145,Round trip,Air India,0,103,WyJDalJJTlU1UmFtTlpUMGx3UTJ0QlJsZHlPR2RDUnkwdExTMHRMUzB0TFhCbVoyY3hPVUZCUVVGQlIzRnNWVkJqUjBGdmJ6SkJFZ1pCU1RJNU56Y2FDZ2pkWXhBQUdnTkpUbEk0SEhDdmFBPT0iLFtbIkRFTCIsIjIwMjYtMDktMTMiLCJCT00iLG51bGwsIkFJIiwiMjk3NyJdXV0=,2026-09-12 18:47:36.397828
663,114,DEL,BOM,2026-09-13,2026-09-20,12765.00,INR,145,Round trip,Air India,0,103,WyJDalJJTlU1UmFtTlpUMGx3UTJ0QlJsZHlPR2RDUnkwdExTMHRMUzB0TFhCbVoyY3hPVUZCUVVGQlIzRnNWVkJqUjBGdmJ6SkJFZ1pCU1RJNU9EVWFDZ2pkWXhBQUdnTkpUbEk0SEhDdmFBPT0iLFtbIkRFTCIsIjIwMjYtMDktMTMiLCJCT00iLG51bGwsIkFJIiwiMjk4NSJdXV0=,2026-09-12 18:47:36.400087
664,114,DEL,BOM,2026-09-13,2026-09-20,12765.00,INR,145,Round trip,Air India,0,131,WyJDalJJTlU1UmFtTlpUMGx3UTJ0QlJsZHlPR2RDUnkwdExTMHRMUzB0TFhCbVoyY3hPVUZCUVVGQlIzRnNWVkJqUjBGdmJ6SkJFZ1pCU1RJNE1EVWFDZ2pkWXhBQUdnTkpUbEk0SEhDdmFBPT0iLFtbIkRFTCIsIjIwMjYtMDktMTMiLCJCT00iLG51bGwsIkFJIiwiMjgwNSJdXV0=,2026-09-12 18:47:36.40243
665,114,DEL,BOM,2026-09-13,2026-09-20,12765.00,INR,155,Round trip,Air India,0,103,WyJDalJJTlU1UmFtTlpUMGx3UTJ0QlJsZHlPR2RDUnkwdExTMHRMUzB0TFhCbVoyY3hPVUZCUVVGQlIzRnNWVkJqUjBGdmJ6SkJFZ1pCU1RJNU5UY2FDZ2pkWXhBQUdnTkpUbEk0SEhDdmFBPT0iLFtbIkRFTCIsIjIwMjYtMDktMTMiLCJCT00iLG51bGwsIkFJIiwiMjk1NyJdXV0=,2026-09-12 18:47:36.404704
666,114,DEL,BOM,2026-09-13,2026-09-20,12765.00,INR,140,Round trip,Air India,0,103,WyJDalJJTlU1UmFtTlpUMGx3UTJ0QlJsZHlPR2RDUnkwdExTMHRMUzB0TFhCbVoyY3hPVUZCUVVGQlIzRnNWVkJqUjBGdmJ6SkJFZ1pCU1RJNU9ERWFDZ2pkWXhBQUdnTkpUbEk0SEhDdmFBPT0iLFtbIkRFTCIsIjIwMjYtMDktMTMiLCJCT00iLG51bGwsIkFJIiwiMjk4MSJdXV0=,2026-09-12 18:47:36.407182
667,114,DEL,BOM,2026-09-13,2026-09-20,12771.00,INR,135,Round trip,IndiGo,0,89,WyJDalJJTlU1UmFtTlpUMGx3UTJ0QlJsZHlPR2RDUnkwdExTMHRMUzB0TFhCbVoyY3hPVUZCUVVGQlIzRnNWVkJqUjBGdmJ6SkJFZ1kyUlRZeU1UZ2FDZ2pqWXhBQUdnTkpUbEk0SEhDMWFBPT0iLFtbIkRFTCIsIjIwMjYtMDktMTMiLCJCT00iLG51bGwsIjZFIiwiNjIxOCJdXV0=,2026-09-12 18:47:36.409392
668,114,DEL,BOM,2026-09-13,2026-09-20,12771.00,INR,140,Round trip,IndiGo,0,89,WyJDalJJTlU1UmFtTlpUMGx3UTJ0QlJsZHlPR2RDUnkwdExTMHRMUzB0TFhCbVoyY3hPVUZCUVVGQlIzRnNWVkJqUjBGdmJ6SkJFZ1UyUlRNeU1Cb0tDT05qRUFBYUEwbE9VamdjY0xWbyIsW1siREVMIiwiMjAyNi0wOS0xMyIsIkJPTSIsbnVsbCwiNkUiLCIzMjAiXV1d,2026-09-12 18:47:36.412261
669,114,DEL,BOM,2026-09-13,2026-09-20,12771.00,INR,145,Round trip,IndiGo,0,89,WyJDalJJTlU1UmFtTlpUMGx3UTJ0QlJsZHlPR2RDUnkwdExTMHRMUzB0TFhCbVoyY3hPVUZCUVVGQlIzRnNWVkJqUjBGdmJ6SkJFZ1kyUlRZeE1EY2FDZ2pqWXhBQUdnTkpUbEk0SEhDMWFBPT0iLFtbIkRFTCIsIjIwMjYtMDktMTMiLCJCT00iLG51bGwsIjZFIiwiNjEwNyJdXV0=,2026-09-12 18:47:36.414487
670,114,DEL,BOM,2026-09-13,2026-09-20,12771.00,INR,135,Round trip,IndiGo,0,89,WyJDalJJTlU1UmFtTlpUMGx3UTJ0QlJsZHlPR2RDUnkwdExTMHRMUzB0TFhCbVoyY3hPVUZCUVVGQlIzRnNWVkJqUjBGdmJ6SkJFZ1kyUlRZd05EY2FDZ2pqWXhBQUdnTkpUbEk0SEhDMWFBPT0iLFtbIkRFTCIsIjIwMjYtMDktMTMiLCJCT00iLG51bGwsIjZFIiwiNjA0NyJdXV0=,2026-09-12 18:47:36.416886
671,114,DEL,BOM,2026-09-13,2026-09-20,12771.00,INR,145,Round trip,IndiGo,0,89,WyJDalJJTlU1UmFtTlpUMGx3UTJ0QlJsZHlPR2RDUnkwdExTMHRMUzB0TFhCbVoyY3hPVUZCUVVGQlIzRnNWVkJqUjBGdmJ6SkJFZ1kyUlRZd01qSWFDZ2pqWXhBQUdnTkpUbEk0SEhDMWFBPT0iLFtbIkRFTCIsIjIwMjYtMDktMTMiLCJCT00iLG51bGwsIjZFIiwiNjAyMiJdXV0=,2026-09-12 18:47:36.418969
672,114,DEL,BOM,2026-09-13,2026-09-20,12771.00,INR,135,Round trip,IndiGo,0,89,WyJDalJJTlU1UmFtTlpUMGx3UTJ0QlJsZHlPR2RDUnkwdExTMHRMUzB0TFhCbVoyY3hPVUZCUVVGQlIzRnNWVkJqUjBGdmJ6SkJFZ1kyUlRZek1UZ2FDZ2pqWXhBQUdnTkpUbEk0SEhDMWFBPT0iLFtbIkRFTCIsIjIwMjYtMDktMTMiLCJCT00iLG51bGwsIjZFIiwiNjMxOCJdXV0=,2026-09-12 18:47:36.421461
673,114,DEL,BOM,2026-09-13,2026-09-20,12771.00,INR,135,Round trip,IndiGo,0,89,WyJDalJJTlU1UmFtTlpUMGx3UTJ0QlJsZHlPR2RDUnkwdExTMHRMUzB0TFhCbVoyY3hPVUZCUVVGQlIzRnNWVkJqUjBGdmJ6SkJFZ1UyUlRnMk5Cb0tDT05qRUFBYUEwbE9VamdjY0xWbyIsW1siREVMIiwiMjAyNi0wOS0xMyIsIkJPTSIsbnVsbCwiNkUiLCI4NjQiXV1d,2026-09-12 18:47:36.424418
674,114,DEL,BOM,2026-09-13,2026-09-20,12771.00,INR,140,Round trip,IndiGo,0,89,WyJDalJJTlU1UmFtTlpUMGx3UTJ0QlJsZHlPR2RDUnkwdExTMHRMUzB0TFhCbVoyY3hPVUZCUVVGQlIzRnNWVkJqUjBGdmJ6SkJFZ1UyUlRNeU54b0tDT05qRUFBYUEwbE9VamdjY0xWbyIsW1siREVMIiwiMjAyNi0wOS0xMyIsIkJPTSIsbnVsbCwiNkUiLCIzMjciXV1d,2026-09-12 18:47:36.426876
675,114,DEL,BOM,2026-09-13,2026-09-20,12771.00,INR,135,Round trip,IndiGo,0,89,WyJDalJJTlU1UmFtTlpUMGx3UTJ0QlJsZHlPR2RDUnkwdExTMHRMUzB0TFhCbVoyY3hPVUZCUVVGQlIzRnNWVkJqUjBGdmJ6SkJFZ1kyUlRZM01EWWFDZ2pqWXhBQUdnTkpUbEk0SEhDMWFBPT0iLFtbIkRFTCIsIjIwMjYtMDktMTMiLCJCT00iLG51bGwsIjZFIiwiNjcwNiJdXV0=,2026-09-12 18:47:36.428899
676,114,DEL,BOM,2026-09-13,2026-09-20,12771.00,INR,135,Round trip,IndiGo,0,89,WyJDalJJTlU1UmFtTlpUMGx3UTJ0QlJsZHlPR2RDUnkwdExTMHRMUzB0TFhCbVoyY3hPVUZCUVVGQlIzRnNWVkJqUjBGdmJ6SkJFZ1UyUlRNeU9Sb0tDT05qRUFBYUEwbE9VamdjY0xWbyIsW1siREVMIiwiMjAyNi0wOS0xMyIsIkJPTSIsbnVsbCwiNkUiLCIzMjkiXV1d,2026-09-12 18:47:36.431204
677,114,DEL,BOM,2026-09-13,2026-09-20,12771.00,INR,145,Round trip,IndiGo,0,89,WyJDalJJTlU1UmFtTlpUMGx3UTJ0QlJsZHlPR2RDUnkwdExTMHRMUzB0TFhCbVoyY3hPVUZCUVVGQlIzRnNWVkJqUjBGdmJ6SkJFZ1UyUlRNMU5Cb0tDT05qRUFBYUEwbE9VamdjY0xWbyIsW1siREVMIiwiMjAyNi0wOS0xMyIsIkJPTSIsbnVsbCwiNkUiLCIzNTQiXV1d,2026-09-12 18:47:36.433705
679,114,DEL,BOM,2026-09-13,2026-09-20,12771.00,INR,135,Round trip,IndiGo,0,89,WyJDalJJTlU1UmFtTlpUMGx3UTJ0QlJsZHlPR2RDUnkwdExTMHRMUzB0TFhCbVoyY3hPVUZCUVVGQlIzRnNWVkJqUjBGdmJ6SkJFZ1UyUlRnMU14b0tDT05qRUFBYUEwbE9VamdjY0xWbyIsW1siREVMIiwiMjAyNi0wOS0xMyIsIkJPTSIsbnVsbCwiNkUiLCI4NTMiXV1d,2026-09-12 18:47:36.438519
680,114,DEL,BOM,2026-09-13,2026-09-20,12771.00,INR,140,Round trip,IndiGo,0,89,WyJDalJJTlU1UmFtTlpUMGx3UTJ0QlJsZHlPR2RDUnkwdExTMHRMUzB0TFhCbVoyY3hPVUZCUVVGQlIzRnNWVkJqUjBGdmJ6SkJFZ1UyUlRNNU5Sb0tDT05qRUFBYUEwbE9VamdjY0xWbyIsW1siREVMIiwiMjAyNi0wOS0xMyIsIkJPTSIsbnVsbCwiNkUiLCIzOTUiXV1d,2026-09-12 18:47:36.440735
681,114,DEL,BOM,2026-09-13,2026-09-20,12771.00,INR,140,Round trip,IndiGo,0,89,WyJDalJJTlU1UmFtTlpUMGx3UTJ0QlJsZHlPR2RDUnkwdExTMHRMUzB0TFhCbVoyY3hPVUZCUVVGQlIzRnNWVkJqUjBGdmJ6SkJFZ1kyUlRZeE1UUWFDZ2pqWXhBQUdnTkpUbEk0SEhDMWFBPT0iLFtbIkRFTCIsIjIwMjYtMDktMTMiLCJCT00iLG51bGwsIjZFIiwiNjExNCJdXV0=,2026-09-12 18:47:36.442943
682,114,DEL,BOM,2026-09-13,2026-09-20,12771.00,INR,135,Round trip,IndiGo,0,89,WyJDalJJTlU1UmFtTlpUMGx3UTJ0QlJsZHlPR2RDUnkwdExTMHRMUzB0TFhCbVoyY3hPVUZCUVVGQlIzRnNWVkJqUjBGdmJ6SkJFZ1UyUlRNeU1ob0tDT05qRUFBYUEwbE9VamdjY0xWbyIsW1siREVMIiwiMjAyNi0wOS0xMyIsIkJPTSIsbnVsbCwiNkUiLCIzMjIiXV1d,2026-09-12 18:47:36.444976
683,114,DEL,BOM,2026-09-13,2026-09-20,12923.00,INR,145,Round trip,Air India,0,103,WyJDalJJTlU1UmFtTlpUMGx3UTJ0QlJsZHlPR2RDUnkwdExTMHRMUzB0TFhCbVoyY3hPVUZCUVVGQlIzRnNWVkJqUjBGdmJ6SkJFZ1pCU1RFM09EVWFDZ2o3WkJBQUdnTkpUbEk0SEhEVWFRPT0iLFtbIkRFTCIsIjIwMjYtMDktMTMiLCJCT00iLG51bGwsIkFJIiwiMTc4NSJdXV0=,2026-09-12 18:47:36.447045
684,114,DEL,BOM,2026-09-13,2026-09-20,12923.00,INR,145,Round trip,Air India,0,103,WyJDalJJTlU1UmFtTlpUMGx3UTJ0QlJsZHlPR2RDUnkwdExTMHRMUzB0TFhCbVoyY3hPVUZCUVVGQlIzRnNWVkJqUjBGdmJ6SkJFZ1pCU1RJME16a2FDZ2o3WkJBQUdnTkpUbEk0SEhEVWFRPT0iLFtbIkRFTCIsIjIwMjYtMDktMTMiLCJCT00iLG51bGwsIkFJIiwiMjQzOSJdXV0=,2026-09-12 18:47:36.448779
685,114,DEL,BOM,2026-09-13,2026-09-20,12929.00,INR,140,Round trip,IndiGo,0,89,WyJDalJJTlU1UmFtTlpUMGx3UTJ0QlJsZHlPR2RDUnkwdExTMHRMUzB0TFhCbVoyY3hPVUZCUVVGQlIzRnNWVkJqUjBGdmJ6SkJFZ1kyUlRZek1qZ2FDZ2lCWlJBQUdnTkpUbEk0SEhEYWFRPT0iLFtbIkRFTCIsIjIwMjYtMDktMTMiLCJCT00iLG51bGwsIjZFIiwiNjMyOCJdXV0=,2026-09-12 18:47:36.450798
686,114,DEL,BOM,2026-09-13,2026-09-20,12929.00,INR,135,Round trip,IndiGo,0,89,WyJDalJJTlU1UmFtTlpUMGx3UTJ0QlJsZHlPR2RDUnkwdExTMHRMUzB0TFhCbVoyY3hPVUZCUVVGQlIzRnNWVkJqUjBGdmJ6SkJFZ1kyUlRZMk56WWFDZ2lCWlJBQUdnTkpUbEk0SEhEYWFRPT0iLFtbIkRFTCIsIjIwMjYtMDktMTMiLCJCT00iLG51bGwsIjZFIiwiNjY3NiJdXV0=,2026-09-12 18:47:36.452367
687,114,DEL,BOM,2026-09-13,2026-09-20,13125.00,INR,145,Round trip,Air India Express,0,100,WyJDalJJTlU1UmFtTlpUMGx3UTJ0QlJsZHlPR2RDUnkwdExTMHRMUzB0TFhCbVoyY3hPVUZCUVVGQlIzRnNWVkJqUjBGdmJ6SkJFZ1pKV0RFeU16VWFDZ2pGWmhBQUdnTkpUbEk0SEhDbmF3PT0iLFtbIkRFTCIsIjIwMjYtMDktMTMiLCJCT00iLG51bGwsIklYIiwiMTIzNSJdXV0=,2026-09-12 18:47:36.454095
688,114,DEL,BOM,2026-09-13,2026-09-20,13139.00,INR,130,Round trip,IndiGo,0,89,WyJDalJJTlU1UmFtTlpUMGx3UTJ0QlJsZHlPR2RDUnkwdExTMHRMUzB0TFhCbVoyY3hPVUZCUVVGQlIzRnNWVkJqUjBGdmJ6SkJFZ1UyUlRNeU5Cb0tDTk5tRUFBYUEwbE9VamdjY0xaciIsW1siREVMIiwiMjAyNi0wOS0xMyIsIkJPTSIsbnVsbCwiNkUiLCIzMjQiXV1d,2026-09-12 18:47:36.455892
689,114,DEL,BOM,2026-09-13,2026-09-20,13226.00,INR,140,Round trip,Akasa Air,0,91,WyJDalJJTlU1UmFtTlpUMGx3UTJ0QlJsZHlPR2RDUnkwdExTMHRMUzB0TFhCbVoyY3hPVUZCUVVGQlIzRnNWVkJqUjBGdmJ6SkJFZ1pSVURFNE16TWFDZ2lxWnhBQUdnTkpUbEk0SEhDUmJBPT0iLFtbIkRFTCIsIjIwMjYtMDktMTMiLCJCT00iLG51bGwsIlFQIiwiMTgzMyJdXV0=,2026-09-12 18:47:36.457369
690,114,DEL,BOM,2026-09-13,2026-09-20,13226.00,INR,145,Round trip,Akasa Air,0,88,WyJDalJJTlU1UmFtTlpUMGx3UTJ0QlJsZHlPR2RDUnkwdExTMHRMUzB0TFhCbVoyY3hPVUZCUVVGQlIzRnNWVkJqUjBGdmJ6SkJFZ1pSVURFeE1Ua2FDZ2lxWnhBQUdnTkpUbEk0SEhDUmJBPT0iLFtbIkRFTCIsIjIwMjYtMDktMTMiLCJCT00iLG51bGwsIlFQIiwiMTExOSJdXV0=,2026-09-12 18:47:36.459066
691,114,DEL,BOM,2026-09-13,2026-09-20,13226.00,INR,135,Round trip,Akasa Air,0,88,WyJDalJJTlU1UmFtTlpUMGx3UTJ0QlJsZHlPR2RDUnkwdExTMHRMUzB0TFhCbVoyY3hPVUZCUVVGQlIzRnNWVkJqUjBGdmJ6SkJFZ1pSVURFeE1UQWFDZ2lxWnhBQUdnTkpUbEk0SEhDUmJBPT0iLFtbIkRFTCIsIjIwMjYtMDktMTMiLCJCT00iLG51bGwsIlFQIiwiMTExMCJdXV0=,2026-09-12 18:47:36.460507
692,114,DEL,BOM,2026-09-13,2026-09-20,13226.00,INR,140,Round trip,Akasa Air,0,88,WyJDalJJTlU1UmFtTlpUMGx3UTJ0QlJsZHlPR2RDUnkwdExTMHRMUzB0TFhCbVoyY3hPVUZCUVVGQlIzRnNWVkJqUjBGdmJ6SkJFZ1pSVURFeE1qZ2FDZ2lxWnhBQUdnTkpUbEk0SEhDUmJBPT0iLFtbIkRFTCIsIjIwMjYtMDktMTMiLCJCT00iLG51bGwsIlFQIiwiMTEyOCJdXV0=,2026-09-12 18:47:36.463516
693,114,DEL,BOM,2026-09-13,2026-09-20,13226.00,INR,135,Round trip,Akasa Air,0,91,WyJDalJJTlU1UmFtTlpUMGx3UTJ0QlJsZHlPR2RDUnkwdExTMHRMUzB0TFhCbVoyY3hPVUZCUVVGQlIzRnNWVkJqUjBGdmJ6SkJFZ1pSVURFNE1qQWFDZ2lxWnhBQUdnTkpUbEk0SEhDUmJBPT0iLFtbIkRFTCIsIjIwMjYtMDktMTMiLCJCT00iLG51bGwsIlFQIiwiMTgyMCJdXV0=,2026-09-12 18:47:36.465348
694,114,DEL,BOM,2026-09-13,2026-09-20,13226.00,INR,145,Round trip,Akasa Air,0,88,WyJDalJJTlU1UmFtTlpUMGx3UTJ0QlJsZHlPR2RDUnkwdExTMHRMUzB0TFhCbVoyY3hPVUZCUVVGQlIzRnNWVkJqUjBGdmJ6SkJFZ1pSVURFNE1qWWFDZ2lxWnhBQUdnTkpUbEk0SEhDUmJBPT0iLFtbIkRFTCIsIjIwMjYtMDktMTMiLCJCT00iLG51bGwsIlFQIiwiMTgyNiJdXV0=,2026-09-12 18:47:36.467025
695,114,DEL,BOM,2026-09-13,2026-09-20,13569.00,INR,145,Round trip,Air India,0,103,WyJDalJJTlU1UmFtTlpUMGx3UTJ0QlJsZHlPR2RDUnkwdExTMHRMUzB0TFhCbVoyY3hPVUZCUVVGQlIzRnNWVkJqUjBGdmJ6SkJFZ1pCU1RJNU16TWFDZ2lCYWhBQUdnTkpUbEk0SEhENGJnPT0iLFtbIkRFTCIsIjIwMjYtMDktMTMiLCJCT00iLG51bGwsIkFJIiwiMjkzMyJdXV0=,2026-09-12 18:47:36.468644
696,114,DEL,BOM,2026-09-13,2026-09-20,14393.00,INR,140,Round trip,Air India,0,103,WyJDalJJTlU1UmFtTlpUMGx3UTJ0QlJsZHlPR2RDUnkwdExTMHRMUzB0TFhCbVoyY3hPVUZCUVVGQlIzRnNWVkJqUjBGdmJ6SkJFZ1pCU1RJNU5URWFDZ2k1Y0JBQUdnTkpUbEk0SEhEV2RRPT0iLFtbIkRFTCIsIjIwMjYtMDktMTMiLCJCT00iLG51bGwsIkFJIiwiMjk1MSJdXV0=,2026-09-12 18:47:36.470675
697,114,DEL,BOM,2026-09-13,2026-09-20,14913.00,INR,145,Round trip,Akasa Air,0,88,WyJDalJJTlU1UmFtTlpUMGx3UTJ0QlJsZHlPR2RDUnkwdExTMHRMUzB0TFhCbVoyY3hPVUZCUVVGQlIzRnNWVkJqUjBGdmJ6SkJFZ1pSVURFNE16WWFDZ2pCZEJBQUdnTkpUbEk0SEhEM2VRPT0iLFtbIkRFTCIsIjIwMjYtMDktMTMiLCJCT00iLG51bGwsIlFQIiwiMTgzNiJdXV0=,2026-09-12 18:47:36.472795
698,114,DEL,BOM,2026-09-13,2026-09-20,25949.00,INR,160,Round trip,SpiceJet,0,120,WyJDalJJTlU1UmFtTlpUMGx3UTJ0QlJsZHlPR2RDUnkwdExTMHRMUzB0TFhCbVoyY3hPVUZCUVVGQlIzRnNWVkJqUjBGdmJ6SkJFZ1pUUnpJNE1ESWFDd2pkeWdFUUFCb0RTVTVTT0J4d2xOUUIiLFtbIkRFTCIsIjIwMjYtMDktMTMiLCJCT00iLG51bGwsIlNHIiwiMjgwMiJdXV0=,2026-09-12 18:47:36.474792
699,115,DEL,HYD,2026-09-13,2026-09-20,16799.00,INR,130,Round trip,IndiGo,0,99,WyJDalJJVFhGM2QySm1OM2gyZEVsQlMycFJXSGRDUnkwdExTMHRMUzB0YjNsamFHODBPRUZCUVVGQlIzRnNWVkZGUmxCdFdrMUJFZ1UyUlRJd014b0xDSitEQVJBQUdnTkpUbEk0SEhDc2lRRT0iLFtbIkRFTCIsIjIwMjYtMDktMTMiLCJIWUQiLG51bGwsIjZFIiwiMjAzIl1dXQ==,2026-09-12 18:47:46.016977
700,115,DEL,HYD,2026-09-13,2026-09-20,16886.00,INR,140,Round trip,Air India,0,115,WyJDalJJVFhGM2QySm1OM2gyZEVsQlMycFJXSGRDUnkwdExTMHRMUzB0YjNsamFHODBPRUZCUVVGQlIzRnNWVkZGUmxCdFdrMUJFZ1pCU1RFM01EWWFDd2oyZ3dFUUFCb0RTVTVTT0J4d2g0b0IiLFtbIkRFTCIsIjIwMjYtMDktMTMiLCJIWUQiLG51bGwsIkFJIiwiMTcwNiJdXV0=,2026-09-12 18:47:46.020573
701,115,DEL,HYD,2026-09-13,2026-09-20,17537.00,INR,140,Round trip,Akasa Air,0,100,WyJDalJJVFhGM2QySm1OM2gyZEVsQlMycFJXSGRDUnkwdExTMHRMUzB0YjNsamFHODBPRUZCUVVGQlIzRnNWVkZGUmxCdFdrMUJFZ1pSVURFME1EWWFDd2lCaVFFUUFCb0RTVTVTT0J4d3NZOEIiLFtbIkRFTCIsIjIwMjYtMDktMTMiLCJIWUQiLG51bGwsIlFQIiwiMTQwNiJdXV0=,2026-09-12 18:47:46.023196
702,115,DEL,HYD,2026-09-13,2026-09-20,15910.00,INR,305,Round trip,IndiGo,1,144,WyJDalJJVFhGM2QySm1OM2gyZEVsQlMycFJXSGRDUnkwdExTMHRMUzB0YjNsamFHODBPRUZCUVVGQlIzRnNWVkZGUmxCdFdrMUJFZ3cyUlRVeE1UbDhOa1U0TnprYUNnaW1mQkFBR2dOSlRsSTRISENLZ2dFPSIsW1siREVMIiwiMjAyNi0wOS0xMyIsIkFNRCIsbnVsbCwiNkUiLCI1MTE5Il0sWyJBTUQiLCIyMDI2LTA5LTEzIiwiSFlEIixudWxsLCI2RSIsIjg3OSJdXV0=,2026-09-12 18:47:46.025852
703,115,DEL,HYD,2026-09-13,2026-09-20,15910.00,INR,325,Round trip,IndiGo,1,140,WyJDalJJVFhGM2QySm1OM2gyZEVsQlMycFJXSGRDUnkwdExTMHRMUzB0YjNsamFHODBPRUZCUVVGQlIzRnNWVkZGUmxCdFdrMUJFZzAyUlRVd056TjhOa1UyTnpJNEdnb0lwbndRQUJvRFNVNVNPQnh3aW9JQiIsW1siREVMIiwiMjAyNi0wOS0xMyIsIkFNRCIsbnVsbCwiNkUiLCI1MDczIl0sWyJBTUQiLCIyMDI2LTA5LTEzIiwiSFlEIixudWxsLCI2RSIsIjY3MjgiXV1d,2026-09-12 18:47:46.028602
704,115,DEL,HYD,2026-09-13,2026-09-20,16799.00,INR,135,Round trip,IndiGo,0,99,WyJDalJJVFhGM2QySm1OM2gyZEVsQlMycFJXSGRDUnkwdExTMHRMUzB0YjNsamFHODBPRUZCUVVGQlIzRnNWVkZGUmxCdFdrMUJFZ1UyUlRjd05Sb0xDSitEQVJBQUdnTkpUbEk0SEhDc2lRRT0iLFtbIkRFTCIsIjIwMjYtMDktMTMiLCJIWUQiLG51bGwsIjZFIiwiNzA1Il1dXQ==,2026-09-12 18:47:46.031918
705,115,DEL,HYD,2026-09-13,2026-09-20,16799.00,INR,145,Round trip,IndiGo,0,99,WyJDalJJVFhGM2QySm1OM2gyZEVsQlMycFJXSGRDUnkwdExTMHRMUzB0YjNsamFHODBPRUZCUVVGQlIzRnNWVkZGUmxCdFdrMUJFZ1kyUlRZeU9UTWFDd2lmZ3dFUUFCb0RTVTVTT0J4d3JJa0IiLFtbIkRFTCIsIjIwMjYtMDktMTMiLCJIWUQiLG51bGwsIjZFIiwiNjI5MyJdXV0=,2026-09-12 18:47:46.034456
706,115,DEL,HYD,2026-09-13,2026-09-20,16799.00,INR,135,Round trip,IndiGo,0,99,WyJDalJJVFhGM2QySm1OM2gyZEVsQlMycFJXSGRDUnkwdExTMHRMUzB0YjNsamFHODBPRUZCUVVGQlIzRnNWVkZGUmxCdFdrMUJFZ1kyUlRZeU9ESWFDd2lmZ3dFUUFCb0RTVTVTT0J4d3JJa0IiLFtbIkRFTCIsIjIwMjYtMDktMTMiLCJIWUQiLG51bGwsIjZFIiwiNjI4MiJdXV0=,2026-09-12 18:47:46.036895
707,115,DEL,HYD,2026-09-13,2026-09-20,16799.00,INR,140,Round trip,IndiGo,0,99,WyJDalJJVFhGM2QySm1OM2gyZEVsQlMycFJXSGRDUnkwdExTMHRMUzB0YjNsamFHODBPRUZCUVVGQlIzRnNWVkZGUmxCdFdrMUJFZ1kyUlRZeU1USWFDd2lmZ3dFUUFCb0RTVTVTT0J4d3JJa0IiLFtbIkRFTCIsIjIwMjYtMDktMTMiLCJIWUQiLG51bGwsIjZFIiwiNjIxMiJdXV0=,2026-09-12 18:47:46.039362
708,115,DEL,HYD,2026-09-13,2026-09-20,16799.00,INR,135,Round trip,IndiGo,0,99,WyJDalJJVFhGM2QySm1OM2gyZEVsQlMycFJXSGRDUnkwdExTMHRMUzB0YjNsamFHODBPRUZCUVVGQlIzRnNWVkZGUmxCdFdrMUJFZ1kyUlRZeU1UY2FDd2lmZ3dFUUFCb0RTVTVTT0J4d3JJa0IiLFtbIkRFTCIsIjIwMjYtMDktMTMiLCJIWUQiLG51bGwsIjZFIiwiNjIxNyJdXV0=,2026-09-12 18:47:46.042323
709,115,DEL,HYD,2026-09-13,2026-09-20,16799.00,INR,140,Round trip,IndiGo,0,99,WyJDalJJVFhGM2QySm1OM2gyZEVsQlMycFJXSGRDUnkwdExTMHRMUzB0YjNsamFHODBPRUZCUVVGQlIzRnNWVkZGUmxCdFdrMUJFZ1UyUlRjeE54b0xDSitEQVJBQUdnTkpUbEk0SEhDc2lRRT0iLFtbIkRFTCIsIjIwMjYtMDktMTMiLCJIWUQiLG51bGwsIjZFIiwiNzE3Il1dXQ==,2026-09-12 18:47:46.044465
710,115,DEL,HYD,2026-09-13,2026-09-20,16799.00,INR,140,Round trip,IndiGo,0,99,WyJDalJJVFhGM2QySm1OM2gyZEVsQlMycFJXSGRDUnkwdExTMHRMUzB0YjNsamFHODBPRUZCUVVGQlIzRnNWVkZGUmxCdFdrMUJFZ1kyUlRZMk1ERWFDd2lmZ3dFUUFCb0RTVTVTT0J4d3JJa0IiLFtbIkRFTCIsIjIwMjYtMDktMTMiLCJIWUQiLG51bGwsIjZFIiwiNjYwMSJdXV0=,2026-09-12 18:47:46.046788
711,115,DEL,HYD,2026-09-13,2026-09-20,16799.00,INR,135,Round trip,IndiGo,0,99,WyJDalJJVFhGM2QySm1OM2gyZEVsQlMycFJXSGRDUnkwdExTMHRMUzB0YjNsamFHODBPRUZCUVVGQlIzRnNWVkZGUmxCdFdrMUJFZ1UyUlRNNE1ob0xDSitEQVJBQUdnTkpUbEk0SEhDc2lRRT0iLFtbIkRFTCIsIjIwMjYtMDktMTMiLCJIWUQiLG51bGwsIjZFIiwiMzgyIl1dXQ==,2026-09-12 18:47:46.048909
712,115,DEL,HYD,2026-09-13,2026-09-20,16799.00,INR,135,Round trip,IndiGo,0,99,WyJDalJJVFhGM2QySm1OM2gyZEVsQlMycFJXSGRDUnkwdExTMHRMUzB0YjNsamFHODBPRUZCUVVGQlIzRnNWVkZGUmxCdFdrMUJFZ1UyUlRnNE1ob0xDSitEQVJBQUdnTkpUbEk0SEhDc2lRRT0iLFtbIkRFTCIsIjIwMjYtMDktMTMiLCJIWUQiLG51bGwsIjZFIiwiODgyIl1dXQ==,2026-09-12 18:47:46.05128
713,115,DEL,HYD,2026-09-13,2026-09-20,16886.00,INR,140,Round trip,Air India,0,115,WyJDalJJVFhGM2QySm1OM2gyZEVsQlMycFJXSGRDUnkwdExTMHRMUzB0YjNsamFHODBPRUZCUVVGQlIzRnNWVkZGUmxCdFdrMUJFZ1pCU1RJMU56Y2FDd2oyZ3dFUUFCb0RTVTVTT0J4d2g0b0IiLFtbIkRFTCIsIjIwMjYtMDktMTMiLCJIWUQiLG51bGwsIkFJIiwiMjU3NyJdXV0=,2026-09-12 18:47:46.053533
714,115,DEL,HYD,2026-09-13,2026-09-20,16886.00,INR,140,Round trip,Air India,0,115,WyJDalJJVFhGM2QySm1OM2gyZEVsQlMycFJXSGRDUnkwdExTMHRMUzB0YjNsamFHODBPRUZCUVVGQlIzRnNWVkZGUmxCdFdrMUJFZ1pCU1RJME5Ea2FDd2oyZ3dFUUFCb0RTVTVTT0J4d2g0b0IiLFtbIkRFTCIsIjIwMjYtMDktMTMiLCJIWUQiLG51bGwsIkFJIiwiMjQ0OSJdXV0=,2026-09-12 18:47:46.05608
715,115,DEL,HYD,2026-09-13,2026-09-20,16997.00,INR,140,Round trip,Air India,0,115,WyJDalJJVFhGM2QySm1OM2gyZEVsQlMycFJXSGRDUnkwdExTMHRMUzB0YjNsamFHODBPRUZCUVVGQlIzRnNWVkZGUmxCdFdrMUJFZ1pCU1RFM09UTWFDd2psaEFFUUFCb0RTVTVTT0J4dy9Jb0IiLFtbIkRFTCIsIjIwMjYtMDktMTMiLCJIWUQiLG51bGwsIkFJIiwiMTc5MyJdXV0=,2026-09-12 18:47:46.058371
716,115,DEL,HYD,2026-09-13,2026-09-20,16997.00,INR,140,Round trip,Air India,0,115,WyJDalJJVFhGM2QySm1OM2gyZEVsQlMycFJXSGRDUnkwdExTMHRMUzB0YjNsamFHODBPRUZCUVVGQlIzRnNWVkZGUmxCdFdrMUJFZ1pCU1RJMU5ESWFDd2psaEFFUUFCb0RTVTVTT0J4dy9Jb0IiLFtbIkRFTCIsIjIwMjYtMDktMTMiLCJIWUQiLG51bGwsIkFJIiwiMjU0MiJdXV0=,2026-09-12 18:47:46.060676
717,115,DEL,HYD,2026-09-13,2026-09-20,16997.00,INR,140,Round trip,Air India,0,115,WyJDalJJVFhGM2QySm1OM2gyZEVsQlMycFJXSGRDUnkwdExTMHRMUzB0YjNsamFHODBPRUZCUVVGQlIzRnNWVkZGUmxCdFdrMUJFZ1pCU1RJNE5Ua2FDd2psaEFFUUFCb0RTVTVTT0J4dy9Jb0IiLFtbIkRFTCIsIjIwMjYtMDktMTMiLCJIWUQiLG51bGwsIkFJIiwiMjg1OSJdXV0=,2026-09-12 18:47:46.062947
718,115,DEL,HYD,2026-09-13,2026-09-20,16997.00,INR,135,Round trip,Air India,0,115,WyJDalJJVFhGM2QySm1OM2gyZEVsQlMycFJXSGRDUnkwdExTMHRMUzB0YjNsamFHODBPRUZCUVVGQlIzRnNWVkZGUmxCdFdrMUJFZ1pCU1RJNE9Ua2FDd2psaEFFUUFCb0RTVTVTT0J4dy9Jb0IiLFtbIkRFTCIsIjIwMjYtMDktMTMiLCJIWUQiLG51bGwsIkFJIiwiMjg5OSJdXV0=,2026-09-12 18:47:46.065187
719,115,DEL,HYD,2026-09-13,2026-09-20,16997.00,INR,145,Round trip,Air India,0,112,WyJDalJJVFhGM2QySm1OM2gyZEVsQlMycFJXSGRDUnkwdExTMHRMUzB0YjNsamFHODBPRUZCUVVGQlIzRnNWVkZGUmxCdFdrMUJFZ1pCU1RJMU1Ua2FDd2psaEFFUUFCb0RTVTVTT0J4dy9Jb0IiLFtbIkRFTCIsIjIwMjYtMDktMTMiLCJIWUQiLG51bGwsIkFJIiwiMjUxOSJdXV0=,2026-09-12 18:47:46.067458
720,115,DEL,HYD,2026-09-13,2026-09-20,16997.00,INR,140,Round trip,Air India,0,115,WyJDalJJVFhGM2QySm1OM2gyZEVsQlMycFJXSGRDUnkwdExTMHRMUzB0YjNsamFHODBPRUZCUVVGQlIzRnNWVkZGUmxCdFdrMUJFZ1pCU1RJNE56a2FDd2psaEFFUUFCb0RTVTVTT0J4dy9Jb0IiLFtbIkRFTCIsIjIwMjYtMDktMTMiLCJIWUQiLG51bGwsIkFJIiwiMjg3OSJdXV0=,2026-09-12 18:47:46.069571
721,115,DEL,HYD,2026-09-13,2026-09-20,16997.00,INR,140,Round trip,Air India,0,115,WyJDalJJVFhGM2QySm1OM2gyZEVsQlMycFJXSGRDUnkwdExTMHRMUzB0YjNsamFHODBPRUZCUVVGQlIzRnNWVkZGUmxCdFdrMUJFZ1pCU1RFM01EZ2FDd2psaEFFUUFCb0RTVTVTT0J4dy9Jb0IiLFtbIkRFTCIsIjIwMjYtMDktMTMiLCJIWUQiLG51bGwsIkFJIiwiMTcwOCJdXV0=,2026-09-12 18:47:46.072046
722,115,DEL,HYD,2026-09-13,2026-09-20,16997.00,INR,140,Round trip,Air India,0,115,WyJDalJJVFhGM2QySm1OM2gyZEVsQlMycFJXSGRDUnkwdExTMHRMUzB0YjNsamFHODBPRUZCUVVGQlIzRnNWVkZGUmxCdFdrMUJFZ1pCU1RJNE56RWFDd2psaEFFUUFCb0RTVTVTT0J4dy9Jb0IiLFtbIkRFTCIsIjIwMjYtMDktMTMiLCJIWUQiLG51bGwsIkFJIiwiMjg3MSJdXV0=,2026-09-12 18:47:46.07444
723,115,DEL,HYD,2026-09-13,2026-09-20,17275.00,INR,135,Round trip,IndiGo,0,99,WyJDalJJVFhGM2QySm1OM2gyZEVsQlMycFJXSGRDUnkwdExTMHRMUzB0YjNsamFHODBPRUZCUVVGQlIzRnNWVkZGUmxCdFdrMUJFZ1UyUlRnNE5Cb0xDUHVHQVJBQUdnTkpUbEk0SEhDZWpRRT0iLFtbIkRFTCIsIjIwMjYtMDktMTMiLCJIWUQiLG51bGwsIjZFIiwiODg0Il1dXQ==,2026-09-12 18:47:46.076266
724,115,DEL,HYD,2026-09-13,2026-09-20,17375.00,INR,150,Round trip,Akasa Air,0,100,WyJDalJJVFhGM2QySm1OM2gyZEVsQlMycFJXSGRDUnkwdExTMHRMUzB0YjNsamFHODBPRUZCUVVGQlIzRnNWVkZGUmxCdFdrMUJFZ1pSVURFME1Ea2FDd2pmaHdFUUFCb0RTVTVTT0J4d2g0NEIiLFtbIkRFTCIsIjIwMjYtMDktMTMiLCJIWUQiLG51bGwsIlFQIiwiMTQwOSJdXV0=,2026-09-12 18:47:46.078694
725,116,DEL,MAA,2026-09-13,2026-09-20,17902.00,INR,335,Round trip,Air India,1,213,WyJDalJJUVY5UmNtcE9jVkJqTWpSQlNHMXNWVUZDUnkwdExTMHRMWFozYUdReE55MXVNa0ZCUVVGQlIzRnNWVkZWVDB4SE0zVkJFZ3hCU1RRME1YeEJTVEk0TWpjYUN3anVpd0VRQUJvRFNVNVNPQnh3cjVJQiIsW1siREVMIiwiMjAyNi0wOS0xMyIsIkJPTSIsbnVsbCwiQUkiLCI0NDEiXSxbIkJPTSIsIjIwMjYtMDktMTMiLCJNQUEiLG51bGwsIkFJIiwiMjgyNyJdXV0=,2026-09-12 18:47:54.788308
726,116,DEL,MAA,2026-09-13,2026-09-20,18534.00,INR,165,Round trip,Air India,0,146,WyJDalJJUVY5UmNtcE9jVkJqTWpSQlNHMXNWVUZDUnkwdExTMHRMWFozYUdReE55MXVNa0ZCUVVGQlIzRnNWVkZWVDB4SE0zVkJFZ1pCU1RJME5qY2FDd2pta0FFUUFCb0RTVTVTT0J4d3hKY0IiLFtbIkRFTCIsIjIwMjYtMDktMTMiLCJNQUEiLG51bGwsIkFJIiwiMjQ2NyJdXV0=,2026-09-12 18:47:54.790756
727,116,DEL,MAA,2026-09-13,2026-09-20,19130.00,INR,170,Round trip,IndiGo,0,126,WyJDalJJUVY5UmNtcE9jVkJqTWpSQlNHMXNWVUZDUnkwdExTMHRMWFozYUdReE55MXVNa0ZCUVVGQlIzRnNWVkZWVDB4SE0zVkJFZ1UyUlRrME1Cb0xDTHFWQVJBQUdnTkpUbEk0SEhDMG5BRT0iLFtbIkRFTCIsIjIwMjYtMDktMTMiLCJNQUEiLG51bGwsIjZFIiwiOTQwIl1dXQ==,2026-09-12 18:47:54.79225
728,116,DEL,MAA,2026-09-13,2026-09-20,18358.00,INR,370,Round trip,Air India,1,200,WyJDalJJUVY5UmNtcE9jVkJqTWpSQlNHMXNWVUZDUnkwdExTMHRMWFozYUdReE55MXVNa0ZCUVVGQlIzRnNWVkZWVDB4SE0zVkJFZzFCU1RFM05EVjhRVWt5TnpNNUdnc0l0bzhCRUFBYUEwbE9VamdjY0l5V0FRPT0iLFtbIkRFTCIsIjIwMjYtMDktMTMiLCJCT00iLG51bGwsIkFJIiwiMTc0NSJdLFsiQk9NIiwiMjAyNi0wOS0xMyIsIk1BQSIsbnVsbCwiQUkiLCIyNzM5Il1dXQ==,2026-09-12 18:47:54.793603
729,116,DEL,MAA,2026-09-13,2026-09-20,18534.00,INR,170,Round trip,Air India,0,146,WyJDalJJUVY5UmNtcE9jVkJqTWpSQlNHMXNWVUZDUnkwdExTMHRMWFozYUdReE55MXVNa0ZCUVVGQlIzRnNWVkZWVDB4SE0zVkJFZ1pCU1RJNE16TWFDd2pta0FFUUFCb0RTVTVTT0J4d3hKY0IiLFtbIkRFTCIsIjIwMjYtMDktMTMiLCJNQUEiLG51bGwsIkFJIiwiMjgzMyJdXV0=,2026-09-12 18:47:54.795547
730,116,DEL,MAA,2026-09-13,2026-09-20,18770.00,INR,165,Round trip,Air India,0,146,WyJDalJJUVY5UmNtcE9jVkJqTWpSQlNHMXNWVUZDUnkwdExTMHRMWFozYUdReE55MXVNa0ZCUVVGQlIzRnNWVkZWVDB4SE0zVkJFZ1pCU1RJNE9UVWFDd2pTa2dFUUFCb0RTVTVTT0J4d3U1a0IiLFtbIkRFTCIsIjIwMjYtMDktMTMiLCJNQUEiLG51bGwsIkFJIiwiMjg5NSJdXV0=,2026-09-12 18:47:54.796711
731,116,DEL,MAA,2026-09-13,2026-09-20,18934.00,INR,170,Round trip,Air India,0,146,WyJDalJJUVY5UmNtcE9jVkJqTWpSQlNHMXNWVUZDUnkwdExTMHRMWFozYUdReE55MXVNa0ZCUVVGQlIzRnNWVkZWVDB4SE0zVkJFZ1pCU1RJME9ETWFDd2oya3dFUUFCb0RTVTVTT0J4dzU1b0IiLFtbIkRFTCIsIjIwMjYtMDktMTMiLCJNQUEiLG51bGwsIkFJIiwiMjQ4MyJdXV0=,2026-09-12 18:47:54.797772
732,116,DEL,MAA,2026-09-13,2026-09-20,18934.00,INR,175,Round trip,Air India,0,170,WyJDalJJUVY5UmNtcE9jVkJqTWpSQlNHMXNWVUZDUnkwdExTMHRMWFozYUdReE55MXVNa0ZCUVVGQlIzRnNWVkZWVDB4SE0zVkJFZ1ZCU1RVek54b0xDUGFUQVJBQUdnTkpUbEk0SEhEbm1nRT0iLFtbIkRFTCIsIjIwMjYtMDktMTMiLCJNQUEiLG51bGwsIkFJIiwiNTM3Il1dXQ==,2026-09-12 18:47:54.798813
733,116,DEL,MAA,2026-09-13,2026-09-20,18934.00,INR,175,Round trip,Air India,0,146,WyJDalJJUVY5UmNtcE9jVkJqTWpSQlNHMXNWVUZDUnkwdExTMHRMWFozYUdReE55MXVNa0ZCUVVGQlIzRnNWVkZWVDB4SE0zVkJFZ1pCU1RJNE16Y2FDd2oya3dFUUFCb0RTVTVTT0J4dzU1b0IiLFtbIkRFTCIsIjIwMjYtMDktMTMiLCJNQUEiLG51bGwsIkFJIiwiMjgzNyJdXV0=,2026-09-12 18:47:54.799789
734,116,DEL,MAA,2026-09-13,2026-09-20,19130.00,INR,170,Round trip,IndiGo,0,126,WyJDalJJUVY5UmNtcE9jVkJqTWpSQlNHMXNWVUZDUnkwdExTMHRMWFozYUdReE55MXVNa0ZCUVVGQlIzRnNWVkZWVDB4SE0zVkJFZ1kyUlRJek5qZ2FDd2k2bFFFUUFCb0RTVTVTT0J4d3RKd0IiLFtbIkRFTCIsIjIwMjYtMDktMTMiLCJNQUEiLG51bGwsIjZFIiwiMjM2OCJdXV0=,2026-09-12 18:47:54.801125
735,116,DEL,MAA,2026-09-13,2026-09-20,19130.00,INR,170,Round trip,IndiGo,0,126,WyJDalJJUVY5UmNtcE9jVkJqTWpSQlNHMXNWVUZDUnkwdExTMHRMWFozYUdReE55MXVNa0ZCUVVGQlIzRnNWVkZWVDB4SE0zVkJFZ1UyUlRRek5Cb0xDTHFWQVJBQUdnTkpUbEk0SEhDMG5BRT0iLFtbIkRFTCIsIjIwMjYtMDktMTMiLCJNQUEiLG51bGwsIjZFIiwiNDM0Il1dXQ==,2026-09-12 18:47:54.802914
736,116,DEL,MAA,2026-09-13,2026-09-20,19130.00,INR,170,Round trip,IndiGo,0,126,WyJDalJJUVY5UmNtcE9jVkJqTWpSQlNHMXNWVUZDUnkwdExTMHRMWFozYUdReE55MXVNa0ZCUVVGQlIzRnNWVkZWVDB4SE0zVkJFZ1kyUlRZeE1UVWFDd2k2bFFFUUFCb0RTVTVTT0J4d3RKd0IiLFtbIkRFTCIsIjIwMjYtMDktMTMiLCJNQUEiLG51bGwsIjZFIiwiNjExNSJdXV0=,2026-09-12 18:47:54.80535
737,116,DEL,MAA,2026-09-13,2026-09-20,19130.00,INR,170,Round trip,IndiGo,0,126,WyJDalJJUVY5UmNtcE9jVkJqTWpSQlNHMXNWVUZDUnkwdExTMHRMWFozYUdReE55MXVNa0ZCUVVGQlIzRnNWVkZWVDB4SE0zVkJFZ1kyUlRZd09URWFDd2k2bFFFUUFCb0RTVTVTT0J4d3RKd0IiLFtbIkRFTCIsIjIwMjYtMDktMTMiLCJNQUEiLG51bGwsIjZFIiwiNjA5MSJdXV0=,2026-09-12 18:47:54.806857
738,116,DEL,MAA,2026-09-13,2026-09-20,19130.00,INR,170,Round trip,IndiGo,0,126,WyJDalJJUVY5UmNtcE9jVkJqTWpSQlNHMXNWVUZDUnkwdExTMHRMWFozYUdReE55MXVNa0ZCUVVGQlIzRnNWVkZWVDB4SE0zVkJFZ1UyUlRrME54b0xDTHFWQVJBQUdnTkpUbEk0SEhDMG5BRT0iLFtbIkRFTCIsIjIwMjYtMDktMTMiLCJNQUEiLG51bGwsIjZFIiwiOTQ3Il1dXQ==,2026-09-12 18:47:54.808424
739,116,DEL,MAA,2026-09-13,2026-09-20,19130.00,INR,160,Round trip,IndiGo,0,126,WyJDalJJUVY5UmNtcE9jVkJqTWpSQlNHMXNWVUZDUnkwdExTMHRMWFozYUdReE55MXVNa0ZCUVVGQlIzRnNWVkZWVDB4SE0zVkJFZ1UyUlRrMU1Cb0xDTHFWQVJBQUdnTkpUbEk0SEhDMG5BRT0iLFtbIkRFTCIsIjIwMjYtMDktMTMiLCJNQUEiLG51bGwsIjZFIiwiOTUwIl1dXQ==,2026-09-12 18:47:54.809967
740,116,DEL,MAA,2026-09-13,2026-09-20,19130.00,INR,170,Round trip,IndiGo,0,126,WyJDalJJUVY5UmNtcE9jVkJqTWpSQlNHMXNWVUZDUnkwdExTMHRMWFozYUdReE55MXVNa0ZCUVVGQlIzRnNWVkZWVDB4SE0zVkJFZ1kyUlRZek5ERWFDd2k2bFFFUUFCb0RTVTVTT0J4d3RKd0IiLFtbIkRFTCIsIjIwMjYtMDktMTMiLCJNQUEiLG51bGwsIjZFIiwiNjM0MSJdXV0=,2026-09-12 18:47:54.811955
741,116,DEL,MAA,2026-09-13,2026-09-20,19130.00,INR,175,Round trip,IndiGo,0,126,WyJDalJJUVY5UmNtcE9jVkJqTWpSQlNHMXNWVUZDUnkwdExTMHRMWFozYUdReE55MXVNa0ZCUVVGQlIzRnNWVkZWVDB4SE0zVkJFZ1kyUlRZd05qRWFDd2k2bFFFUUFCb0RTVTVTT0J4d3RKd0IiLFtbIkRFTCIsIjIwMjYtMDktMTMiLCJNQUEiLG51bGwsIjZFIiwiNjA2MSJdXV0=,2026-09-12 18:47:54.813799
742,116,DEL,MAA,2026-09-13,2026-09-20,19777.00,INR,365,Round trip,IndiGo,1,200,WyJDalJJUVY5UmNtcE9jVkJqTWpSQlNHMXNWVUZDUnkwdExTMHRMWFozYUdReE55MXVNa0ZCUVVGQlIzRnNWVkZWVDB4SE0zVkJFZ3MyUlRreE1IdzJSVEl6TkJvTENNR2FBUkFBR2dOSlRsSTRISERab1FFPSIsW1siREVMIiwiMjAyNi0wOS0xMyIsIkNDVSIsbnVsbCwiNkUiLCI5MTAiXSxbIkNDVSIsIjIwMjYtMDktMTMiLCJNQUEiLG51bGwsIjZFIiwiMjM0Il1dXQ==,2026-09-12 18:47:54.815691
743,116,DEL,MAA,2026-09-13,2026-09-20,19777.00,INR,365,Round trip,IndiGo,1,175,WyJDalJJUVY5UmNtcE9jVkJqTWpSQlNHMXNWVUZDUnkwdExTMHRMWFozYUdReE55MXVNa0ZCUVVGQlIzRnNWVkZWVDB4SE0zVkJFZ3cyUlRNMU5IdzJSVFl4TXpjYUN3akJtZ0VRQUJvRFNVNVNPQnh3MmFFQiIsW1siREVMIiwiMjAyNi0wOS0xMyIsIkJPTSIsbnVsbCwiNkUiLCIzNTQiXSxbIkJPTSIsIjIwMjYtMDktMTMiLCJNQUEiLG51bGwsIjZFIiwiNjEzNyJdXV0=,2026-09-12 18:47:54.817477
744,116,DEL,MAA,2026-09-13,2026-09-20,42254.00,INR,295,Round trip,IndiGo,1,240,WyJDalJJUVY5UmNtcE9jVkJqTWpSQlNHMXNWVUZDUnkwdExTMHRMWFozYUdReE55MXVNa0ZCUVVGQlIzRnNWVkZWVDB4SE0zVkJFZ3MyUlRFM05udzJSVE0xTmhvTENJN0tBaEFBR2dOSlRsSTRISEM3MlFJPSIsW1siREVMIiwiMjAyNi0wOS0xMyIsIkJMUiIsbnVsbCwiNkUiLCIxNzYiXSxbIkJMUiIsIjIwMjYtMDktMTMiLCJNQUEiLG51bGwsIjZFIiwiMzU2Il1dXQ==,2026-09-12 18:47:54.819719
745,117,DEL,CCU,2026-09-13,2026-09-20,17211.00,INR,135,Round trip,IndiGo,0,99,WyJDalJJYlY4dE9XSXdRek5qTmxsQlNWOTZPRUZDUnkwdExTMHRMUzB0TFhscFltVmhNVUZCUVVGQlIzRnNWVkUwUjJkb1lVOUJFZ1kyUlRVeE9URWFDd2k3aGdFUUFCb0RTVTVTT0J4dzNJd0IiLFtbIkRFTCIsIjIwMjYtMDktMTMiLCJDQ1UiLG51bGwsIjZFIiwiNTE5MSJdXV0=,2026-09-12 18:48:03.049772
746,117,DEL,CCU,2026-09-13,2026-09-20,17678.00,INR,140,Round trip,Air India,0,115,WyJDalJJYlY4dE9XSXdRek5qTmxsQlNWOTZPRUZDUnkwdExTMHRMUzB0TFhscFltVmhNVUZCUVVGQlIzRnNWVkUwUjJkb1lVOUJFZ1pCU1RFM016TWFDd2lPaWdFUUFCb0RTVTVTT0J4d3hKQUIiLFtbIkRFTCIsIjIwMjYtMDktMTMiLCJDQ1UiLG51bGwsIkFJIiwiMTczMyJdXV0=,2026-09-12 18:48:03.053356
747,117,DEL,CCU,2026-09-13,2026-09-20,17740.00,INR,140,Round trip,Akasa Air,0,97,WyJDalJJYlY4dE9XSXdRek5qTmxsQlNWOTZPRUZDUnkwdExTMHRMUzB0TFhscFltVmhNVUZCUVVGQlIzRnNWVkUwUjJkb1lVOUJFZ1pSVURFNE1ERWFDd2pNaWdFUUFCb0RTVTVTT0J4d2haRUIiLFtbIkRFTCIsIjIwMjYtMDktMTMiLCJDQ1UiLG51bGwsIlFQIiwiMTgwMSJdXV0=,2026-09-12 18:48:03.05582
748,117,DEL,CCU,2026-09-13,2026-09-20,15717.00,INR,445,Round trip,IndiGo,1,127,WyJDalJJYlY4dE9XSXdRek5qTmxsQlNWOTZPRUZDUnkwdExTMHRMUzB0TFhscFltVmhNVUZCUVVGQlIzRnNWVkUwUjJkb1lVOUJFZ3cyUlRZeU5EVjhOa1UyTmpNYUNnamxlaEFBR2dOSlRsSTRISERBZ0FFPSIsW1siREVMIiwiMjAyNi0wOS0xMyIsIlBBVCIsbnVsbCwiNkUiLCI2MjQ1Il0sWyJQQVQiLCIyMDI2LTA5LTEzIiwiQ0NVIixudWxsLCI2RSIsIjY2MyJdXV0=,2026-09-12 18:48:03.059299
749,117,DEL,CCU,2026-09-13,2026-09-20,15717.00,INR,450,Round trip,IndiGo,1,127,WyJDalJJYlY4dE9XSXdRek5qTmxsQlNWOTZPRUZDUnkwdExTMHRMUzB0TFhscFltVmhNVUZCUVVGQlIzRnNWVkUwUjJkb1lVOUJFZ3cyUlRJME5UTjhOa1V6TkRJYUNnamxlaEFBR2dOSlRsSTRISERBZ0FFPSIsW1siREVMIiwiMjAyNi0wOS0xMyIsIlBBVCIsbnVsbCwiNkUiLCIyNDUzIl0sWyJQQVQiLCIyMDI2LTA5LTEzIiwiQ0NVIixudWxsLCI2RSIsIjM0MiJdXV0=,2026-09-12 18:48:03.062524
750,117,DEL,CCU,2026-09-13,2026-09-20,15927.00,INR,375,Round trip,IndiGo,1,140,WyJDalJJYlY4dE9XSXdRek5qTmxsQlNWOTZPRUZDUnkwdExTMHRMUzB0TFhscFltVmhNVUZCUVVGQlIzRnNWVkUwUjJkb1lVOUJFZzAyUlRVeU9UaDhOa1UyTXpRMEdnb0l0M3dRQUJvRFNVNVNPQnh3bklJQiIsW1siREVMIiwiMjAyNi0wOS0xMyIsIkRFRCIsbnVsbCwiNkUiLCI1Mjk4Il0sWyJERUQiLCIyMDI2LTA5LTEzIiwiQ0NVIixudWxsLCI2RSIsIjYzNDQiXV1d,2026-09-12 18:48:03.066962
751,117,DEL,CCU,2026-09-13,2026-09-20,16535.00,INR,265,Round trip,IndiGo,1,117,WyJDalJJYlY4dE9XSXdRek5qTmxsQlNWOTZPRUZDUnkwdExTMHRMUzB0TFhscFltVmhNVUZCUVVGQlIzRnNWVkUwUjJkb1lVOUJFZzAyUlRJMk1UUjhOa1UzTXpJMkdnc0lsNEVCRUFBYUEwbE9VamdjY0ppSEFRPT0iLFtbIkRFTCIsIjIwMjYtMDktMTMiLCJJWFIiLG51bGwsIjZFIiwiMjYxNCJdLFsiSVhSIiwiMjAyNi0wOS0xMyIsIkNDVSIsbnVsbCwiNkUiLCI3MzI2Il1dXQ==,2026-09-12 18:48:03.070233
752,117,DEL,CCU,2026-09-13,2026-09-20,17211.00,INR,135,Round trip,IndiGo,0,99,WyJDalJJYlY4dE9XSXdRek5qTmxsQlNWOTZPRUZDUnkwdExTMHRMUzB0TFhscFltVmhNVUZCUVVGQlIzRnNWVkUwUjJkb1lVOUJFZ1UyUlRNNE9Sb0xDTHVHQVJBQUdnTkpUbEk0SEhEY2pBRT0iLFtbIkRFTCIsIjIwMjYtMDktMTMiLCJDQ1UiLG51bGwsIjZFIiwiMzg5Il1dXQ==,2026-09-12 18:48:03.073548
753,117,DEL,CCU,2026-09-13,2026-09-20,17211.00,INR,135,Round trip,IndiGo,0,99,WyJDalJJYlY4dE9XSXdRek5qTmxsQlNWOTZPRUZDUnkwdExTMHRMUzB0TFhscFltVmhNVUZCUVVGQlIzRnNWVkUwUjJkb1lVOUJFZ1UyUlRJME54b0xDTHVHQVJBQUdnTkpUbEk0SEhEY2pBRT0iLFtbIkRFTCIsIjIwMjYtMDktMTMiLCJDQ1UiLG51bGwsIjZFIiwiMjQ3Il1dXQ==,2026-09-12 18:48:03.075737
754,117,DEL,CCU,2026-09-13,2026-09-20,17473.00,INR,140,Round trip,IndiGo,0,99,WyJDalJJYlY4dE9XSXdRek5qTmxsQlNWOTZPRUZDUnkwdExTMHRMUzB0TFhscFltVmhNVUZCUVVGQlIzRnNWVkUwUjJkb1lVOUJFZ1kyUlRJeU56WWFDd2pCaUFFUUFCb0RTVTVTT0J4dzdvNEIiLFtbIkRFTCIsIjIwMjYtMDktMTMiLCJDQ1UiLG51bGwsIjZFIiwiMjI3NiJdXV0=,2026-09-12 18:48:03.077993
755,117,DEL,CCU,2026-09-13,2026-09-20,17525.00,INR,140,Round trip,Air India,0,115,WyJDalJJYlY4dE9XSXdRek5qTmxsQlNWOTZPRUZDUnkwdExTMHRMUzB0TFhscFltVmhNVUZCUVVGQlIzRnNWVkUwUjJkb1lVOUJFZ1pCU1RJM01EY2FDd2oxaUFFUUFCb0RTVTVTT0J4d3BJOEIiLFtbIkRFTCIsIjIwMjYtMDktMTMiLCJDQ1UiLG51bGwsIkFJIiwiMjcwNyJdXV0=,2026-09-12 18:48:03.080717
756,117,DEL,CCU,2026-09-13,2026-09-20,17525.00,INR,140,Round trip,Air India,0,115,WyJDalJJYlY4dE9XSXdRek5qTmxsQlNWOTZPRUZDUnkwdExTMHRMUzB0TFhscFltVmhNVUZCUVVGQlIzRnNWVkUwUjJkb1lVOUJFZ1pCU1RFM01UUWFDd2oxaUFFUUFCb0RTVTVTT0J4d3BJOEIiLFtbIkRFTCIsIjIwMjYtMDktMTMiLCJDQ1UiLG51bGwsIkFJIiwiMTcxNCJdXV0=,2026-09-12 18:48:03.083674
757,117,DEL,CCU,2026-09-13,2026-09-20,17678.00,INR,130,Round trip,Air India,0,115,WyJDalJJYlY4dE9XSXdRek5qTmxsQlNWOTZPRUZDUnkwdExTMHRMUzB0TFhscFltVmhNVUZCUVVGQlIzRnNWVkUwUjJkb1lVOUJFZ1pCU1RJM01Ea2FDd2lPaWdFUUFCb0RTVTVTT0J4d3hKQUIiLFtbIkRFTCIsIjIwMjYtMDktMTMiLCJDQ1UiLG51bGwsIkFJIiwiMjcwOSJdXV0=,2026-09-12 18:48:03.086071
758,117,DEL,CCU,2026-09-13,2026-09-20,17788.00,INR,140,Round trip,IndiGo,0,99,WyJDalJJYlY4dE9XSXdRek5qTmxsQlNWOTZPRUZDUnkwdExTMHRMUzB0TFhscFltVmhNVUZCUVVGQlIzRnNWVkUwUjJkb1lVOUJFZ1UyUlRNME1Cb0xDUHlLQVJBQUdnTkpUbEk0SEhDM2tRRT0iLFtbIkRFTCIsIjIwMjYtMDktMTMiLCJDQ1UiLG51bGwsIjZFIiwiMzQwIl1dXQ==,2026-09-12 18:48:03.088506
759,117,DEL,CCU,2026-09-13,2026-09-20,17788.00,INR,135,Round trip,IndiGo,0,99,WyJDalJJYlY4dE9XSXdRek5qTmxsQlNWOTZPRUZDUnkwdExTMHRMUzB0TFhscFltVmhNVUZCUVVGQlIzRnNWVkUwUjJkb1lVOUJFZ1kyUlRZMU1UY2FDd2o4aWdFUUFCb0RTVTVTT0J4d3Q1RUIiLFtbIkRFTCIsIjIwMjYtMDktMTMiLCJDQ1UiLG51bGwsIjZFIiwiNjUxNyJdXV0=,2026-09-12 18:48:03.091182
760,117,DEL,CCU,2026-09-13,2026-09-20,18239.00,INR,140,Round trip,Akasa Air,0,97,WyJDalJJYlY4dE9XSXdRek5qTmxsQlNWOTZPRUZDUnkwdExTMHRMUzB0TFhscFltVmhNVUZCUVVGQlIzRnNWVkUwUjJkb1lVOUJFZ1pSVURFNE1ETWFDd2kvamdFUUFCb0RTVTVTT0J4d2o1VUIiLFtbIkRFTCIsIjIwMjYtMDktMTMiLCJDQ1UiLG51bGwsIlFQIiwiMTgwMyJdXV0=,2026-09-12 18:48:03.093856
761,117,DEL,CCU,2026-09-13,2026-09-20,18261.00,INR,135,Round trip,IndiGo,0,99,WyJDalJJYlY4dE9XSXdRek5qTmxsQlNWOTZPRUZDUnkwdExTMHRMUzB0TFhscFltVmhNVUZCUVVGQlIzRnNWVkUwUjJkb1lVOUJFZ1kyUlRZME1UVWFDd2pWamdFUUFCb0RTVTVTT0J4d3BwVUIiLFtbIkRFTCIsIjIwMjYtMDktMTMiLCJDQ1UiLG51bGwsIjZFIiwiNjQxNSJdXV0=,2026-09-12 18:48:03.096187
762,117,DEL,CCU,2026-09-13,2026-09-20,18786.00,INR,135,Round trip,IndiGo,0,99,WyJDalJJYlY4dE9XSXdRek5qTmxsQlNWOTZPRUZDUnkwdExTMHRMUzB0TFhscFltVmhNVUZCUVVGQlIzRnNWVkUwUjJkb1lVOUJFZ1UyUlRnNU5Cb0xDT0tTQVJBQUdnTkpUbEk0SEhETW1RRT0iLFtbIkRFTCIsIjIwMjYtMDktMTMiLCJDQ1UiLG51bGwsIjZFIiwiODk0Il1dXQ==,2026-09-12 18:48:03.098784
763,117,DEL,CCU,2026-09-13,2026-09-20,18786.00,INR,140,Round trip,IndiGo,0,99,WyJDalJJYlY4dE9XSXdRek5qTmxsQlNWOTZPRUZDUnkwdExTMHRMUzB0TFhscFltVmhNVUZCUVVGQlIzRnNWVkUwUjJkb1lVOUJFZ1UyUlRnNU54b0xDT0tTQVJBQUdnTkpUbEk0SEhETW1RRT0iLFtbIkRFTCIsIjIwMjYtMDktMTMiLCJDQ1UiLG51bGwsIjZFIiwiODk3Il1dXQ==,2026-09-12 18:48:03.100936
764,117,DEL,CCU,2026-09-13,2026-09-20,18786.00,INR,140,Round trip,IndiGo,0,99,WyJDalJJYlY4dE9XSXdRek5qTmxsQlNWOTZPRUZDUnkwdExTMHRMUzB0TFhscFltVmhNVUZCUVVGQlIzRnNWVkUwUjJkb1lVOUJFZ1UyUlRreE1Cb0xDT0tTQVJBQUdnTkpUbEk0SEhETW1RRT0iLFtbIkRFTCIsIjIwMjYtMDktMTMiLCJDQ1UiLG51bGwsIjZFIiwiOTEwIl1dXQ==,2026-09-12 18:48:03.103459
765,117,DEL,CCU,2026-09-13,2026-09-20,20182.00,INR,140,Round trip,Air India,0,115,WyJDalJJYlY4dE9XSXdRek5qTmxsQlNWOTZPRUZDUnkwdExTMHRMUzB0TFhscFltVmhNVUZCUVVGQlIzRnNWVkUwUjJkb1lVOUJFZ1pCU1RJM05qY2FDd2pXblFFUUFCb0RTVTVTT0J4d2dhVUIiLFtbIkRFTCIsIjIwMjYtMDktMTMiLCJDQ1UiLG51bGwsIkFJIiwiMjc2NyJdXV0=,2026-09-12 18:48:03.106969
766,117,DEL,CCU,2026-09-13,2026-09-20,25868.00,INR,140,Round trip,Air India,0,115,WyJDalJJYlY4dE9XSXdRek5qTmxsQlNWOTZPRUZDUnkwdExTMHRMUzB0TFhscFltVmhNVUZCUVVGQlIzRnNWVkUwUjJkb1lVOUJFZ1pCU1RJM01ESWFDd2lNeWdFUUFCb0RTVTVTT0J4d3Y5TUIiLFtbIkRFTCIsIjIwMjYtMDktMTMiLCJDQ1UiLG51bGwsIkFJIiwiMjcwMiJdXV0=,2026-09-12 18:48:03.109373
767,117,DEL,CCU,2026-09-13,2026-09-20,26216.00,INR,140,Round trip,SpiceJet,0,121,WyJDalJJYlY4dE9XSXdRek5qTmxsQlNWOTZPRUZDUnkwdExTMHRMUzB0TFhscFltVmhNVUZCUVVGQlIzRnNWVkUwUjJkb1lVOUJFZ1ZUUnprd05Sb0xDT2pNQVJBQUdnTkpUbEk0SEhDcjFnRT0iLFtbIkRFTCIsIjIwMjYtMDktMTMiLCJDQ1UiLG51bGwsIlNHIiwiOTA1Il1dXQ==,2026-09-12 18:48:03.111754
768,118,DEL,PNQ,2026-09-13,2026-09-20,13861.00,INR,135,Round trip,Air India,0,105,WyJDalJJT1hOMlZHbFRZMFJCUm10QlJUaHpUMmRDUnkwdExTMHRMUzB0TFhCcWFIY3hPRUZCUVVGQlIzRnNWVkpqUlZGMmRpMUJFZ1pCU1RFM016VWFDZ2lsYkJBQUdnTkpUbEk0SEhDcWNRPT0iLFtbIkRFTCIsIjIwMjYtMDktMTMiLCJQTlEiLG51bGwsIkFJIiwiMTczNSJdXV0=,2026-09-12 18:48:07.84045
769,118,DEL,PNQ,2026-09-13,2026-09-20,13861.00,INR,135,Round trip,Air India,0,105,WyJDalJJT1hOMlZHbFRZMFJCUm10QlJUaHpUMmRDUnkwdExTMHRMUzB0TFhCcWFIY3hPRUZCUVVGQlIzRnNWVkpqUlZGMmRpMUJFZ1pCU1RJNU56RWFDZ2lsYkJBQUdnTkpUbEk0SEhDcWNRPT0iLFtbIkRFTCIsIjIwMjYtMDktMTMiLCJQTlEiLG51bGwsIkFJIiwiMjk3MSJdXV0=,2026-09-12 18:48:07.844298
770,118,DEL,PNQ,2026-09-13,2026-09-20,13861.00,INR,130,Round trip,Air India,0,105,WyJDalJJT1hOMlZHbFRZMFJCUm10QlJUaHpUMmRDUnkwdExTMHRMUzB0TFhCcWFIY3hPRUZCUVVGQlIzRnNWVkpqUlZGMmRpMUJFZ1pCU1RJMU5EY2FDZ2lsYkJBQUdnTkpUbEk0SEhDcWNRPT0iLFtbIkRFTCIsIjIwMjYtMDktMTMiLCJQTlEiLG51bGwsIkFJIiwiMjU0NyJdXV0=,2026-09-12 18:48:07.846589
771,118,DEL,PNQ,2026-09-13,2026-09-20,13861.00,INR,125,Round trip,Air India,0,105,WyJDalJJT1hOMlZHbFRZMFJCUm10QlJUaHpUMmRDUnkwdExTMHRMUzB0TFhCcWFIY3hPRUZCUVVGQlIzRnNWVkpqUlZGMmRpMUJFZ1pCU1RFM016QWFDZ2lsYkJBQUdnTkpUbEk0SEhDcWNRPT0iLFtbIkRFTCIsIjIwMjYtMDktMTMiLCJQTlEiLG51bGwsIkFJIiwiMTczMCJdXV0=,2026-09-12 18:48:07.849248
772,118,DEL,PNQ,2026-09-13,2026-09-20,14624.00,INR,135,Round trip,Akasa Air,0,88,WyJDalJJT1hOMlZHbFRZMFJCUm10QlJUaHpUMmRDUnkwdExTMHRMUzB0TFhCcWFIY3hPRUZCUVVGQlIzRnNWVkpqUlZGMmRpMUJFZ1pSVURFMk1EZ2FDZ2lnY2hBQUdnTkpUbEk0SEhESWR3PT0iLFtbIkRFTCIsIjIwMjYtMDktMTMiLCJQTlEiLG51bGwsIlFQIiwiMTYwOCJdXV0=,2026-09-12 18:48:07.851945
773,118,DEL,PNQ,2026-09-13,2026-09-20,13861.00,INR,130,Round trip,Air India,0,133,WyJDalJJT1hOMlZHbFRZMFJCUm10QlJUaHpUMmRDUnkwdExTMHRMUzB0TFhCcWFIY3hPRUZCUVVGQlIzRnNWVkpqUlZGMmRpMUJFZ1pCU1RJME5qa2FDZ2lsYkJBQUdnTkpUbEk0SEhDcWNRPT0iLFtbIkRFTCIsIjIwMjYtMDktMTMiLCJQTlEiLG51bGwsIkFJIiwiMjQ2OSJdXV0=,2026-09-12 18:48:07.854138
774,118,DEL,PNQ,2026-09-13,2026-09-20,13861.00,INR,140,Round trip,Air India,0,105,WyJDalJJT1hOMlZHbFRZMFJCUm10QlJUaHpUMmRDUnkwdExTMHRMUzB0TFhCcWFIY3hPRUZCUVVGQlIzRnNWVkpqUlZGMmRpMUJFZ1pCU1RFM09UY2FDZ2lsYkJBQUdnTkpUbEk0SEhDcWNRPT0iLFtbIkRFTCIsIjIwMjYtMDktMTMiLCJQTlEiLG51bGwsIkFJIiwiMTc5NyJdXV0=,2026-09-12 18:48:07.856033
775,118,DEL,PNQ,2026-09-13,2026-09-20,13861.00,INR,135,Round trip,Air India,0,105,WyJDalJJT1hOMlZHbFRZMFJCUm10QlJUaHpUMmRDUnkwdExTMHRMUzB0TFhCcWFIY3hPRUZCUVVGQlIzRnNWVkpqUlZGMmRpMUJFZ1pCU1RJNU56TWFDZ2lsYkJBQUdnTkpUbEk0SEhDcWNRPT0iLFtbIkRFTCIsIjIwMjYtMDktMTMiLCJQTlEiLG51bGwsIkFJIiwiMjk3MyJdXV0=,2026-09-12 18:48:07.85879
776,118,DEL,PNQ,2026-09-13,2026-09-20,13861.00,INR,135,Round trip,Air India,0,105,WyJDalJJT1hOMlZHbFRZMFJCUm10QlJUaHpUMmRDUnkwdExTMHRMUzB0TFhCcWFIY3hPRUZCUVVGQlIzRnNWVkpqUlZGMmRpMUJFZ1pCU1RJMk1Ea2FDZ2lsYkJBQUdnTkpUbEk0SEhDcWNRPT0iLFtbIkRFTCIsIjIwMjYtMDktMTMiLCJQTlEiLG51bGwsIkFJIiwiMjYwOSJdXV0=,2026-09-12 18:48:07.860846
777,118,DEL,PNQ,2026-09-13,2026-09-20,14071.00,INR,135,Round trip,Air India,0,105,WyJDalJJT1hOMlZHbFRZMFJCUm10QlJUaHpUMmRDUnkwdExTMHRMUzB0TFhCcWFIY3hPRUZCUVVGQlIzRnNWVkpqUlZGMmRpMUJFZ1pCU1RJM01URWFDZ2ozYlJBQUdnTkpUbEk0SEhDRmN3PT0iLFtbIkRFTCIsIjIwMjYtMDktMTMiLCJQTlEiLG51bGwsIkFJIiwiMjcxMSJdXV0=,2026-09-12 18:48:07.863008
778,118,DEL,PNQ,2026-09-13,2026-09-20,14268.00,INR,125,Round trip,IndiGo,0,88,WyJDalJJT1hOMlZHbFRZMFJCUm10QlJUaHpUMmRDUnkwdExTMHRMUzB0TFhCcWFIY3hPRUZCUVVGQlIzRnNWVkpqUlZGMmRpMUJFZ1kyUlRVek1qSWFDZ2k4YnhBQUdnTkpUbEk0SEhEVWRBPT0iLFtbIkRFTCIsIjIwMjYtMDktMTMiLCJQTlEiLG51bGwsIjZFIiwiNTMyMiJdXV0=,2026-09-12 18:48:07.865332
779,118,DEL,PNQ,2026-09-13,2026-09-20,14268.00,INR,120,Round trip,IndiGo,0,91,WyJDalJJT1hOMlZHbFRZMFJCUm10QlJUaHpUMmRDUnkwdExTMHRMUzB0TFhCcWFIY3hPRUZCUVVGQlIzRnNWVkpqUlZGMmRpMUJFZ1kyUlRJeU5qSWFDZ2k4YnhBQUdnTkpUbEk0SEhEVWRBPT0iLFtbIkRFTCIsIjIwMjYtMDktMTMiLCJQTlEiLG51bGwsIjZFIiwiMjI2MiJdXV0=,2026-09-12 18:48:07.868129
780,118,DEL,PNQ,2026-09-13,2026-09-20,14268.00,INR,125,Round trip,IndiGo,0,91,WyJDalJJT1hOMlZHbFRZMFJCUm10QlJUaHpUMmRDUnkwdExTMHRMUzB0TFhCcWFIY3hPRUZCUVVGQlIzRnNWVkpqUlZGMmRpMUJFZ1kyUlRJMk1UZ2FDZ2k4YnhBQUdnTkpUbEk0SEhEVWRBPT0iLFtbIkRFTCIsIjIwMjYtMDktMTMiLCJQTlEiLG51bGwsIjZFIiwiMjYxOCJdXV0=,2026-09-12 18:48:07.869748
781,118,DEL,PNQ,2026-09-13,2026-09-20,14618.00,INR,125,Round trip,IndiGo,0,91,WyJDalJJT1hOMlZHbFRZMFJCUm10QlJUaHpUMmRDUnkwdExTMHRMUzB0TFhCcWFIY3hPRUZCUVVGQlIzRnNWVkpqUlZGMmRpMUJFZ1kyUlRJek5ETWFDZ2lhY2hBQUdnTkpUbEk0SEhEQ2R3PT0iLFtbIkRFTCIsIjIwMjYtMDktMTMiLCJQTlEiLG51bGwsIjZFIiwiMjM0MyJdXV0=,2026-09-12 18:48:07.871454
782,118,DEL,PNQ,2026-09-13,2026-09-20,14618.00,INR,125,Round trip,IndiGo,0,88,WyJDalJJT1hOMlZHbFRZMFJCUm10QlJUaHpUMmRDUnkwdExTMHRMUzB0TFhCcWFIY3hPRUZCUVVGQlIzRnNWVkpqUlZGMmRpMUJFZ1kyUlRZMk56TWFDZ2lhY2hBQUdnTkpUbEk0SEhEQ2R3PT0iLFtbIkRFTCIsIjIwMjYtMDktMTMiLCJQTlEiLG51bGwsIjZFIiwiNjY3MyJdXV0=,2026-09-12 18:48:07.873505
783,118,DEL,PNQ,2026-09-13,2026-09-20,14624.00,INR,135,Round trip,Akasa Air,0,93,WyJDalJJT1hOMlZHbFRZMFJCUm10QlJUaHpUMmRDUnkwdExTMHRMUzB0TFhCcWFIY3hPRUZCUVVGQlIzRnNWVkpqUlZGMmRpMUJFZ1pSVURFNE1Ea2FDZ2lnY2hBQUdnTkpUbEk0SEhESWR3PT0iLFtbIkRFTCIsIjIwMjYtMDktMTMiLCJQTlEiLG51bGwsIlFQIiwiMTgwOSJdXV0=,2026-09-12 18:48:07.875626
784,118,DEL,PNQ,2026-09-13,2026-09-20,14919.00,INR,165,Round trip,Air India Express,0,107,WyJDalJJT1hOMlZHbFRZMFJCUm10QlJUaHpUMmRDUnkwdExTMHRMUzB0TFhCcWFIY3hPRUZCUVVGQlIzRnNWVkpqUlZGMmRpMUJFZ1pKV0RFeU16QWFDZ2pIZEJBQUdnTkpUbEk0SEhEOWVRPT0iLFtbIkRFTCIsIjIwMjYtMDktMTMiLCJQTlEiLG51bGwsIklYIiwiMTIzMCJdXV0=,2026-09-12 18:48:07.877207
785,118,DEL,PNQ,2026-09-13,2026-09-20,14919.00,INR,135,Round trip,Air India Express,0,107,WyJDalJJT1hOMlZHbFRZMFJCUm10QlJUaHpUMmRDUnkwdExTMHRMUzB0TFhCcWFIY3hPRUZCUVVGQlIzRnNWVkpqUlZGMmRpMUJFZ1pKV0RFeU5UY2FDZ2pIZEJBQUdnTkpUbEk0SEhEOWVRPT0iLFtbIkRFTCIsIjIwMjYtMDktMTMiLCJQTlEiLG51bGwsIklYIiwiMTI1NyJdXV0=,2026-09-12 18:48:07.87903
786,118,DEL,PNQ,2026-09-13,2026-09-20,15143.00,INR,125,Round trip,IndiGo,0,91,WyJDalJJT1hOMlZHbFRZMFJCUm10QlJUaHpUMmRDUnkwdExTMHRMUzB0TFhCcWFIY3hPRUZCUVVGQlIzRnNWVkpqUlZGMmRpMUJFZ1kyUlRJMk1qTWFDZ2luZGhBQUdnTkpUbEk0SEhEbmV3PT0iLFtbIkRFTCIsIjIwMjYtMDktMTMiLCJQTlEiLG51bGwsIjZFIiwiMjYyMyJdXV0=,2026-09-12 18:48:07.881131
787,118,DEL,PNQ,2026-09-13,2026-09-20,15773.00,INR,125,Round trip,IndiGo,0,91,WyJDalJJT1hOMlZHbFRZMFJCUm10QlJUaHpUMmRDUnkwdExTMHRMUzB0TFhCcWFIY3hPRUZCUVVGQlIzRnNWVkpqUlZGMmRpMUJFZ1kyUlRJeE16SWFDZ2lkZXhBQUdnTkpUbEk0SEhEN2dBRT0iLFtbIkRFTCIsIjIwMjYtMDktMTMiLCJQTlEiLG51bGwsIjZFIiwiMjEzMiJdXV0=,2026-09-12 18:48:07.88284
788,118,DEL,PNQ,2026-09-13,2026-09-20,15773.00,INR,135,Round trip,IndiGo,0,91,WyJDalJJT1hOMlZHbFRZMFJCUm10QlJUaHpUMmRDUnkwdExTMHRMUzB0TFhCcWFIY3hPRUZCUVVGQlIzRnNWVkpqUlZGMmRpMUJFZ1kyUlRJME9EY2FDZ2lkZXhBQUdnTkpUbEk0SEhEN2dBRT0iLFtbIkRFTCIsIjIwMjYtMDktMTMiLCJQTlEiLG51bGwsIjZFIiwiMjQ4NyJdXV0=,2026-09-12 18:48:07.890817
789,118,DEL,PNQ,2026-09-13,2026-09-20,17143.00,INR,150,Round trip,SpiceJet,0,106,WyJDalJJT1hOMlZHbFRZMFJCUm10QlJUaHpUMmRDUnkwdExTMHRMUzB0TFhCcWFIY3hPRUZCUVVGQlIzRnNWVkpqUlZGMmRpMUJFZ1ZUUnprek9Sb0xDUGVGQVJBQUdnTkpUbEk0SEhDVWpBRT0iLFtbIkRFTCIsIjIwMjYtMDktMTMiLCJQTlEiLG51bGwsIlNHIiwiOTM5Il1dXQ==,2026-09-12 18:48:07.892862
790,118,DEL,PNQ,2026-09-13,2026-09-20,17337.00,INR,125,Round trip,IndiGo,0,91,WyJDalJJT1hOMlZHbFRZMFJCUm10QlJUaHpUMmRDUnkwdExTMHRMUzB0TFhCcWFIY3hPRUZCUVVGQlIzRnNWVkpqUlZGMmRpMUJFZ1kyUlRZME16Y2FDd2k1aHdFUUFCb0RTVTVTT0J4dzM0MEIiLFtbIkRFTCIsIjIwMjYtMDktMTMiLCJQTlEiLG51bGwsIjZFIiwiNjQzNyJdXV0=,2026-09-12 18:48:07.89432
791,118,DEL,PNQ,2026-09-13,2026-09-20,17743.00,INR,135,Round trip,Akasa Air,0,89,WyJDalJJT1hOMlZHbFRZMFJCUm10QlJUaHpUMmRDUnkwdExTMHRMUzB0TFhCcWFIY3hPRUZCUVVGQlIzRnNWVkpqUlZGMmRpMUJFZ1pSVURFNE56RWFDd2pQaWdFUUFCb0RTVTVTT0J4d2lKRUIiLFtbIkRFTCIsIjIwMjYtMDktMTMiLCJQTlEiLG51bGwsIlFQIiwiMTg3MSJdXV0=,2026-09-12 18:48:07.896009
792,119,DEL,AMD,2026-09-13,2026-09-20,11325.00,INR,85,Round trip,IndiGo,0,64,WyJDalJJZVRCdlVqbERjbTVXYmtGQlRFRlhWMUZDUnkwdExTMHRMUzB0TFc5NWNtRXlOa0ZCUVVGQlIzRnNWVkozUkZReFFXTkJFZ1kyUlRVeE1Ua2FDZ2k5V0JBQUdnTkpUbEk0SEhETVhBPT0iLFtbIkRFTCIsIjIwMjYtMDktMTMiLCJBTUQiLG51bGwsIjZFIiwiNTExOSJdXV0=,2026-09-12 18:48:11.899053
793,119,DEL,AMD,2026-09-13,2026-09-20,11526.00,INR,95,Round trip,IndiGo,0,64,WyJDalJJZVRCdlVqbERjbTVXYmtGQlRFRlhWMUZDUnkwdExTMHRMUzB0TFc5NWNtRXlOa0ZCUVVGQlIzRnNWVkozUkZReFFXTkJFZ1kyUlRZeU5qRWFDZ2lHV2hBQUdnTkpUbEk0SEhDZVhnPT0iLFtbIkRFTCIsIjIwMjYtMDktMTMiLCJBTUQiLG51bGwsIjZFIiwiNjI2MSJdXV0=,2026-09-12 18:48:11.90365
794,119,DEL,AMD,2026-09-13,2026-09-20,11526.00,INR,95,Round trip,IndiGo,0,64,WyJDalJJZVRCdlVqbERjbTVXYmtGQlRFRlhWMUZDUnkwdExTMHRMUzB0TFc5NWNtRXlOa0ZCUVVGQlIzRnNWVkozUkZReFFXTkJFZ1kyUlRJd056WWFDZ2lHV2hBQUdnTkpUbEk0SEhDZVhnPT0iLFtbIkRFTCIsIjIwMjYtMDktMTMiLCJBTUQiLG51bGwsIjZFIiwiMjA3NiJdXV0=,2026-09-12 18:48:11.905188
795,119,DEL,AMD,2026-09-13,2026-09-20,11770.00,INR,100,Round trip,Air India,0,101,WyJDalJJZVRCdlVqbERjbTVXYmtGQlRFRlhWMUZDUnkwdExTMHRMUzB0TFc5NWNtRXlOa0ZCUVVGQlIzRnNWVkozUkZReFFXTkJFZ1ZCU1RneE54b0tDUHBiRUFBYUEwbE9VamdjY0oxZyIsW1siREVMIiwiMjAyNi0wOS0xMyIsIkFNRCIsbnVsbCwiQUkiLCI4MTciXV1d,2026-09-12 18:48:11.906582
796,119,DEL,AMD,2026-09-13,2026-09-20,11770.00,INR,100,Round trip,Air India,0,77,WyJDalJJZVRCdlVqbERjbTVXYmtGQlRFRlhWMUZDUnkwdExTMHRMUzB0TFc5NWNtRXlOa0ZCUVVGQlIzRnNWVkozUkZReFFXTkJFZ1pCU1RJNU5Ua2FDZ2o2V3hBQUdnTkpUbEk0SEhDZFlBPT0iLFtbIkRFTCIsIjIwMjYtMDktMTMiLCJBTUQiLG51bGwsIkFJIiwiMjk1OSJdXV0=,2026-09-12 18:48:11.9079
797,119,DEL,AMD,2026-09-13,2026-09-20,12831.00,INR,100,Round trip,Air India,0,101,WyJDalJJZVRCdlVqbERjbTVXYmtGQlRFRlhWMUZDUnkwdExTMHRMUzB0TFc5NWNtRXlOa0ZCUVVGQlIzRnNWVkozUkZReFFXTkJFZ1ZCU1RnNE1Sb0tDSjlrRUFBYUEwbE9VamdjY1BSbyIsW1siREVMIiwiMjAyNi0wOS0xMyIsIkFNRCIsbnVsbCwiQUkiLCI4ODEiXV1d,2026-09-12 18:48:11.909451
798,119,DEL,AMD,2026-09-13,2026-09-20,14038.00,INR,100,Round trip,Air India,0,77,WyJDalJJZVRCdlVqbERjbTVXYmtGQlRFRlhWMUZDUnkwdExTMHRMUzB0TFc5NWNtRXlOa0ZCUVVGQlIzRnNWVkozUkZReFFXTkJFZ1pCU1RJM01UVWFDZ2pXYlJBQUdnTkpUbEk0SEhEamNnPT0iLFtbIkRFTCIsIjIwMjYtMDktMTMiLCJBTUQiLG51bGwsIkFJIiwiMjcxNSJdXV0=,2026-09-12 18:48:11.911168
799,119,DEL,AMD,2026-09-13,2026-09-20,14051.00,INR,95,Round trip,IndiGo,0,64,WyJDalJJZVRCdlVqbERjbTVXYmtGQlRFRlhWMUZDUnkwdExTMHRMUzB0TFc5NWNtRXlOa0ZCUVVGQlIzRnNWVkozUkZReFFXTkJFZ1kyUlRJek16RWFDZ2pqYlJBQUdnTkpUbEk0SEhEeGNnPT0iLFtbIkRFTCIsIjIwMjYtMDktMTMiLCJBTUQiLG51bGwsIjZFIiwiMjMzMSJdXV0=,2026-09-12 18:48:11.912873
800,119,DEL,AMD,2026-09-13,2026-09-20,15101.00,INR,90,Round trip,IndiGo,0,64,WyJDalJJZVRCdlVqbERjbTVXYmtGQlRFRlhWMUZDUnkwdExTMHRMUzB0TFc5NWNtRXlOa0ZCUVVGQlIzRnNWVkozUkZReFFXTkJFZ1kyUlRJek5ERWFDZ2o5ZFJBQUdnTkpUbEk0SEhDN2V3PT0iLFtbIkRFTCIsIjIwMjYtMDktMTMiLCJBTUQiLG51bGwsIjZFIiwiMjM0MSJdXV0=,2026-09-12 18:48:11.914267
801,119,DEL,AMD,2026-09-13,2026-09-20,15101.00,INR,90,Round trip,IndiGo,0,64,WyJDalJJZVRCdlVqbERjbTVXYmtGQlRFRlhWMUZDUnkwdExTMHRMUzB0TFc5NWNtRXlOa0ZCUVVGQlIzRnNWVkozUkZReFFXTkJFZ1kyUlRVd056TWFDZ2o5ZFJBQUdnTkpUbEk0SEhDN2V3PT0iLFtbIkRFTCIsIjIwMjYtMDktMTMiLCJBTUQiLG51bGwsIjZFIiwiNTA3MyJdXV0=,2026-09-12 18:48:11.916201
802,119,DEL,AMD,2026-09-13,2026-09-20,15101.00,INR,95,Round trip,IndiGo,0,64,WyJDalJJZVRCdlVqbERjbTVXYmtGQlRFRlhWMUZDUnkwdExTMHRMUzB0TFc5NWNtRXlOa0ZCUVVGQlIzRnNWVkozUkZReFFXTkJFZ1UyUlRrek1Sb0tDUDExRUFBYUEwbE9VamdjY0x0NyIsW1siREVMIiwiMjAyNi0wOS0xMyIsIkFNRCIsbnVsbCwiNkUiLCI5MzEiXV1d,2026-09-12 18:48:11.917384
803,119,DEL,AMD,2026-09-13,2026-09-20,15101.00,INR,95,Round trip,IndiGo,0,64,WyJDalJJZVRCdlVqbERjbTVXYmtGQlRFRlhWMUZDUnkwdExTMHRMUzB0TFc5NWNtRXlOa0ZCUVVGQlIzRnNWVkozUkZReFFXTkJFZ1kyUlRJd01UTWFDZ2o5ZFJBQUdnTkpUbEk0SEhDN2V3PT0iLFtbIkRFTCIsIjIwMjYtMDktMTMiLCJBTUQiLG51bGwsIjZFIiwiMjAxMyJdXV0=,2026-09-12 18:48:11.918408
804,119,DEL,AMD,2026-09-13,2026-09-20,15267.00,INR,100,Round trip,Air India,0,101,WyJDalJJZVRCdlVqbERjbTVXYmtGQlRFRlhWMUZDUnkwdExTMHRMUzB0TFc5NWNtRXlOa0ZCUVVGQlIzRnNWVkozUkZReFFXTkJFZ1ZCU1Rnd09Sb0tDS04zRUFBYUEwbE9VamdjY09sOCIsW1siREVMIiwiMjAyNi0wOS0xMyIsIkFNRCIsbnVsbCwiQUkiLCI4MDkiXV1d,2026-09-12 18:48:11.919218
805,119,DEL,AMD,2026-09-13,2026-09-20,16926.00,INR,95,Round trip,Air India,0,101,WyJDalJJZVRCdlVqbERjbTVXYmtGQlRFRlhWMUZDUnkwdExTMHRMUzB0TFc5NWNtRXlOa0ZCUVVGQlIzRnNWVkozUkZReFFXTkJFZ1pCU1RJNU16a2FDd2llaEFFUUFCb0RTVTVTT0J4d3NZb0IiLFtbIkRFTCIsIjIwMjYtMDktMTMiLCJBTUQiLG51bGwsIkFJIiwiMjkzOSJdXV0=,2026-09-12 18:48:11.920581
806,119,DEL,AMD,2026-09-13,2026-09-20,17419.00,INR,90,Round trip,Air India,0,101,WyJDalJJZVRCdlVqbERjbTVXYmtGQlRFRlhWMUZDUnkwdExTMHRMUzB0TFc5NWNtRXlOa0ZCUVVGQlIzRnNWVkozUkZReFFXTkJFZ1ZCU1RVek1Sb0xDSXVJQVJBQUdnTkpUbEk0SEhDMWpnRT0iLFtbIkRFTCIsIjIwMjYtMDktMTMiLCJBTUQiLG51bGwsIkFJIiwiNTMxIl1dXQ==,2026-09-12 18:48:11.921929
807,119,DEL,AMD,2026-09-13,2026-09-20,17419.00,INR,100,Round trip,Air India,0,77,WyJDalJJZVRCdlVqbERjbTVXYmtGQlRFRlhWMUZDUnkwdExTMHRMUzB0TFc5NWNtRXlOa0ZCUVVGQlIzRnNWVkozUkZReFFXTkJFZ1pCU1RJMU5EVWFDd2lMaUFFUUFCb0RTVTVTT0J4d3RZNEIiLFtbIkRFTCIsIjIwMjYtMDktMTMiLCJBTUQiLG51bGwsIkFJIiwiMjU0NSJdXV0=,2026-09-12 18:48:11.923452
808,119,DEL,AMD,2026-09-13,2026-09-20,22281.00,INR,105,Round trip,Air India,0,77,WyJDalJJZVRCdlVqbERjbTVXYmtGQlRFRlhWMUZDUnkwdExTMHRMUzB0TFc5NWNtRXlOa0ZCUVVGQlIzRnNWVkozUkZReFFXTkJFZ1pCU1RJNU1Ea2FDd2lKcmdFUUFCb0RTVTVTT0J4d2xiWUIiLFtbIkRFTCIsIjIwMjYtMDktMTMiLCJBTUQiLG51bGwsIkFJIiwiMjkwOSJdXV0=,2026-09-12 18:48:11.924762
809,120,DEL,COK,2026-09-13,2026-09-20,23804.00,INR,190,Round trip,IndiGo,0,139,WyJDalJJZFhWRFN6SlpObUk1TWxGQlIxTlVNbWRDUnkwdExTMHRMUzB0TFhscGNtc3hOVUZCUVVGQlIzRnNWVkk0UkZWSlV6QkJFZ1kyUlRVek1ETWFDd2o4dVFFUUFCb0RTVTVTT0J4d3o4SUIiLFtbIkRFTCIsIjIwMjYtMDktMTMiLCJDT0siLG51bGwsIjZFIiwiNTMwMyJdXV0=,2026-09-12 18:48:20.500172
810,120,DEL,COK,2026-09-13,2026-09-20,23804.00,INR,190,Round trip,IndiGo,0,139,WyJDalJJZFhWRFN6SlpObUk1TWxGQlIxTlVNbWRDUnkwdExTMHRMUzB0TFhscGNtc3hOVUZCUVVGQlIzRnNWVkk0UkZWSlV6QkJFZ1kyUlRZd05UQWFDd2o4dVFFUUFCb0RTVTVTT0J4d3o4SUIiLFtbIkRFTCIsIjIwMjYtMDktMTMiLCJDT0siLG51bGwsIjZFIiwiNjA1MCJdXV0=,2026-09-12 18:48:20.502262
811,120,DEL,COK,2026-09-13,2026-09-20,24276.00,INR,190,Round trip,Air India,0,165,WyJDalJJZFhWRFN6SlpObUk1TWxGQlIxTlVNbWRDUnkwdExTMHRMUzB0TFhscGNtc3hOVUZCUVVGQlIzRnNWVkk0UkZWSlV6QkJFZ1pCU1RJNE9ETWFDd2pVdlFFUUFCb0RTVTVTT0J4d3ZjWUIiLFtbIkRFTCIsIjIwMjYtMDktMTMiLCJDT0siLG51bGwsIkFJIiwiMjg4MyJdXV0=,2026-09-12 18:48:20.504092
812,120,DEL,COK,2026-09-13,2026-09-20,25682.00,INR,190,Round trip,Air India Express,0,184,WyJDalJJZFhWRFN6SlpObUk1TWxGQlIxTlVNbWRDUnkwdExTMHRMUzB0TFhscGNtc3hOVUZCUVVGQlIzRnNWVkk0UkZWSlV6QkJFZ1pKV0RFNE1USWFDd2pTeUFFUUFCb0RTVTVTT0J4dy9kRUIiLFtbIkRFTCIsIjIwMjYtMDktMTMiLCJDT0siLG51bGwsIklYIiwiMTgxMiJdXV0=,2026-09-12 18:48:20.506745
813,120,DEL,COK,2026-09-13,2026-09-20,23804.00,INR,190,Round trip,IndiGo,0,147,WyJDalJJZFhWRFN6SlpObUk1TWxGQlIxTlVNbWRDUnkwdExTMHRMUzB0TFhscGNtc3hOVUZCUVVGQlIzRnNWVkk0UkZWSlV6QkJFZ1UyUlRjMU5Cb0xDUHk1QVJBQUdnTkpUbEk0SEhEUHdnRT0iLFtbIkRFTCIsIjIwMjYtMDktMTMiLCJDT0siLG51bGwsIjZFIiwiNzU0Il1dXQ==,2026-09-12 18:48:20.509762
814,120,DEL,COK,2026-09-13,2026-09-20,24276.00,INR,195,Round trip,Air India,0,165,WyJDalJJZFhWRFN6SlpObUk1TWxGQlIxTlVNbWRDUnkwdExTMHRMUzB0TFhscGNtc3hOVUZCUVVGQlIzRnNWVkk0UkZWSlV6QkJFZ1pCU1RFM016Z2FDd2pVdlFFUUFCb0RTVTVTT0J4d3ZjWUIiLFtbIkRFTCIsIjIwMjYtMDktMTMiLCJDT0siLG51bGwsIkFJIiwiMTczOCJdXV0=,2026-09-12 18:48:20.512013
815,120,DEL,COK,2026-09-13,2026-09-20,24380.00,INR,190,Round trip,Air India Express,0,184,WyJDalJJZFhWRFN6SlpObUk1TWxGQlIxTlVNbWRDUnkwdExTMHRMUzB0TFhscGNtc3hOVUZCUVVGQlIzRnNWVkk0UkZWSlV6QkJFZ1pKV0RFNE1UVWFDd2k4dmdFUUFCb0RTVTVTT0J4d3FzY0IiLFtbIkRFTCIsIjIwMjYtMDktMTMiLCJDT0siLG51bGwsIklYIiwiMTgxNSJdXV0=,2026-09-12 18:48:20.5149
816,120,DEL,COK,2026-09-13,2026-09-20,25950.00,INR,205,Round trip,Air India,0,165,WyJDalJJZFhWRFN6SlpObUk1TWxGQlIxTlVNbWRDUnkwdExTMHRMUzB0TFhscGNtc3hOVUZCUVVGQlIzRnNWVkk0UkZWSlV6QkJFZ1pCU1RJME5UZ2FDd2pleWdFUUFCb0RTVTVTT0J4d2xkUUIiLFtbIkRFTCIsIjIwMjYtMDktMTMiLCJDT0siLG51bGwsIkFJIiwiMjQ1OCJdXV0=,2026-09-12 18:48:20.517344
817,120,DEL,COK,2026-09-13,2026-09-20,26219.00,INR,305,Round trip,Air India Express,1,217,WyJDalJJZFhWRFN6SlpObUk1TWxGQlIxTlVNbWRDUnkwdExTMHRMUzB0TFhscGNtc3hOVUZCUVVGQlIzRnNWVkk0UkZWSlV6QkJFZzFKV0RFeU5UZDhTVmd5TnpNNUdnc0k2OHdCRUFBYUEwbE9VamdjY0s3V0FRPT0iLFtbIkRFTCIsIjIwMjYtMDktMTMiLCJQTlEiLG51bGwsIklYIiwiMTI1NyJdLFsiUE5RIiwiMjAyNi0wOS0xNCIsIkNPSyIsbnVsbCwiSVgiLCIyNzM5Il1dXQ==,2026-09-12 18:48:20.521428
818,120,DEL,COK,2026-09-13,2026-09-20,28391.00,INR,195,Round trip,Air India,0,165,WyJDalJJZFhWRFN6SlpObUk1TWxGQlIxTlVNbWRDUnkwdExTMHRMUzB0TFhscGNtc3hOVUZCUVVGQlIzRnNWVkk0UkZWSlV6QkJFZ1pCU1RJME56TWFDd2puM1FFUUFCb0RTVTVTT0J4d2tPZ0IiLFtbIkRFTCIsIjIwMjYtMDktMTMiLCJDT0siLG51bGwsIkFJIiwiMjQ3MyJdXV0=,2026-09-12 18:48:20.524572
819,121,DEL,GOI,2026-09-13,2026-09-20,18569.00,INR,150,Round trip,IndiGo,0,110,WyJDalJJU0VaYWJGWkZlWFU1ZFdOQlNFazJXVUZDUnkwdExTMHRMUzB0TFMxMmRISnJNVUZCUVVGQlIzRnNWVk5uU21kaFR6UkJFZ1kyUlRVek5ERWFDd2lKa1FFUUFCb0RTVTVTT0J4dzZaY0IiLFtbIkRFTCIsIjIwMjYtMDktMTMiLCJHT0kiLG51bGwsIjZFIiwiNTM0MSJdXV0=,2026-09-12 18:48:25.072063
820,121,DEL,GOI,2026-09-13,2026-09-20,19341.00,INR,145,Round trip,Air India Express,0,146,WyJDalJJU0VaYWJGWkZlWFU1ZFdOQlNFazJXVUZDUnkwdExTMHRMUzB0TFMxMmRISnJNVUZCUVVGQlIzRnNWVk5uU21kaFR6UkJFZ1pKV0RFeE1EZ2FDd2lObHdFUUFCb0RTVTVTT0J4d2taNEIiLFtbIkRFTCIsIjIwMjYtMDktMTMiLCJHT0kiLG51bGwsIklYIiwiMTEwOCJdXV0=,2026-09-12 18:48:25.075444
821,121,DEL,GOI,2026-09-13,2026-09-20,20506.00,INR,150,Round trip,Air India,0,130,WyJDalJJU0VaYWJGWkZlWFU1ZFdOQlNFazJXVUZDUnkwdExTMHRMUzB0TFMxMmRISnJNVUZCUVVGQlIzRnNWVk5uU21kaFR6UkJFZ1ZCU1RRNE54b0xDSnFnQVJBQUdnTkpUbEk0SEhEVXB3RT0iLFtbIkRFTCIsIjIwMjYtMDktMTMiLCJHT0kiLG51bGwsIkFJIiwiNDg3Il1dXQ==,2026-09-12 18:48:25.078036
822,121,DEL,GOI,2026-09-13,2026-09-20,20039.00,INR,155,Round trip,Air India Express,0,132,WyJDalJJU0VaYWJGWkZlWFU1ZFdOQlNFazJXVUZDUnkwdExTMHRMUzB0TFMxMmRISnJNVUZCUVVGQlIzRnNWVk5uU21kaFR6UkJFZ1pKV0RFd05qZ2FDd2pIbkFFUUFCb0RTVTVTT0J4dzY2TUIiLFtbIkRFTCIsIjIwMjYtMDktMTMiLCJHT0kiLG51bGwsIklYIiwiMTA2OCJdXV0=,2026-09-12 18:48:25.080735
823,121,DEL,GOI,2026-09-13,2026-09-20,20039.00,INR,145,Round trip,IndiGo,0,110,WyJDalJJU0VaYWJGWkZlWFU1ZFdOQlNFazJXVUZDUnkwdExTMHRMUzB0TFMxMmRISnJNVUZCUVVGQlIzRnNWVk5uU21kaFR6UkJFZ1UyUlRNMU9Cb0xDTWVjQVJBQUdnTkpUbEk0SEhEcm93RT0iLFtbIkRFTCIsIjIwMjYtMDktMTMiLCJHT0kiLG51bGwsIjZFIiwiMzU4Il1dXQ==,2026-09-12 18:48:25.083247
824,121,DEL,GOI,2026-09-13,2026-09-20,20459.00,INR,150,Round trip,IndiGo,0,110,WyJDalJJU0VaYWJGWkZlWFU1ZFdOQlNFazJXVUZDUnkwdExTMHRMUzB0TFMxMmRISnJNVUZCUVVGQlIzRnNWVk5uU21kaFR6UkJFZ1kyUlRJeU16VWFDd2pybndFUUFCb0RTVTVTT0J4d282Y0IiLFtbIkRFTCIsIjIwMjYtMDktMTMiLCJHT0kiLG51bGwsIjZFIiwiMjIzNSJdXV0=,2026-09-12 18:48:25.085735
825,121,DEL,GOI,2026-09-13,2026-09-20,20879.00,INR,150,Round trip,IndiGo,0,110,WyJDalJJU0VaYWJGWkZlWFU1ZFdOQlNFazJXVUZDUnkwdExTMHRMUzB0TFMxMmRISnJNVUZCUVVGQlIzRnNWVk5uU21kaFR6UkJFZ1kyUlRJeU56Y2FDd2lQb3dFUUFCb0RTVTVTT0J4dzJxb0IiLFtbIkRFTCIsIjIwMjYtMDktMTMiLCJHT0kiLG51bGwsIjZFIiwiMjI3NyJdXV0=,2026-09-12 18:48:25.088168
826,121,DEL,GOI,2026-09-13,2026-09-20,21503.00,INR,375,Round trip,IndiGo,1,135,WyJDalJJU0VaYWJGWkZlWFU1ZFdOQlNFazJXVUZDUnkwdExTMHRMUzB0TFMxMmRISnJNVUZCUVVGQlIzRnNWVk5uU21kaFR6UkJFZ3cyUlRJek5ERjhOa1U1T1RJYUN3ai9wd0VRQUJvRFNVNVNPQnh3NTY4QiIsW1siREVMIiwiMjAyNi0wOS0xMyIsIkFNRCIsbnVsbCwiNkUiLCIyMzQxIl0sWyJBTUQiLCIyMDI2LTA5LTEzIiwiR09JIixudWxsLCI2RSIsIjk5MiJdXV0=,2026-09-12 18:48:25.090809
827,121,DEL,GOI,2026-09-13,2026-09-20,24275.00,INR,165,Round trip,Air India,0,130,WyJDalJJU0VaYWJGWkZlWFU1ZFdOQlNFazJXVUZDUnkwdExTMHRMUzB0TFMxMmRISnJNVUZCUVVGQlIzRnNWVk5uU21kaFR6UkJFZ1pCU1RJMk1qY2FDd2pUdlFFUUFCb0RTVTVTT0J4d3ZNWUIiLFtbIkRFTCIsIjIwMjYtMDktMTMiLCJHT0kiLG51bGwsIkFJIiwiMjYyNyJdXV0=,2026-09-12 18:48:25.094403
828,122,BOM,BLR,2026-09-13,2026-09-20,10477.00,INR,125,Round trip,Air India,0,84,WyJDalJJVlVSYWVHNTVja1JuUmxsQlJWVmlTV2RDUnkwdExTMHRMUzB0TFhCbVltbHRORUZCUVVGQlIzRnNWVk0wUWtKbFVIbEJFZ1pCU1RJNE5UY2FDZ2p0VVJBQUdnTkpUbEk0SEhEVVZRPT0iLFtbIkJPTSIsIjIwMjYtMDktMTMiLCJCTFIiLG51bGwsIkFJIiwiMjg1NyJdXV0=,2026-09-12 18:48:30.221764
829,122,BOM,BLR,2026-09-13,2026-09-20,10477.00,INR,120,Round trip,Air India,0,110,WyJDalJJVlVSYWVHNTVja1JuUmxsQlJWVmlTV2RDUnkwdExTMHRMUzB0TFhCbVltbHRORUZCUVVGQlIzRnNWVk0wUWtKbFVIbEJFZ1pCU1RNek1EVWFDZ2p0VVJBQUdnTkpUbEk0SEhEVVZRPT0iLFtbIkJPTSIsIjIwMjYtMDktMTMiLCJCTFIiLG51bGwsIkFJIiwiMzMwNSJdXV0=,2026-09-12 18:48:30.224631
830,122,BOM,BLR,2026-09-13,2026-09-20,12486.00,INR,110,Round trip,IndiGo,0,72,WyJDalJJVlVSYWVHNTVja1JuUmxsQlJWVmlTV2RDUnkwdExTMHRMUzB0TFhCbVltbHRORUZCUVVGQlIzRnNWVk0wUWtKbFVIbEJFZ1kyUlRVd016SWFDZ2pHWVJBQUdnTkpUbEk0SEhDTFpnPT0iLFtbIkJPTSIsIjIwMjYtMDktMTMiLCJCTFIiLG51bGwsIjZFIiwiNTAzMiJdXV0=,2026-09-12 18:48:30.22722
831,122,BOM,BLR,2026-09-13,2026-09-20,12793.00,INR,115,Round trip,Akasa Air,0,74,WyJDalJJVlVSYWVHNTVja1JuUmxsQlJWVmlTV2RDUnkwdExTMHRMUzB0TFhCbVltbHRORUZCUVVGQlIzRnNWVk0wUWtKbFVIbEJFZ1pSVURFek9ESWFDZ2o1WXhBQUdnTkpUbEk0SEhETWFBPT0iLFtbIkJPTSIsIjIwMjYtMDktMTMiLCJCTFIiLG51bGwsIlFQIiwiMTM4MiJdXV0=,2026-09-12 18:48:30.23061
832,122,BOM,BLR,2026-09-13,2026-09-20,12373.00,INR,120,Round trip,Air India,0,84,WyJDalJJVlVSYWVHNTVja1JuUmxsQlJWVmlTV2RDUnkwdExTMHRMUzB0TFhCbVltbHRORUZCUVVGQlIzRnNWVk0wUWtKbFVIbEJFZ1pCU1RJMk1ETWFDZ2pWWUJBQUdnTkpUbEk0SEhDVVpRPT0iLFtbIkJPTSIsIjIwMjYtMDktMTMiLCJCTFIiLG51bGwsIkFJIiwiMjYwMyJdXV0=,2026-09-12 18:48:30.233163
833,122,BOM,BLR,2026-09-13,2026-09-20,12373.00,INR,125,Round trip,Air India,0,84,WyJDalJJVlVSYWVHNTVja1JuUmxsQlJWVmlTV2RDUnkwdExTMHRMUzB0TFhCbVltbHRORUZCUVVGQlIzRnNWVk0wUWtKbFVIbEJFZ1pCU1RJNE5qVWFDZ2pWWUJBQUdnTkpUbEk0SEhDVVpRPT0iLFtbIkJPTSIsIjIwMjYtMDktMTMiLCJCTFIiLG51bGwsIkFJIiwiMjg2NSJdXV0=,2026-09-12 18:48:30.23591
834,122,BOM,BLR,2026-09-13,2026-09-20,12373.00,INR,120,Round trip,Air India,0,84,WyJDalJJVlVSYWVHNTVja1JuUmxsQlJWVmlTV2RDUnkwdExTMHRMUzB0TFhCbVltbHRORUZCUVVGQlIzRnNWVk0wUWtKbFVIbEJFZ1pCU1RJME1ERWFDZ2pWWUJBQUdnTkpUbEk0SEhDVVpRPT0iLFtbIkJPTSIsIjIwMjYtMDktMTMiLCJCTFIiLG51bGwsIkFJIiwiMjQwMSJdXV0=,2026-09-12 18:48:30.238676
835,122,BOM,BLR,2026-09-13,2026-09-20,12486.00,INR,115,Round trip,IndiGo,0,72,WyJDalJJVlVSYWVHNTVja1JuUmxsQlJWVmlTV2RDUnkwdExTMHRMUzB0TFhCbVltbHRORUZCUVVGQlIzRnNWVk0wUWtKbFVIbEJFZ1kyUlRVeU9UWWFDZ2pHWVJBQUdnTkpUbEk0SEhDTFpnPT0iLFtbIkJPTSIsIjIwMjYtMDktMTMiLCJCTFIiLG51bGwsIjZFIiwiNTI5NiJdXV0=,2026-09-12 18:48:30.241263
836,122,BOM,BLR,2026-09-13,2026-09-20,12486.00,INR,115,Round trip,IndiGo,0,72,WyJDalJJVlVSYWVHNTVja1JuUmxsQlJWVmlTV2RDUnkwdExTMHRMUzB0TFhCbVltbHRORUZCUVVGQlIzRnNWVk0wUWtKbFVIbEJFZ1kyUlRVd05EY2FDZ2pHWVJBQUdnTkpUbEk0SEhDTFpnPT0iLFtbIkJPTSIsIjIwMjYtMDktMTMiLCJCTFIiLG51bGwsIjZFIiwiNTA0NyJdXV0=,2026-09-12 18:48:30.243599
837,122,BOM,BLR,2026-09-13,2026-09-20,12486.00,INR,115,Round trip,IndiGo,0,72,WyJDalJJVlVSYWVHNTVja1JuUmxsQlJWVmlTV2RDUnkwdExTMHRMUzB0TFhCbVltbHRORUZCUVVGQlIzRnNWVk0wUWtKbFVIbEJFZ1kyUlRZeE9EZ2FDZ2pHWVJBQUdnTkpUbEk0SEhDTFpnPT0iLFtbIkJPTSIsIjIwMjYtMDktMTMiLCJCTFIiLG51bGwsIjZFIiwiNjE4OCJdXV0=,2026-09-12 18:48:30.246012
838,122,BOM,BLR,2026-09-13,2026-09-20,12486.00,INR,120,Round trip,IndiGo,0,72,WyJDalJJVlVSYWVHNTVja1JuUmxsQlJWVmlTV2RDUnkwdExTMHRMUzB0TFhCbVltbHRORUZCUVVGQlIzRnNWVk0wUWtKbFVIbEJFZ1kyUlRVek9EZ2FDZ2pHWVJBQUdnTkpUbEk0SEhDTFpnPT0iLFtbIkJPTSIsIjIwMjYtMDktMTMiLCJCTFIiLG51bGwsIjZFIiwiNTM4OCJdXV0=,2026-09-12 18:48:30.24857
839,122,BOM,BLR,2026-09-13,2026-09-20,12598.00,INR,125,Round trip,Air India,0,84,WyJDalJJVlVSYWVHNTVja1JuUmxsQlJWVmlTV2RDUnkwdExTMHRMUzB0TFhCbVltbHRORUZCUVVGQlIzRnNWVk0wUWtKbFVIbEJFZ1pCU1RJNE5Ea2FDZ2kyWWhBQUdnTkpUbEk0SEhDQVp3PT0iLFtbIkJPTSIsIjIwMjYtMDktMTMiLCJCTFIiLG51bGwsIkFJIiwiMjg0OSJdXV0=,2026-09-12 18:48:30.251106
840,122,BOM,BLR,2026-09-13,2026-09-20,12598.00,INR,125,Round trip,Air India,0,84,WyJDalJJVlVSYWVHNTVja1JuUmxsQlJWVmlTV2RDUnkwdExTMHRMUzB0TFhCbVltbHRORUZCUVVGQlIzRnNWVk0wUWtKbFVIbEJFZ1pCU1RJMk5ERWFDZ2kyWWhBQUdnTkpUbEk0SEhDQVp3PT0iLFtbIkJPTSIsIjIwMjYtMDktMTMiLCJCTFIiLG51bGwsIkFJIiwiMjY0MSJdXV0=,2026-09-12 18:48:30.253295
841,122,BOM,BLR,2026-09-13,2026-09-20,12709.00,INR,130,Round trip,Air India,0,84,WyJDalJJVlVSYWVHNTVja1JuUmxsQlJWVmlTV2RDUnkwdExTMHRMUzB0TFhCbVltbHRORUZCUVVGQlIzRnNWVk0wUWtKbFVIbEJFZ1pCU1RJNE5URWFDZ2lsWXhBQUdnTkpUbEk0SEhEMFp3PT0iLFtbIkJPTSIsIjIwMjYtMDktMTMiLCJCTFIiLG51bGwsIkFJIiwiMjg1MSJdXV0=,2026-09-12 18:48:30.255853
842,122,BOM,BLR,2026-09-13,2026-09-20,12772.00,INR,125,Round trip,Air India,0,84,WyJDalJJVlVSYWVHNTVja1JuUmxsQlJWVmlTV2RDUnkwdExTMHRMUzB0TFhCbVltbHRORUZCUVVGQlIzRnNWVk0wUWtKbFVIbEJFZ1pCU1RJNE5qTWFDZ2prWXhBQUdnTkpUbEk0SEhDMmFBPT0iLFtbIkJPTSIsIjIwMjYtMDktMTMiLCJCTFIiLG51bGwsIkFJIiwiMjg2MyJdXV0=,2026-09-12 18:48:30.257924
843,122,BOM,BLR,2026-09-13,2026-09-20,12782.00,INR,115,Round trip,IndiGo,0,72,WyJDalJJVlVSYWVHNTVja1JuUmxsQlJWVmlTV2RDUnkwdExTMHRMUzB0TFhCbVltbHRORUZCUVVGQlIzRnNWVk0wUWtKbFVIbEJFZ1kyUlRVeU9UUWFDZ2p1WXhBQUdnTkpUbEk0SEhEQmFBPT0iLFtbIkJPTSIsIjIwMjYtMDktMTMiLCJCTFIiLG51bGwsIjZFIiwiNTI5NCJdXV0=,2026-09-12 18:48:30.26002
844,122,BOM,BLR,2026-09-13,2026-09-20,12793.00,INR,125,Round trip,Akasa Air,0,71,WyJDalJJVlVSYWVHNTVja1JuUmxsQlJWVmlTV2RDUnkwdExTMHRMUzB0TFhCbVltbHRORUZCUVVGQlIzRnNWVk0wUWtKbFVIbEJFZ1pSVURFeE16TWFDZ2o1WXhBQUdnTkpUbEk0SEhETWFBPT0iLFtbIkJPTSIsIjIwMjYtMDktMTMiLCJCTFIiLG51bGwsIlFQIiwiMTEzMyJdXV0=,2026-09-12 18:48:30.262014
845,122,BOM,BLR,2026-09-13,2026-09-20,12793.00,INR,120,Round trip,Akasa Air,0,74,WyJDalJJVlVSYWVHNTVja1JuUmxsQlJWVmlTV2RDUnkwdExTMHRMUzB0TFhCbVltbHRORUZCUVVGQlIzRnNWVk0wUWtKbFVIbEJFZ1pSVURFMU1UZ2FDZ2o1WXhBQUdnTkpUbEk0SEhETWFBPT0iLFtbIkJPTSIsIjIwMjYtMDktMTMiLCJCTFIiLG51bGwsIlFQIiwiMTUxOCJdXV0=,2026-09-12 18:48:30.264232
846,122,BOM,BLR,2026-09-13,2026-09-20,12801.00,INR,110,Round trip,IndiGo,0,70,WyJDalJJVlVSYWVHNTVja1JuUmxsQlJWVmlTV2RDUnkwdExTMHRMUzB0TFhCbVltbHRORUZCUVVGQlIzRnNWVk0wUWtKbFVIbEJFZ1kyUlRVeE9UTWFDZ2lCWkJBQUdnTkpUbEk0SEhEVWFBPT0iLFtbIkJPTSIsIjIwMjYtMDktMTMiLCJCTFIiLG51bGwsIjZFIiwiNTE5MyJdXV0=,2026-09-12 18:48:30.26746
847,122,BOM,BLR,2026-09-13,2026-09-20,12801.00,INR,115,Round trip,IndiGo,0,72,WyJDalJJVlVSYWVHNTVja1JuUmxsQlJWVmlTV2RDUnkwdExTMHRMUzB0TFhCbVltbHRORUZCUVVGQlIzRnNWVk0wUWtKbFVIbEJFZ1kyUlRVeU1qRWFDZ2lCWkJBQUdnTkpUbEk0SEhEVWFBPT0iLFtbIkJPTSIsIjIwMjYtMDktMTMiLCJCTFIiLG51bGwsIjZFIiwiNTIyMSJdXV0=,2026-09-12 18:48:30.269776
848,122,BOM,BLR,2026-09-13,2026-09-20,13078.00,INR,120,Round trip,Akasa Air,0,74,WyJDalJJVlVSYWVHNTVja1JuUmxsQlJWVmlTV2RDUnkwdExTMHRMUzB0TFhCbVltbHRORUZCUVVGQlIzRnNWVk0wUWtKbFVIbEJFZ1pSVURFMU1qY2FDZ2lXWmhBQUdnTkpUbEk0SEhEMmFnPT0iLFtbIkJPTSIsIjIwMjYtMDktMTMiLCJCTFIiLG51bGwsIlFQIiwiMTUyNyJdXV0=,2026-09-12 18:48:30.272608
849,122,BOM,BLR,2026-09-13,2026-09-20,13097.00,INR,130,Round trip,Air India,0,84,WyJDalJJVlVSYWVHNTVja1JuUmxsQlJWVmlTV2RDUnkwdExTMHRMUzB0TFhCbVltbHRORUZCUVVGQlIzRnNWVk0wUWtKbFVIbEJFZ1pCU1RJNE5UTWFDZ2lwWmhBQUdnTkpUbEk0SEhDS2F3PT0iLFtbIkJPTSIsIjIwMjYtMDktMTMiLCJCTFIiLG51bGwsIkFJIiwiMjg1MyJdXV0=,2026-09-12 18:48:30.275207
850,122,BOM,BLR,2026-09-13,2026-09-20,13116.00,INR,125,Round trip,IndiGo,0,72,WyJDalJJVlVSYWVHNTVja1JuUmxsQlJWVmlTV2RDUnkwdExTMHRMUzB0TFhCbVltbHRORUZCUVVGQlIzRnNWVk0wUWtKbFVIbEJFZ1kyUlRVd09USWFDZ2k4WmhBQUdnTkpUbEk0SEhDZWF3PT0iLFtbIkJPTSIsIjIwMjYtMDktMTMiLCJCTFIiLG51bGwsIjZFIiwiNTA5MiJdXV0=,2026-09-12 18:48:30.277694
851,122,BOM,BLR,2026-09-13,2026-09-20,13116.00,INR,115,Round trip,IndiGo,0,72,WyJDalJJVlVSYWVHNTVja1JuUmxsQlJWVmlTV2RDUnkwdExTMHRMUzB0TFhCbVltbHRORUZCUVVGQlIzRnNWVk0wUWtKbFVIbEJFZ1kyUlRVeU1UY2FDZ2k4WmhBQUdnTkpUbEk0SEhDZWF3PT0iLFtbIkJPTSIsIjIwMjYtMDktMTMiLCJCTFIiLG51bGwsIjZFIiwiNTIxNyJdXV0=,2026-09-12 18:48:30.280151
852,122,BOM,BLR,2026-09-13,2026-09-20,13297.00,INR,125,Round trip,Air India,0,84,WyJDalJJVlVSYWVHNTVja1JuUmxsQlJWVmlTV2RDUnkwdExTMHRMUzB0TFhCbVltbHRORUZCUVVGQlIzRnNWVk0wUWtKbFVIbEJFZ1pCU1RJMk16SWFDZ2p4WnhBQUdnTkpUbEk0SEhEYmJBPT0iLFtbIkJPTSIsIjIwMjYtMDktMTMiLCJCTFIiLG51bGwsIkFJIiwiMjYzMiJdXV0=,2026-09-12 18:48:30.282856
853,122,BOM,BLR,2026-09-13,2026-09-20,13386.00,INR,115,Round trip,IndiGo,0,72,WyJDalJJVlVSYWVHNTVja1JuUmxsQlJWVmlTV2RDUnkwdExTMHRMUzB0TFhCbVltbHRORUZCUVVGQlIzRnNWVk0wUWtKbFVIbEJFZ1kyUlRVek1qTWFDZ2pLYUJBQUdnTkpUbEk0SEhDNWJRPT0iLFtbIkJPTSIsIjIwMjYtMDktMTMiLCJCTFIiLG51bGwsIjZFIiwiNTMyMyJdXV0=,2026-09-12 18:48:30.285376
854,122,BOM,BLR,2026-09-13,2026-09-20,13536.00,INR,115,Round trip,IndiGo,0,72,WyJDalJJVlVSYWVHNTVja1JuUmxsQlJWVmlTV2RDUnkwdExTMHRMUzB0TFhCbVltbHRORUZCUVVGQlIzRnNWVk0wUWtKbFVIbEJFZ1kyUlRVeE9EUWFDZ2pnYVJBQUdnTkpUbEk0SEhEV2JnPT0iLFtbIkJPTSIsIjIwMjYtMDktMTMiLCJCTFIiLG51bGwsIjZFIiwiNTE4NCJdXV0=,2026-09-12 18:48:30.287544
855,122,BOM,BLR,2026-09-13,2026-09-20,13536.00,INR,115,Round trip,IndiGo,0,72,WyJDalJJVlVSYWVHNTVja1JuUmxsQlJWVmlTV2RDUnkwdExTMHRMUzB0TFhCbVltbHRORUZCUVVGQlIzRnNWVk0wUWtKbFVIbEJFZ1kyUlRVek9ESWFDZ2pnYVJBQUdnTkpUbEk0SEhEV2JnPT0iLFtbIkJPTSIsIjIwMjYtMDktMTMiLCJCTFIiLG51bGwsIjZFIiwiNTM4MiJdXV0=,2026-09-12 18:48:30.289727
856,122,BOM,BLR,2026-09-13,2026-09-20,13536.00,INR,110,Round trip,IndiGo,0,72,WyJDalJJVlVSYWVHNTVja1JuUmxsQlJWVmlTV2RDUnkwdExTMHRMUzB0TFhCbVltbHRORUZCUVVGQlIzRnNWVk0wUWtKbFVIbEJFZ1kyUlRVd056RWFDZ2pnYVJBQUdnTkpUbEk0SEhEV2JnPT0iLFtbIkJPTSIsIjIwMjYtMDktMTMiLCJCTFIiLG51bGwsIjZFIiwiNTA3MSJdXV0=,2026-09-12 18:48:30.291899
857,122,BOM,BLR,2026-09-13,2026-09-20,13591.00,INR,125,Round trip,Air India,0,84,WyJDalJJVlVSYWVHNTVja1JuUmxsQlJWVmlTV2RDUnkwdExTMHRMUzB0TFhCbVltbHRORUZCUVVGQlIzRnNWVk0wUWtKbFVIbEJFZ1pCU1RJNE1USWFDZ2lYYWhBQUdnTkpUbEk0SEhDUGJ3PT0iLFtbIkJPTSIsIjIwMjYtMDktMTMiLCJCTFIiLG51bGwsIkFJIiwiMjgxMiJdXV0=,2026-09-12 18:48:30.294398
858,122,BOM,BLR,2026-09-13,2026-09-20,13979.00,INR,125,Round trip,Air India,0,106,WyJDalJJVlVSYWVHNTVja1JuUmxsQlJWVmlTV2RDUnkwdExTMHRMUzB0TFhCbVltbHRORUZCUVVGQlIzRnNWVk0wUWtKbFVIbEJFZ1pCU1RJME1UQWFDZ2liYlJBQUdnTkpUbEk0SEhDbGNnPT0iLFtbIkJPTSIsIjIwMjYtMDktMTMiLCJCTFIiLG51bGwsIkFJIiwiMjQxMCJdXV0=,2026-09-12 18:48:30.296675
859,122,BOM,BLR,2026-09-13,2026-09-20,14009.00,INR,110,Round trip,Akasa Air,0,74,WyJDalJJVlVSYWVHNTVja1JuUmxsQlJWVmlTV2RDUnkwdExTMHRMUzB0TFhCbVltbHRORUZCUVVGQlIzRnNWVk0wUWtKbFVIbEJFZ1pSVURFMU1UWWFDZ2k1YlJBQUdnTkpUbEk0SEhERmNnPT0iLFtbIkJPTSIsIjIwMjYtMDktMTMiLCJCTFIiLG51bGwsIlFQIiwiMTUxNiJdXV0=,2026-09-12 18:48:30.299058
860,122,BOM,BLR,2026-09-13,2026-09-20,,INR,315,Round trip,"Air India, Air India Express",1,144,WyJDalJJVlVSYWVHNTVja1JuUmxsQlJWVmlTV2RDUnkwdExTMHRMUzB0TFhCbVltbHRORUZCUVVGQlIzRnNWVk0wUWtKbFVIbEJFZzFCU1RJNE1qRjhTVmd5T1RjeE9Cdz0iLFtbIkJPTSIsIjIwMjYtMDktMTMiLCJNQUEiLG51bGwsIkFJIiwiMjgyMSJdLFsiTUFBIiwiMjAyNi0wOS0xMyIsIkJMUiIsbnVsbCwiSVgiLCIyOTcxIl1dXQ==,2026-09-12 18:48:30.301316
861,123,BOM,DEL,2026-09-13,2026-09-20,12655.00,INR,140,Round trip,Air India,0,106,WyJDalJJTmtNMlEzWmFUMjlGVWtGQlIxaFZPSGRDUnkwdExTMHRMUzB0TFMxMmRIcDBPVUZCUVVGQlIzRnNWVlJKUWxJeFZHZEJFZ1pCU1RFNE9ESWFDZ2p2WWhBQUdnTkpUbEk0SEhDOFp3PT0iLFtbIkJPTSIsIjIwMjYtMDktMTMiLCJERUwiLG51bGwsIkFJIiwiMTg4MiJdXV0=,2026-09-12 18:48:34.834194
862,123,BOM,DEL,2026-09-13,2026-09-20,12732.00,INR,125,Round trip,IndiGo,0,91,WyJDalJJTmtNMlEzWmFUMjlGVWtGQlIxaFZPSGRDUnkwdExTMHRMUzB0TFMxMmRIcDBPVUZCUVVGQlIzRnNWVlJKUWxJeFZHZEJFZ1UyUlRNek14b0tDTHhqRUFBYUEwbE9VamdjY0l4byIsW1siQk9NIiwiMjAyNi0wOS0xMyIsIkRFTCIsbnVsbCwiNkUiLCIzMzMiXV1d,2026-09-12 18:48:34.837223
863,123,BOM,DEL,2026-09-13,2026-09-20,13187.00,INR,135,Round trip,Akasa Air,0,90,WyJDalJJTmtNMlEzWmFUMjlGVWtGQlIxaFZPSGRDUnkwdExTMHRMUzB0TFMxMmRIcDBPVUZCUVVGQlIzRnNWVlJKUWxJeFZHZEJFZ1pSVURFeE1URWFDZ2lEWnhBQUdnTkpUbEk0SEhEb2F3PT0iLFtbIkJPTSIsIjIwMjYtMDktMTMiLCJERUwiLG51bGwsIlFQIiwiMTExMSJdXV0=,2026-09-12 18:48:34.840183
864,123,BOM,DEL,2026-09-13,2026-09-20,12655.00,INR,140,Round trip,Air India,0,106,WyJDalJJTmtNMlEzWmFUMjlGVWtGQlIxaFZPSGRDUnkwdExTMHRMUzB0TFMxMmRIcDBPVUZCUVVGQlIzRnNWVlJKUWxJeFZHZEJFZ1pCU1RJNU9EWWFDZ2p2WWhBQUdnTkpUbEk0SEhDOFp3PT0iLFtbIkJPTSIsIjIwMjYtMDktMTMiLCJERUwiLG51bGwsIkFJIiwiMjk4NiJdXV0=,2026-09-12 18:48:34.8427
865,123,BOM,DEL,2026-09-13,2026-09-20,12732.00,INR,130,Round trip,IndiGo,0,91,WyJDalJJTmtNMlEzWmFUMjlGVWtGQlIxaFZPSGRDUnkwdExTMHRMUzB0TFMxMmRIcDBPVUZCUVVGQlIzRnNWVlJKUWxJeFZHZEJFZ1UyUlRjMk1ob0tDTHhqRUFBYUEwbE9VamdjY0l4byIsW1siQk9NIiwiMjAyNi0wOS0xMyIsIkRFTCIsbnVsbCwiNkUiLCI3NjIiXV1d,2026-09-12 18:48:34.845362
866,123,BOM,DEL,2026-09-13,2026-09-20,12732.00,INR,135,Round trip,IndiGo,0,91,WyJDalJJTmtNMlEzWmFUMjlGVWtGQlIxaFZPSGRDUnkwdExTMHRMUzB0TFMxMmRIcDBPVUZCUVVGQlIzRnNWVlJKUWxJeFZHZEJFZ1UyUlRNMU5Sb0tDTHhqRUFBYUEwbE9VamdjY0l4byIsW1siQk9NIiwiMjAyNi0wOS0xMyIsIkRFTCIsbnVsbCwiNkUiLCIzNTUiXV1d,2026-09-12 18:48:34.847374
867,123,BOM,DEL,2026-09-13,2026-09-20,12732.00,INR,150,Round trip,IndiGo,0,91,WyJDalJJTmtNMlEzWmFUMjlGVWtGQlIxaFZPSGRDUnkwdExTMHRMUzB0TFMxMmRIcDBPVUZCUVVGQlIzRnNWVlJKUWxJeFZHZEJFZ1kyUlRZd05USWFDZ2k4WXhBQUdnTkpUbEk0SEhDTWFBPT0iLFtbIkJPTSIsIjIwMjYtMDktMTMiLCJERUwiLG51bGwsIjZFIiwiNjA1MiJdXV0=,2026-09-12 18:48:34.849829
868,123,BOM,DEL,2026-09-13,2026-09-20,12732.00,INR,145,Round trip,IndiGo,0,91,WyJDalJJTmtNMlEzWmFUMjlGVWtGQlIxaFZPSGRDUnkwdExTMHRMUzB0TFMxMmRIcDBPVUZCUVVGQlIzRnNWVlJKUWxJeFZHZEJFZ1UyUlRNeE1Cb0tDTHhqRUFBYUEwbE9VamdjY0l4byIsW1siQk9NIiwiMjAyNi0wOS0xMyIsIkRFTCIsbnVsbCwiNkUiLCIzMTAiXV1d,2026-09-12 18:48:34.852777
869,123,BOM,DEL,2026-09-13,2026-09-20,12732.00,INR,135,Round trip,IndiGo,0,91,WyJDalJJTmtNMlEzWmFUMjlGVWtGQlIxaFZPSGRDUnkwdExTMHRMUzB0TFMxMmRIcDBPVUZCUVVGQlIzRnNWVlJKUWxJeFZHZEJFZ1kyUlRZNE1qY2FDZ2k4WXhBQUdnTkpUbEk0SEhDTWFBPT0iLFtbIkJPTSIsIjIwMjYtMDktMTMiLCJERUwiLG51bGwsIjZFIiwiNjgyNyJdXV0=,2026-09-12 18:48:34.855957
870,123,BOM,DEL,2026-09-13,2026-09-20,12732.00,INR,130,Round trip,IndiGo,0,91,WyJDalJJTmtNMlEzWmFUMjlGVWtGQlIxaFZPSGRDUnkwdExTMHRMUzB0TFMxMmRIcDBPVUZCUVVGQlIzRnNWVlJKUWxJeFZHZEJFZ1kyUlRZd01qZ2FDZ2k4WXhBQUdnTkpUbEk0SEhDTWFBPT0iLFtbIkJPTSIsIjIwMjYtMDktMTMiLCJERUwiLG51bGwsIjZFIiwiNjAyOCJdXV0=,2026-09-12 18:48:34.859412
871,123,BOM,DEL,2026-09-13,2026-09-20,12732.00,INR,135,Round trip,IndiGo,0,91,WyJDalJJTmtNMlEzWmFUMjlGVWtGQlIxaFZPSGRDUnkwdExTMHRMUzB0TFMxMmRIcDBPVUZCUVVGQlIzRnNWVlJKUWxJeFZHZEJFZ1UyUlRZeE5Sb0tDTHhqRUFBYUEwbE9VamdjY0l4byIsW1siQk9NIiwiMjAyNi0wOS0xMyIsIkRFTCIsbnVsbCwiNkUiLCI2MTUiXV1d,2026-09-12 18:48:34.861959
872,123,BOM,DEL,2026-09-13,2026-09-20,12732.00,INR,135,Round trip,IndiGo,0,91,WyJDalJJTmtNMlEzWmFUMjlGVWtGQlIxaFZPSGRDUnkwdExTMHRMUzB0TFMxMmRIcDBPVUZCUVVGQlIzRnNWVlJKUWxJeFZHZEJFZ1kyUlRZM01EUWFDZ2k4WXhBQUdnTkpUbEk0SEhDTWFBPT0iLFtbIkJPTSIsIjIwMjYtMDktMTMiLCJERUwiLG51bGwsIjZFIiwiNjcwNCJdXV0=,2026-09-12 18:48:34.864334
873,123,BOM,DEL,2026-09-13,2026-09-20,12732.00,INR,135,Round trip,IndiGo,0,91,WyJDalJJTmtNMlEzWmFUMjlGVWtGQlIxaFZPSGRDUnkwdExTMHRMUzB0TFMxMmRIcDBPVUZCUVVGQlIzRnNWVlJKUWxJeFZHZEJFZ1UyUlRNME9Sb0tDTHhqRUFBYUEwbE9VamdjY0l4byIsW1siQk9NIiwiMjAyNi0wOS0xMyIsIkRFTCIsbnVsbCwiNkUiLCIzNDkiXV1d,2026-09-12 18:48:34.866662
874,123,BOM,DEL,2026-09-13,2026-09-20,12732.00,INR,135,Round trip,IndiGo,0,91,WyJDalJJTmtNMlEzWmFUMjlGVWtGQlIxaFZPSGRDUnkwdExTMHRMUzB0TFMxMmRIcDBPVUZCUVVGQlIzRnNWVlJKUWxJeFZHZEJFZ1UyUlRNeE14b0tDTHhqRUFBYUEwbE9VamdjY0l4byIsW1siQk9NIiwiMjAyNi0wOS0xMyIsIkRFTCIsbnVsbCwiNkUiLCIzMTMiXV1d,2026-09-12 18:48:34.869503
875,123,BOM,DEL,2026-09-13,2026-09-20,12732.00,INR,130,Round trip,IndiGo,0,91,WyJDalJJTmtNMlEzWmFUMjlGVWtGQlIxaFZPSGRDUnkwdExTMHRMUzB0TFMxMmRIcDBPVUZCUVVGQlIzRnNWVlJKUWxJeFZHZEJFZ1kyUlRZd09ESWFDZ2k4WXhBQUdnTkpUbEk0SEhDTWFBPT0iLFtbIkJPTSIsIjIwMjYtMDktMTMiLCJERUwiLG51bGwsIjZFIiwiNjA4MiJdXV0=,2026-09-12 18:48:34.872083
876,123,BOM,DEL,2026-09-13,2026-09-20,12732.00,INR,145,Round trip,IndiGo,0,91,WyJDalJJTmtNMlEzWmFUMjlGVWtGQlIxaFZPSGRDUnkwdExTMHRMUzB0TFMxMmRIcDBPVUZCUVVGQlIzRnNWVlJKUWxJeFZHZEJFZ1UyUlRNeE5Sb0tDTHhqRUFBYUEwbE9VamdjY0l4byIsW1siQk9NIiwiMjAyNi0wOS0xMyIsIkRFTCIsbnVsbCwiNkUiLCIzMTUiXV1d,2026-09-12 18:48:34.874782
877,123,BOM,DEL,2026-09-13,2026-09-20,12732.00,INR,135,Round trip,IndiGo,0,91,WyJDalJJTmtNMlEzWmFUMjlGVWtGQlIxaFZPSGRDUnkwdExTMHRMUzB0TFMxMmRIcDBPVUZCUVVGQlIzRnNWVlJKUWxJeFZHZEJFZ1kyUlRZMk1UTWFDZ2k4WXhBQUdnTkpUbEk0SEhDTWFBPT0iLFtbIkJPTSIsIjIwMjYtMDktMTMiLCJERUwiLG51bGwsIjZFIiwiNjYxMyJdXV0=,2026-09-12 18:48:34.878288
878,123,BOM,DEL,2026-09-13,2026-09-20,12732.00,INR,135,Round trip,IndiGo,0,91,WyJDalJJTmtNMlEzWmFUMjlGVWtGQlIxaFZPSGRDUnkwdExTMHRMUzB0TFMxMmRIcDBPVUZCUVVGQlIzRnNWVlJKUWxJeFZHZEJFZ1UyUlRNeE54b0tDTHhqRUFBYUEwbE9VamdjY0l4byIsW1siQk9NIiwiMjAyNi0wOS0xMyIsIkRFTCIsbnVsbCwiNkUiLCIzMTciXV1d,2026-09-12 18:48:34.880841
879,123,BOM,DEL,2026-09-13,2026-09-20,12732.00,INR,130,Round trip,IndiGo,0,91,WyJDalJJTmtNMlEzWmFUMjlGVWtGQlIxaFZPSGRDUnkwdExTMHRMUzB0TFMxMmRIcDBPVUZCUVVGQlIzRnNWVlJKUWxJeFZHZEJFZ1kyUlRZd05Ea2FDZ2k4WXhBQUdnTkpUbEk0SEhDTWFBPT0iLFtbIkJPTSIsIjIwMjYtMDktMTMiLCJERUwiLG51bGwsIjZFIiwiNjA0OSJdXV0=,2026-09-12 18:48:34.883437
880,123,BOM,DEL,2026-09-13,2026-09-20,12732.00,INR,145,Round trip,IndiGo,0,91,WyJDalJJTmtNMlEzWmFUMjlGVWtGQlIxaFZPSGRDUnkwdExTMHRMUzB0TFMxMmRIcDBPVUZCUVVGQlIzRnNWVlJKUWxJeFZHZEJFZ1UyUlRNek1Cb0tDTHhqRUFBYUEwbE9VamdjY0l4byIsW1siQk9NIiwiMjAyNi0wOS0xMyIsIkRFTCIsbnVsbCwiNkUiLCIzMzAiXV1d,2026-09-12 18:48:34.885904
881,123,BOM,DEL,2026-09-13,2026-09-20,12732.00,INR,135,Round trip,IndiGo,0,91,WyJDalJJTmtNMlEzWmFUMjlGVWtGQlIxaFZPSGRDUnkwdExTMHRMUzB0TFMxMmRIcDBPVUZCUVVGQlIzRnNWVlJKUWxJeFZHZEJFZ1UyUlRFd01ob0tDTHhqRUFBYUEwbE9VamdjY0l4byIsW1siQk9NIiwiMjAyNi0wOS0xMyIsIkRFTCIsbnVsbCwiNkUiLCIxMDIiXV1d,2026-09-12 18:48:34.888575
882,123,BOM,DEL,2026-09-13,2026-09-20,12732.00,INR,135,Round trip,IndiGo,0,91,WyJDalJJTmtNMlEzWmFUMjlGVWtGQlIxaFZPSGRDUnkwdExTMHRMUzB0TFMxMmRIcDBPVUZCUVVGQlIzRnNWVlJKUWxJeFZHZEJFZ1UyUlRZMU1Sb0tDTHhqRUFBYUEwbE9VamdjY0l4byIsW1siQk9NIiwiMjAyNi0wOS0xMyIsIkRFTCIsbnVsbCwiNkUiLCI2NTEiXV1d,2026-09-12 18:48:34.891126
883,123,BOM,DEL,2026-09-13,2026-09-20,12732.00,INR,135,Round trip,IndiGo,0,91,WyJDalJJTmtNMlEzWmFUMjlGVWtGQlIxaFZPSGRDUnkwdExTMHRMUzB0TFMxMmRIcDBPVUZCUVVGQlIzRnNWVlJKUWxJeFZHZEJFZ1UyUlRNMU1Cb0tDTHhqRUFBYUEwbE9VamdjY0l4byIsW1siQk9NIiwiMjAyNi0wOS0xMyIsIkRFTCIsbnVsbCwiNkUiLCIzNTAiXV1d,2026-09-12 18:48:34.893649
884,123,BOM,DEL,2026-09-13,2026-09-20,12765.00,INR,130,Round trip,Air India,0,106,WyJDalJJTmtNMlEzWmFUMjlGVWtGQlIxaFZPSGRDUnkwdExTMHRMUzB0TFMxMmRIcDBPVUZCUVVGQlIzRnNWVlJKUWxJeFZHZEJFZ1pCU1RJNU1qZ2FDZ2pkWXhBQUdnTkpUbEk0SEhDdmFBPT0iLFtbIkJPTSIsIjIwMjYtMDktMTMiLCJERUwiLG51bGwsIkFJIiwiMjkyOCJdXV0=,2026-09-12 18:48:34.896026
885,123,BOM,DEL,2026-09-13,2026-09-20,12765.00,INR,135,Round trip,Air India,0,106,WyJDalJJTmtNMlEzWmFUMjlGVWtGQlIxaFZPSGRDUnkwdExTMHRMUzB0TFMxMmRIcDBPVUZCUVVGQlIzRnNWVlJKUWxJeFZHZEJFZ1pCU1RJME1qUWFDZ2pkWXhBQUdnTkpUbEk0SEhDdmFBPT0iLFtbIkJPTSIsIjIwMjYtMDktMTMiLCJERUwiLG51bGwsIkFJIiwiMjQyNCJdXV0=,2026-09-12 18:48:34.898762
886,123,BOM,DEL,2026-09-13,2026-09-20,12765.00,INR,140,Round trip,Air India,0,106,WyJDalJJTmtNMlEzWmFUMjlGVWtGQlIxaFZPSGRDUnkwdExTMHRMUzB0TFMxMmRIcDBPVUZCUVVGQlIzRnNWVlJKUWxJeFZHZEJFZ1pCU1RJME1qZ2FDZ2pkWXhBQUdnTkpUbEk0SEhDdmFBPT0iLFtbIkJPTSIsIjIwMjYtMDktMTMiLCJERUwiLG51bGwsIkFJIiwiMjQyOCJdXV0=,2026-09-12 18:48:34.901204
887,123,BOM,DEL,2026-09-13,2026-09-20,12765.00,INR,140,Round trip,Air India,0,106,WyJDalJJTmtNMlEzWmFUMjlGVWtGQlIxaFZPSGRDUnkwdExTMHRMUzB0TFMxMmRIcDBPVUZCUVVGQlIzRnNWVlJKUWxJeFZHZEJFZ1pCU1RJNU56QWFDZ2pkWXhBQUdnTkpUbEk0SEhDdmFBPT0iLFtbIkJPTSIsIjIwMjYtMDktMTMiLCJERUwiLG51bGwsIkFJIiwiMjk3MCJdXV0=,2026-09-12 18:48:34.903621
888,123,BOM,DEL,2026-09-13,2026-09-20,12765.00,INR,140,Round trip,Air India,0,106,WyJDalJJTmtNMlEzWmFUMjlGVWtGQlIxaFZPSGRDUnkwdExTMHRMUzB0TFMxMmRIcDBPVUZCUVVGQlIzRnNWVlJKUWxJeFZHZEJFZ1pCU1RJME16SWFDZ2pkWXhBQUdnTkpUbEk0SEhDdmFBPT0iLFtbIkJPTSIsIjIwMjYtMDktMTMiLCJERUwiLG51bGwsIkFJIiwiMjQzMiJdXV0=,2026-09-12 18:48:34.905996
889,123,BOM,DEL,2026-09-13,2026-09-20,12765.00,INR,140,Round trip,Air India,0,106,WyJDalJJTmtNMlEzWmFUMjlGVWtGQlIxaFZPSGRDUnkwdExTMHRMUzB0TFMxMmRIcDBPVUZCUVVGQlIzRnNWVlJKUWxJeFZHZEJFZ1pCU1RJME16QWFDZ2pkWXhBQUdnTkpUbEk0SEhDdmFBPT0iLFtbIkJPTSIsIjIwMjYtMDktMTMiLCJERUwiLG51bGwsIkFJIiwiMjQzMCJdXV0=,2026-09-12 18:48:34.908143
890,123,BOM,DEL,2026-09-13,2026-09-20,12765.00,INR,140,Round trip,Air India,0,104,WyJDalJJTmtNMlEzWmFUMjlGVWtGQlIxaFZPSGRDUnkwdExTMHRMUzB0TFMxMmRIcDBPVUZCUVVGQlIzRnNWVlJKUWxJeFZHZEJFZ1pCU1RJNU5USWFDZ2pkWXhBQUdnTkpUbEk0SEhDdmFBPT0iLFtbIkJPTSIsIjIwMjYtMDktMTMiLCJERUwiLG51bGwsIkFJIiwiMjk1MiJdXV0=,2026-09-12 18:48:34.909984
891,123,BOM,DEL,2026-09-13,2026-09-20,12765.00,INR,140,Round trip,Air India,0,106,WyJDalJJTmtNMlEzWmFUMjlGVWtGQlIxaFZPSGRDUnkwdExTMHRMUzB0TFMxMmRIcDBPVUZCUVVGQlIzRnNWVlJKUWxJeFZHZEJFZ1pCU1RJNU5EUWFDZ2pkWXhBQUdnTkpUbEk0SEhDdmFBPT0iLFtbIkJPTSIsIjIwMjYtMDktMTMiLCJERUwiLG51bGwsIkFJIiwiMjk0NCJdXV0=,2026-09-12 18:48:34.911964
892,123,BOM,DEL,2026-09-13,2026-09-20,12765.00,INR,140,Round trip,Air India,0,106,WyJDalJJTmtNMlEzWmFUMjlGVWtGQlIxaFZPSGRDUnkwdExTMHRMUzB0TFMxMmRIcDBPVUZCUVVGQlIzRnNWVlJKUWxJeFZHZEJFZ1pCU1RJME5ESWFDZ2pkWXhBQUdnTkpUbEk0SEhDdmFBPT0iLFtbIkJPTSIsIjIwMjYtMDktMTMiLCJERUwiLG51bGwsIkFJIiwiMjQ0MiJdXV0=,2026-09-12 18:48:34.914061
893,123,BOM,DEL,2026-09-13,2026-09-20,12765.00,INR,140,Round trip,Air India,0,106,WyJDalJJTmtNMlEzWmFUMjlGVWtGQlIxaFZPSGRDUnkwdExTMHRMUzB0TFMxMmRIcDBPVUZCUVVGQlIzRnNWVlJKUWxJeFZHZEJFZ1pCU1RFNE5URWFDZ2pkWXhBQUdnTkpUbEk0SEhDdmFBPT0iLFtbIkJPTSIsIjIwMjYtMDktMTMiLCJERUwiLG51bGwsIkFJIiwiMTg1MSJdXV0=,2026-09-12 18:48:34.915928
894,123,BOM,DEL,2026-09-13,2026-09-20,12765.00,INR,145,Round trip,Air India,0,134,WyJDalJJTmtNMlEzWmFUMjlGVWtGQlIxaFZPSGRDUnkwdExTMHRMUzB0TFMxMmRIcDBPVUZCUVVGQlIzRnNWVlJKUWxJeFZHZEJFZ1pCU1RJMk9EY2FDZ2pkWXhBQUdnTkpUbEk0SEhDdmFBPT0iLFtbIkJPTSIsIjIwMjYtMDktMTMiLCJERUwiLG51bGwsIkFJIiwiMjY4NyJdXV0=,2026-09-12 18:48:34.917976
895,123,BOM,DEL,2026-09-13,2026-09-20,12765.00,INR,140,Round trip,Air India,0,106,WyJDalJJTmtNMlEzWmFUMjlGVWtGQlIxaFZPSGRDUnkwdExTMHRMUzB0TFMxMmRIcDBPVUZCUVVGQlIzRnNWVlJKUWxJeFZHZEJFZ1pCU1RJNU5EQWFDZ2pkWXhBQUdnTkpUbEk0SEhDdmFBPT0iLFtbIkJPTSIsIjIwMjYtMDktMTMiLCJERUwiLG51bGwsIkFJIiwiMjk0MCJdXV0=,2026-09-12 18:48:34.920106
896,123,BOM,DEL,2026-09-13,2026-09-20,12765.00,INR,140,Round trip,Air India,0,106,WyJDalJJTmtNMlEzWmFUMjlGVWtGQlIxaFZPSGRDUnkwdExTMHRMUzB0TFMxMmRIcDBPVUZCUVVGQlIzRnNWVlJKUWxJeFZHZEJFZ1pCU1RJNU9EZ2FDZ2pkWXhBQUdnTkpUbEk0SEhDdmFBPT0iLFtbIkJPTSIsIjIwMjYtMDktMTMiLCJERUwiLG51bGwsIkFJIiwiMjk4OCJdXV0=,2026-09-12 18:48:34.921831
897,123,BOM,DEL,2026-09-13,2026-09-20,12765.00,INR,135,Round trip,Air India,0,119,WyJDalJJTmtNMlEzWmFUMjlGVWtGQlIxaFZPSGRDUnkwdExTMHRMUzB0TFMxMmRIcDBPVUZCUVVGQlIzRnNWVlJKUWxJeFZHZEJFZ1ZCU1RneE5ob0tDTjFqRUFBYUEwbE9VamdjY0s5byIsW1siQk9NIiwiMjAyNi0wOS0xMyIsIkRFTCIsbnVsbCwiQUkiLCI4MTYiXV1d,2026-09-12 18:48:34.923873
898,123,BOM,DEL,2026-09-13,2026-09-20,12765.00,INR,135,Round trip,Air India,0,106,WyJDalJJTmtNMlEzWmFUMjlGVWtGQlIxaFZPSGRDUnkwdExTMHRMUzB0TFMxMmRIcDBPVUZCUVVGQlIzRnNWVlJKUWxJeFZHZEJFZ1pCU1RFNE9UVWFDZ2pkWXhBQUdnTkpUbEk0SEhDdmFBPT0iLFtbIkJPTSIsIjIwMjYtMDktMTMiLCJERUwiLG51bGwsIkFJIiwiMTg5NSJdXV0=,2026-09-12 18:48:34.925821
899,123,BOM,DEL,2026-09-13,2026-09-20,12882.00,INR,140,Round trip,Air India,0,106,WyJDalJJTmtNMlEzWmFUMjlGVWtGQlIxaFZPSGRDUnkwdExTMHRMUzB0TFMxMmRIcDBPVUZCUVVGQlIzRnNWVlJKUWxJeFZHZEJFZ1pCU1RJME1Ua2FDZ2pTWkJBQUdnTkpUbEk0SEhDcGFRPT0iLFtbIkJPTSIsIjIwMjYtMDktMTMiLCJERUwiLG51bGwsIkFJIiwiMjQxOSJdXV0=,2026-09-12 18:48:34.927582
900,123,BOM,DEL,2026-09-13,2026-09-20,12923.00,INR,135,Round trip,Air India,0,106,WyJDalJJTmtNMlEzWmFUMjlGVWtGQlIxaFZPSGRDUnkwdExTMHRMUzB0TFMxMmRIcDBPVUZCUVVGQlIzRnNWVlJKUWxJeFZHZEJFZ1pCU1RJMk56Y2FDZ2o3WkJBQUdnTkpUbEk0SEhEVWFRPT0iLFtbIkJPTSIsIjIwMjYtMDktMTMiLCJERUwiLG51bGwsIkFJIiwiMjY3NyJdXV0=,2026-09-12 18:48:34.929429
901,123,BOM,DEL,2026-09-13,2026-09-20,12923.00,INR,140,Round trip,Air India,0,106,WyJDalJJTmtNMlEzWmFUMjlGVWtGQlIxaFZPSGRDUnkwdExTMHRMUzB0TFMxMmRIcDBPVUZCUVVGQlIzRnNWVlJKUWxJeFZHZEJFZ1pCU1RJME5EQWFDZ2o3WkJBQUdnTkpUbEk0SEhEVWFRPT0iLFtbIkJPTSIsIjIwMjYtMDktMTMiLCJERUwiLG51bGwsIkFJIiwiMjQ0MCJdXV0=,2026-09-12 18:48:34.931225
902,123,BOM,DEL,2026-09-13,2026-09-20,12923.00,INR,135,Round trip,Air India,0,106,WyJDalJJTmtNMlEzWmFUMjlGVWtGQlIxaFZPSGRDUnkwdExTMHRMUzB0TFMxMmRIcDBPVUZCUVVGQlIzRnNWVlJKUWxJeFZHZEJFZ1pCU1RJME1EZ2FDZ2o3WkJBQUdnTkpUbEk0SEhEVWFRPT0iLFtbIkJPTSIsIjIwMjYtMDktMTMiLCJERUwiLG51bGwsIkFJIiwiMjQwOCJdXV0=,2026-09-12 18:48:34.933241
903,123,BOM,DEL,2026-09-13,2026-09-20,13125.00,INR,135,Round trip,Air India Express,0,103,WyJDalJJTmtNMlEzWmFUMjlGVWtGQlIxaFZPSGRDUnkwdExTMHRMUzB0TFMxMmRIcDBPVUZCUVVGQlIzRnNWVlJKUWxJeFZHZEJFZ1pKV0RFd05UQWFDZ2pGWmhBQUdnTkpUbEk0SEhDbmF3PT0iLFtbIkJPTSIsIjIwMjYtMDktMTMiLCJERUwiLG51bGwsIklYIiwiMTA1MCJdXV0=,2026-09-12 18:48:34.934652
904,123,BOM,DEL,2026-09-13,2026-09-20,13125.00,INR,140,Round trip,Air India Express,0,106,WyJDalJJTmtNMlEzWmFUMjlGVWtGQlIxaFZPSGRDUnkwdExTMHRMUzB0TFMxMmRIcDBPVUZCUVVGQlIzRnNWVlJKUWxJeFZHZEJFZ1pKV0RFMk56RWFDZ2pGWmhBQUdnTkpUbEk0SEhDbmF3PT0iLFtbIkJPTSIsIjIwMjYtMDktMTMiLCJERUwiLG51bGwsIklYIiwiMTY3MSJdXV0=,2026-09-12 18:48:34.935946
905,123,BOM,DEL,2026-09-13,2026-09-20,13187.00,INR,140,Round trip,Akasa Air,0,90,WyJDalJJTmtNMlEzWmFUMjlGVWtGQlIxaFZPSGRDUnkwdExTMHRMUzB0TFMxMmRIcDBPVUZCUVVGQlIzRnNWVlJKUWxJeFZHZEJFZ1pSVURFeE1Ea2FDZ2lEWnhBQUdnTkpUbEk0SEhEb2F3PT0iLFtbIkJPTSIsIjIwMjYtMDktMTMiLCJERUwiLG51bGwsIlFQIiwiMTEwOSJdXV0=,2026-09-12 18:48:34.937264
906,123,BOM,DEL,2026-09-13,2026-09-20,13187.00,INR,150,Round trip,Akasa Air,0,89,WyJDalJJTmtNMlEzWmFUMjlGVWtGQlIxaFZPSGRDUnkwdExTMHRMUzB0TFMxMmRIcDBPVUZCUVVGQlIzRnNWVlJKUWxJeFZHZEJFZ1pSVURFNE16VWFDZ2lEWnhBQUdnTkpUbEk0SEhEb2F3PT0iLFtbIkJPTSIsIjIwMjYtMDktMTMiLCJERUwiLG51bGwsIlFQIiwiMTgzNSJdXV0=,2026-09-12 18:48:34.93865
907,123,BOM,DEL,2026-09-13,2026-09-20,13187.00,INR,140,Round trip,Akasa Air,0,90,WyJDalJJTmtNMlEzWmFUMjlGVWtGQlIxaFZPSGRDUnkwdExTMHRMUzB0TFMxMmRIcDBPVUZCUVVGQlIzRnNWVlJKUWxJeFZHZEJFZ1pSVURFeE1qY2FDZ2lEWnhBQUdnTkpUbEk0SEhEb2F3PT0iLFtbIkJPTSIsIjIwMjYtMDktMTMiLCJERUwiLG51bGwsIlFQIiwiMTEyNyJdXV0=,2026-09-12 18:48:34.939838
908,123,BOM,DEL,2026-09-13,2026-09-20,13187.00,INR,140,Round trip,Akasa Air,0,94,WyJDalJJTmtNMlEzWmFUMjlGVWtGQlIxaFZPSGRDUnkwdExTMHRMUzB0TFMxMmRIcDBPVUZCUVVGQlIzRnNWVlJKUWxJeFZHZEJFZ1pSVURFNE1Ua2FDZ2lEWnhBQUdnTkpUbEk0SEhEb2F3PT0iLFtbIkJPTSIsIjIwMjYtMDktMTMiLCJERUwiLG51bGwsIlFQIiwiMTgxOSJdXV0=,2026-09-12 18:48:34.941089
909,123,BOM,DEL,2026-09-13,2026-09-20,13187.00,INR,145,Round trip,Akasa Air,0,90,WyJDalJJTmtNMlEzWmFUMjlGVWtGQlIxaFZPSGRDUnkwdExTMHRMUzB0TFMxMmRIcDBPVUZCUVVGQlIzRnNWVlJKUWxJeFZHZEJFZ1pSVURFNE1qVWFDZ2lEWnhBQUdnTkpUbEk0SEhEb2F3PT0iLFtbIkJPTSIsIjIwMjYtMDktMTMiLCJERUwiLG51bGwsIlFQIiwiMTgyNSJdXV0=,2026-09-12 18:48:34.942254
910,123,BOM,DEL,2026-09-13,2026-09-20,13187.00,INR,140,Round trip,Akasa Air,0,90,WyJDalJJTmtNMlEzWmFUMjlGVWtGQlIxaFZPSGRDUnkwdExTMHRMUzB0TFMxMmRIcDBPVUZCUVVGQlIzRnNWVlJKUWxJeFZHZEJFZ1pSVURFeE1qQWFDZ2lEWnhBQUdnTkpUbEk0SEhEb2F3PT0iLFtbIkJPTSIsIjIwMjYtMDktMTMiLCJERUwiLG51bGwsIlFQIiwiMTEyMCJdXV0=,2026-09-12 18:48:34.944778
911,123,BOM,DEL,2026-09-13,2026-09-20,13478.00,INR,280,Round trip,IndiGo,1,114,WyJDalJJTmtNMlEzWmFUMjlGVWtGQlIxaFZPSGRDUnkwdExTMHRMUzB0TFMxMmRIcDBPVUZCUVVGQlIzRnNWVlJKUWxJeFZHZEJFZzAyUlRVd05UbDhOa1UyTWpJeEdnb0lwbWtRQUJvRFNVNVNPQnh3bVc0PSIsW1siQk9NIiwiMjAyNi0wOS0xMyIsIkJEUSIsbnVsbCwiNkUiLCI1MDU5Il0sWyJCRFEiLCIyMDI2LTA5LTEzIiwiREVMIixudWxsLCI2RSIsIjYyMjEiXV1d,2026-09-12 18:48:34.946045
912,123,BOM,DEL,2026-09-13,2026-09-20,13609.00,INR,225,Round trip,IndiGo,1,123,WyJDalJJTmtNMlEzWmFUMjlGVWtGQlIxaFZPSGRDUnkwdExTMHRMUzB0TFMxMmRIcDBPVUZCUVVGQlIzRnNWVlJKUWxJeFZHZEJFZzAyUlRZd01qZDhOa1UyTWpJNUdnb0lxV29RQUJvRFNVNVNPQnh3b204PSIsW1siQk9NIiwiMjAyNi0wOS0xMyIsIlVEUiIsbnVsbCwiNkUiLCI2MDI3Il0sWyJVRFIiLCIyMDI2LTA5LTEzIiwiREVMIixudWxsLCI2RSIsIjYyMjkiXV1d,2026-09-12 18:48:34.947707
913,123,BOM,DEL,2026-09-13,2026-09-20,13929.00,INR,145,Round trip,Akasa Air,0,94,WyJDalJJTmtNMlEzWmFUMjlGVWtGQlIxaFZPSGRDUnkwdExTMHRMUzB0TFMxMmRIcDBPVUZCUVVGQlIzRnNWVlJKUWxJeFZHZEJFZ1pSVURFNE16UWFDZ2pwYkJBQUdnTkpUbEk0SEhEeGNRPT0iLFtbIkJPTSIsIjIwMjYtMDktMTMiLCJERUwiLG51bGwsIlFQIiwiMTgzNCJdXV0=,2026-09-12 18:48:34.949165
914,123,BOM,DEL,2026-09-13,2026-09-20,13975.00,INR,145,Round trip,SpiceJet,0,128,WyJDalJJTmtNMlEzWmFUMjlGVWtGQlIxaFZPSGRDUnkwdExTMHRMUzB0TFMxMmRIcDBPVUZCUVVGQlIzRnNWVlJKUWxJeFZHZEJFZ1ZUUnpFMk5Cb0tDSmR0RUFBYUEwbE9VamdjY0tGeSIsW1siQk9NIiwiMjAyNi0wOS0xMyIsIkRFTCIsbnVsbCwiU0ciLCIxNjQiXV1d,2026-09-12 18:48:34.950568
915,123,BOM,DEL,2026-09-13,2026-09-20,16236.00,INR,160,Round trip,SpiceJet,0,124,WyJDalJJTmtNMlEzWmFUMjlGVWtGQlIxaFZPSGRDUnkwdExTMHRMUzB0TFMxMmRIcDBPVUZCUVVGQlIzRnNWVlJKUWxJeFZHZEJFZ1pUUnpJNE1ETWFDZ2pzZmhBQUdnTkpUbEk0SEhEZmhBRT0iLFtbIkJPTSIsIjIwMjYtMDktMTMiLCJERUwiLG51bGwsIlNHIiwiMjgwMyJdXV0=,2026-09-12 18:48:34.951934
916,123,BOM,DEL,2026-09-13,2026-09-20,19233.00,INR,140,Round trip,Air India,0,106,WyJDalJJTmtNMlEzWmFUMjlGVWtGQlIxaFZPSGRDUnkwdExTMHRMUzB0TFMxMmRIcDBPVUZCUVVGQlIzRnNWVlJKUWxJeFZHZEJFZ1pCU1RJME1qSWFDd2lobGdFUUFCb0RTVTVTT0J4d29KMEIiLFtbIkJPTSIsIjIwMjYtMDktMTMiLCJERUwiLG51bGwsIkFJIiwiMjQyMiJdXV0=,2026-09-12 18:48:34.953287
917,124,BOM,HYD,2026-09-13,2026-09-20,11983.00,INR,100,Round trip,IndiGo,0,73,WyJDalJJWDBoWGFIaFNkMkpSWkRSQlIxVnBkV2RDUnkwdExTMHRMUzB0TFhscGRISXhPVUZCUVVGQlIzRnNWVlJaUzBkUVFXdEJFZ1kyUlRZeE9EY2FDZ2pQWFJBQUdnTkpUbEk0SEhEOFlRPT0iLFtbIkJPTSIsIjIwMjYtMDktMTMiLCJIWUQiLG51bGwsIjZFIiwiNjE4NyJdXV0=,2026-09-12 18:48:43.951351
918,124,BOM,HYD,2026-09-13,2026-09-20,12029.00,INR,95,Round trip,Air India,0,70,WyJDalJJWDBoWGFIaFNkMkpSWkRSQlIxVnBkV2RDUnkwdExTMHRMUzB0TFhscGRISXhPVUZCUVVGQlIzRnNWVlJaUzBkUVFXdEJFZ1pCU1RJMk1qVWFDZ2o5WFJBQUdnTkpUbEk0SEhDc1lnPT0iLFtbIkJPTSIsIjIwMjYtMDktMTMiLCJIWUQiLG51bGwsIkFJIiwiMjYyNSJdXV0=,2026-09-12 18:48:43.956339
919,124,BOM,HYD,2026-09-13,2026-09-20,12029.00,INR,90,Round trip,Air India,0,70,WyJDalJJWDBoWGFIaFNkMkpSWkRSQlIxVnBkV2RDUnkwdExTMHRMUzB0TFhscGRISXhPVUZCUVVGQlIzRnNWVlJaUzBkUVFXdEJFZ1pCU1RJMU16RWFDZ2o5WFJBQUdnTkpUbEk0SEhDc1lnPT0iLFtbIkJPTSIsIjIwMjYtMDktMTMiLCJIWUQiLG51bGwsIkFJIiwiMjUzMSJdXV0=,2026-09-12 18:48:43.960376
920,124,BOM,HYD,2026-09-13,2026-09-20,12298.00,INR,85,Round trip,IndiGo,0,59,WyJDalJJWDBoWGFIaFNkMkpSWkRSQlIxVnBkV2RDUnkwdExTMHRMUzB0TFhscGRISXhPVUZCUVVGQlIzRnNWVlJaUzBkUVFXdEJFZ1kyUlRVek1UZ2FDZ2lLWUJBQUdnTkpUbEk0SEhER1pBPT0iLFtbIkJPTSIsIjIwMjYtMDktMTMiLCJIWUQiLG51bGwsIjZFIiwiNTMxOCJdXV0=,2026-09-12 18:48:43.963763
921,124,BOM,HYD,2026-09-13,2026-09-20,11924.00,INR,100,Round trip,Air India,0,70,WyJDalJJWDBoWGFIaFNkMkpSWkRSQlIxVnBkV2RDUnkwdExTMHRMUzB0TFhscGRISXhPVUZCUVVGQlIzRnNWVlJaUzBkUVFXdEJFZ1pCU1RJNE5qa2FDZ2lVWFJBQUdnTkpUbEk0SEhDL1lRPT0iLFtbIkJPTSIsIjIwMjYtMDktMTMiLCJIWUQiLG51bGwsIkFJIiwiMjg2OSJdXV0=,2026-09-12 18:48:43.966388
922,124,BOM,HYD,2026-09-13,2026-09-20,11983.00,INR,100,Round trip,IndiGo,0,59,WyJDalJJWDBoWGFIaFNkMkpSWkRSQlIxVnBkV2RDUnkwdExTMHRMUzB0TFhscGRISXhPVUZCUVVGQlIzRnNWVlJaUzBkUVFXdEJFZ1kyUlRVek1qWWFDZ2pQWFJBQUdnTkpUbEk0SEhEOFlRPT0iLFtbIkJPTSIsIjIwMjYtMDktMTMiLCJIWUQiLG51bGwsIjZFIiwiNTMyNiJdXV0=,2026-09-12 18:48:43.968893
923,124,BOM,HYD,2026-09-13,2026-09-20,11983.00,INR,95,Round trip,IndiGo,0,59,WyJDalJJWDBoWGFIaFNkMkpSWkRSQlIxVnBkV2RDUnkwdExTMHRMUzB0TFhscGRISXhPVUZCUVVGQlIzRnNWVlJaUzBkUVFXdEJFZ1kyUlRVd05UWWFDZ2pQWFJBQUdnTkpUbEk0SEhEOFlRPT0iLFtbIkJPTSIsIjIwMjYtMDktMTMiLCJIWUQiLG51bGwsIjZFIiwiNTA1NiJdXV0=,2026-09-12 18:48:43.97141
924,124,BOM,HYD,2026-09-13,2026-09-20,11983.00,INR,95,Round trip,IndiGo,0,59,WyJDalJJWDBoWGFIaFNkMkpSWkRSQlIxVnBkV2RDUnkwdExTMHRMUzB0TFhscGRISXhPVUZCUVVGQlIzRnNWVlJaUzBkUVFXdEJFZ1kyUlRZeE9UVWFDZ2pQWFJBQUdnTkpUbEk0SEhEOFlRPT0iLFtbIkJPTSIsIjIwMjYtMDktMTMiLCJIWUQiLG51bGwsIjZFIiwiNjE5NSJdXV0=,2026-09-12 18:48:43.973877
925,124,BOM,HYD,2026-09-13,2026-09-20,12029.00,INR,95,Round trip,Air India,0,70,WyJDalJJWDBoWGFIaFNkMkpSWkRSQlIxVnBkV2RDUnkwdExTMHRMUzB0TFhscGRISXhPVUZCUVVGQlIzRnNWVlJaUzBkUVFXdEJFZ1pCU1RJMk1Ua2FDZ2o5WFJBQUdnTkpUbEk0SEhDc1lnPT0iLFtbIkJPTSIsIjIwMjYtMDktMTMiLCJIWUQiLG51bGwsIkFJIiwiMjYxOSJdXV0=,2026-09-12 18:48:43.976502
926,124,BOM,HYD,2026-09-13,2026-09-20,12029.00,INR,90,Round trip,Air India,0,70,WyJDalJJWDBoWGFIaFNkMkpSWkRSQlIxVnBkV2RDUnkwdExTMHRMUzB0TFhscGRISXhPVUZCUVVGQlIzRnNWVlJaUzBkUVFXdEJFZ1pCU1RJNE56VWFDZ2o5WFJBQUdnTkpUbEk0SEhDc1lnPT0iLFtbIkJPTSIsIjIwMjYtMDktMTMiLCJIWUQiLG51bGwsIkFJIiwiMjg3NSJdXV0=,2026-09-12 18:48:43.978951
927,124,BOM,HYD,2026-09-13,2026-09-20,12298.00,INR,95,Round trip,IndiGo,0,59,WyJDalJJWDBoWGFIaFNkMkpSWkRSQlIxVnBkV2RDUnkwdExTMHRMUzB0TFhscGRISXhPVUZCUVVGQlIzRnNWVlJaUzBkUVFXdEJFZ1kyUlRZek5qSWFDZ2lLWUJBQUdnTkpUbEk0SEhER1pBPT0iLFtbIkJPTSIsIjIwMjYtMDktMTMiLCJIWUQiLG51bGwsIjZFIiwiNjM2MiJdXV0=,2026-09-12 18:48:43.981321
928,124,BOM,HYD,2026-09-13,2026-09-20,12298.00,INR,95,Round trip,IndiGo,0,59,WyJDalJJWDBoWGFIaFNkMkpSWkRSQlIxVnBkV2RDUnkwdExTMHRMUzB0TFhscGRISXhPVUZCUVVGQlIzRnNWVlJaUzBkUVFXdEJFZ1kyUlRVeU5EWWFDZ2lLWUJBQUdnTkpUbEk0SEhER1pBPT0iLFtbIkJPTSIsIjIwMjYtMDktMTMiLCJIWUQiLG51bGwsIjZFIiwiNTI0NiJdXV0=,2026-09-12 18:48:43.983673
929,124,BOM,HYD,2026-09-13,2026-09-20,12298.00,INR,95,Round trip,IndiGo,0,59,WyJDalJJWDBoWGFIaFNkMkpSWkRSQlIxVnBkV2RDUnkwdExTMHRMUzB0TFhscGRISXhPVUZCUVVGQlIzRnNWVlJaUzBkUVFXdEJFZ1kyUlRVeE56Z2FDZ2lLWUJBQUdnTkpUbEk0SEhER1pBPT0iLFtbIkJPTSIsIjIwMjYtMDktMTMiLCJIWUQiLG51bGwsIjZFIiwiNTE3OCJdXV0=,2026-09-12 18:48:43.985801
930,124,BOM,HYD,2026-09-13,2026-09-20,12298.00,INR,95,Round trip,IndiGo,0,59,WyJDalJJWDBoWGFIaFNkMkpSWkRSQlIxVnBkV2RDUnkwdExTMHRMUzB0TFhscGRISXhPVUZCUVVGQlIzRnNWVlJaUzBkUVFXdEJFZ1kyUlRVek9EWWFDZ2lLWUJBQUdnTkpUbEk0SEhER1pBPT0iLFtbIkJPTSIsIjIwMjYtMDktMTMiLCJIWUQiLG51bGwsIjZFIiwiNTM4NiJdXV0=,2026-09-12 18:48:43.988134
931,124,BOM,HYD,2026-09-13,2026-09-20,12298.00,INR,95,Round trip,IndiGo,0,59,WyJDalJJWDBoWGFIaFNkMkpSWkRSQlIxVnBkV2RDUnkwdExTMHRMUzB0TFhscGRISXhPVUZCUVVGQlIzRnNWVlJaUzBkUVFXdEJFZ1kyUlRVeU1qZ2FDZ2lLWUJBQUdnTkpUbEk0SEhER1pBPT0iLFtbIkJPTSIsIjIwMjYtMDktMTMiLCJIWUQiLG51bGwsIjZFIiwiNTIyOCJdXV0=,2026-09-12 18:48:43.99152
932,124,BOM,HYD,2026-09-13,2026-09-20,12339.00,INR,100,Round trip,Air India,0,70,WyJDalJJWDBoWGFIaFNkMkpSWkRSQlIxVnBkV2RDUnkwdExTMHRMUzB0TFhscGRISXhPVUZCUVVGQlIzRnNWVlJaUzBkUVFXdEJFZ1ZCU1RReE54b0tDTE5nRUFBYUEwbE9VamdjY1BGayIsW1siQk9NIiwiMjAyNi0wOS0xMyIsIkhZRCIsbnVsbCwiQUkiLCI0MTciXV1d,2026-09-12 18:48:43.993969
933,124,BOM,HYD,2026-09-13,2026-09-20,12339.00,INR,95,Round trip,Air India,0,70,WyJDalJJWDBoWGFIaFNkMkpSWkRSQlIxVnBkV2RDUnkwdExTMHRMUzB0TFhscGRISXhPVUZCUVVGQlIzRnNWVlJaUzBkUVFXdEJFZ1pCU1RJME5EUWFDZ2l6WUJBQUdnTkpUbEk0SEhEeFpBPT0iLFtbIkJPTSIsIjIwMjYtMDktMTMiLCJIWUQiLG51bGwsIkFJIiwiMjQ0NCJdXV0=,2026-09-12 18:48:43.996278
934,125,BOM,MAA,2026-09-13,2026-09-20,13981.00,INR,130,Round trip,IndiGo,0,83,WyJDalJJUTFadWJsaGlZWEZLY21OQlJXazJkbWRDUnkwdExTMHRMUzB0TFMxdmVXRjZOMEZCUVVGQlIzRnNWVlE0U1VReWFITkJFZ1kyUlRVek1UTWFDZ2lkYlJBQUdnTkpUbEk0SEhDbmNnPT0iLFtbIkJPTSIsIjIwMjYtMDktMTMiLCJNQUEiLG51bGwsIjZFIiwiNTMxMyJdXV0=,2026-09-12 18:48:52.655401
935,125,BOM,MAA,2026-09-13,2026-09-20,13983.00,INR,135,Round trip,Air India,0,97,WyJDalJJUTFadWJsaGlZWEZLY21OQlJXazJkbWRDUnkwdExTMHRMUzB0TFMxdmVXRjZOMEZCUVVGQlIzRnNWVlE0U1VReWFITkJFZ1pCU1RJNE1qRWFDZ2lmYlJBQUdnTkpUbEk0SEhDcGNnPT0iLFtbIkJPTSIsIjIwMjYtMDktMTMiLCJNQUEiLG51bGwsIkFJIiwiMjgyMSJdXV0=,2026-09-12 18:48:52.658659
936,125,BOM,MAA,2026-09-13,2026-09-20,14360.00,INR,125,Round trip,Akasa Air,0,83,WyJDalJJUTFadWJsaGlZWEZLY21OQlJXazJkbWRDUnkwdExTMHRMUzB0TFMxdmVXRjZOMEZCUVVGQlIzRnNWVlE0U1VReWFITkJFZ1pSVURFeE5EVWFDZ2lZY0JBQUdnTkpUbEk0SEhDMGRRPT0iLFtbIkJPTSIsIjIwMjYtMDktMTMiLCJNQUEiLG51bGwsIlFQIiwiMTE0NSJdXV0=,2026-09-12 18:48:52.661109
937,125,BOM,MAA,2026-09-13,2026-09-20,13981.00,INR,120,Round trip,IndiGo,0,83,WyJDalJJUTFadWJsaGlZWEZLY21OQlJXazJkbWRDUnkwdExTMHRMUzB0TFMxdmVXRjZOMEZCUVVGQlIzRnNWVlE0U1VReWFITkJFZ1UyUlRFek5ob0tDSjF0RUFBYUEwbE9VamdjY0tkeSIsW1siQk9NIiwiMjAyNi0wOS0xMyIsIk1BQSIsbnVsbCwiNkUiLCIxMzYiXV1d,2026-09-12 18:48:52.663623
938,125,BOM,MAA,2026-09-13,2026-09-20,13981.00,INR,125,Round trip,IndiGo,0,83,WyJDalJJUTFadWJsaGlZWEZLY21OQlJXazJkbWRDUnkwdExTMHRMUzB0TFMxdmVXRjZOMEZCUVVGQlIzRnNWVlE0U1VReWFITkJFZ1kyUlRVeE9EZ2FDZ2lkYlJBQUdnTkpUbEk0SEhDbmNnPT0iLFtbIkJPTSIsIjIwMjYtMDktMTMiLCJNQUEiLG51bGwsIjZFIiwiNTE4OCJdXV0=,2026-09-12 18:48:52.665982
939,125,BOM,MAA,2026-09-13,2026-09-20,13981.00,INR,125,Round trip,IndiGo,0,83,WyJDalJJUTFadWJsaGlZWEZLY21OQlJXazJkbWRDUnkwdExTMHRMUzB0TFMxdmVXRjZOMEZCUVVGQlIzRnNWVlE0U1VReWFITkJFZ1kyUlRZek5Ea2FDZ2lkYlJBQUdnTkpUbEk0SEhDbmNnPT0iLFtbIkJPTSIsIjIwMjYtMDktMTMiLCJNQUEiLG51bGwsIjZFIiwiNjM0OSJdXV0=,2026-09-12 18:48:52.668516
940,125,BOM,MAA,2026-09-13,2026-09-20,13981.00,INR,125,Round trip,IndiGo,0,83,WyJDalJJUTFadWJsaGlZWEZLY21OQlJXazJkbWRDUnkwdExTMHRMUzB0TFMxdmVXRjZOMEZCUVVGQlIzRnNWVlE0U1VReWFITkJFZ1kyUlRVek16Y2FDZ2lkYlJBQUdnTkpUbEk0SEhDbmNnPT0iLFtbIkJPTSIsIjIwMjYtMDktMTMiLCJNQUEiLG51bGwsIjZFIiwiNTMzNyJdXV0=,2026-09-12 18:48:52.670931
941,125,BOM,MAA,2026-09-13,2026-09-20,13981.00,INR,125,Round trip,IndiGo,0,83,WyJDalJJUTFadWJsaGlZWEZLY21OQlJXazJkbWRDUnkwdExTMHRMUzB0TFMxdmVXRjZOMEZCUVVGQlIzRnNWVlE0U1VReWFITkJFZ1kyUlRVeE9UWWFDZ2lkYlJBQUdnTkpUbEk0SEhDbmNnPT0iLFtbIkJPTSIsIjIwMjYtMDktMTMiLCJNQUEiLG51bGwsIjZFIiwiNTE5NiJdXV0=,2026-09-12 18:48:52.673305
942,125,BOM,MAA,2026-09-13,2026-09-20,13981.00,INR,130,Round trip,IndiGo,0,83,WyJDalJJUTFadWJsaGlZWEZLY21OQlJXazJkbWRDUnkwdExTMHRMUzB0TFMxdmVXRjZOMEZCUVVGQlIzRnNWVlE0U1VReWFITkJFZ1kyUlRVd05EZ2FDZ2lkYlJBQUdnTkpUbEk0SEhDbmNnPT0iLFtbIkJPTSIsIjIwMjYtMDktMTMiLCJNQUEiLG51bGwsIjZFIiwiNTA0OCJdXV0=,2026-09-12 18:48:52.675889
943,125,BOM,MAA,2026-09-13,2026-09-20,13981.00,INR,125,Round trip,IndiGo,0,83,WyJDalJJUTFadWJsaGlZWEZLY21OQlJXazJkbWRDUnkwdExTMHRMUzB0TFMxdmVXRjZOMEZCUVVGQlIzRnNWVlE0U1VReWFITkJFZ1kyUlRVeE1EVWFDZ2lkYlJBQUdnTkpUbEk0SEhDbmNnPT0iLFtbIkJPTSIsIjIwMjYtMDktMTMiLCJNQUEiLG51bGwsIjZFIiwiNTEwNSJdXV0=,2026-09-12 18:48:52.678215
944,125,BOM,MAA,2026-09-13,2026-09-20,13981.00,INR,125,Round trip,IndiGo,0,83,WyJDalJJUTFadWJsaGlZWEZLY21OQlJXazJkbWRDUnkwdExTMHRMUzB0TFMxdmVXRjZOMEZCUVVGQlIzRnNWVlE0U1VReWFITkJFZ1kyUlRVeU9URWFDZ2lkYlJBQUdnTkpUbEk0SEhDbmNnPT0iLFtbIkJPTSIsIjIwMjYtMDktMTMiLCJNQUEiLG51bGwsIjZFIiwiNTI5MSJdXV0=,2026-09-12 18:48:52.680809
945,125,BOM,MAA,2026-09-13,2026-09-20,13981.00,INR,125,Round trip,IndiGo,0,86,WyJDalJJUTFadWJsaGlZWEZLY21OQlJXazJkbWRDUnkwdExTMHRMUzB0TFMxdmVXRjZOMEZCUVVGQlIzRnNWVlE0U1VReWFITkJFZ1kyUlRZeE16Y2FDZ2lkYlJBQUdnTkpUbEk0SEhDbmNnPT0iLFtbIkJPTSIsIjIwMjYtMDktMTMiLCJNQUEiLG51bGwsIjZFIiwiNjEzNyJdXV0=,2026-09-12 18:48:52.682839
946,125,BOM,MAA,2026-09-13,2026-09-20,13983.00,INR,125,Round trip,Air India,0,97,WyJDalJJUTFadWJsaGlZWEZLY21OQlJXazJkbWRDUnkwdExTMHRMUzB0TFMxdmVXRjZOMEZCUVVGQlIzRnNWVlE0U1VReWFITkJFZ1pCU1RJNE1qY2FDZ2lmYlJBQUdnTkpUbEk0SEhDcGNnPT0iLFtbIkJPTSIsIjIwMjYtMDktMTMiLCJNQUEiLG51bGwsIkFJIiwiMjgyNyJdXV0=,2026-09-12 18:48:52.685142
947,125,BOM,MAA,2026-09-13,2026-09-20,13983.00,INR,130,Round trip,Air India,0,97,WyJDalJJUTFadWJsaGlZWEZLY21OQlJXazJkbWRDUnkwdExTMHRMUzB0TFMxdmVXRjZOMEZCUVVGQlIzRnNWVlE0U1VReWFITkJFZ1ZCU1RZek9Sb0tDSjl0RUFBYUEwbE9VamdjY0tseSIsW1siQk9NIiwiMjAyNi0wOS0xMyIsIk1BQSIsbnVsbCwiQUkiLCI2MzkiXV1d,2026-09-12 18:48:52.688504
948,125,BOM,MAA,2026-09-13,2026-09-20,14393.00,INR,130,Round trip,Air India,0,97,WyJDalJJUTFadWJsaGlZWEZLY21OQlJXazJkbWRDUnkwdExTMHRMUzB0TFMxdmVXRjZOMEZCUVVGQlIzRnNWVlE0U1VReWFITkJFZ1pCU1RJM09EQWFDZ2k1Y0JBQUdnTkpUbEk0SEhEV2RRPT0iLFtbIkJPTSIsIjIwMjYtMDktMTMiLCJNQUEiLG51bGwsIkFJIiwiMjc4MCJdXV0=,2026-09-12 18:48:52.690932
949,125,BOM,MAA,2026-09-13,2026-09-20,14393.00,INR,140,Round trip,Air India,0,97,WyJDalJJUTFadWJsaGlZWEZLY21OQlJXazJkbWRDUnkwdExTMHRMUzB0TFMxdmVXRjZOMEZCUVVGQlIzRnNWVlE0U1VReWFITkJFZ1ZCU1RRek5Sb0tDTGx3RUFBYUEwbE9VamdjY05aMSIsW1siQk9NIiwiMjAyNi0wOS0xMyIsIk1BQSIsbnVsbCwiQUkiLCI0MzUiXV1d,2026-09-12 18:48:52.693224
950,125,BOM,MAA,2026-09-13,2026-09-20,14566.00,INR,130,Round trip,Air India,0,97,WyJDalJJUTFadWJsaGlZWEZLY21OQlJXazJkbWRDUnkwdExTMHRMUzB0TFMxdmVXRjZOMEZCUVVGQlIzRnNWVlE0U1VReWFITkJFZ1pCU1RJM016a2FDZ2ptY1JBQUdnTkpUbEk0SEhDTGR3PT0iLFtbIkJPTSIsIjIwMjYtMDktMTMiLCJNQUEiLG51bGwsIkFJIiwiMjczOSJdXV0=,2026-09-12 18:48:52.695419
951,125,BOM,MAA,2026-09-13,2026-09-20,22360.00,INR,510,Round trip,"Air India, Air India Express",1,152,WyJDalJJUTFadWJsaGlZWEZLY21OQlJXazJkbWRDUnkwdExTMHRMUzB0TFMxdmVXRjZOMEZCUVVGQlIzRnNWVlE0U1VReWFITkJFZzFCU1RNek1EVjhTVmd4TkRjeUdnc0kySzRCRUFBYUEwbE9VamdjY09pMkFRPT0iLFtbIkJPTSIsIjIwMjYtMDktMTMiLCJCTFIiLG51bGwsIkFJIiwiMzMwNSJdLFsiQkxSIiwiMjAyNi0wOS0xNCIsIk1BQSIsbnVsbCwiSVgiLCIxNDcyIl1dXQ==,2026-09-12 18:48:52.697838
952,125,BOM,MAA,2026-09-13,2026-09-20,22838.00,INR,290,Round trip,"Air India, Air India Express",1,130,WyJDalJJUTFadWJsaGlZWEZLY21OQlJXazJkbWRDUnkwdExTMHRMUzB0TFMxdmVXRjZOMEZCUVVGQlIzRnNWVlE0U1VReWFITkJFZzFCU1RJMk5ERjhTVmd5TnpnM0dnc0l0cklCRUFBYUEwbE9VamdjY055NkFRPT0iLFtbIkJPTSIsIjIwMjYtMDktMTMiLCJCTFIiLG51bGwsIkFJIiwiMjY0MSJdLFsiQkxSIiwiMjAyNi0wOS0xMyIsIk1BQSIsbnVsbCwiSVgiLCIyNzg3Il1dXQ==,2026-09-12 18:48:52.700587
953,126,BOM,CCU,2026-09-13,2026-09-20,16965.00,INR,175,Round trip,Akasa Air,0,117,WyJDalJJVGxaWU5VRk5WRzFOYkRCQlIzZFhPWGRDUnkwdExTMHRMUzB0TFMxMmRHaGlNVUZCUVVGQlIzRnNWVlZuU0VORVEybEJFZ1pSVURFeE1EY2FDd2pGaEFFUUFCb0RTVTVTT0J4dzJvb0IiLFtbIkJPTSIsIjIwMjYtMDktMTMiLCJDQ1UiLG51bGwsIlFQIiwiMTEwNyJdXV0=,2026-09-12 18:49:01.664585
954,126,BOM,CCU,2026-09-13,2026-09-20,17327.00,INR,165,Round trip,IndiGo,0,120,WyJDalJJVGxaWU5VRk5WRzFOYkRCQlIzZFhPWGRDUnkwdExTMHRMUzB0TFMxMmRHaGlNVUZCUVVGQlIzRnNWVlZuU0VORVEybEJFZ1kyUlRZek5qY2FDd2l2aHdFUUFCb0RTVTVTT0J4dzFZMEIiLFtbIkJPTSIsIjIwMjYtMDktMTMiLCJDQ1UiLG51bGwsIjZFIiwiNjM2NyJdXV0=,2026-09-12 18:49:01.66768
955,126,BOM,CCU,2026-09-13,2026-09-20,17415.00,INR,170,Round trip,Air India,0,139,WyJDalJJVGxaWU5VRk5WRzFOYkRCQlIzZFhPWGRDUnkwdExTMHRMUzB0TFMxMmRHaGlNVUZCUVVGQlIzRnNWVlZuU0VORVEybEJFZ1pCU1RJM056RWFDd2lIaUFFUUFCb0RTVTVTT0J4d3NZNEIiLFtbIkJPTSIsIjIwMjYtMDktMTMiLCJDQ1UiLG51bGwsIkFJIiwiMjc3MSJdXV0=,2026-09-12 18:49:01.670493
956,126,BOM,CCU,2026-09-13,2026-09-20,16965.00,INR,175,Round trip,Akasa Air,0,117,WyJDalJJVGxaWU5VRk5WRzFOYkRCQlIzZFhPWGRDUnkwdExTMHRMUzB0TFMxMmRHaGlNVUZCUVVGQlIzRnNWVlZuU0VORVEybEJFZ1pSVURFeE1qVWFDd2pGaEFFUUFCb0RTVTVTT0J4dzJvb0IiLFtbIkJPTSIsIjIwMjYtMDktMTMiLCJDQ1UiLG51bGwsIlFQIiwiMTEyNSJdXV0=,2026-09-12 18:49:01.674674
957,126,BOM,CCU,2026-09-13,2026-09-20,17069.00,INR,170,Round trip,Air India,0,139,WyJDalJJVGxaWU5VRk5WRzFOYkRCQlIzZFhPWGRDUnkwdExTMHRMUzB0TFMxMmRHaGlNVUZCUVVGQlIzRnNWVlZuU0VORVEybEJFZ1pCU1RJME9ERWFDd2l0aFFFUUFCb0RTVTVTT0J4d3g0c0IiLFtbIkJPTSIsIjIwMjYtMDktMTMiLCJDQ1UiLG51bGwsIkFJIiwiMjQ4MSJdXV0=,2026-09-12 18:49:01.677844
958,126,BOM,CCU,2026-09-13,2026-09-20,17069.00,INR,170,Round trip,IndiGo,0,120,WyJDalJJVGxaWU5VRk5WRzFOYkRCQlIzZFhPWGRDUnkwdExTMHRMUzB0TFMxMmRHaGlNVUZCUVVGQlIzRnNWVlZuU0VORVEybEJFZ1kyUlRVd09EWWFDd2l0aFFFUUFCb0RTVTVTT0J4d3g0c0IiLFtbIkJPTSIsIjIwMjYtMDktMTMiLCJDQ1UiLG51bGwsIjZFIiwiNTA4NiJdXV0=,2026-09-12 18:49:01.681476
959,126,BOM,CCU,2026-09-13,2026-09-20,17069.00,INR,175,Round trip,IndiGo,0,120,WyJDalJJVGxaWU5VRk5WRzFOYkRCQlIzZFhPWGRDUnkwdExTMHRMUzB0TFMxMmRHaGlNVUZCUVVGQlIzRnNWVlZuU0VORVEybEJFZ1kyUlRZeU9EY2FDd2l0aFFFUUFCb0RTVTVTT0J4d3g0c0IiLFtbIkJPTSIsIjIwMjYtMDktMTMiLCJDQ1UiLG51bGwsIjZFIiwiNjI4NyJdXV0=,2026-09-12 18:49:01.685307
960,126,BOM,CCU,2026-09-13,2026-09-20,17069.00,INR,185,Round trip,Air India,0,139,WyJDalJJVGxaWU5VRk5WRzFOYkRCQlIzZFhPWGRDUnkwdExTMHRMUzB0TFMxMmRHaGlNVUZCUVVGQlIzRnNWVlZuU0VORVEybEJFZ1pCU1RJMk5ETWFDd2l0aFFFUUFCb0RTVTVTT0J4d3g0c0IiLFtbIkJPTSIsIjIwMjYtMDktMTMiLCJDQ1UiLG51bGwsIkFJIiwiMjY0MyJdXV0=,2026-09-12 18:49:01.691677
961,126,BOM,CCU,2026-09-13,2026-09-20,17415.00,INR,175,Round trip,Air India,0,139,WyJDalJJVGxaWU5VRk5WRzFOYkRCQlIzZFhPWGRDUnkwdExTMHRMUzB0TFMxMmRHaGlNVUZCUVVGQlIzRnNWVlZuU0VORVEybEJFZ1pCU1RJME56RWFDd2lIaUFFUUFCb0RTVTVTT0J4d3NZNEIiLFtbIkJPTSIsIjIwMjYtMDktMTMiLCJDQ1UiLG51bGwsIkFJIiwiMjQ3MSJdXV0=,2026-09-12 18:49:01.699725
962,126,BOM,CCU,2026-09-13,2026-09-20,17799.00,INR,165,Round trip,IndiGo,0,120,WyJDalJJVGxaWU5VRk5WRzFOYkRCQlIzZFhPWGRDUnkwdExTMHRMUzB0TFMxMmRHaGlNVUZCUVVGQlIzRnNWVlZuU0VORVEybEJFZ1kyUlRVek1qa2FDd2lIaXdFUUFCb0RTVTVTT0J4d3c1RUIiLFtbIkJPTSIsIjIwMjYtMDktMTMiLCJDQ1UiLG51bGwsIjZFIiwiNTMyOSJdXV0=,2026-09-12 18:49:01.703544
963,126,BOM,CCU,2026-09-13,2026-09-20,17799.00,INR,165,Round trip,IndiGo,0,120,WyJDalJJVGxaWU5VRk5WRzFOYkRCQlIzZFhPWGRDUnkwdExTMHRMUzB0TFMxMmRHaGlNVUZCUVVGQlIzRnNWVlZuU0VORVEybEJFZ1kyUlRVek5UUWFDd2lIaXdFUUFCb0RTVTVTT0J4d3c1RUIiLFtbIkJPTSIsIjIwMjYtMDktMTMiLCJDQ1UiLG51bGwsIjZFIiwiNTM1NCJdXV0=,2026-09-12 18:49:01.708027
964,126,BOM,CCU,2026-09-13,2026-09-20,18062.00,INR,165,Round trip,IndiGo,0,120,WyJDalJJVGxaWU5VRk5WRzFOYkRCQlIzZFhPWGRDUnkwdExTMHRMUzB0TFMxMmRHaGlNVUZCUVVGQlIzRnNWVlZuU0VORVEybEJFZ1kyUlRVeU16a2FDd2lPalFFUUFCb0RTVTVTT0J4dzFwTUIiLFtbIkJPTSIsIjIwMjYtMDktMTMiLCJDQ1UiLG51bGwsIjZFIiwiNTIzOSJdXV0=,2026-09-12 18:49:01.711639
965,126,BOM,CCU,2026-09-13,2026-09-20,18692.00,INR,170,Round trip,IndiGo,0,120,WyJDalJJVGxaWU5VRk5WRzFOYkRCQlIzZFhPWGRDUnkwdExTMHRMUzB0TFMxMmRHaGlNVUZCUVVGQlIzRnNWVlZuU0VORVEybEJFZ1kyUlRVeE5qVWFDd2lFa2dFUUFCb0RTVTVTT0J4dzZaZ0IiLFtbIkJPTSIsIjIwMjYtMDktMTMiLCJDQ1UiLG51bGwsIjZFIiwiNTE2NSJdXV0=,2026-09-12 18:49:01.714204
966,126,BOM,CCU,2026-09-13,2026-09-20,19020.00,INR,360,Round trip,IndiGo,1,161,WyJDalJJVGxaWU5VRk5WRzFOYkRCQlIzZFhPWGRDUnkwdExTMHRMUzB0TFMxMmRHaGlNVUZCUVVGQlIzRnNWVlZuU0VORVEybEJFZ3cyUlRJeU16ZDhOa1V6TVRrYUN3ak1sQUVRQUJvRFNVNVNPQnh3d1pzQiIsW1siQk9NIiwiMjAyNi0wOS0xMyIsIkFNRCIsbnVsbCwiNkUiLCIyMjM3Il0sWyJBTUQiLCIyMDI2LTA5LTEzIiwiQ0NVIixudWxsLCI2RSIsIjMxOSJdXV0=,2026-09-12 18:49:01.716721
967,126,BOM,CCU,2026-09-13,2026-09-20,19107.00,INR,170,Round trip,Akasa Air,0,122,WyJDalJJVGxaWU5VRk5WRzFOYkRCQlIzZFhPWGRDUnkwdExTMHRMUzB0TFMxMmRHaGlNVUZCUVVGQlIzRnNWVlZuU0VORVEybEJFZ1pSVURFeE16VWFDd2lqbFFFUUFCb0RTVTVTT0J4d25Kd0IiLFtbIkJPTSIsIjIwMjYtMDktMTMiLCJDQ1UiLG51bGwsIlFQIiwiMTEzNSJdXV0=,2026-09-12 18:49:01.720199
968,126,BOM,CCU,2026-09-13,2026-09-20,21831.00,INR,295,Round trip,IndiGo,1,158,WyJDalJJVGxaWU5VRk5WRzFOYkRCQlIzZFhPWGRDUnkwdExTMHRMUzB0TFMxMmRHaGlNVUZCUVVGQlIzRnNWVlZuU0VORVEybEJFZ3cyUlRVek9EWjhOa1V5T0RNYUN3akhxZ0VRQUJvRFNVNVNPQnh3dnJJQiIsW1siQk9NIiwiMjAyNi0wOS0xMyIsIkhZRCIsbnVsbCwiNkUiLCI1Mzg2Il0sWyJIWUQiLCIyMDI2LTA5LTEzIiwiQ0NVIixudWxsLCI2RSIsIjI4MyJdXV0=,2026-09-12 18:49:01.722598
969,127,BOM,PNQ,2026-09-13,2026-09-20,23774.00,INR,355,Round trip,"Air India, Air India Express",1,186,WyJDalJJWm1SS1N6UTFOR0V4TUhkQlNVdDZWbWRDUnkwdExTMHRMUzB0TFhaMGJtTXlOVUZCUVVGQlIzRnNWVlpGVFhWV1FWTkJFZzFCU1RNek1EVjhTVmd5T0Rjekdnc0kzcmtCRUFBYUEwbE9VamdjY0xEQ0FRPT0iLFtbIkJPTSIsIjIwMjYtMDktMTMiLCJCTFIiLG51bGwsIkFJIiwiMzMwNSJdLFsiQkxSIiwiMjAyNi0wOS0xNCIsIlBOUSIsbnVsbCwiSVgiLCIyODczIl1dXQ==,2026-09-12 18:49:15.904332
970,127,BOM,PNQ,2026-09-13,2026-09-20,24453.00,INR,315,Round trip,Air India,1,211,WyJDalJJWm1SS1N6UTFOR0V4TUhkQlNVdDZWbWRDUnkwdExTMHRMUzB0TFhaMGJtTXlOVUZCUVVGQlIzRnNWVlpGVFhWV1FWTkJFZzFCU1RJNU5EUjhRVWt5TlRRM0dnc0loYjhCRUFBYUEwbE9VamdjY1BiSEFRPT0iLFtbIkJPTSIsIjIwMjYtMDktMTMiLCJERUwiLG51bGwsIkFJIiwiMjk0NCJdLFsiREVMIiwiMjAyNi0wOS0xMyIsIlBOUSIsbnVsbCwiQUkiLCIyNTQ3Il1dXQ==,2026-09-12 18:49:15.929392
971,127,BOM,PNQ,2026-09-13,2026-09-20,24453.00,INR,335,Round trip,Air India,1,211,WyJDalJJWm1SS1N6UTFOR0V4TUhkQlNVdDZWbWRDUnkwdExTMHRMUzB0TFhaMGJtTXlOVUZCUVVGQlIzRnNWVlpGVFhWV1FWTkJFZzFCU1RJNU9EaDhRVWt5TmpBNUdnc0loYjhCRUFBYUEwbE9VamdjY1BiSEFRPT0iLFtbIkJPTSIsIjIwMjYtMDktMTMiLCJERUwiLG51bGwsIkFJIiwiMjk4OCJdLFsiREVMIiwiMjAyNi0wOS0xMyIsIlBOUSIsbnVsbCwiQUkiLCIyNjA5Il1dXQ==,2026-09-12 18:49:15.931162
972,127,BOM,PNQ,2026-09-13,2026-09-20,24453.00,INR,340,Round trip,Air India,1,211,WyJDalJJWm1SS1N6UTFOR0V4TUhkQlNVdDZWbWRDUnkwdExTMHRMUzB0TFhaMGJtTXlOVUZCUVVGQlIzRnNWVlpGVFhWV1FWTkJFZzFCU1RJNU9EWjhRVWt5TnpFeEdnc0loYjhCRUFBYUEwbE9VamdjY1BiSEFRPT0iLFtbIkJPTSIsIjIwMjYtMDktMTMiLCJERUwiLG51bGwsIkFJIiwiMjk4NiJdLFsiREVMIiwiMjAyNi0wOS0xNCIsIlBOUSIsbnVsbCwiQUkiLCIyNzExIl1dXQ==,2026-09-12 18:49:15.932684
973,127,BOM,PNQ,2026-09-13,2026-09-20,24615.00,INR,315,Round trip,Air India,1,211,WyJDalJJWm1SS1N6UTFOR0V4TUhkQlNVdDZWbWRDUnkwdExTMHRMUzB0TFhaMGJtTXlOVUZCUVVGQlIzRnNWVlpGVFhWV1FWTkJFZzFCU1RJMk56ZDhRVWt5T1RjeEdnc0lwOEFCRUFBYUEwbE9VamdjY0tESkFRPT0iLFtbIkJPTSIsIjIwMjYtMDktMTMiLCJERUwiLG51bGwsIkFJIiwiMjY3NyJdLFsiREVMIiwiMjAyNi0wOS0xMyIsIlBOUSIsbnVsbCwiQUkiLCIyOTcxIl1dXQ==,2026-09-12 18:49:15.934326
974,127,BOM,PNQ,2026-09-13,2026-09-20,24424.00,INR,300,Round trip,"Air India, Air India Express",1,160,WyJDalJJWm1SS1N6UTFOR0V4TUhkQlNVdDZWbWRDUnkwdExTMHRMUzB0TFhaMGJtTXlOVUZCUVVGQlIzRnNWVlpGVFhWV1FWTkJFZzFCU1RJMk5ERjhTVmd5Tmpnd0dnc0k2TDRCRUFBYUEwbE9VamdjY05qSEFRPT0iLFtbIkJPTSIsIjIwMjYtMDktMTMiLCJCTFIiLG51bGwsIkFJIiwiMjY0MSJdLFsiQkxSIiwiMjAyNi0wOS0xMyIsIlBOUSIsbnVsbCwiSVgiLCIyNjgwIl1dXQ==,2026-09-12 18:49:15.935585
975,127,BOM,PNQ,2026-09-13,2026-09-20,25188.00,INR,465,Round trip,"Air India, Air India Express",1,160,WyJDalJJWm1SS1N6UTFOR0V4TUhkQlNVdDZWbWRDUnkwdExTMHRMUzB0TFhaMGJtTXlOVUZCUVVGQlIzRnNWVlpGVFhWV1FWTkJFZzFCU1RJMk1ETjhTVmd4T1RjeEdnc0k1TVFCRUFBYUEwbE9VamdjY1BqTkFRPT0iLFtbIkJPTSIsIjIwMjYtMDktMTMiLCJCTFIiLG51bGwsIkFJIiwiMjYwMyJdLFsiQkxSIiwiMjAyNi0wOS0xMyIsIlBOUSIsbnVsbCwiSVgiLCIxOTcxIl1dXQ==,2026-09-12 18:49:15.937014
976,127,BOM,PNQ,2026-09-13,2026-09-20,25571.00,INR,385,Round trip,"Air India, Air India Express",1,160,WyJDalJJWm1SS1N6UTFOR0V4TUhkQlNVdDZWbWRDUnkwdExTMHRMUzB0TFhaMGJtTXlOVUZCUVVGQlIzRnNWVlpGVFhWV1FWTkJFZzFCU1RJNE5URjhTVmd4T1RjeEdnc0k0OGNCRUFBYUEwbE9VamdjY0lqUkFRPT0iLFtbIkJPTSIsIjIwMjYtMDktMTMiLCJCTFIiLG51bGwsIkFJIiwiMjg1MSJdLFsiQkxSIiwiMjAyNi0wOS0xMyIsIlBOUSIsbnVsbCwiSVgiLCIxOTcxIl1dXQ==,2026-09-12 18:49:15.939058
977,127,BOM,PNQ,2026-09-13,2026-09-20,25590.00,INR,540,Round trip,"Air India, Air India Express",1,160,WyJDalJJWm1SS1N6UTFOR0V4TUhkQlNVdDZWbWRDUnkwdExTMHRMUzB0TFhaMGJtTXlOVUZCUVVGQlIzRnNWVlpGVFhWV1FWTkJFZzFCU1RJNE5qTjhTVmd5T1RFekdnc0k5c2NCRUFBYUEwbE9VamdjY0p6UkFRPT0iLFtbIkJPTSIsIjIwMjYtMDktMTMiLCJCTFIiLG51bGwsIkFJIiwiMjg2MyJdLFsiQkxSIiwiMjAyNi0wOS0xMyIsIlBOUSIsbnVsbCwiSVgiLCIyOTEzIl1dXQ==,2026-09-12 18:49:15.940445
978,128,BOM,AMD,2026-09-13,2026-09-20,8172.00,INR,85,Round trip,IndiGo,0,51,WyJDalJJUW1GU1NITmxkelJoWm5OQlRVeHRiSGRDUnkwdExTMHRMUzB0TFc5cllteGtOMEZCUVVGQlIzRnNWVlk0UzBKYVppMUJFZ1kyUlRVeE5USWFDZ2pzUHhBQUdnTkpUbEk0SEhEb1FnPT0iLFtbIkJPTSIsIjIwMjYtMDktMTMiLCJBTUQiLG51bGwsIjZFIiwiNTE1MiJdXV0=,2026-09-12 18:49:19.622855
979,128,BOM,AMD,2026-09-13,2026-09-20,8221.00,INR,85,Round trip,IndiGo,0,47,WyJDalJJUW1GU1NITmxkelJoWm5OQlRVeHRiSGRDUnkwdExTMHRMUzB0TFc5cllteGtOMEZCUVVGQlIzRnNWVlk0UzBKYVppMUJFZ1kyUlRJek5EY2FDZ2lkUUJBQUdnTkpUbEk0SEhDYlF3PT0iLFtbIkJPTSIsIjIwMjYtMDktMTMiLCJBTUQiLG51bGwsIjZFIiwiMjM0NyJdXV0=,2026-09-12 18:49:19.625704
980,128,BOM,AMD,2026-09-13,2026-09-20,8493.00,INR,90,Round trip,Air India,0,58,WyJDalJJUW1GU1NITmxkelJoWm5OQlRVeHRiSGRDUnkwdExTMHRMUzB0TFc5cllteGtOMEZCUVVGQlIzRnNWVlk0UzBKYVppMUJFZ1pCU1RJNE5EY2FDZ2l0UWhBQUdnTkpUbEk0SEhDNFJRPT0iLFtbIkJPTSIsIjIwMjYtMDktMTMiLCJBTUQiLG51bGwsIkFJIiwiMjg0NyJdXV0=,2026-09-12 18:49:19.628184
981,128,BOM,AMD,2026-09-13,2026-09-20,8382.00,INR,80,Round trip,IndiGo,0,47,WyJDalJJUW1GU1NITmxkelJoWm5OQlRVeHRiSGRDUnkwdExTMHRMUzB0TFc5cllteGtOMEZCUVVGQlIzRnNWVlk0UzBKYVppMUJFZ1kyUlRJeU16Y2FDZ2krUVJBQUdnTkpUbEk0SEhERVJBPT0iLFtbIkJPTSIsIjIwMjYtMDktMTMiLCJBTUQiLG51bGwsIjZFIiwiMjIzNyJdXV0=,2026-09-12 18:49:19.630323
982,128,BOM,AMD,2026-09-13,2026-09-20,8420.00,INR,80,Round trip,Air India,0,58,WyJDalJJUW1GU1NITmxkelJoWm5OQlRVeHRiSGRDUnkwdExTMHRMUzB0TFc5cllteGtOMEZCUVVGQlIzRnNWVlk0UzBKYVppMUJFZ1pCU1RJNU1Ua2FDZ2prUVJBQUdnTkpUbEk0SEhEc1JBPT0iLFtbIkJPTSIsIjIwMjYtMDktMTMiLCJBTUQiLG51bGwsIkFJIiwiMjkxOSJdXV0=,2026-09-12 18:49:19.633117
983,128,BOM,AMD,2026-09-13,2026-09-20,8493.00,INR,70,Round trip,Air India,0,76,WyJDalJJUW1GU1NITmxkelJoWm5OQlRVeHRiSGRDUnkwdExTMHRMUzB0TFc5cllteGtOMEZCUVVGQlIzRnNWVlk0UzBKYVppMUJFZ1ZCU1RRNU14b0tDSzFDRUFBYUEwbE9VamdjY0xoRiIsW1siQk9NIiwiMjAyNi0wOS0xMyIsIkFNRCIsbnVsbCwiQUkiLCI0OTMiXV1d,2026-09-12 18:49:19.635217
984,128,BOM,AMD,2026-09-13,2026-09-20,8536.00,INR,75,Round trip,IndiGo,0,60,WyJDalJJUW1GU1NITmxkelJoWm5OQlRVeHRiSGRDUnkwdExTMHRMUzB0TFc5cllteGtOMEZCUVVGQlIzRnNWVlk0UzBKYVppMUJFZ1kyUlRVeE5EUWFDZ2pZUWhBQUdnTkpUbEk0SEhEbFJRPT0iLFtbIkJPTSIsIjIwMjYtMDktMTMiLCJBTUQiLG51bGwsIjZFIiwiNTE0NCJdXV0=,2026-09-12 18:49:19.636962
985,128,BOM,AMD,2026-09-13,2026-09-20,8536.00,INR,95,Round trip,IndiGo,0,51,WyJDalJJUW1GU1NITmxkelJoWm5OQlRVeHRiSGRDUnkwdExTMHRMUzB0TFc5cllteGtOMEZCUVVGQlIzRnNWVlk0UzBKYVppMUJFZ1kyUlRVeU9ETWFDZ2pZUWhBQUdnTkpUbEk0SEhEbFJRPT0iLFtbIkJPTSIsIjIwMjYtMDktMTMiLCJBTUQiLG51bGwsIjZFIiwiNTI4MyJdXV0=,2026-09-12 18:49:19.639156
986,128,BOM,AMD,2026-09-13,2026-09-20,8697.00,INR,80,Round trip,IndiGo,0,51,WyJDalJJUW1GU1NITmxkelJoWm5OQlRVeHRiSGRDUnkwdExTMHRMUzB0TFc5cllteGtOMEZCUVVGQlIzRnNWVlk0UzBKYVppMUJFZ1UyUlRZek1ob0tDUGxERUFBYUEwbE9VamdjY0k1SCIsW1siQk9NIiwiMjAyNi0wOS0xMyIsIkFNRCIsbnVsbCwiNkUiLCI2MzIiXV1d,2026-09-12 18:49:19.64101
987,128,BOM,AMD,2026-09-13,2026-09-20,8824.00,INR,75,Round trip,Air India,0,76,WyJDalJJUW1GU1NITmxkelJoWm5OQlRVeHRiSGRDUnkwdExTMHRMUzB0TFc5cllteGtOMEZCUVVGQlIzRnNWVlk0UzBKYVppMUJFZ1pCU1RJME9UTWFDZ2o0UkJBQUdnTkpUbEk0SEhDU1NBPT0iLFtbIkJPTSIsIjIwMjYtMDktMTMiLCJBTUQiLG51bGwsIkFJIiwiMjQ5MyJdXV0=,2026-09-12 18:49:19.642345
988,128,BOM,AMD,2026-09-13,2026-09-20,8851.00,INR,80,Round trip,IndiGo,0,47,WyJDalJJUW1GU1NITmxkelJoWm5OQlRVeHRiSGRDUnkwdExTMHRMUzB0TFc5cllteGtOMEZCUVVGQlIzRnNWVlk0UzBKYVppMUJFZ1kyUlRVeE1EY2FDZ2lUUlJBQUdnTkpUbEk0SEhDdlNBPT0iLFtbIkJPTSIsIjIwMjYtMDktMTMiLCJBTUQiLG51bGwsIjZFIiwiNTEwNyJdXV0=,2026-09-12 18:49:19.64436
989,128,BOM,AMD,2026-09-13,2026-09-20,8928.00,INR,90,Round trip,Akasa Air,0,50,WyJDalJJUW1GU1NITmxkelJoWm5OQlRVeHRiSGRDUnkwdExTMHRMUzB0TFc5cllteGtOMEZCUVVGQlIzRnNWVlk0UzBKYVppMUJFZ1pSVURFeE9UVWFDZ2pnUlJBQUdnTkpUbEk0SEhEL1NBPT0iLFtbIkJPTSIsIjIwMjYtMDktMTMiLCJBTUQiLG51bGwsIlFQIiwiMTE5NSJdXV0=,2026-09-12 18:49:19.645994
990,128,BOM,AMD,2026-09-13,2026-09-20,9092.00,INR,80,Round trip,Air India,0,76,WyJDalJJUW1GU1NITmxkelJoWm5OQlRVeHRiSGRDUnkwdExTMHRMUzB0TFc5cllteGtOMEZCUVVGQlIzRnNWVlk0UzBKYVppMUJFZ1pCU1RJMU1ETWFDZ2lFUnhBQUdnTkpUbEk0SEhDclNnPT0iLFtbIkJPTSIsIjIwMjYtMDktMTMiLCJBTUQiLG51bGwsIkFJIiwiMjUwMyJdXV0=,2026-09-12 18:49:19.647471
991,128,BOM,AMD,2026-09-13,2026-09-20,9092.00,INR,80,Round trip,Air India,0,58,WyJDalJJUW1GU1NITmxkelJoWm5OQlRVeHRiSGRDUnkwdExTMHRMUzB0TFc5cllteGtOMEZCUVVGQlIzRnNWVlk0UzBKYVppMUJFZ1pCU1RJNU1UVWFDZ2lFUnhBQUdnTkpUbEk0SEhDclNnPT0iLFtbIkJPTSIsIjIwMjYtMDktMTMiLCJBTUQiLG51bGwsIkFJIiwiMjkxNSJdXV0=,2026-09-12 18:49:19.648883
992,128,BOM,AMD,2026-09-13,2026-09-20,9432.00,INR,80,Round trip,IndiGo,0,51,WyJDalJJUW1GU1NITmxkelJoWm5OQlRVeHRiSGRDUnkwdExTMHRMUzB0TFc5cllteGtOMEZCUVVGQlIzRnNWVlk0UzBKYVppMUJFZ1UyUlRreE1Sb0tDTmhKRUFBYUEwbE9VamdjY0k5TiIsW1siQk9NIiwiMjAyNi0wOS0xMyIsIkFNRCIsbnVsbCwiNkUiLCI5MTEiXV1d,2026-09-12 18:49:19.650247
993,128,BOM,AMD,2026-09-13,2026-09-20,9432.00,INR,85,Round trip,IndiGo,0,51,WyJDalJJUW1GU1NITmxkelJoWm5OQlRVeHRiSGRDUnkwdExTMHRMUzB0TFc5cllteGtOMEZCUVVGQlIzRnNWVlk0UzBKYVppMUJFZ1kyUlRVeU1ERWFDZ2pZU1JBQUdnTkpUbEk0SEhDUFRRPT0iLFtbIkJPTSIsIjIwMjYtMDktMTMiLCJBTUQiLG51bGwsIjZFIiwiNTIwMSJdXV0=,2026-09-12 18:49:19.65163
994,128,BOM,AMD,2026-09-13,2026-09-20,,INR,285,Round trip,Air India,1,207,WyJDalJJUW1GU1NITmxkelJoWm5OQlRVeHRiSGRDUnkwdExTMHRMUzB0TFc5cllteGtOMEZCUVVGQlIzRnNWVlk0UzBKYVppMUJFZ3hCU1RJNU5EUjhRVWs0TURrNEhBPT0iLFtbIkJPTSIsIjIwMjYtMDktMTMiLCJERUwiLG51bGwsIkFJIiwiMjk0NCJdLFsiREVMIiwiMjAyNi0wOS0xMyIsIkFNRCIsbnVsbCwiQUkiLCI4MDkiXV1d,2026-09-12 18:49:19.653063
995,128,BOM,AMD,2026-09-13,2026-09-20,,INR,285,Round trip,Air India,1,221,WyJDalJJUW1GU1NITmxkelJoWm5OQlRVeHRiSGRDUnkwdExTMHRMUzB0TFc5cllteGtOMEZCUVVGQlIzRnNWVlk0UzBKYVppMUJFZzFCU1RJME1EaDhRVWt5T1RBNU9Cdz0iLFtbIkJPTSIsIjIwMjYtMDktMTMiLCJERUwiLG51bGwsIkFJIiwiMjQwOCJdLFsiREVMIiwiMjAyNi0wOS0xMyIsIkFNRCIsbnVsbCwiQUkiLCIyOTA5Il1dXQ==,2026-09-12 18:49:19.655397
996,129,BOM,COK,2026-09-13,2026-09-20,17226.00,INR,115,Round trip,IndiGo,0,81,WyJDalJJVXpGelltMTZNRXBpUWtGQlIzTlZUVUZDUnkwdExTMHRMUzB0TFhaMGEzRXhPRUZCUVVGQlIzRnNWVmROUWtoemFpMUJFZ1kyUlRJd09UTWFDd2pLaGdFUUFCb0RTVTVTT0J4dzY0d0IiLFtbIkJPTSIsIjIwMjYtMDktMTMiLCJDT0siLG51bGwsIjZFIiwiMjA5MyJdXV0=,2026-09-12 18:49:26.764734
997,129,BOM,COK,2026-09-13,2026-09-20,18069.00,INR,120,Round trip,Air India,0,96,WyJDalJJVXpGelltMTZNRXBpUWtGQlIzTlZUVUZDUnkwdExTMHRMUzB0TFhaMGEzRXhPRUZCUVVGQlIzRnNWVmROUWtoemFpMUJFZ1pCU1RJM09EY2FDd2lWalFFUUFCb0RTVTVTT0J4dzNaTUIiLFtbIkJPTSIsIjIwMjYtMDktMTMiLCJDT0siLG51bGwsIkFJIiwiMjc4NyJdXV0=,2026-09-12 18:49:26.767555
998,129,BOM,COK,2026-09-13,2026-09-20,18975.00,INR,125,Round trip,Akasa Air,0,86,WyJDalJJVXpGelltMTZNRXBpUWtGQlIzTlZUVUZDUnkwdExTMHRMUzB0TFhaMGEzRXhPRUZCUVVGQlIzRnNWVmROUWtoemFpMUJFZ1pSVURFeE16Y2FDd2lmbEFFUUFCb0RTVTVTT0J4d2twc0IiLFtbIkJPTSIsIjIwMjYtMDktMTMiLCJDT0siLG51bGwsIlFQIiwiMTEzNyJdXV0=,2026-09-12 18:49:26.769311
999,129,BOM,COK,2026-09-13,2026-09-20,17699.00,INR,120,Round trip,IndiGo,0,81,WyJDalJJVXpGelltMTZNRXBpUWtGQlIzTlZUVUZDUnkwdExTMHRMUzB0TFhaMGEzRXhPRUZCUVVGQlIzRnNWVmROUWtoemFpMUJFZ1UyUlRRek54b0xDS09LQVJBQUdnTkpUbEk0SEhEYWtBRT0iLFtbIkJPTSIsIjIwMjYtMDktMTMiLCJDT0siLG51bGwsIjZFIiwiNDM3Il1dXQ==,2026-09-12 18:49:26.771937
1000,129,BOM,COK,2026-09-13,2026-09-20,18069.00,INR,120,Round trip,Air India,0,136,WyJDalJJVXpGelltMTZNRXBpUWtGQlIzTlZUVUZDUnkwdExTMHRMUzB0TFhaMGEzRXhPRUZCUVVGQlIzRnNWVmROUWtoemFpMUJFZ1ZCU1RZNE1Sb0xDSldOQVJBQUdnTkpUbEk0SEhEZGt3RT0iLFtbIkJPTSIsIjIwMjYtMDktMTMiLCJDT0siLG51bGwsIkFJIiwiNjgxIl1dXQ==,2026-09-12 18:49:26.774661
1001,129,BOM,COK,2026-09-13,2026-09-20,18713.00,INR,110,Round trip,IndiGo,0,81,WyJDalJJVXpGelltMTZNRXBpUWtGQlIzTlZUVUZDUnkwdExTMHRMUzB0TFhaMGEzRXhPRUZCUVVGQlIzRnNWVmROUWtoemFpMUJFZ1UyUlRZM014b0xDSm1TQVJBQUdnTkpUbEk0SEhEL21BRT0iLFtbIkJPTSIsIjIwMjYtMDktMTMiLCJDT0siLG51bGwsIjZFIiwiNjczIl1dXQ==,2026-09-12 18:49:26.776636
1002,129,BOM,COK,2026-09-13,2026-09-20,18746.00,INR,125,Round trip,Air India,0,96,WyJDalJJVXpGelltMTZNRXBpUWtGQlIzTlZUVUZDUnkwdExTMHRMUzB0TFhaMGEzRXhPRUZCUVVGQlIzRnNWVmROUWtoemFpMUJFZ1pCU1RJNE5UVWFDd2k2a2dFUUFCb0RTVTVTT0J4d29wa0IiLFtbIkJPTSIsIjIwMjYtMDktMTMiLCJDT0siLG51bGwsIkFJIiwiMjg1NSJdXV0=,2026-09-12 18:49:26.778386
1003,129,BOM,COK,2026-09-13,2026-09-20,18766.00,INR,120,Round trip,Air India Express,0,111,WyJDalJJVXpGelltMTZNRXBpUWtGQlIzTlZUVUZDUnkwdExTMHRMUzB0TFhaMGEzRXhPRUZCUVVGQlIzRnNWVmROUWtoemFpMUJFZ1pKV0RFNE1ERWFDd2pPa2dFUUFCb0RTVTVTT0J4d3Q1a0IiLFtbIkJPTSIsIjIwMjYtMDktMTMiLCJDT0siLG51bGwsIklYIiwiMTgwMSJdXV0=,2026-09-12 18:49:26.780278
1004,129,BOM,COK,2026-09-13,2026-09-20,18810.00,INR,115,Round trip,IndiGo,0,81,WyJDalJJVXpGelltMTZNRXBpUWtGQlIzTlZUVUZDUnkwdExTMHRMUzB0TFhaMGEzRXhPRUZCUVVGQlIzRnNWVmROUWtoemFpMUJFZ1kyUlRZM01ERWFDd2o2a2dFUUFCb0RTVTVTT0J4dzVaa0IiLFtbIkJPTSIsIjIwMjYtMDktMTMiLCJDT0siLG51bGwsIjZFIiwiNjcwMSJdXV0=,2026-09-12 18:49:26.782372
1005,129,BOM,COK,2026-09-13,2026-09-20,18970.00,INR,120,Round trip,Air India Express,0,97,WyJDalJJVXpGelltMTZNRXBpUWtGQlIzTlZUVUZDUnkwdExTMHRMUzB0TFhaMGEzRXhPRUZCUVVGQlIzRnNWVmROUWtoemFpMUJFZ1pKV0RFNE1UQWFDd2lhbEFFUUFCb0RTVTVTT0J4d2pKc0IiLFtbIkJPTSIsIjIwMjYtMDktMTMiLCJDT0siLG51bGwsIklYIiwiMTgxMCJdXV0=,2026-09-12 18:49:26.784297
1006,129,BOM,COK,2026-09-13,2026-09-20,19793.00,INR,120,Round trip,Air India Express,0,111,WyJDalJJVXpGelltMTZNRXBpUWtGQlIzTlZUVUZDUnkwdExTMHRMUzB0TFhaMGEzRXhPRUZCUVVGQlIzRnNWVmROUWtoemFpMUJFZ1pKV0RFM09UY2FDd2pSbWdFUUFCb0RTVTVTT0J4dzZxRUIiLFtbIkJPTSIsIjIwMjYtMDktMTMiLCJDT0siLG51bGwsIklYIiwiMTc5NyJdXV0=,2026-09-12 18:49:26.785861
1007,130,BOM,GOI,2026-09-13,2026-09-20,12403.00,INR,80,Round trip,Air India Express,0,56,WyJDalJJWDBoWGFIaFNkMkpSWkRSQlIxVnhWRkZDUnkwdExTMHRMUzB0TFhscGRISXhPVUZCUVVGQlIzRnNWVmR2UjNKTFRXbEJFZ1pKV0RFeU5ESWFDZ2p6WUJBQUdnTkpUbEk0SEhDMFpRPT0iLFtbIkJPTSIsIjIwMjYtMDktMTMiLCJHT0kiLG51bGwsIklYIiwiMTI0MiJdXV0=,2026-09-12 18:49:35.142017
1008,130,BOM,GOI,2026-09-13,2026-09-20,13073.00,INR,85,Round trip,IndiGo,0,57,WyJDalJJWDBoWGFIaFNkMkpSWkRSQlIxVnhWRkZDUnkwdExTMHRMUzB0TFhscGRISXhPVUZCUVVGQlIzRnNWVmR2UjNKTFRXbEJFZ1kyUlRVeU5ERWFDZ2lSWmhBQUdnTkpUbEk0SEhEeGFnPT0iLFtbIkJPTSIsIjIwMjYtMDktMTMiLCJHT0kiLG51bGwsIjZFIiwiNTI0MSJdXV0=,2026-09-12 18:49:35.14512
1009,130,BOM,GOI,2026-09-13,2026-09-20,13107.00,INR,90,Round trip,Air India,0,55,WyJDalJJWDBoWGFIaFNkMkpSWkRSQlIxVnhWRkZDUnkwdExTMHRMUzB0TFhscGRISXhPVUZCUVVGQlIzRnNWVmR2UjNKTFRXbEJFZ1pCU1RJMU1EVWFDZ2l6WmhBQUdnTkpUbEk0SEhDVmF3PT0iLFtbIkJPTSIsIjIwMjYtMDktMTMiLCJHT0kiLG51bGwsIkFJIiwiMjUwNSJdXV0=,2026-09-12 18:49:35.147706
1010,130,BOM,GOI,2026-09-13,2026-09-20,13976.00,INR,80,Round trip,Air India Express,0,56,WyJDalJJWDBoWGFIaFNkMkpSWkRSQlIxVnhWRkZDUnkwdExTMHRMUzB0TFhscGRISXhPVUZCUVVGQlIzRnNWVmR2UjNKTFRXbEJFZ1pKV0RFeU16Z2FDZ2lZYlJBQUdnTkpUbEk0SEhDaWNnPT0iLFtbIkJPTSIsIjIwMjYtMDktMTMiLCJHT0kiLG51bGwsIklYIiwiMTIzOCJdXV0=,2026-09-12 18:49:35.150248
1011,130,BOM,GOI,2026-09-13,2026-09-20,14438.00,INR,80,Round trip,IndiGo,0,49,WyJDalJJWDBoWGFIaFNkMkpSWkRSQlIxVnhWRkZDUnkwdExTMHRMUzB0TFhscGRISXhPVUZCUVVGQlIzRnNWVmR2UjNKTFRXbEJFZ1kyUlRVeE1EWWFDZ2ptY0JBQUdnTkpUbEk0SEhDR2RnPT0iLFtbIkJPTSIsIjIwMjYtMDktMTMiLCJHT0kiLG51bGwsIjZFIiwiNTEwNiJdXV0=,2026-09-12 18:49:35.153634
1012,130,BOM,GOI,2026-09-13,2026-09-20,14776.00,INR,80,Round trip,Air India,0,55,WyJDalJJWDBoWGFIaFNkMkpSWkRSQlIxVnhWRkZDUnkwdExTMHRMUzB0TFhscGRISXhPVUZCUVVGQlIzRnNWVmR2UjNKTFRXbEJFZ1pCU1RJM05EVWFDZ2k0Y3hBQUdnTkpUbEk0SEhEbmVBPT0iLFtbIkJPTSIsIjIwMjYtMDktMTMiLCJHT0kiLG51bGwsIkFJIiwiMjc0NSJdXV0=,2026-09-12 18:49:35.156619
1013,130,BOM,GOI,2026-09-13,2026-09-20,15908.00,INR,70,Round trip,IndiGo,0,45,WyJDalJJWDBoWGFIaFNkMkpSWkRSQlIxVnhWRkZDUnkwdExTMHRMUzB0TFhscGRISXhPVUZCUVVGQlIzRnNWVmR2UjNKTFRXbEJFZ1UyUlRJMk1Sb0tDS1I4RUFBYUEwbE9VamdjY0lpQ0FRPT0iLFtbIkJPTSIsIjIwMjYtMDktMTMiLCJHT0kiLG51bGwsIjZFIiwiMjYxIl1dXQ==,2026-09-12 18:49:35.15897
1014,130,BOM,GOI,2026-09-13,2026-09-20,15931.00,INR,75,Round trip,Air India,0,79,WyJDalJJWDBoWGFIaFNkMkpSWkRSQlIxVnhWRkZDUnkwdExTMHRMUzB0TFhscGRISXhPVUZCUVVGQlIzRnNWVmR2UjNKTFRXbEJFZ1pCU1RJME56Y2FDZ2k3ZkJBQUdnTkpUbEk0SEhDZ2dnRT0iLFtbIkJPTSIsIjIwMjYtMDktMTMiLCJHT0kiLG51bGwsIkFJIiwiMjQ3NyJdXV0=,2026-09-12 18:49:35.161277
1015,130,BOM,GOI,2026-09-13,2026-09-20,16958.00,INR,75,Round trip,IndiGo,0,45,WyJDalJJWDBoWGFIaFNkMkpSWkRSQlIxVnhWRkZDUnkwdExTMHRMUzB0TFhscGRISXhPVUZCUVVGQlIzRnNWVmR2UjNKTFRXbEJFZ1UyUlRJek1Cb0xDTDZFQVJBQUdnTkpUbEk0SEhEVGlnRT0iLFtbIkJPTSIsIjIwMjYtMDktMTMiLCJHT0kiLG51bGwsIjZFIiwiMjMwIl1dXQ==,2026-09-12 18:49:35.163845
1016,130,BOM,GOI,2026-09-13,2026-09-20,19449.00,INR,80,Round trip,Air India,0,70,WyJDalJJWDBoWGFIaFNkMkpSWkRSQlIxVnhWRkZDUnkwdExTMHRMUzB0TFhscGRISXhPVUZCUVVGQlIzRnNWVmR2UjNKTFRXbEJFZ1pCU1RJME1qQWFDd2o1bHdFUUFCb0RTVTVTT0J4d2dwOEIiLFtbIkJPTSIsIjIwMjYtMDktMTMiLCJHT0kiLG51bGwsIkFJIiwiMjQyMCJdXV0=,2026-09-12 18:49:35.166011
1017,130,BOM,GOI,2026-09-13,2026-09-20,23701.00,INR,65,Round trip,IndiGo,0,45,WyJDalJJWDBoWGFIaFNkMkpSWkRSQlIxVnhWRkZDUnkwdExTMHRMUzB0TFhscGRISXhPVUZCUVVGQlIzRnNWVmR2UjNKTFRXbEJFZ1kyUlRZek5qRWFDd2lWdVFFUUFCb0RTVTVTT0J4dzQ4RUIiLFtbIkJPTSIsIjIwMjYtMDktMTMiLCJHT0kiLG51bGwsIjZFIiwiNjM2MSJdXV0=,2026-09-12 18:49:35.168303
1018,130,BOM,GOI,2026-09-13,2026-09-20,23911.00,INR,80,Round trip,Air India,0,55,WyJDalJJWDBoWGFIaFNkMkpSWkRSQlIxVnhWRkZDUnkwdExTMHRMUzB0TFhscGRISXhPVUZCUVVGQlIzRnNWVmR2UjNKTFRXbEJFZ1ZCU1RZd014b0xDT2U2QVJBQUdnTkpUbEk0SEhDL3d3RT0iLFtbIkJPTSIsIjIwMjYtMDktMTMiLCJHT0kiLG51bGwsIkFJIiwiNjAzIl1dXQ==,2026-09-12 18:49:35.170459
1019,131,HYD,BLR,2026-09-13,2026-09-20,8612.00,INR,75,Round trip,IndiGo,0,48,WyJDalJJTmtkM1JEQjVjazU2V2xGQlNWOU9SbmRDUnkwdExTMHRMUzB0TFMxdmEyeDZOVUZCUVVGQlIzRnNWVmhKU1hCblFYVkJFZ1UyUlRReE14b0tDS1JERUFBYUEwbE9VamdjY0xWRyIsW1siSFlEIiwiMjAyNi0wOS0xMyIsIkJMUiIsbnVsbCwiNkUiLCI0MTMiXV1d,2026-09-12 18:49:41.192784
1020,131,HYD,BLR,2026-09-13,2026-09-20,8612.00,INR,85,Round trip,IndiGo,0,48,WyJDalJJTmtkM1JEQjVjazU2V2xGQlNWOU9SbmRDUnkwdExTMHRMUzB0TFMxdmEyeDZOVUZCUVVGQlIzRnNWVmhKU1hCblFYVkJFZ1UyUlRFMU1Sb0tDS1JERUFBYUEwbE9VamdjY0xWRyIsW1siSFlEIiwiMjAyNi0wOS0xMyIsIkJMUiIsbnVsbCwiNkUiLCIxNTEiXV1d,2026-09-12 18:49:41.196267
1021,131,HYD,BLR,2026-09-13,2026-09-20,8903.00,INR,80,Round trip,Air India Express,0,56,WyJDalJJTmtkM1JEQjVjazU2V2xGQlNWOU9SbmRDUnkwdExTMHRMUzB0TFMxdmEyeDZOVUZCUVVGQlIzRnNWVmhKU1hCblFYVkJFZ1pKV0RJd01Ua2FDZ2pIUlJBQUdnTkpUbEk0SEhEbFNBPT0iLFtbIkhZRCIsIjIwMjYtMDktMTMiLCJCTFIiLG51bGwsIklYIiwiMjAxOSJdXV0=,2026-09-12 18:49:41.199041
1022,131,HYD,BLR,2026-09-13,2026-09-20,9266.00,INR,85,Round trip,Air India Express,0,61,WyJDalJJTmtkM1JEQjVjazU2V2xGQlNWOU9SbmRDUnkwdExTMHRMUzB0TFMxdmEyeDZOVUZCUVVGQlIzRnNWVmhKU1hCblFYVkJFZ1pKV0RJNU16UWFDZ2l5U0JBQUdnTkpUbEk0SEhEaFN3PT0iLFtbIkhZRCIsIjIwMjYtMDktMTMiLCJCTFIiLG51bGwsIklYIiwiMjkzNCJdXV0=,2026-09-12 18:49:41.201711
1023,131,HYD,BLR,2026-09-13,2026-09-20,9836.00,INR,80,Round trip,Air India Express,0,58,WyJDalJJTmtkM1JEQjVjazU2V2xGQlNWOU9SbmRDUnkwdExTMHRMUzB0TFMxdmEyeDZOVUZCUVVGQlIzRnNWVmhKU1hCblFYVkJFZ1pKV0RFek56Z2FDZ2pzVEJBQUdnTkpUbEk0SEhDMVVBPT0iLFtbIkhZRCIsIjIwMjYtMDktMTMiLCJCTFIiLG51bGwsIklYIiwiMTM3OCJdXV0=,2026-09-12 18:49:41.203992
1024,131,HYD,BLR,2026-09-13,2026-09-20,10049.00,INR,85,Round trip,Air India Express,0,58,WyJDalJJTmtkM1JEQjVjazU2V2xGQlNWOU9SbmRDUnkwdExTMHRMUzB0TFMxdmEyeDZOVUZCUVVGQlIzRnNWVmhKU1hCblFYVkJFZ1pKV0RJNU9ETWFDZ2pCVGhBQUdnTkpUbEk0SEhDVVVnPT0iLFtbIkhZRCIsIjIwMjYtMDktMTMiLCJCTFIiLG51bGwsIklYIiwiMjk4MyJdXV0=,2026-09-12 18:49:41.206317
1025,131,HYD,BLR,2026-09-13,2026-09-20,10133.00,INR,80,Round trip,IndiGo,0,48,WyJDalJJTmtkM1JEQjVjazU2V2xGQlNWOU9SbmRDUnkwdExTMHRMUzB0TFMxdmEyeDZOVUZCUVVGQlIzRnNWVmhKU1hCblFYVkJFZ1kyUlRZMU1EVWFDZ2lWVHhBQUdnTkpUbEk0SEhEc1VnPT0iLFtbIkhZRCIsIjIwMjYtMDktMTMiLCJCTFIiLG51bGwsIjZFIiwiNjUwNSJdXV0=,2026-09-12 18:49:41.208937
1026,131,HYD,BLR,2026-09-13,2026-09-20,10616.00,INR,80,Round trip,IndiGo,0,53,WyJDalJJTmtkM1JEQjVjazU2V2xGQlNWOU9SbmRDUnkwdExTMHRMUzB0TFMxdmEyeDZOVUZCUVVGQlIzRnNWVmhKU1hCblFYVkJFZ1UyUlRJNE5Sb0tDUGhTRUFBYUEwbE9VamdjY09aVyIsW1siSFlEIiwiMjAyNi0wOS0xMyIsIkJMUiIsbnVsbCwiNkUiLCIyODUiXV1d,2026-09-12 18:49:41.21135
1027,131,HYD,BLR,2026-09-13,2026-09-20,10931.00,INR,75,Round trip,Star Air,0,,WyJDalJJTmtkM1JEQjVjazU2V2xGQlNWOU9SbmRDUnkwdExTMHRMUzB0TFMxdmEyeDZOVUZCUVVGQlIzRnNWVmhKU1hCblFYVkJFZ1ZUTlRFMU1ob0tDTE5WRUFBYUEwbE9VamdjY0s5WiIsW1siSFlEIiwiMjAyNi0wOS0xMyIsIkJMUiIsbnVsbCwiUzUiLCIxNTIiXV1d,2026-09-12 18:49:41.21523
1028,131,HYD,BLR,2026-09-13,2026-09-20,11149.00,INR,80,Round trip,IndiGo,0,53,WyJDalJJTmtkM1JEQjVjazU2V2xGQlNWOU9SbmRDUnkwdExTMHRMUzB0TFMxdmEyeDZOVUZCUVVGQlIzRnNWVmhKU1hCblFYVkJFZ1kyUlRZd05qWWFDZ2lOVnhBQUdnTkpUbEk0SEhDVVd3PT0iLFtbIkhZRCIsIjIwMjYtMDktMTMiLCJCTFIiLG51bGwsIjZFIiwiNjA2NiJdXV0=,2026-09-12 18:49:41.217633
1029,131,HYD,BLR,2026-09-13,2026-09-20,11149.00,INR,80,Round trip,IndiGo,0,53,WyJDalJJTmtkM1JEQjVjazU2V2xGQlNWOU9SbmRDUnkwdExTMHRMUzB0TFMxdmEyeDZOVUZCUVVGQlIzRnNWVmhKU1hCblFYVkJFZ1kyUlRZME1UY2FDZ2lOVnhBQUdnTkpUbEk0SEhDVVd3PT0iLFtbIkhZRCIsIjIwMjYtMDktMTMiLCJCTFIiLG51bGwsIjZFIiwiNjQxNyJdXV0=,2026-09-12 18:49:41.219838
1030,131,HYD,BLR,2026-09-13,2026-09-20,11149.00,INR,80,Round trip,IndiGo,0,53,WyJDalJJTmtkM1JEQjVjazU2V2xGQlNWOU9SbmRDUnkwdExTMHRMUzB0TFMxdmEyeDZOVUZCUVVGQlIzRnNWVmhKU1hCblFYVkJFZ1kyUlRZM09ETWFDZ2lOVnhBQUdnTkpUbEk0SEhDVVd3PT0iLFtbIkhZRCIsIjIwMjYtMDktMTMiLCJCTFIiLG51bGwsIjZFIiwiNjc4MyJdXV0=,2026-09-12 18:49:41.222072
1031,131,HYD,BLR,2026-09-13,2026-09-20,12387.00,INR,80,Round trip,IndiGo,0,48,WyJDalJJTmtkM1JEQjVjazU2V2xGQlNWOU9SbmRDUnkwdExTMHRMUzB0TFMxdmEyeDZOVUZCUVVGQlIzRnNWVmhKU1hCblFYVkJFZ1UyUlRNeE5Cb0tDT05nRUFBYUEwbE9VamdjY0tObCIsW1siSFlEIiwiMjAyNi0wOS0xMyIsIkJMUiIsbnVsbCwiNkUiLCIzMTQiXV1d,2026-09-12 18:49:41.224327
1032,131,HYD,BLR,2026-09-13,2026-09-20,13104.00,INR,80,Round trip,IndiGo,0,48,WyJDalJJTmtkM1JEQjVjazU2V2xGQlNWOU9SbmRDUnkwdExTMHRMUzB0TFMxdmEyeDZOVUZCUVVGQlIzRnNWVmhKU1hCblFYVkJFZ1kyUlRZME1EVWFDZ2l3WmhBQUdnTkpUbEk0SEhDUmF3PT0iLFtbIkhZRCIsIjIwMjYtMDktMTMiLCJCTFIiLG51bGwsIjZFIiwiNjQwNSJdXV0=,2026-09-12 18:49:41.226659
1033,132,HYD,DEL,2026-09-13,2026-09-20,16685.00,INR,145,Round trip,Air India,0,113,WyJDalJJYUhOd2RqaExjRm8zZW1kQlNFZHNiMmRDUnkwdExTMHRMUzF2YTNSd09DMXVNVUZCUVVGQlIzRnNWVmd3VFhkMWMwOUJFZ1pCU1RFNE1EWWFDd2l0Z2dFUUFCb0RTVTVTT0J4d3RZZ0IiLFtbIkhZRCIsIjIwMjYtMDktMTMiLCJERUwiLG51bGwsIkFJIiwiMTgwNiJdXV0=,2026-09-12 18:49:50.200308
1034,132,HYD,DEL,2026-09-13,2026-09-20,16746.00,INR,135,Round trip,IndiGo,0,98,WyJDalJJYUhOd2RqaExjRm8zZW1kQlNFZHNiMmRDUnkwdExTMHRMUzF2YTNSd09DMXVNVUZCUVVGQlIzRnNWVmd3VFhkMWMwOUJFZ1kyUlRZd01qVWFDd2pxZ2dFUUFCb0RTVTVTT0J4dzlZZ0IiLFtbIkhZRCIsIjIwMjYtMDktMTMiLCJERUwiLG51bGwsIjZFIiwiNjAyNSJdXV0=,2026-09-12 18:49:50.203348
1035,132,HYD,DEL,2026-09-13,2026-09-20,17858.00,INR,135,Round trip,Akasa Air,0,99,WyJDalJJYUhOd2RqaExjRm8zZW1kQlNFZHNiMmRDUnkwdExTMHRMUzF2YTNSd09DMXVNVUZCUVVGQlIzRnNWVmd3VFhkMWMwOUJFZ1pSVURFME1EVWFDd2pDaXdFUUFCb0RTVTVTT0J4d2daSUIiLFtbIkhZRCIsIjIwMjYtMDktMTMiLCJERUwiLG51bGwsIlFQIiwiMTQwNSJdXV0=,2026-09-12 18:49:50.205912
1036,132,HYD,DEL,2026-09-13,2026-09-20,16262.00,INR,315,Round trip,IndiGo,1,177,WyJDalJJYUhOd2RqaExjRm8zZW1kQlNFZHNiMmRDUnkwdExTMHRMUzF2YTNSd09DMXVNVUZCUVVGQlIzRnNWVmd3VFhkMWMwOUJFZ3cyUlRZd05qWjhOa1U0TURrYUNnaUdmeEFBR2dOSlRsSTRISEQ2aEFFPSIsW1siSFlEIiwiMjAyNi0wOS0xMyIsIkJMUiIsbnVsbCwiNkUiLCI2MDY2Il0sWyJCTFIiLCIyMDI2LTA5LTEzIiwiREVMIixudWxsLCI2RSIsIjgwOSJdXV0=,2026-09-12 18:49:50.208479
1037,132,HYD,DEL,2026-09-13,2026-09-20,16262.00,INR,345,Round trip,IndiGo,1,172,WyJDalJJYUhOd2RqaExjRm8zZW1kQlNFZHNiMmRDUnkwdExTMHRMUzF2YTNSd09DMXVNVUZCUVVGQlIzRnNWVmd3VFhkMWMwOUJFZ3MyUlRNeE5IdzJSVGczTUJvS0NJWi9FQUFhQTBsT1VqZ2NjUHFFQVE9PSIsW1siSFlEIiwiMjAyNi0wOS0xMyIsIkJMUiIsbnVsbCwiNkUiLCIzMTQiXSxbIkJMUiIsIjIwMjYtMDktMTMiLCJERUwiLG51bGwsIjZFIiwiODcwIl1dXQ==,2026-09-12 18:49:50.211422
1038,132,HYD,DEL,2026-09-13,2026-09-20,16262.00,INR,345,Round trip,IndiGo,1,177,WyJDalJJYUhOd2RqaExjRm8zZW1kQlNFZHNiMmRDUnkwdExTMHRMUzF2YTNSd09DMXVNVUZCUVVGQlIzRnNWVmd3VFhkMWMwOUJFZ3cyUlRZME1UZDhOa1U0TVRjYUNnaUdmeEFBR2dOSlRsSTRISEQ2aEFFPSIsW1siSFlEIiwiMjAyNi0wOS0xMyIsIkJMUiIsbnVsbCwiNkUiLCI2NDE3Il0sWyJCTFIiLCIyMDI2LTA5LTEzIiwiREVMIixudWxsLCI2RSIsIjgxNyJdXV0=,2026-09-12 18:49:50.214196
1039,132,HYD,DEL,2026-09-13,2026-09-20,16685.00,INR,150,Round trip,Air India,0,113,WyJDalJJYUhOd2RqaExjRm8zZW1kQlNFZHNiMmRDUnkwdExTMHRMUzF2YTNSd09DMXVNVUZCUVVGQlIzRnNWVmd3VFhkMWMwOUJFZ1pCU1RFNE9EQWFDd2l0Z2dFUUFCb0RTVTVTT0J4d3RZZ0IiLFtbIkhZRCIsIjIwMjYtMDktMTMiLCJERUwiLG51bGwsIkFJIiwiMTg4MCJdXV0=,2026-09-12 18:49:50.216766
1040,132,HYD,DEL,2026-09-13,2026-09-20,16685.00,INR,150,Round trip,Air India,0,113,WyJDalJJYUhOd2RqaExjRm8zZW1kQlNFZHNiMmRDUnkwdExTMHRMUzF2YTNSd09DMXVNVUZCUVVGQlIzRnNWVmd3VFhkMWMwOUJFZ1pCU1RJM056WWFDd2l0Z2dFUUFCb0RTVTVTT0J4d3RZZ0IiLFtbIkhZRCIsIjIwMjYtMDktMTMiLCJERUwiLG51bGwsIkFJIiwiMjc3NiJdXV0=,2026-09-12 18:49:50.21905
1041,132,HYD,DEL,2026-09-13,2026-09-20,16746.00,INR,145,Round trip,IndiGo,0,98,WyJDalJJYUhOd2RqaExjRm8zZW1kQlNFZHNiMmRDUnkwdExTMHRMUzF2YTNSd09DMXVNVUZCUVVGQlIzRnNWVmd3VFhkMWMwOUJFZ1UyUlRjd05ob0xDT3FDQVJBQUdnTkpUbEk0SEhEMWlBRT0iLFtbIkhZRCIsIjIwMjYtMDktMTMiLCJERUwiLG51bGwsIjZFIiwiNzA2Il1dXQ==,2026-09-12 18:49:50.222212
1042,132,HYD,DEL,2026-09-13,2026-09-20,16746.00,INR,140,Round trip,IndiGo,0,98,WyJDalJJYUhOd2RqaExjRm8zZW1kQlNFZHNiMmRDUnkwdExTMHRMUzF2YTNSd09DMXVNVUZCUVVGQlIzRnNWVmd3VFhkMWMwOUJFZ1UyUlRjd054b0xDT3FDQVJBQUdnTkpUbEk0SEhEMWlBRT0iLFtbIkhZRCIsIjIwMjYtMDktMTMiLCJERUwiLG51bGwsIjZFIiwiNzA3Il1dXQ==,2026-09-12 18:49:50.224385
1043,132,HYD,DEL,2026-09-13,2026-09-20,16801.00,INR,150,Round trip,Air India,0,113,WyJDalJJYUhOd2RqaExjRm8zZW1kQlNFZHNiMmRDUnkwdExTMHRMUzF2YTNSd09DMXVNVUZCUVVGQlIzRnNWVmd3VFhkMWMwOUJFZ1pCU1RFNE5qWWFDd2loZ3dFUUFCb0RTVTVTT0J4d3Jva0IiLFtbIkhZRCIsIjIwMjYtMDktMTMiLCJERUwiLG51bGwsIkFJIiwiMTg2NiJdXV0=,2026-09-12 18:49:50.2264
1044,132,HYD,DEL,2026-09-13,2026-09-20,16801.00,INR,155,Round trip,Air India,0,113,WyJDalJJYUhOd2RqaExjRm8zZW1kQlNFZHNiMmRDUnkwdExTMHRMUzF2YTNSd09DMXVNVUZCUVVGQlIzRnNWVmd3VFhkMWMwOUJFZ1pCU1RJMU5ERWFDd2loZ3dFUUFCb0RTVTVTT0J4d3Jva0IiLFtbIkhZRCIsIjIwMjYtMDktMTMiLCJERUwiLG51bGwsIkFJIiwiMjU0MSJdXV0=,2026-09-12 18:49:50.228946
1045,132,HYD,DEL,2026-09-13,2026-09-20,17218.00,INR,145,Round trip,IndiGo,0,98,WyJDalJJYUhOd2RqaExjRm8zZW1kQlNFZHNiMmRDUnkwdExTMHRMUzF2YTNSd09DMXVNVUZCUVVGQlIzRnNWVmd3VFhkMWMwOUJFZ1UyUlRjeE1Cb0xDTUtHQVJBQUdnTkpUbEk0SEhEampBRT0iLFtbIkhZRCIsIjIwMjYtMDktMTMiLCJERUwiLG51bGwsIjZFIiwiNzEwIl1dXQ==,2026-09-12 18:49:50.231282
1046,132,HYD,DEL,2026-09-13,2026-09-20,17218.00,INR,145,Round trip,IndiGo,0,98,WyJDalJJYUhOd2RqaExjRm8zZW1kQlNFZHNiMmRDUnkwdExTMHRMUzF2YTNSd09DMXVNVUZCUVVGQlIzRnNWVmd3VFhkMWMwOUJFZ1UyUlRnNU1Cb0xDTUtHQVJBQUdnTkpUbEk0SEhEampBRT0iLFtbIkhZRCIsIjIwMjYtMDktMTMiLCJERUwiLG51bGwsIjZFIiwiODkwIl1dXQ==,2026-09-12 18:49:50.233533
1047,132,HYD,DEL,2026-09-13,2026-09-20,17590.00,INR,150,Round trip,Air India,0,113,WyJDalJJYUhOd2RqaExjRm8zZW1kQlNFZHNiMmRDUnkwdExTMHRMUzF2YTNSd09DMXVNVUZCUVVGQlIzRnNWVmd3VFhkMWMwOUJFZ1pCU1RJNE5qQWFDd2kyaVFFUUFCb0RTVTVTT0J4dzZJOEIiLFtbIkhZRCIsIjIwMjYtMDktMTMiLCJERUwiLG51bGwsIkFJIiwiMjg2MCJdXV0=,2026-09-12 18:49:50.235826
1048,132,HYD,DEL,2026-09-13,2026-09-20,17590.00,INR,140,Round trip,Air India,0,113,WyJDalJJYUhOd2RqaExjRm8zZW1kQlNFZHNiMmRDUnkwdExTMHRMUzF2YTNSd09DMXVNVUZCUVVGQlIzRnNWVmd3VFhkMWMwOUJFZ1pCU1RJME5qWWFDd2kyaVFFUUFCb0RTVTVTT0J4dzZJOEIiLFtbIkhZRCIsIjIwMjYtMDktMTMiLCJERUwiLG51bGwsIkFJIiwiMjQ2NiJdXV0=,2026-09-12 18:49:50.237977
1049,132,HYD,DEL,2026-09-13,2026-09-20,17590.00,INR,150,Round trip,Air India,0,113,WyJDalJJYUhOd2RqaExjRm8zZW1kQlNFZHNiMmRDUnkwdExTMHRMUzF2YTNSd09DMXVNVUZCUVVGQlIzRnNWVmd3VFhkMWMwOUJFZ1pCU1RJMU5Ua2FDd2kyaVFFUUFCb0RTVTVTT0J4dzZJOEIiLFtbIkhZRCIsIjIwMjYtMDktMTMiLCJERUwiLG51bGwsIkFJIiwiMjU1OSJdXV0=,2026-09-12 18:49:50.240597
1050,132,HYD,DEL,2026-09-13,2026-09-20,17590.00,INR,150,Round trip,Air India,0,113,WyJDalJJYUhOd2RqaExjRm8zZW1kQlNFZHNiMmRDUnkwdExTMHRMUzF2YTNSd09DMXVNVUZCUVVGQlIzRnNWVmd3VFhkMWMwOUJFZ1pCU1RJNE9UQWFDd2kyaVFFUUFCb0RTVTVTT0J4dzZJOEIiLFtbIkhZRCIsIjIwMjYtMDktMTMiLCJERUwiLG51bGwsIkFJIiwiMjg5MCJdXV0=,2026-09-12 18:49:50.242243
1051,132,HYD,DEL,2026-09-13,2026-09-20,17590.00,INR,145,Round trip,Air India,0,111,WyJDalJJYUhOd2RqaExjRm8zZW1kQlNFZHNiMmRDUnkwdExTMHRMUzF2YTNSd09DMXVNVUZCUVVGQlIzRnNWVmd3VFhkMWMwOUJFZ1pCU1RJMU1qQWFDd2kyaVFFUUFCb0RTVTVTT0J4dzZJOEIiLFtbIkhZRCIsIjIwMjYtMDktMTMiLCJERUwiLG51bGwsIkFJIiwiMjUyMCJdXV0=,2026-09-12 18:49:50.243776
1052,132,HYD,DEL,2026-09-13,2026-09-20,17590.00,INR,145,Round trip,Air India,0,113,WyJDalJJYUhOd2RqaExjRm8zZW1kQlNFZHNiMmRDUnkwdExTMHRMUzF2YTNSd09DMXVNVUZCUVVGQlIzRnNWVmd3VFhkMWMwOUJFZ1pCU1RJNE56QWFDd2kyaVFFUUFCb0RTVTVTT0J4dzZJOEIiLFtbIkhZRCIsIjIwMjYtMDktMTMiLCJERUwiLG51bGwsIkFJIiwiMjg3MCJdXV0=,2026-09-12 18:49:50.245307
1053,132,HYD,DEL,2026-09-13,2026-09-20,17726.00,INR,150,Round trip,IndiGo,0,98,WyJDalJJYUhOd2RqaExjRm8zZW1kQlNFZHNiMmRDUnkwdExTMHRMUzF2YTNSd09DMXVNVUZCUVVGQlIzRnNWVmd3VFhkMWMwOUJFZ1kyUlRZeU9ERWFDd2kraWdFUUFCb0RTVTVTT0J4dzlwQUIiLFtbIkhZRCIsIjIwMjYtMDktMTMiLCJERUwiLG51bGwsIjZFIiwiNjI4MSJdXV0=,2026-09-12 18:49:50.246909
1054,132,HYD,DEL,2026-09-13,2026-09-20,17726.00,INR,140,Round trip,IndiGo,0,98,WyJDalJJYUhOd2RqaExjRm8zZW1kQlNFZHNiMmRDUnkwdExTMHRMUzF2YTNSd09DMXVNVUZCUVVGQlIzRnNWVmd3VFhkMWMwOUJFZ1kyUlRZeU1ESWFDd2kraWdFUUFCb0RTVTVTT0J4dzlwQUIiLFtbIkhZRCIsIjIwMjYtMDktMTMiLCJERUwiLG51bGwsIjZFIiwiNjIwMiJdXV0=,2026-09-12 18:49:50.248426
1055,132,HYD,DEL,2026-09-13,2026-09-20,17726.00,INR,145,Round trip,IndiGo,0,98,WyJDalJJYUhOd2RqaExjRm8zZW1kQlNFZHNiMmRDUnkwdExTMHRMUzF2YTNSd09DMXVNVUZCUVVGQlIzRnNWVmd3VFhkMWMwOUJFZ1kyUlRZd016RWFDd2kraWdFUUFCb0RTVTVTT0J4dzlwQUIiLFtbIkhZRCIsIjIwMjYtMDktMTMiLCJERUwiLG51bGwsIjZFIiwiNjAzMSJdXV0=,2026-09-12 18:49:50.249897
1056,132,HYD,DEL,2026-09-13,2026-09-20,17726.00,INR,150,Round trip,IndiGo,0,98,WyJDalJJYUhOd2RqaExjRm8zZW1kQlNFZHNiMmRDUnkwdExTMHRMUzF2YTNSd09DMXVNVUZCUVVGQlIzRnNWVmd3VFhkMWMwOUJFZ1kyUlRZek56SWFDd2kraWdFUUFCb0RTVTVTT0J4dzlwQUIiLFtbIkhZRCIsIjIwMjYtMDktMTMiLCJERUwiLG51bGwsIjZFIiwiNjM3MiJdXV0=,2026-09-12 18:49:50.251497
1057,132,HYD,DEL,2026-09-13,2026-09-20,17726.00,INR,150,Round trip,IndiGo,0,98,WyJDalJJYUhOd2RqaExjRm8zZW1kQlNFZHNiMmRDUnkwdExTMHRMUzF2YTNSd09DMXVNVUZCUVVGQlIzRnNWVmd3VFhkMWMwOUJFZ1kyUlRZd05ETWFDd2kraWdFUUFCb0RTVTVTT0J4dzlwQUIiLFtbIkhZRCIsIjIwMjYtMDktMTMiLCJERUwiLG51bGwsIjZFIiwiNjA0MyJdXV0=,2026-09-12 18:49:50.253034
1058,132,HYD,DEL,2026-09-13,2026-09-20,18266.00,INR,135,Round trip,IndiGo,0,98,WyJDalJJYUhOd2RqaExjRm8zZW1kQlNFZHNiMmRDUnkwdExTMHRMUzF2YTNSd09DMXVNVUZCUVVGQlIzRnNWVmd3VFhkMWMwOUJFZ1UyUlRjeE1Sb0xDTnFPQVJBQUdnTkpUbEk0SEhDc2xRRT0iLFtbIkhZRCIsIjIwMjYtMDktMTMiLCJERUwiLG51bGwsIjZFIiwiNzExIl1dXQ==,2026-09-12 18:49:50.254651
1059,132,HYD,DEL,2026-09-13,2026-09-20,18761.00,INR,150,Round trip,Akasa Air,0,99,WyJDalJJYUhOd2RqaExjRm8zZW1kQlNFZHNiMmRDUnkwdExTMHRMUzF2YTNSd09DMXVNVUZCUVVGQlIzRnNWVmd3VFhkMWMwOUJFZ1pSVURFME1EY2FDd2pKa2dFUUFCb0RTVTVTT0J4d3Nwa0IiLFtbIkhZRCIsIjIwMjYtMDktMTMiLCJERUwiLG51bGwsIlFQIiwiMTQwNyJdXV0=,2026-09-12 18:49:50.257032
1060,133,HYD,BOM,2026-09-13,2026-09-20,12355.00,INR,90,Round trip,IndiGo,0,61,WyJDalJJT0ZZNVIxTmlWRXBuUmxWQlNtTXdaVUZDUnkwdExTMHRMUzB0TFhsc1pXMHlNVUZCUVVGQlIzRnNWVmxOU0hCT1JsRkJFZ1kyUlRVeU5Ua2FDZ2pEWUJBQUdnTkpUbEk0SEhDQ1pRPT0iLFtbIkhZRCIsIjIwMjYtMDktMTMiLCJCT00iLG51bGwsIjZFIiwiNTI1OSJdXV0=,2026-09-12 18:49:57.877759
1061,133,HYD,BOM,2026-09-13,2026-09-20,12403.00,INR,115,Round trip,Air India,0,71,WyJDalJJT0ZZNVIxTmlWRXBuUmxWQlNtTXdaVUZDUnkwdExTMHRMUzB0TFhsc1pXMHlNVUZCUVVGQlIzRnNWVmxOU0hCT1JsRkJFZ1ZCU1RReE9Cb0tDUE5nRUFBYUEwbE9VamdjY0xSbCIsW1siSFlEIiwiMjAyNi0wOS0xMyIsIkJPTSIsbnVsbCwiQUkiLCI0MTgiXV1d,2026-09-12 18:49:57.880168
1062,133,HYD,BOM,2026-09-13,2026-09-20,12670.00,INR,90,Round trip,IndiGo,0,61,WyJDalJJT0ZZNVIxTmlWRXBuUmxWQlNtTXdaVUZDUnkwdExTMHRMUzB0TFhsc1pXMHlNVUZCUVVGQlIzRnNWVmxOU0hCT1JsRkJFZ1kyUlRVek9EUWFDZ2orWWhBQUdnTkpUbEk0SEhETFp3PT0iLFtbIkhZRCIsIjIwMjYtMDktMTMiLCJCT00iLG51bGwsIjZFIiwiNTM4NCJdXV0=,2026-09-12 18:49:57.883448
1063,133,HYD,BOM,2026-09-13,2026-09-20,11983.00,INR,115,Round trip,Air India,0,71,WyJDalJJT0ZZNVIxTmlWRXBuUmxWQlNtTXdaVUZDUnkwdExTMHRMUzB0TFhsc1pXMHlNVUZCUVVGQlIzRnNWVmxOU0hCT1JsRkJFZ1pCU1RJNE56SWFDZ2pQWFJBQUdnTkpUbEk0SEhEOFlRPT0iLFtbIkhZRCIsIjIwMjYtMDktMTMiLCJCT00iLG51bGwsIkFJIiwiMjg3MiJdXV0=,2026-09-12 18:49:57.885741
1064,133,HYD,BOM,2026-09-13,2026-09-20,12040.00,INR,85,Round trip,IndiGo,0,61,WyJDalJJT0ZZNVIxTmlWRXBuUmxWQlNtTXdaVUZDUnkwdExTMHRMUzB0TFhsc1pXMHlNVUZCUVVGQlIzRnNWVmxOU0hCT1JsRkJFZ1kyUlRVeU5EVWFDZ2lJWGhBQUdnTkpUbEk0SEhDNFlnPT0iLFtbIkhZRCIsIjIwMjYtMDktMTMiLCJCT00iLG51bGwsIjZFIiwiNTI0NSJdXV0=,2026-09-12 18:49:57.887582
1065,133,HYD,BOM,2026-09-13,2026-09-20,12040.00,INR,85,Round trip,IndiGo,0,61,WyJDalJJT0ZZNVIxTmlWRXBuUmxWQlNtTXdaVUZDUnkwdExTMHRMUzB0TFhsc1pXMHlNVUZCUVVGQlIzRnNWVmxOU0hCT1JsRkJFZ1kyUlRZeE9UWWFDZ2lJWGhBQUdnTkpUbEk0SEhDNFlnPT0iLFtbIkhZRCIsIjIwMjYtMDktMTMiLCJCT00iLG51bGwsIjZFIiwiNjE5NiJdXV0=,2026-09-12 18:49:57.891196
1066,133,HYD,BOM,2026-09-13,2026-09-20,12093.00,INR,110,Round trip,Air India,0,71,WyJDalJJT0ZZNVIxTmlWRXBuUmxWQlNtTXdaVUZDUnkwdExTMHRMUzB0TFhsc1pXMHlNVUZCUVVGQlIzRnNWVmxOU0hCT1JsRkJFZ1pCU1RJMk1qWWFDZ2k5WGhBQUdnTkpUbEk0SEhEdllnPT0iLFtbIkhZRCIsIjIwMjYtMDktMTMiLCJCT00iLG51bGwsIkFJIiwiMjYyNiJdXV0=,2026-09-12 18:49:57.893174
1067,133,HYD,BOM,2026-09-13,2026-09-20,12093.00,INR,115,Round trip,Air India,0,71,WyJDalJJT0ZZNVIxTmlWRXBuUmxWQlNtTXdaVUZDUnkwdExTMHRMUzB0TFhsc1pXMHlNVUZCUVVGQlIzRnNWVmxOU0hCT1JsRkJFZ1pCU1RJNE56WWFDZ2k5WGhBQUdnTkpUbEk0SEhEdllnPT0iLFtbIkhZRCIsIjIwMjYtMDktMTMiLCJCT00iLG51bGwsIkFJIiwiMjg3NiJdXV0=,2026-09-12 18:49:57.894832
1068,133,HYD,BOM,2026-09-13,2026-09-20,12093.00,INR,115,Round trip,Air India,0,71,WyJDalJJT0ZZNVIxTmlWRXBuUmxWQlNtTXdaVUZDUnkwdExTMHRMUzB0TFhsc1pXMHlNVUZCUVVGQlIzRnNWVmxOU0hCT1JsRkJFZ1pCU1RJMk9Ua2FDZ2k5WGhBQUdnTkpUbEk0SEhEdllnPT0iLFtbIkhZRCIsIjIwMjYtMDktMTMiLCJCT00iLG51bGwsIkFJIiwiMjY5OSJdXV0=,2026-09-12 18:49:57.897039
1069,133,HYD,BOM,2026-09-13,2026-09-20,12355.00,INR,90,Round trip,IndiGo,0,61,WyJDalJJT0ZZNVIxTmlWRXBuUmxWQlNtTXdaVUZDUnkwdExTMHRMUzB0TFhsc1pXMHlNVUZCUVVGQlIzRnNWVmxOU0hCT1JsRkJFZ1kyUlRVeU1UTWFDZ2pEWUJBQUdnTkpUbEk0SEhDQ1pRPT0iLFtbIkhZRCIsIjIwMjYtMDktMTMiLCJCT00iLG51bGwsIjZFIiwiNTIxMyJdXV0=,2026-09-12 18:49:57.89921
1070,133,HYD,BOM,2026-09-13,2026-09-20,12355.00,INR,85,Round trip,IndiGo,0,61,WyJDalJJT0ZZNVIxTmlWRXBuUmxWQlNtTXdaVUZDUnkwdExTMHRMUzB0TFhsc1pXMHlNVUZCUVVGQlIzRnNWVmxOU0hCT1JsRkJFZ1kyUlRVeE56UWFDZ2pEWUJBQUdnTkpUbEk0SEhDQ1pRPT0iLFtbIkhZRCIsIjIwMjYtMDktMTMiLCJCT00iLG51bGwsIjZFIiwiNTE3NCJdXV0=,2026-09-12 18:49:57.901569
1071,133,HYD,BOM,2026-09-13,2026-09-20,12355.00,INR,90,Round trip,IndiGo,0,61,WyJDalJJT0ZZNVIxTmlWRXBuUmxWQlNtTXdaVUZDUnkwdExTMHRMUzB0TFhsc1pXMHlNVUZCUVVGQlIzRnNWVmxOU0hCT1JsRkJFZ1kyUlRZek5qTWFDZ2pEWUJBQUdnTkpUbEk0SEhDQ1pRPT0iLFtbIkhZRCIsIjIwMjYtMDktMTMiLCJCT00iLG51bGwsIjZFIiwiNjM2MyJdXV0=,2026-09-12 18:49:57.9038
1072,133,HYD,BOM,2026-09-13,2026-09-20,12403.00,INR,120,Round trip,Air India,0,71,WyJDalJJT0ZZNVIxTmlWRXBuUmxWQlNtTXdaVUZDUnkwdExTMHRMUzB0TFhsc1pXMHlNVUZCUVVGQlIzRnNWVmxOU0hCT1JsRkJFZ1pCU1RJME5EVWFDZ2p6WUJBQUdnTkpUbEk0SEhDMFpRPT0iLFtbIkhZRCIsIjIwMjYtMDktMTMiLCJCT00iLG51bGwsIkFJIiwiMjQ0NSJdXV0=,2026-09-12 18:49:57.906038
1073,133,HYD,BOM,2026-09-13,2026-09-20,12403.00,INR,120,Round trip,Air India,0,71,WyJDalJJT0ZZNVIxTmlWRXBuUmxWQlNtTXdaVUZDUnkwdExTMHRMUzB0TFhsc1pXMHlNVUZCUVVGQlIzRnNWVmxOU0hCT1JsRkJFZ1pCU1RJME5EY2FDZ2p6WUJBQUdnTkpUbEk0SEhDMFpRPT0iLFtbIkhZRCIsIjIwMjYtMDktMTMiLCJCT00iLG51bGwsIkFJIiwiMjQ0NyJdXV0=,2026-09-12 18:49:57.908404
1074,133,HYD,BOM,2026-09-13,2026-09-20,12670.00,INR,100,Round trip,IndiGo,0,61,WyJDalJJT0ZZNVIxTmlWRXBuUmxWQlNtTXdaVUZDUnkwdExTMHRMUzB0TFhsc1pXMHlNVUZCUVVGQlIzRnNWVmxOU0hCT1JsRkJFZ1kyUlRVd09Ua2FDZ2orWWhBQUdnTkpUbEk0SEhETFp3PT0iLFtbIkhZRCIsIjIwMjYtMDktMTMiLCJCT00iLG51bGwsIjZFIiwiNTA5OSJdXV0=,2026-09-12 18:49:57.910744
1075,133,HYD,BOM,2026-09-13,2026-09-20,13090.00,INR,95,Round trip,IndiGo,0,74,WyJDalJJT0ZZNVIxTmlWRXBuUmxWQlNtTXdaVUZDUnkwdExTMHRMUzB0TFhsc1pXMHlNVUZCUVVGQlIzRnNWVmxOU0hCT1JsRkJFZ1kyUlRVeE5ETWFDZ2lpWmhBQUdnTkpUbEk0SEhDRGF3PT0iLFtbIkhZRCIsIjIwMjYtMDktMTMiLCJCT00iLG51bGwsIjZFIiwiNTE0MyJdXV0=,2026-09-12 18:49:57.912854
1076,133,HYD,BOM,2026-09-13,2026-09-20,14035.00,INR,90,Round trip,IndiGo,0,61,WyJDalJJT0ZZNVIxTmlWRXBuUmxWQlNtTXdaVUZDUnkwdExTMHRMUzB0TFhsc1pXMHlNVUZCUVVGQlIzRnNWVmxOU0hCT1JsRkJFZ1kyUlRVd016a2FDZ2pUYlJBQUdnTkpUbEk0SEhEZ2NnPT0iLFtbIkhZRCIsIjIwMjYtMDktMTMiLCJCT00iLG51bGwsIjZFIiwiNTAzOSJdXV0=,2026-09-12 18:49:57.915151
1077,133,HYD,BOM,2026-09-13,2026-09-20,,INR,255,Round trip,"Air India Express, Air India",1,141,WyJDalJJT0ZZNVIxTmlWRXBuUmxWQlNtTXdaVUZDUnkwdExTMHRMUzB0TFhsc1pXMHlNVUZCUVVGQlIzRnNWVmxOU0hCT1JsRkJFZzFKV0RJNU9ETjhRVWt5TmpReU9Cdz0iLFtbIkhZRCIsIjIwMjYtMDktMTMiLCJCTFIiLG51bGwsIklYIiwiMjk4MyJdLFsiQkxSIiwiMjAyNi0wOS0xMyIsIkJPTSIsbnVsbCwiQUkiLCIyNjQyIl1dXQ==,2026-09-12 18:49:57.917461
1078,133,HYD,BOM,2026-09-13,2026-09-20,,INR,255,Round trip,"Air India Express, Air India",1,142,WyJDalJJT0ZZNVIxTmlWRXBuUmxWQlNtTXdaVUZDUnkwdExTMHRMUzB0TFhsc1pXMHlNVUZCUVVGQlIzRnNWVmxOU0hCT1JsRkJFZzFKV0RFek56aDhRVWt5T0RRd09Cdz0iLFtbIkhZRCIsIjIwMjYtMDktMTMiLCJCTFIiLG51bGwsIklYIiwiMTM3OCJdLFsiQkxSIiwiMjAyNi0wOS0xMyIsIkJPTSIsbnVsbCwiQUkiLCIyODQwIl1dXQ==,2026-09-12 18:49:57.920045
1079,134,HYD,MAA,2026-09-13,2026-09-20,11944.00,INR,220,Round trip,Air India Express,1,107,WyJDalJJY0ZOZk0wdFRiblJNYzFGQlNqUkhWMmRDUnkwdExTMHRMUzB0TFhsc2Izb3hNMEZCUVVGQlIzRnNWVmxyVDJnMFJtTkJFZzFKV0RJNU16UjhTVmd5T1RReUdnb0lxRjBRQUJvRFNVNVNPQnh3MUdFPSIsW1siSFlEIiwiMjAyNi0wOS0xMyIsIkJMUiIsbnVsbCwiSVgiLCIyOTM0Il0sWyJCTFIiLCIyMDI2LTA5LTEzIiwiTUFBIixudWxsLCJJWCIsIjI5NDIiXV1d,2026-09-12 18:50:06.10815
1080,134,HYD,MAA,2026-09-13,2026-09-20,12630.00,INR,85,Round trip,IndiGo,0,55,WyJDalJJY0ZOZk0wdFRiblJNYzFGQlNqUkhWMmRDUnkwdExTMHRMUzB0TFhsc2Izb3hNMEZCUVVGQlIzRnNWVmxyVDJnMFJtTkJFZ1UyUlRNM01Sb0tDTlppRUFBYUEwbE9VamdjY0tGbiIsW1siSFlEIiwiMjAyNi0wOS0xMyIsIk1BQSIsbnVsbCwiNkUiLCIzNzEiXV1d,2026-09-12 18:50:06.111743
1081,134,HYD,MAA,2026-09-13,2026-09-20,12996.00,INR,95,Round trip,Air India Express,0,61,WyJDalJJY0ZOZk0wdFRiblJNYzFGQlNqUkhWMmRDUnkwdExTMHRMUzB0TFhsc2Izb3hNMEZCUVVGQlIzRnNWVmxyVDJnMFJtTkJFZ1pKV0RFNE16RWFDZ2pFWlJBQUdnTkpUbEk0SEhDZ2FnPT0iLFtbIkhZRCIsIjIwMjYtMDktMTMiLCJNQUEiLG51bGwsIklYIiwiMTgzMSJdXV0=,2026-09-12 18:50:06.114309
1105,136,HYD,PNQ,2026-09-13,2026-09-20,10722.00,INR,80,Round trip,IndiGo,0,53,WyJDalJJZVRRMWRrdzVZbHBSTm1kQlMwTkdXbEZDUnkwdExTMHRMUzB0ZVdsaVkya3hOMEZCUVVGQlIzRnNWVnBaVFVrd2VrRkJFZ1UyUlRNeE1Sb0tDT0pURUFBYUEwbE9VamdjY05WWCIsW1siSFlEIiwiMjAyNi0wOS0xMyIsIlBOUSIsbnVsbCwiNkUiLCIzMTEiXV1d,2026-09-12 18:50:14.434356
1082,134,HYD,MAA,2026-09-13,2026-09-20,11944.00,INR,345,Round trip,Air India Express,1,102,WyJDalJJY0ZOZk0wdFRiblJNYzFGQlNqUkhWMmRDUnkwdExTMHRMUzB0TFhsc2Izb3hNMEZCUVVGQlIzRnNWVmxyVDJnMFJtTkJFZzFKV0RJd01UbDhTVmd5T1RReUdnb0lxRjBRQUJvRFNVNVNPQnh3MUdFPSIsW1siSFlEIiwiMjAyNi0wOS0xMyIsIkJMUiIsbnVsbCwiSVgiLCIyMDE5Il0sWyJCTFIiLCIyMDI2LTA5LTEzIiwiTUFBIixudWxsLCJJWCIsIjI5NDIiXV1d,2026-09-12 18:50:06.116824
1083,134,HYD,MAA,2026-09-13,2026-09-20,11944.00,INR,240,Round trip,Air India Express,1,104,WyJDalJJY0ZOZk0wdFRiblJNYzFGQlNqUkhWMmRDUnkwdExTMHRMUzB0TFhsc2Izb3hNMEZCUVVGQlIzRnNWVmxyVDJnMFJtTkJFZzFKV0RJNU9ETjhTVmd5TnpnM0dnb0lxRjBRQUJvRFNVNVNPQnh3MUdFPSIsW1siSFlEIiwiMjAyNi0wOS0xMyIsIkJMUiIsbnVsbCwiSVgiLCIyOTgzIl0sWyJCTFIiLCIyMDI2LTA5LTEzIiwiTUFBIixudWxsLCJJWCIsIjI3ODciXV1d,2026-09-12 18:50:06.119817
1084,134,HYD,MAA,2026-09-13,2026-09-20,11944.00,INR,710,Round trip,Air India Express,1,101,WyJDalJJY0ZOZk0wdFRiblJNYzFGQlNqUkhWMmRDUnkwdExTMHRMUzB0TFhsc2Izb3hNMEZCUVVGQlIzRnNWVmxyVDJnMFJtTkJFZzFKV0RFek56aDhTVmd4TkRjeUdnb0lxRjBRQUJvRFNVNVNPQnh3MUdFPSIsW1siSFlEIiwiMjAyNi0wOS0xMyIsIkJMUiIsbnVsbCwiSVgiLCIxMzc4Il0sWyJCTFIiLCIyMDI2LTA5LTE0IiwiTUFBIixudWxsLCJJWCIsIjE0NzIiXV1d,2026-09-12 18:50:06.122635
1085,134,HYD,MAA,2026-09-13,2026-09-20,14563.00,INR,80,Round trip,IndiGo,0,51,WyJDalJJY0ZOZk0wdFRiblJNYzFGQlNqUkhWMmRDUnkwdExTMHRMUzB0TFhsc2Izb3hNMEZCUVVGQlIzRnNWVmxyVDJnMFJtTkJFZ1UyUlRJME14b0tDT054RUFBYUEwbE9VamdjY0loMyIsW1siSFlEIiwiMjAyNi0wOS0xMyIsIk1BQSIsbnVsbCwiNkUiLCIyNDMiXV1d,2026-09-12 18:50:06.125413
1086,134,HYD,MAA,2026-09-13,2026-09-20,14563.00,INR,80,Round trip,IndiGo,0,51,WyJDalJJY0ZOZk0wdFRiblJNYzFGQlNqUkhWMmRDUnkwdExTMHRMUzB0TFhsc2Izb3hNMEZCUVVGQlIzRnNWVmxyVDJnMFJtTkJFZ1kyUlRZeE5URWFDZ2pqY1JBQUdnTkpUbEk0SEhDSWR3PT0iLFtbIkhZRCIsIjIwMjYtMDktMTMiLCJNQUEiLG51bGwsIjZFIiwiNjE1MSJdXV0=,2026-09-12 18:50:06.127707
1087,134,HYD,MAA,2026-09-13,2026-09-20,14563.00,INR,80,Round trip,IndiGo,0,55,WyJDalJJY0ZOZk0wdFRiblJNYzFGQlNqUkhWMmRDUnkwdExTMHRMUzB0TFhsc2Izb3hNMEZCUVVGQlIzRnNWVmxyVDJnMFJtTkJFZ1UyUlRVeE5Cb0tDT054RUFBYUEwbE9VamdjY0loMyIsW1siSFlEIiwiMjAyNi0wOS0xMyIsIk1BQSIsbnVsbCwiNkUiLCI1MTQiXV1d,2026-09-12 18:50:06.130025
1088,134,HYD,MAA,2026-09-13,2026-09-20,14563.00,INR,80,Round trip,IndiGo,0,51,WyJDalJJY0ZOZk0wdFRiblJNYzFGQlNqUkhWMmRDUnkwdExTMHRMUzB0TFhsc2Izb3hNMEZCUVVGQlIzRnNWVmxyVDJnMFJtTkJFZ1UyUlRZMk9Cb0tDT054RUFBYUEwbE9VamdjY0loMyIsW1siSFlEIiwiMjAyNi0wOS0xMyIsIk1BQSIsbnVsbCwiNkUiLCI2NjgiXV1d,2026-09-12 18:50:06.132341
1089,134,HYD,MAA,2026-09-13,2026-09-20,14563.00,INR,75,Round trip,IndiGo,0,51,WyJDalJJY0ZOZk0wdFRiblJNYzFGQlNqUkhWMmRDUnkwdExTMHRMUzB0TFhsc2Izb3hNMEZCUVVGQlIzRnNWVmxyVDJnMFJtTkJFZ1UyUlRVNU9Cb0tDT054RUFBYUEwbE9VamdjY0loMyIsW1siSFlEIiwiMjAyNi0wOS0xMyIsIk1BQSIsbnVsbCwiNkUiLCI1OTgiXV1d,2026-09-12 18:50:06.134565
1090,134,HYD,MAA,2026-09-13,2026-09-20,14563.00,INR,80,Round trip,IndiGo,0,51,WyJDalJJY0ZOZk0wdFRiblJNYzFGQlNqUkhWMmRDUnkwdExTMHRMUzB0TFhsc2Izb3hNMEZCUVVGQlIzRnNWVmxyVDJnMFJtTkJFZ1kyUlRZME9EWWFDZ2pqY1JBQUdnTkpUbEk0SEhDSWR3PT0iLFtbIkhZRCIsIjIwMjYtMDktMTMiLCJNQUEiLG51bGwsIjZFIiwiNjQ4NiJdXV0=,2026-09-12 18:50:06.136701
1091,134,HYD,MAA,2026-09-13,2026-09-20,14563.00,INR,85,Round trip,IndiGo,0,51,WyJDalJJY0ZOZk0wdFRiblJNYzFGQlNqUkhWMmRDUnkwdExTMHRMUzB0TFhsc2Izb3hNMEZCUVVGQlIzRnNWVmxyVDJnMFJtTkJFZ1kyUlRZeE56UWFDZ2pqY1JBQUdnTkpUbEk0SEhDSWR3PT0iLFtbIkhZRCIsIjIwMjYtMDktMTMiLCJNQUEiLG51bGwsIjZFIiwiNjE3NCJdXV0=,2026-09-12 18:50:06.138933
1092,135,HYD,CCU,2026-09-13,2026-09-20,17631.00,INR,130,Round trip,IndiGo,0,93,WyJDalJJWld4TlVVZ3hVVmxGZEdkQlNERnVNVUZDUnkwdExTMHRMUzB0TFhaM1pHMHhPRUZCUVVGQlIzRnNWVnBGU2toVk9HMUJFZ1kyUlRZME9UUWFDd2pmaVFFUUFCb0RTVTVTT0J4d2s1QUIiLFtbIkhZRCIsIjIwMjYtMDktMTMiLCJDQ1UiLG51bGwsIjZFIiwiNjQ5NCJdXV0=,2026-09-12 18:50:11.543691
1093,135,HYD,CCU,2026-09-13,2026-09-20,17631.00,INR,130,Round trip,IndiGo,0,93,WyJDalJJWld4TlVVZ3hVVmxGZEdkQlNERnVNVUZDUnkwdExTMHRMUzB0TFhaM1pHMHhPRUZCUVVGQlIzRnNWVnBGU2toVk9HMUJFZ1UyUlRrME5Cb0xDTitKQVJBQUdnTkpUbEk0SEhDVGtBRT0iLFtbIkhZRCIsIjIwMjYtMDktMTMiLCJDQ1UiLG51bGwsIjZFIiwiOTQ0Il1dXQ==,2026-09-12 18:50:11.55059
1094,135,HYD,CCU,2026-09-13,2026-09-20,19521.00,INR,140,Round trip,IndiGo,0,93,WyJDalJJWld4TlVVZ3hVVmxGZEdkQlNERnVNVUZDUnkwdExTMHRMUzB0TFhaM1pHMHhPRUZCUVVGQlIzRnNWVnBGU2toVk9HMUJFZ1kyUlRZNU1EY2FDd2pCbUFFUUFCb0RTVTVTT0J4d3paOEIiLFtbIkhZRCIsIjIwMjYtMDktMTMiLCJDQ1UiLG51bGwsIjZFIiwiNjkwNyJdXV0=,2026-09-12 18:50:11.553452
1095,135,HYD,CCU,2026-09-13,2026-09-20,19521.00,INR,130,Round trip,IndiGo,0,98,WyJDalJJWld4TlVVZ3hVVmxGZEdkQlNERnVNVUZDUnkwdExTMHRMUzB0TFhaM1pHMHhPRUZCUVVGQlIzRnNWVnBGU2toVk9HMUJFZ1UyUlRJNE14b0xDTUdZQVJBQUdnTkpUbEk0SEhETm53RT0iLFtbIkhZRCIsIjIwMjYtMDktMTMiLCJDQ1UiLG51bGwsIjZFIiwiMjgzIl1dXQ==,2026-09-12 18:50:11.556943
1096,135,HYD,CCU,2026-09-13,2026-09-20,18566.00,INR,245,Round trip,IndiGo,1,125,WyJDalJJWld4TlVVZ3hVVmxGZEdkQlNERnVNVUZDUnkwdExTMHRMUzB0TFhaM1pHMHhPRUZCUVVGQlIzRnNWVnBGU2toVk9HMUJFZ3MyUlRJd09IdzJSVFl4TnhvTENJYVJBUkFBR2dOSlRsSTRISERtbHdFPSIsW1siSFlEIiwiMjAyNi0wOS0xMyIsIlZUWiIsbnVsbCwiNkUiLCIyMDgiXSxbIlZUWiIsIjIwMjYtMDktMTMiLCJDQ1UiLG51bGwsIjZFIiwiNjE3Il1dXQ==,2026-09-12 18:50:11.559597
1097,135,HYD,CCU,2026-09-13,2026-09-20,18960.00,INR,325,Round trip,IndiGo,1,151,WyJDalJJWld4TlVVZ3hVVmxGZEdkQlNERnVNVUZDUnkwdExTMHRMUzB0TFhaM1pHMHhPRUZCUVVGQlIzRnNWVnBGU2toVk9HMUJFZzAyUlRZM05EWjhOa1UyTURrM0dnc0lrSlFCRUFBYUEwbE9VamdjY0lLYkFRPT0iLFtbIkhZRCIsIjIwMjYtMDktMTMiLCJJWEEiLG51bGwsIjZFIiwiNjc0NiJdLFsiSVhBIiwiMjAyNi0wOS0xMyIsIkNDVSIsbnVsbCwiNkUiLCI2MDk3Il1dXQ==,2026-09-12 18:50:11.564168
1098,135,HYD,CCU,2026-09-13,2026-09-20,21201.00,INR,130,Round trip,IndiGo,0,93,WyJDalJJWld4TlVVZ3hVVmxGZEdkQlNERnVNVUZDUnkwdExTMHRMUzB0TFhaM1pHMHhPRUZCUVVGQlIzRnNWVnBGU2toVk9HMUJFZ1UyUlRZMk5Cb0xDTkdsQVJBQUdnTkpUbEk0SEhDcnJRRT0iLFtbIkhZRCIsIjIwMjYtMDktMTMiLCJDQ1UiLG51bGwsIjZFIiwiNjY0Il1dXQ==,2026-09-12 18:50:11.567352
1099,135,HYD,CCU,2026-09-13,2026-09-20,22146.00,INR,135,Round trip,IndiGo,0,93,WyJDalJJWld4TlVVZ3hVVmxGZEdkQlNERnVNVUZDUnkwdExTMHRMUzB0TFhaM1pHMHhPRUZCUVVGQlIzRnNWVnBGU2toVk9HMUJFZ1UyUlRNM05ob0xDSUt0QVJBQUdnTkpUbEk0SEhDSXRRRT0iLFtbIkhZRCIsIjIwMjYtMDktMTMiLCJDQ1UiLG51bGwsIjZFIiwiMzc2Il1dXQ==,2026-09-12 18:50:11.569942
1100,135,HYD,CCU,2026-09-13,2026-09-20,,INR,380,Round trip,Air India,1,228,WyJDalJJWld4TlVVZ3hVVmxGZEdkQlNERnVNVUZDUnkwdExTMHRMUzB0TFhaM1pHMHhPRUZCUVVGQlIzRnNWVnBGU2toVk9HMUJFZzFCU1RFNE9EQjhRVWt5TnpBeU9Cdz0iLFtbIkhZRCIsIjIwMjYtMDktMTMiLCJERUwiLG51bGwsIkFJIiwiMTg4MCJdLFsiREVMIiwiMjAyNi0wOS0xNCIsIkNDVSIsbnVsbCwiQUkiLCIyNzAyIl1dXQ==,2026-09-12 18:50:11.572328
1101,136,HYD,PNQ,2026-09-13,2026-09-20,9095.00,INR,70,Round trip,IndiGo,0,49,WyJDalJJZVRRMWRrdzVZbHBSTm1kQlMwTkdXbEZDUnkwdExTMHRMUzB0ZVdsaVkya3hOMEZCUVVGQlIzRnNWVnBaVFVrd2VrRkJFZ1UyUlRNMU1Sb0tDSWRIRUFBYUEwbE9VamdjY0s1SyIsW1siSFlEIiwiMjAyNi0wOS0xMyIsIlBOUSIsbnVsbCwiNkUiLCIzNTEiXV1d,2026-09-12 18:50:14.424375
1102,136,HYD,PNQ,2026-09-13,2026-09-20,9200.00,INR,70,Round trip,Star Air,0,90,WyJDalJJZVRRMWRrdzVZbHBSTm1kQlMwTkdXbEZDUnkwdExTMHRMUzB0ZVdsaVkya3hOMEZCUVVGQlIzRnNWVnBaVFVrd2VrRkJFZ1ZUTlRFM014b0tDUEJIRUFBYUEwbE9VamdjY0p4TCIsW1siSFlEIiwiMjAyNi0wOS0xMyIsIlBOUSIsbnVsbCwiUzUiLCIxNzMiXV1d,2026-09-12 18:50:14.427616
1103,136,HYD,PNQ,2026-09-13,2026-09-20,10407.00,INR,65,Round trip,IndiGo,0,49,WyJDalJJZVRRMWRrdzVZbHBSTm1kQlMwTkdXbEZDUnkwdExTMHRMUzB0ZVdsaVkya3hOMEZCUVVGQlIzRnNWVnBaVFVrd2VrRkJFZ1kyUlRZME56RWFDZ2luVVJBQUdnTkpUbEk0SEhDTFZRPT0iLFtbIkhZRCIsIjIwMjYtMDktMTMiLCJQTlEiLG51bGwsIjZFIiwiNjQ3MSJdXV0=,2026-09-12 18:50:14.430379
1104,136,HYD,PNQ,2026-09-13,2026-09-20,10565.00,INR,70,Round trip,IndiGo,0,49,WyJDalJJZVRRMWRrdzVZbHBSTm1kQlMwTkdXbEZDUnkwdExTMHRMUzB0ZVdsaVkya3hOMEZCUVVGQlIzRnNWVnBaVFVrd2VrRkJFZ1UyUlRNek54b0tDTVZTRUFBYUEwbE9VamdjY0xCVyIsW1siSFlEIiwiMjAyNi0wOS0xMyIsIlBOUSIsbnVsbCwiNkUiLCIzMzciXV1d,2026-09-12 18:50:14.432446
1106,136,HYD,PNQ,2026-09-13,2026-09-20,10282.00,INR,600,Round trip,IndiGo,1,89,WyJDalJJZVRRMWRrdzVZbHBSTm1kQlMwTkdXbEZDUnkwdExTMHRMUzB0ZVdsaVkya3hOMEZCUVVGQlIzRnNWVnBaVFVrd2VrRkJFZzAyUlRjME1UZDhOa1UzTURZNEdnb0lxbEFRQUJvRFNVNVNPQnh3aUZRPSIsW1siSFlEIiwiMjAyNi0wOS0xMyIsIkhCWCIsbnVsbCwiNkUiLCI3NDE3Il0sWyJIQlgiLCIyMDI2LTA5LTEzIiwiUE5RIixudWxsLCI2RSIsIjcwNjgiXV1d,2026-09-12 18:50:14.436151
1107,136,HYD,PNQ,2026-09-13,2026-09-20,10722.00,INR,100,Round trip,IndiGo,0,53,WyJDalJJZVRRMWRrdzVZbHBSTm1kQlMwTkdXbEZDUnkwdExTMHRMUzB0ZVdsaVkya3hOMEZCUVVGQlIzRnNWVnBaVFVrd2VrRkJFZ1UyUlRVM05ob0tDT0pURUFBYUEwbE9VamdjY05WWCIsW1siSFlEIiwiMjAyNi0wOS0xMyIsIlBOUSIsbnVsbCwiNkUiLCI1NzYiXV1d,2026-09-12 18:50:14.438547
1108,136,HYD,PNQ,2026-09-13,2026-09-20,11457.00,INR,70,Round trip,IndiGo,0,49,WyJDalJJZVRRMWRrdzVZbHBSTm1kQlMwTkdXbEZDUnkwdExTMHRMUzB0ZVdsaVkya3hOMEZCUVVGQlIzRnNWVnBaVFVrd2VrRkJFZ1UyUlRReU5ob0tDTUZaRUFBYUEwbE9VamdjY05aZCIsW1siSFlEIiwiMjAyNi0wOS0xMyIsIlBOUSIsbnVsbCwiNkUiLCI0MjYiXV1d,2026-09-12 18:50:14.440295
1109,136,HYD,PNQ,2026-09-13,2026-09-20,,INR,330,Round trip,Air India,1,219,WyJDalJJZVRRMWRrdzVZbHBSTm1kQlMwTkdXbEZDUnkwdExTMHRMUzB0ZVdsaVkya3hOMEZCUVVGQlIzRnNWVnBaVFVrd2VrRkJFZzFCU1RJMU5UbDhRVWt5T1RjeE9Cdz0iLFtbIkhZRCIsIjIwMjYtMDktMTMiLCJERUwiLG51bGwsIkFJIiwiMjU1OSJdLFsiREVMIiwiMjAyNi0wOS0xMyIsIlBOUSIsbnVsbCwiQUkiLCIyOTcxIl1dXQ==,2026-09-12 18:50:14.442202
1110,137,HYD,AMD,2026-09-13,2026-09-20,12693.00,INR,105,Round trip,IndiGo,0,74,WyJDalJJWDJsVlduUllOWEIwWXpoQlNYZHNSRkZDUnkwdExTMHRMUzB0YjNsamJHb3hOa0ZCUVVGQlIzRnNWVnB2UkVselpUUkJFZ1UyUlRFek5Cb0tDSlZqRUFBYUEwbE9VamdjY09ObiIsW1siSFlEIiwiMjAyNi0wOS0xMyIsIkFNRCIsbnVsbCwiNkUiLCIxMzQiXV1d,2026-09-12 18:50:17.938733
1111,137,HYD,AMD,2026-09-13,2026-09-20,12693.00,INR,110,Round trip,IndiGo,0,79,WyJDalJJWDJsVlduUllOWEIwWXpoQlNYZHNSRkZDUnkwdExTMHRMUzB0YjNsamJHb3hOa0ZCUVVGQlIzRnNWVnB2UkVselpUUkJFZ1kyUlRZd09Ua2FDZ2lWWXhBQUdnTkpUbEk0SEhEalp3PT0iLFtbIkhZRCIsIjIwMjYtMDktMTMiLCJBTUQiLG51bGwsIjZFIiwiNjA5OSJdXV0=,2026-09-12 18:50:17.941731
1112,137,HYD,AMD,2026-09-13,2026-09-20,14491.00,INR,110,Round trip,IndiGo,0,74,WyJDalJJWDJsVlduUllOWEIwWXpoQlNYZHNSRkZDUnkwdExTMHRMUzB0YjNsamJHb3hOa0ZCUVVGQlIzRnNWVnB2UkVselpUUkJFZ1kyUlRZM01qY2FDZ2liY1JBQUdnTkpUbEk0SEhDOWRnPT0iLFtbIkhZRCIsIjIwMjYtMDktMTMiLCJBTUQiLG51bGwsIjZFIiwiNjcyNyJdXV0=,2026-09-12 18:50:17.944586
1113,137,HYD,AMD,2026-09-13,2026-09-20,14491.00,INR,105,Round trip,IndiGo,0,79,WyJDalJJWDJsVlduUllOWEIwWXpoQlNYZHNSRkZDUnkwdExTMHRMUzB0YjNsamJHb3hOa0ZCUVVGQlIzRnNWVnB2UkVselpUUkJFZ1UyUlRJeE5ob0tDSnR4RUFBYUEwbE9VamdjY0wxMiIsW1siSFlEIiwiMjAyNi0wOS0xMyIsIkFNRCIsbnVsbCwiNkUiLCIyMTYiXV1d,2026-09-12 18:50:17.947154
1114,137,HYD,AMD,2026-09-13,2026-09-20,15440.00,INR,330,Round trip,IndiGo,1,105,WyJDalJJWDJsVlduUllOWEIwWXpoQlNYZHNSRkZDUnkwdExTMHRMUzB0YjNsamJHb3hOa0ZCUVVGQlIzRnNWVnB2UkVselpUUkJFZ3cyUlRNMU1YdzJSVEl4TlRVYUNnalFlQkFBR2dOSlRsSTRISENlZmc9PSIsW1siSFlEIiwiMjAyNi0wOS0xMyIsIlBOUSIsbnVsbCwiNkUiLCIzNTEiXSxbIlBOUSIsIjIwMjYtMDktMTMiLCJBTUQiLG51bGwsIjZFIiwiMjE1NSJdXV0=,2026-09-12 18:50:17.949734
1115,137,HYD,AMD,2026-09-13,2026-09-20,15837.00,INR,300,Round trip,IndiGo,1,101,WyJDalJJWDJsVlduUllOWEIwWXpoQlNYZHNSRkZDUnkwdExTMHRMUzB0YjNsamJHb3hOa0ZCUVVGQlIzRnNWVnB2UkVselpUUkJFZ3MyUlRNek4zdzJSVGd4T1JvS0NOMTdFQUFhQTBsT1VqZ2NjTDZCQVE9PSIsW1siSFlEIiwiMjAyNi0wOS0xMyIsIlBOUSIsbnVsbCwiNkUiLCIzMzciXSxbIlBOUSIsIjIwMjYtMDktMTMiLCJBTUQiLG51bGwsIjZFIiwiODE5Il1dXQ==,2026-09-12 18:50:17.953053
1116,137,HYD,AMD,2026-09-13,2026-09-20,15837.00,INR,265,Round trip,IndiGo,1,134,WyJDalJJWDJsVlduUllOWEIwWXpoQlNYZHNSRkZDUnkwdExTMHRMUzB0YjNsamJHb3hOa0ZCUVVGQlIzRnNWVnB2UkVselpUUkJFZzAyUlRVeE5ETjhOa1UxTVRRMEdnb0kzWHNRQUJvRFNVNVNPQnh3dm9FQiIsW1siSFlEIiwiMjAyNi0wOS0xMyIsIkJPTSIsbnVsbCwiNkUiLCI1MTQzIl0sWyJCT00iLCIyMDI2LTA5LTEzIiwiQU1EIixudWxsLCI2RSIsIjUxNDQiXV1d,2026-09-12 18:50:17.955887
1117,137,HYD,AMD,2026-09-13,2026-09-20,15837.00,INR,265,Round trip,IndiGo,1,105,WyJDalJJWDJsVlduUllOWEIwWXpoQlNYZHNSRkZDUnkwdExTMHRMUzB0YjNsamJHb3hOa0ZCUVVGQlIzRnNWVnB2UkVselpUUkJFZ3cyUlRNeE1YdzJSVFkxTlRNYUNnamRleEFBR2dOSlRsSTRISEMrZ1FFPSIsW1siSFlEIiwiMjAyNi0wOS0xMyIsIlBOUSIsbnVsbCwiNkUiLCIzMTEiXSxbIlBOUSIsIjIwMjYtMDktMTMiLCJBTUQiLG51bGwsIjZFIiwiNjU1MyJdXV0=,2026-09-12 18:50:17.95885
1118,137,HYD,AMD,2026-09-13,2026-09-20,,INR,285,Round trip,Air India,1,190,WyJDalJJWDJsVlduUllOWEIwWXpoQlNYZHNSRkZDUnkwdExTMHRMUzB0YjNsamJHb3hOa0ZCUVVGQlIzRnNWVnB2UkVselpUUkJFZzFCU1RJME5qWjhRVWt5TnpFMU9Cdz0iLFtbIkhZRCIsIjIwMjYtMDktMTMiLCJERUwiLG51bGwsIkFJIiwiMjQ2NiJdLFsiREVMIiwiMjAyNi0wOS0xMyIsIkFNRCIsbnVsbCwiQUkiLCIyNzE1Il1dXQ==,2026-09-12 18:50:17.961496
1119,138,HYD,COK,2026-09-13,2026-09-20,23295.00,INR,355,Round trip,IndiGo,1,90,WyJDalJJYjFwemNXOUxkVlJzTjJkQlFXOXdNR2RDUnkwdExTMHRMUzB0TFMxdmVXWnlOVUZCUVVGQlIzRnNWVm93UzNkcWEwOUJFZ3MyUlRFMU1YdzJSVGN3TXhvTENQKzFBUkFBR2dOSlRsSTRISEM2dmdFPSIsW1siSFlEIiwiMjAyNi0wOS0xMyIsIkJMUiIsbnVsbCwiNkUiLCIxNTEiXSxbIkJMUiIsIjIwMjYtMDktMTMiLCJDT0siLG51bGwsIjZFIiwiNzAzIl1dXQ==,2026-09-12 18:50:26.75246
1120,138,HYD,COK,2026-09-13,2026-09-20,23506.00,INR,100,Round trip,IndiGo,0,68,WyJDalJJYjFwemNXOUxkVlJzTjJkQlFXOXdNR2RDUnkwdExTMHRMUzB0TFMxdmVXWnlOVUZCUVVGQlIzRnNWVm93UzNkcWEwOUJFZ1UyUlRjMU1ob0xDTkszQVJBQUdnTkpUbEk0SEhDWHdBRT0iLFtbIkhZRCIsIjIwMjYtMDktMTMiLCJDT0siLG51bGwsIjZFIiwiNzUyIl1dXQ==,2026-09-12 18:50:26.756281
1121,138,HYD,COK,2026-09-13,2026-09-20,23506.00,INR,100,Round trip,IndiGo,0,68,WyJDalJJYjFwemNXOUxkVlJzTjJkQlFXOXdNR2RDUnkwdExTMHRMUzB0TFMxdmVXWnlOVUZCUVVGQlIzRnNWVm93UzNkcWEwOUJFZ1kyUlRZM01EY2FDd2pTdHdFUUFCb0RTVTVTT0J4d2w4QUIiLFtbIkhZRCIsIjIwMjYtMDktMTMiLCJDT0siLG51bGwsIjZFIiwiNjcwNyJdXV0=,2026-09-12 18:50:26.758784
1122,138,HYD,COK,2026-09-13,2026-09-20,23506.00,INR,100,Round trip,IndiGo,0,68,WyJDalJJYjFwemNXOUxkVlJzTjJkQlFXOXdNR2RDUnkwdExTMHRMUzB0TFMxdmVXWnlOVUZCUVVGQlIzRnNWVm93UzNkcWEwOUJFZ1kyUlRZMk9ESWFDd2pTdHdFUUFCb0RTVTVTT0J4d2w4QUIiLFtbIkhZRCIsIjIwMjYtMDktMTMiLCJDT0siLG51bGwsIjZFIiwiNjY4MiJdXV0=,2026-09-12 18:50:26.761252
1123,138,HYD,COK,2026-09-13,2026-09-20,23506.00,INR,100,Round trip,IndiGo,0,68,WyJDalJJYjFwemNXOUxkVlJzTjJkQlFXOXdNR2RDUnkwdExTMHRMUzB0TFMxdmVXWnlOVUZCUVVGQlIzRnNWVm93UzNkcWEwOUJFZ1kyUlRZeU16UWFDd2pTdHdFUUFCb0RTVTVTT0J4d2w4QUIiLFtbIkhZRCIsIjIwMjYtMDktMTMiLCJDT0siLG51bGwsIjZFIiwiNjIzNCJdXV0=,2026-09-12 18:50:26.763609
1124,138,HYD,COK,2026-09-13,2026-09-20,24175.00,INR,300,Round trip,IndiGo,1,95,WyJDalJJYjFwemNXOUxkVlJzTjJkQlFXOXdNR2RDUnkwdExTMHRMUzB0TFMxdmVXWnlOVUZCUVVGQlIzRnNWVm93UzNkcWEwOUJFZ3MyUlRNeE5IdzJSVFF6TlJvTENPKzhBUkFBR2dOSlRsSTRISERUeFFFPSIsW1siSFlEIiwiMjAyNi0wOS0xMyIsIkJMUiIsbnVsbCwiNkUiLCIzMTQiXSxbIkJMUiIsIjIwMjYtMDktMTMiLCJDT0siLG51bGwsIjZFIiwiNDM1Il1dXQ==,2026-09-12 18:50:26.767634
1125,138,HYD,COK,2026-09-13,2026-09-20,24437.00,INR,290,Round trip,IndiGo,1,102,WyJDalJJYjFwemNXOUxkVlJzTjJkQlFXOXdNR2RDUnkwdExTMHRMUzB0TFMxdmVXWnlOVUZCUVVGQlIzRnNWVm93UzNkcWEwOUJFZ3cyUlRZMk9IdzJSVFk1TURNYUN3ajF2Z0VRQUJvRFNVNVNPQnh3NXNjQiIsW1siSFlEIiwiMjAyNi0wOS0xMyIsIk1BQSIsbnVsbCwiNkUiLCI2NjgiXSxbIk1BQSIsIjIwMjYtMDktMTMiLCJDT0siLG51bGwsIjZFIiwiNjkwMyJdXV0=,2026-09-12 18:50:26.770891
1126,138,HYD,COK,2026-09-13,2026-09-20,24437.00,INR,235,Round trip,IndiGo,1,106,WyJDalJJYjFwemNXOUxkVlJzTjJkQlFXOXdNR2RDUnkwdExTMHRMUzB0TFMxdmVXWnlOVUZCUVVGQlIzRnNWVm93UzNkcWEwOUJFZ3cyUlRZME9EWjhOa1V4TlRZYUN3ajF2Z0VRQUJvRFNVNVNPQnh3NXNjQiIsW1siSFlEIiwiMjAyNi0wOS0xMyIsIk1BQSIsbnVsbCwiNkUiLCI2NDg2Il0sWyJNQUEiLCIyMDI2LTA5LTEzIiwiQ09LIixudWxsLCI2RSIsIjE1NiJdXV0=,2026-09-12 18:50:26.773764
1127,138,HYD,COK,2026-09-13,2026-09-20,28493.00,INR,785,Round trip,Air India,1,208,WyJDalJJYjFwemNXOUxkVlJzTjJkQlFXOXdNR2RDUnkwdExTMHRMUzB0TFMxdmVXWnlOVUZCUVVGQlIzRnNWVm93UzNkcWEwOUJFZ3hCU1RJNE56SjhRVWsyT0RFYUN3ak4zZ0VRQUJvRFNVNVNPQnh3K3VnQiIsW1siSFlEIiwiMjAyNi0wOS0xMyIsIkJPTSIsbnVsbCwiQUkiLCIyODcyIl0sWyJCT00iLCIyMDI2LTA5LTEzIiwiQ09LIixudWxsLCJBSSIsIjY4MSJdXV0=,2026-09-12 18:50:26.776436
1128,138,HYD,COK,2026-09-13,2026-09-20,29314.00,INR,280,Round trip,Air India,1,168,WyJDalJJYjFwemNXOUxkVlJzTjJkQlFXOXdNR2RDUnkwdExTMHRMUzB0TFMxdmVXWnlOVUZCUVVGQlIzRnNWVm93UzNkcWEwOUJFZzFCU1RJMk1qWjhRVWt5T0RVMUdnc0lndVVCRUFBYUEwbE9VamdjY05YdkFRPT0iLFtbIkhZRCIsIjIwMjYtMDktMTMiLCJCT00iLG51bGwsIkFJIiwiMjYyNiJdLFsiQk9NIiwiMjAyNi0wOS0xMyIsIkNPSyIsbnVsbCwiQUkiLCIyODU1Il1dXQ==,2026-09-12 18:50:26.779419
1129,139,HYD,GOI,2026-09-13,2026-09-20,11779.00,INR,75,Round trip,IndiGo,0,51,WyJDalJJTkV3NWVuSkxPV3hPUlRCQlFVNXljMUZDUnkwdExTMHRMUzB0TFhaM1ltb3lNa0ZCUVVGQlIzRnNWV0ZaVEdOYVN6QkJFZ1kyUlRZek1qa2FDZ2lEWEJBQUdnTkpUbEk0SEhDbllBPT0iLFtbIkhZRCIsIjIwMjYtMDktMTMiLCJHT0kiLG51bGwsIjZFIiwiNjMyOSJdXV0=,2026-09-12 18:50:30.948898
1130,139,HYD,GOI,2026-09-13,2026-09-20,11779.00,INR,75,Round trip,IndiGo,0,51,WyJDalJJTkV3NWVuSkxPV3hPUlRCQlFVNXljMUZDUnkwdExTMHRMUzB0TFhaM1ltb3lNa0ZCUVVGQlIzRnNWV0ZaVEdOYVN6QkJFZ1UyUlRrNE5Cb0tDSU5jRUFBYUEwbE9VamdjY0tkZyIsW1siSFlEIiwiMjAyNi0wOS0xMyIsIkdPSSIsbnVsbCwiNkUiLCI5ODQiXV1d,2026-09-12 18:50:30.951663
1131,139,HYD,GOI,2026-09-13,2026-09-20,12304.00,INR,75,Round trip,IndiGo,0,56,WyJDalJJTkV3NWVuSkxPV3hPUlRCQlFVNXljMUZDUnkwdExTMHRMUzB0TFhaM1ltb3lNa0ZCUVVGQlIzRnNWV0ZaVEdOYVN6QkJFZ1UyUlRFeU1Sb0tDSkJnRUFBYUEwbE9VamdjY014ayIsW1siSFlEIiwiMjAyNi0wOS0xMyIsIkdPSSIsbnVsbCwiNkUiLCIxMjEiXV1d,2026-09-12 18:50:30.954082
1132,139,HYD,GOI,2026-09-13,2026-09-20,14321.00,INR,345,Round trip,IndiGo,1,96,WyJDalJJTkV3NWVuSkxPV3hPUlRCQlFVNXljMUZDUnkwdExTMHRMUzB0TFhaM1ltb3lNa0ZCUVVGQlIzRnNWV0ZaVEdOYVN6QkJFZ3cyUlRFMU1YdzJSVFkyTlRNYUNnanhieEFBR2dOSlRsSTRISENMZFE9PSIsW1siSFlEIiwiMjAyNi0wOS0xMyIsIkJMUiIsbnVsbCwiNkUiLCIxNTEiXSxbIkJMUiIsIjIwMjYtMDktMTMiLCJHT0kiLG51bGwsIjZFIiwiNjY1MyJdXV0=,2026-09-12 18:50:30.956515
1133,139,HYD,GOI,2026-09-13,2026-09-20,14321.00,INR,595,Round trip,IndiGo,1,96,WyJDalJJTkV3NWVuSkxPV3hPUlRCQlFVNXljMUZDUnkwdExTMHRMUzB0TFhaM1ltb3lNa0ZCUVVGQlIzRnNWV0ZaVEdOYVN6QkJFZ3cyUlRZMU1EVjhOa1V4T1RRYUNnanhieEFBR2dOSlRsSTRISENMZFE9PSIsW1siSFlEIiwiMjAyNi0wOS0xMyIsIkJMUiIsbnVsbCwiNkUiLCI2NTA1Il0sWyJCTFIiLCIyMDI2LTA5LTE0IiwiR09JIixudWxsLCI2RSIsIjE5NCJdXV0=,2026-09-12 18:50:30.959487
1134,139,HYD,GOI,2026-09-13,2026-09-20,14509.00,INR,75,Round trip,IndiGo,0,56,WyJDalJJTkV3NWVuSkxPV3hPUlRCQlFVNXljMUZDUnkwdExTMHRMUzB0TFhaM1ltb3lNa0ZCUVVGQlIzRnNWV0ZaVEdOYVN6QkJFZ1UyUlRNMk1ob0tDSzF4RUFBYUEwbE9VamdjY05CMiIsW1siSFlEIiwiMjAyNi0wOS0xMyIsIkdPSSIsbnVsbCwiNkUiLCIzNjIiXV1d,2026-09-12 18:50:30.962047
1135,139,HYD,GOI,2026-09-13,2026-09-20,,INR,315,Round trip,Air India,1,142,WyJDalJJTkV3NWVuSkxPV3hPUlRCQlFVNXljMUZDUnkwdExTMHRMUzB0TFhaM1ltb3lNa0ZCUVVGQlIzRnNWV0ZaVEdOYVN6QkJFZzFCU1RJMk1qWjhRVWt5TkRJd09Cdz0iLFtbIkhZRCIsIjIwMjYtMDktMTMiLCJCT00iLG51bGwsIkFJIiwiMjYyNiJdLFsiQk9NIiwiMjAyNi0wOS0xMyIsIkdPSSIsbnVsbCwiQUkiLCIyNDIwIl1dXQ==,2026-09-12 18:50:30.964254
1136,140,MAA,BLR,2026-09-13,2026-09-20,7646.00,INR,40,Round trip,Star Air,0,,WyJDalJJYUhOd2RqaExjRm8zZW1kQlNFZDNVRUZDUnkwdExTMHRMUzF2YTNSd09DMXVNVUZCUVVGQlIzRnNWV0Z2UjBGWFRrdEJFZ1pUTlRreU9EZ2FDZ2plT3hBQUdnTkpUbEk0SEhEQ1BnPT0iLFtbIk1BQSIsIjIwMjYtMDktMTMiLCJCTFIiLG51bGwsIlM1IiwiOTI4OCJdXV0=,2026-09-12 18:50:34.746625
1137,140,MAA,BLR,2026-09-13,2026-09-20,7932.00,INR,60,Round trip,IndiGo,0,41,WyJDalJJYUhOd2RqaExjRm8zZW1kQlNFZDNVRUZDUnkwdExTMHRMUzF2YTNSd09DMXVNVUZCUVVGQlIzRnNWV0Z2UjBGWFRrdEJFZ1kyUlRZd09ERWFDZ2o4UFJBQUdnTkpUbEk0SEhEdFFBPT0iLFtbIk1BQSIsIjIwMjYtMDktMTMiLCJCTFIiLG51bGwsIjZFIiwiNjA4MSJdXV0=,2026-09-12 18:50:34.750878
1138,140,MAA,BLR,2026-09-13,2026-09-20,7932.00,INR,70,Round trip,IndiGo,0,37,WyJDalJJYUhOd2RqaExjRm8zZW1kQlNFZDNVRUZDUnkwdExTMHRMUzF2YTNSd09DMXVNVUZCUVVGQlIzRnNWV0Z2UjBGWFRrdEJFZ1kyUlRZNE1UVWFDZ2o4UFJBQUdnTkpUbEk0SEhEdFFBPT0iLFtbIk1BQSIsIjIwMjYtMDktMTMiLCJCTFIiLG51bGwsIjZFIiwiNjgxNSJdXV0=,2026-09-12 18:50:34.753573
1139,140,MAA,BLR,2026-09-13,2026-09-20,7932.00,INR,65,Round trip,IndiGo,0,37,WyJDalJJYUhOd2RqaExjRm8zZW1kQlNFZDNVRUZDUnkwdExTMHRMUzF2YTNSd09DMXVNVUZCUVVGQlIzRnNWV0Z2UjBGWFRrdEJFZ1kyUlRZNE9USWFDZ2o4UFJBQUdnTkpUbEk0SEhEdFFBPT0iLFtbIk1BQSIsIjIwMjYtMDktMTMiLCJCTFIiLG51bGwsIjZFIiwiNjg5MiJdXV0=,2026-09-12 18:50:34.756333
1140,140,MAA,BLR,2026-09-13,2026-09-20,7932.00,INR,65,Round trip,IndiGo,0,37,WyJDalJJYUhOd2RqaExjRm8zZW1kQlNFZDNVRUZDUnkwdExTMHRMUzF2YTNSd09DMXVNVUZCUVVGQlIzRnNWV0Z2UjBGWFRrdEJFZ1UyUlRnME54b0tDUHc5RUFBYUEwbE9VamdjY08xQSIsW1siTUFBIiwiMjAyNi0wOS0xMyIsIkJMUiIsbnVsbCwiNkUiLCI4NDciXV1d,2026-09-12 18:50:34.758854
1141,140,MAA,BLR,2026-09-13,2026-09-20,7932.00,INR,65,Round trip,IndiGo,0,41,WyJDalJJYUhOd2RqaExjRm8zZW1kQlNFZDNVRUZDUnkwdExTMHRMUzF2YTNSd09DMXVNVUZCUVVGQlIzRnNWV0Z2UjBGWFRrdEJFZ1UyUlRFNE9Sb0tDUHc5RUFBYUEwbE9VamdjY08xQSIsW1siTUFBIiwiMjAyNi0wOS0xMyIsIkJMUiIsbnVsbCwiNkUiLCIxODkiXV1d,2026-09-12 18:50:34.761805
1142,140,MAA,BLR,2026-09-13,2026-09-20,7932.00,INR,60,Round trip,IndiGo,0,37,WyJDalJJYUhOd2RqaExjRm8zZW1kQlNFZDNVRUZDUnkwdExTMHRMUzF2YTNSd09DMXVNVUZCUVVGQlIzRnNWV0Z2UjBGWFRrdEJFZ1UyUlRjNU5ob0tDUHc5RUFBYUEwbE9VamdjY08xQSIsW1siTUFBIiwiMjAyNi0wOS0xMyIsIkJMUiIsbnVsbCwiNkUiLCI3OTYiXV1d,2026-09-12 18:50:34.764397
1143,140,MAA,BLR,2026-09-13,2026-09-20,8238.00,INR,65,Round trip,IndiGo,0,37,WyJDalJJYUhOd2RqaExjRm8zZW1kQlNFZDNVRUZDUnkwdExTMHRMUzF2YTNSd09DMXVNVUZCUVVGQlIzRnNWV0Z2UjBGWFRrdEJFZ1kyUlRZeU1Ea2FDZ2l1UUJBQUdnTkpUbEk0SEhDdFF3PT0iLFtbIk1BQSIsIjIwMjYtMDktMTMiLCJCTFIiLG51bGwsIjZFIiwiNjIwOSJdXV0=,2026-09-12 18:50:34.766926
1144,140,MAA,BLR,2026-09-13,2026-09-20,8266.00,INR,80,Round trip,Air India Express,0,47,WyJDalJJYUhOd2RqaExjRm8zZW1kQlNFZDNVRUZDUnkwdExTMHRMUzF2YTNSd09DMXVNVUZCUVVGQlIzRnNWV0Z2UjBGWFRrdEJFZ1pKV0RJNU56VWFDZ2pLUUJBQUdnTkpUbEk0SEhES1F3PT0iLFtbIk1BQSIsIjIwMjYtMDktMTMiLCJCTFIiLG51bGwsIklYIiwiMjk3NSJdXV0=,2026-09-12 18:50:34.769433
1145,140,MAA,BLR,2026-09-13,2026-09-20,8266.00,INR,70,Round trip,Air India Express,0,47,WyJDalJJYUhOd2RqaExjRm8zZW1kQlNFZDNVRUZDUnkwdExTMHRMUzF2YTNSd09DMXVNVUZCUVVGQlIzRnNWV0Z2UjBGWFRrdEJFZ1pKV0RJM09EWWFDZ2pLUUJBQUdnTkpUbEk0SEhES1F3PT0iLFtbIk1BQSIsIjIwMjYtMDktMTMiLCJCTFIiLG51bGwsIklYIiwiMjc4NiJdXV0=,2026-09-12 18:50:34.771832
1146,140,MAA,BLR,2026-09-13,2026-09-20,8266.00,INR,70,Round trip,Air India Express,0,47,WyJDalJJYUhOd2RqaExjRm8zZW1kQlNFZDNVRUZDUnkwdExTMHRMUzF2YTNSd09DMXVNVUZCUVVGQlIzRnNWV0Z2UjBGWFRrdEJFZ1pKV0RJNU56RWFDZ2pLUUJBQUdnTkpUbEk0SEhES1F3PT0iLFtbIk1BQSIsIjIwMjYtMDktMTMiLCJCTFIiLG51bGwsIklYIiwiMjk3MSJdXV0=,2026-09-12 18:50:34.774262
1147,140,MAA,BLR,2026-09-13,2026-09-20,8266.00,INR,65,Round trip,Air India Express,0,45,WyJDalJJYUhOd2RqaExjRm8zZW1kQlNFZDNVRUZDUnkwdExTMHRMUzF2YTNSd09DMXVNVUZCUVVGQlIzRnNWV0Z2UjBGWFRrdEJFZ1pKV0RJMU1EY2FDZ2pLUUJBQUdnTkpUbEk0SEhES1F3PT0iLFtbIk1BQSIsIjIwMjYtMDktMTMiLCJCTFIiLG51bGwsIklYIiwiMjUwNyJdXV0=,2026-09-12 18:50:34.776661
1148,140,MAA,BLR,2026-09-13,2026-09-20,8266.00,INR,70,Round trip,Air India Express,0,43,WyJDalJJYUhOd2RqaExjRm8zZW1kQlNFZDNVRUZDUnkwdExTMHRMUzF2YTNSd09DMXVNVUZCUVVGQlIzRnNWV0Z2UjBGWFRrdEJFZ1pKV0RJMk5qSWFDZ2pLUUJBQUdnTkpUbEk0SEhES1F3PT0iLFtbIk1BQSIsIjIwMjYtMDktMTMiLCJCTFIiLG51bGwsIklYIiwiMjY2MiJdXV0=,2026-09-12 18:50:34.779233
1149,141,MAA,DEL,2026-09-13,2026-09-20,19028.00,INR,175,Round trip,Air India,0,145,WyJDalJJWTFRek5WVktRWEJRUVRoQlIxWk1OMUZDUnkwdExTMHRMUzB0TFhCcVltOXlOMEZCUVVGQlIzRnNWV0UwUlROWFdrVkJFZ1pCU1RJNE9EWWFDd2pVbEFFUUFCb0RTVTVTT0J4d3lac0IiLFtbIk1BQSIsIjIwMjYtMDktMTMiLCJERUwiLG51bGwsIkFJIiwiMjg4NiJdXV0=,2026-09-12 18:50:43.348189
1150,141,MAA,DEL,2026-09-13,2026-09-20,19028.00,INR,180,Round trip,Air India,0,145,WyJDalJJWTFRek5WVktRWEJRUVRoQlIxWk1OMUZDUnkwdExTMHRMUzB0TFhCcVltOXlOMEZCUVVGQlIzRnNWV0UwUlROWFdrVkJFZ1pCU1RJNE16Z2FDd2pVbEFFUUFCb0RTVTVTT0J4d3lac0IiLFtbIk1BQSIsIjIwMjYtMDktMTMiLCJERUwiLG51bGwsIkFJIiwiMjgzOCJdXV0=,2026-09-12 18:50:43.353858
1151,141,MAA,DEL,2026-09-13,2026-09-20,19846.00,INR,165,Round trip,IndiGo,0,126,WyJDalJJWTFRek5WVktRWEJRUVRoQlIxWk1OMUZDUnkwdExTMHRMUzB0TFhCcVltOXlOMEZCUVVGQlIzRnNWV0UwUlROWFdrVkJFZ1UyUlRrMU1Sb0xDSWFiQVJBQUdnTkpUbEk0SEhDaG9nRT0iLFtbIk1BQSIsIjIwMjYtMDktMTMiLCJERUwiLG51bGwsIjZFIiwiOTUxIl1dXQ==,2026-09-12 18:50:43.356736
1152,141,MAA,DEL,2026-09-13,2026-09-20,19846.00,INR,175,Round trip,IndiGo,0,126,WyJDalJJWTFRek5WVktRWEJRUVRoQlIxWk1OMUZDUnkwdExTMHRMUzB0TFhCcVltOXlOMEZCUVVGQlIzRnNWV0UwUlROWFdrVkJFZ1UyUlRrek54b0xDSWFiQVJBQUdnTkpUbEk0SEhDaG9nRT0iLFtbIk1BQSIsIjIwMjYtMDktMTMiLCJERUwiLG51bGwsIjZFIiwiOTM3Il1dXQ==,2026-09-12 18:50:43.359421
1153,141,MAA,DEL,2026-09-13,2026-09-20,19846.00,INR,175,Round trip,IndiGo,0,126,WyJDalJJWTFRek5WVktRWEJRUVRoQlIxWk1OMUZDUnkwdExTMHRMUzB0TFhCcVltOXlOMEZCUVVGQlIzRnNWV0UwUlROWFdrVkJFZ1UyUlRRd05Cb0xDSWFiQVJBQUdnTkpUbEk0SEhDaG9nRT0iLFtbIk1BQSIsIjIwMjYtMDktMTMiLCJERUwiLG51bGwsIjZFIiwiNDA0Il1dXQ==,2026-09-12 18:50:43.361838
1154,141,MAA,DEL,2026-09-13,2026-09-20,19846.00,INR,165,Round trip,IndiGo,0,126,WyJDalJJWTFRek5WVktRWEJRUVRoQlIxWk1OMUZDUnkwdExTMHRMUzB0TFhCcVltOXlOMEZCUVVGQlIzRnNWV0UwUlROWFdrVkJFZ1kyUlRZd01ESWFDd2lHbXdFUUFCb0RTVTVTT0J4d29hSUIiLFtbIk1BQSIsIjIwMjYtMDktMTMiLCJERUwiLG51bGwsIjZFIiwiNjAwMiJdXV0=,2026-09-12 18:50:43.364101
1155,141,MAA,DEL,2026-09-13,2026-09-20,19846.00,INR,175,Round trip,IndiGo,0,126,WyJDalJJWTFRek5WVktRWEJRUVRoQlIxWk1OMUZDUnkwdExTMHRMUzB0TFhCcVltOXlOMEZCUVVGQlIzRnNWV0UwUlROWFdrVkJFZ1UyUlRrek9Sb0xDSWFiQVJBQUdnTkpUbEk0SEhDaG9nRT0iLFtbIk1BQSIsIjIwMjYtMDktMTMiLCJERUwiLG51bGwsIjZFIiwiOTM5Il1dXQ==,2026-09-12 18:50:43.366477
1156,141,MAA,DEL,2026-09-13,2026-09-20,19846.00,INR,180,Round trip,IndiGo,0,126,WyJDalJJWTFRek5WVktRWEJRUVRoQlIxWk1OMUZDUnkwdExTMHRMUzB0TFhCcVltOXlOMEZCUVVGQlIzRnNWV0UwUlROWFdrVkJFZ1UyUlRrME9Cb0xDSWFiQVJBQUdnTkpUbEk0SEhDaG9nRT0iLFtbIk1BQSIsIjIwMjYtMDktMTMiLCJERUwiLG51bGwsIjZFIiwiOTQ4Il1dXQ==,2026-09-12 18:50:43.368781
1157,141,MAA,DEL,2026-09-13,2026-09-20,19846.00,INR,175,Round trip,IndiGo,0,126,WyJDalJJWTFRek5WVktRWEJRUVRoQlIxWk1OMUZDUnkwdExTMHRMUzB0TFhCcVltOXlOMEZCUVVGQlIzRnNWV0UwUlROWFdrVkJFZ1kyUlRJek5qa2FDd2lHbXdFUUFCb0RTVTVTT0J4d29hSUIiLFtbIk1BQSIsIjIwMjYtMDktMTMiLCJERUwiLG51bGwsIjZFIiwiMjM2OSJdXV0=,2026-09-12 18:50:43.37111
1158,141,MAA,DEL,2026-09-13,2026-09-20,20324.00,INR,330,Round trip,IndiGo,1,153,WyJDalJJWTFRek5WVktRWEJRUVRoQlIxWk1OMUZDUnkwdExTMHRMUzB0TFhCcVltOXlOMEZCUVVGQlIzRnNWV0UwUlROWFdrVkJFZzAyUlRZeE5UaDhOa1UyTURRekdnc0k1SjRCRUFBYUEwbE9VamdjY0pXbUFRPT0iLFtbIk1BQSIsIjIwMjYtMDktMTMiLCJIWUQiLG51bGwsIjZFIiwiNjE1OCJdLFsiSFlEIiwiMjAyNi0wOS0xMyIsIkRFTCIsbnVsbCwiNkUiLCI2MDQzIl1dXQ==,2026-09-12 18:50:43.373402
1159,141,MAA,DEL,2026-09-13,2026-09-20,20419.00,INR,170,Round trip,Air India,0,169,WyJDalJJWTFRek5WVktRWEJRUVRoQlIxWk1OMUZDUnkwdExTMHRMUzB0TFhCcVltOXlOMEZCUVVGQlIzRnNWV0UwUlROWFdrVkJFZ1ZCU1RVek9Cb0xDTU9mQVJBQUdnTkpUbEk0SEhENXBnRT0iLFtbIk1BQSIsIjIwMjYtMDktMTMiLCJERUwiLG51bGwsIkFJIiwiNTM4Il1dXQ==,2026-09-12 18:50:43.376036
1160,141,MAA,DEL,2026-09-13,2026-09-20,20792.00,INR,180,Round trip,Air India,0,145,WyJDalJJWTFRek5WVktRWEJRUVRoQlIxWk1OMUZDUnkwdExTMHRMUzB0TFhCcVltOXlOMEZCUVVGQlIzRnNWV0UwUlROWFdrVkJFZ1pCU1RJNE16WWFDd2k0b2dFUUFCb0RTVTVTT0J4dy82a0IiLFtbIk1BQSIsIjIwMjYtMDktMTMiLCJERUwiLG51bGwsIkFJIiwiMjgzNiJdXV0=,2026-09-12 18:50:43.37801
1161,141,MAA,DEL,2026-09-13,2026-09-20,20792.00,INR,175,Round trip,Air India,0,145,WyJDalJJWTFRek5WVktRWEJRUVRoQlIxWk1OMUZDUnkwdExTMHRMUzB0TFhCcVltOXlOMEZCUVVGQlIzRnNWV0UwUlROWFdrVkJFZ1pCU1RJME5qZ2FDd2k0b2dFUUFCb0RTVTVTT0J4dy82a0IiLFtbIk1BQSIsIjIwMjYtMDktMTMiLCJERUwiLG51bGwsIkFJIiwiMjQ2OCJdXV0=,2026-09-12 18:50:43.380321
1162,141,MAA,DEL,2026-09-13,2026-09-20,21319.00,INR,175,Round trip,IndiGo,0,126,WyJDalJJWTFRek5WVktRWEJRUVRoQlIxWk1OMUZDUnkwdExTMHRMUzB0TFhCcVltOXlOMEZCUVVGQlIzRnNWV0UwUlROWFdrVkJFZ1UyUlRZNU9Cb0xDTWVtQVJBQUdnTkpUbEk0SEhDbnJnRT0iLFtbIk1BQSIsIjIwMjYtMDktMTMiLCJERUwiLG51bGwsIjZFIiwiNjk4Il1dXQ==,2026-09-12 18:50:43.382505
1163,141,MAA,DEL,2026-09-13,2026-09-20,21319.00,INR,175,Round trip,IndiGo,0,126,WyJDalJJWTFRek5WVktRWEJRUVRoQlIxWk1OMUZDUnkwdExTMHRMUzB0TFhCcVltOXlOMEZCUVVGQlIzRnNWV0UwUlROWFdrVkJFZ1UyUlRZeE14b0xDTWVtQVJBQUdnTkpUbEk0SEhDbnJnRT0iLFtbIk1BQSIsIjIwMjYtMDktMTMiLCJERUwiLG51bGwsIjZFIiwiNjEzIl1dXQ==,2026-09-12 18:50:43.384775
1164,141,MAA,DEL,2026-09-13,2026-09-20,21564.00,INR,180,Round trip,Air India,0,145,WyJDalJJWTFRek5WVktRWEJRUVRoQlIxWk1OMUZDUnkwdExTMHRMUzB0TFhCcVltOXlOMEZCUVVGQlIzRnNWV0UwUlROWFdrVkJFZ1pCU1RJME9EUWFDd2k4cUFFUUFCb0RTVTVTT0J4d3A3QUIiLFtbIk1BQSIsIjIwMjYtMDktMTMiLCJERUwiLG51bGwsIkFJIiwiMjQ4NCJdXV0=,2026-09-12 18:50:43.386941
1165,141,MAA,DEL,2026-09-13,2026-09-20,41292.00,INR,280,Round trip,IndiGo,1,222,WyJDalJJWTFRek5WVktRWEJRUVRoQlIxWk1OMUZDUnkwdExTMHRMUzB0TFhCcVltOXlOMEZCUVVGQlIzRnNWV0UwUlROWFdrVkJFZzAyUlRZME9EZDhOa1UyTURJMUdnc0l6TUlDRUFBYUEwbE9VamdjY00zUkFnPT0iLFtbIk1BQSIsIjIwMjYtMDktMTMiLCJIWUQiLG51bGwsIjZFIiwiNjQ4NyJdLFsiSFlEIiwiMjAyNi0wOS0xMyIsIkRFTCIsbnVsbCwiNkUiLCI2MDI1Il1dXQ==,2026-09-12 18:50:43.388997
1166,142,MAA,BOM,2026-09-13,2026-09-20,13976.00,INR,140,Round trip,Air India,0,96,WyJDalJJVXpGelltMTZNRXBpUWtGQlIzTm9iMUZDUnkwdExTMHRMUzB0TFhaMGEzRXhPRUZCUVVGQlIzRnNWV0paUlhSaWIwVkJFZ1pCU1RJNE1qSWFDZ2lZYlJBQUdnTkpUbEk0SEhDaWNnPT0iLFtbIk1BQSIsIjIwMjYtMDktMTMiLCJCT00iLG51bGwsIkFJIiwiMjgyMiJdXV0=,2026-09-12 18:50:46.776409
1167,142,MAA,BOM,2026-09-13,2026-09-20,13981.00,INR,110,Round trip,IndiGo,0,82,WyJDalJJVXpGelltMTZNRXBpUWtGQlIzTm9iMUZDUnkwdExTMHRMUzB0TFhaMGEzRXhPRUZCUVVGQlIzRnNWV0paUlhSaWIwVkJFZ1kyUlRZek5EZ2FDZ2lkYlJBQUdnTkpUbEk0SEhDbmNnPT0iLFtbIk1BQSIsIjIwMjYtMDktMTMiLCJCT00iLG51bGwsIjZFIiwiNjM0OCJdXV0=,2026-09-12 18:50:46.778893
1168,142,MAA,BOM,2026-09-13,2026-09-20,14332.00,INR,125,Round trip,Akasa Air,0,82,WyJDalJJVXpGelltMTZNRXBpUWtGQlIzTm9iMUZDUnkwdExTMHRMUzB0TFhaMGEzRXhPRUZCUVVGQlIzRnNWV0paUlhSaWIwVkJFZ1pSVURFeE5EWWFDZ2o4YnhBQUdnTkpUbEk0SEhDWGRRPT0iLFtbIk1BQSIsIjIwMjYtMDktMTMiLCJCT00iLG51bGwsIlFQIiwiMTE0NiJdXV0=,2026-09-12 18:50:46.781546
1169,142,MAA,BOM,2026-09-13,2026-09-20,13924.00,INR,140,Round trip,Air India,0,96,WyJDalJJVXpGelltMTZNRXBpUWtGQlIzTm9iMUZDUnkwdExTMHRMUzB0TFhaMGEzRXhPRUZCUVVGQlIzRnNWV0paUlhSaWIwVkJFZ1pCU1RJNE1qZ2FDZ2prYkJBQUdnTkpUbEk0SEhEc2NRPT0iLFtbIk1BQSIsIjIwMjYtMDktMTMiLCJCT00iLG51bGwsIkFJIiwiMjgyOCJdXV0=,2026-09-12 18:50:46.78336
1170,142,MAA,BOM,2026-09-13,2026-09-20,13976.00,INR,130,Round trip,Air India,0,96,WyJDalJJVXpGelltMTZNRXBpUWtGQlIzTm9iMUZDUnkwdExTMHRMUzB0TFhaMGEzRXhPRUZCUVVGQlIzRnNWV0paUlhSaWIwVkJFZ1pCU1RJM056a2FDZ2lZYlJBQUdnTkpUbEk0SEhDaWNnPT0iLFtbIk1BQSIsIjIwMjYtMDktMTMiLCJCT00iLG51bGwsIkFJIiwiMjc3OSJdXV0=,2026-09-12 18:50:46.785726
1171,142,MAA,BOM,2026-09-13,2026-09-20,13981.00,INR,120,Round trip,IndiGo,0,82,WyJDalJJVXpGelltMTZNRXBpUWtGQlIzTm9iMUZDUnkwdExTMHRMUzB0TFhaMGEzRXhPRUZCUVVGQlIzRnNWV0paUlhSaWIwVkJFZ1kyUlRVek1UUWFDZ2lkYlJBQUdnTkpUbEk0SEhDbmNnPT0iLFtbIk1BQSIsIjIwMjYtMDktMTMiLCJCT00iLG51bGwsIjZFIiwiNTMxNCJdXV0=,2026-09-12 18:50:46.788127
1172,142,MAA,BOM,2026-09-13,2026-09-20,13981.00,INR,120,Round trip,IndiGo,0,82,WyJDalJJVXpGelltMTZNRXBpUWtGQlIzTm9iMUZDUnkwdExTMHRMUzB0TFhaMGEzRXhPRUZCUVVGQlIzRnNWV0paUlhSaWIwVkJFZ1kyUlRVeU1UUWFDZ2lkYlJBQUdnTkpUbEk0SEhDbmNnPT0iLFtbIk1BQSIsIjIwMjYtMDktMTMiLCJCT00iLG51bGwsIjZFIiwiNTIxNCJdXV0=,2026-09-12 18:50:46.790392
1173,142,MAA,BOM,2026-09-13,2026-09-20,13981.00,INR,120,Round trip,IndiGo,0,82,WyJDalJJVXpGelltMTZNRXBpUWtGQlIzTm9iMUZDUnkwdExTMHRMUzB0TFhaMGEzRXhPRUZCUVVGQlIzRnNWV0paUlhSaWIwVkJFZ1kyUlRVeE1EUWFDZ2lkYlJBQUdnTkpUbEk0SEhDbmNnPT0iLFtbIk1BQSIsIjIwMjYtMDktMTMiLCJCT00iLG51bGwsIjZFIiwiNTEwNCJdXV0=,2026-09-12 18:50:46.792643
1174,142,MAA,BOM,2026-09-13,2026-09-20,13981.00,INR,120,Round trip,IndiGo,0,82,WyJDalJJVXpGelltMTZNRXBpUWtGQlIzTm9iMUZDUnkwdExTMHRMUzB0TFhaMGEzRXhPRUZCUVVGQlIzRnNWV0paUlhSaWIwVkJFZ1kyUlRVek5qY2FDZ2lkYlJBQUdnTkpUbEk0SEhDbmNnPT0iLFtbIk1BQSIsIjIwMjYtMDktMTMiLCJCT00iLG51bGwsIjZFIiwiNTM2NyJdXV0=,2026-09-12 18:50:46.795072
1175,142,MAA,BOM,2026-09-13,2026-09-20,13981.00,INR,120,Round trip,IndiGo,0,82,WyJDalJJVXpGelltMTZNRXBpUWtGQlIzTm9iMUZDUnkwdExTMHRMUzB0TFhaMGEzRXhPRUZCUVVGQlIzRnNWV0paUlhSaWIwVkJFZ1kyUlRZeU1qVWFDZ2lkYlJBQUdnTkpUbEk0SEhDbmNnPT0iLFtbIk1BQSIsIjIwMjYtMDktMTMiLCJCT00iLG51bGwsIjZFIiwiNjIyNSJdXV0=,2026-09-12 18:50:46.79728
1176,142,MAA,BOM,2026-09-13,2026-09-20,14399.00,INR,120,Round trip,IndiGo,0,82,WyJDalJJVXpGelltMTZNRXBpUWtGQlIzTm9iMUZDUnkwdExTMHRMUzB0TFhaMGEzRXhPRUZCUVVGQlIzRnNWV0paUlhSaWIwVkJFZ1kyUlRVeU5UZ2FDZ2kvY0JBQUdnTkpUbEk0SEhEZGRRPT0iLFtbIk1BQSIsIjIwMjYtMDktMTMiLCJCT00iLG51bGwsIjZFIiwiNTI1OCJdXV0=,2026-09-12 18:50:46.799664
1177,142,MAA,BOM,2026-09-13,2026-09-20,14399.00,INR,115,Round trip,IndiGo,0,82,WyJDalJJVXpGelltMTZNRXBpUWtGQlIzTm9iMUZDUnkwdExTMHRMUzB0TFhaMGEzRXhPRUZCUVVGQlIzRnNWV0paUlhSaWIwVkJFZ1kyUlRVek56RWFDZ2kvY0JBQUdnTkpUbEk0SEhEZGRRPT0iLFtbIk1BQSIsIjIwMjYtMDktMTMiLCJCT00iLG51bGwsIjZFIiwiNTM3MSJdXV0=,2026-09-12 18:50:46.801858
1178,142,MAA,BOM,2026-09-13,2026-09-20,14399.00,INR,120,Round trip,IndiGo,0,82,WyJDalJJVXpGelltMTZNRXBpUWtGQlIzTm9iMUZDUnkwdExTMHRMUzB0TFhaMGEzRXhPRUZCUVVGQlIzRnNWV0paUlhSaWIwVkJFZ1kyUlRVeE5Ea2FDZ2kvY0JBQUdnTkpUbEk0SEhEZGRRPT0iLFtbIk1BQSIsIjIwMjYtMDktMTMiLCJCT00iLG51bGwsIjZFIiwiNTE0OSJdXV0=,2026-09-12 18:50:46.804087
1179,142,MAA,BOM,2026-09-13,2026-09-20,14522.00,INR,140,Round trip,Air India,0,96,WyJDalJJVXpGelltMTZNRXBpUWtGQlIzTm9iMUZDUnkwdExTMHRMUzB0TFhaMGEzRXhPRUZCUVVGQlIzRnNWV0paUlhSaWIwVkJFZ1ZCU1RRek5ob0tDTHB4RUFBYUEwbE9VamdjY04xMiIsW1siTUFBIiwiMjAyNi0wOS0xMyIsIkJPTSIsbnVsbCwiQUkiLCI0MzYiXV1d,2026-09-12 18:50:46.806376
1180,142,MAA,BOM,2026-09-13,2026-09-20,14648.00,INR,140,Round trip,Air India,0,96,WyJDalJJVXpGelltMTZNRXBpUWtGQlIzTm9iMUZDUnkwdExTMHRMUzB0TFhaMGEzRXhPRUZCUVVGQlIzRnNWV0paUlhSaWIwVkJFZ1pCU1RJM05EQWFDZ2k0Y2hBQUdnTkpUbEk0SEhEaGR3PT0iLFtbIk1BQSIsIjIwMjYtMDktMTMiLCJCT00iLG51bGwsIkFJIiwiMjc0MCJdXV0=,2026-09-12 18:50:46.808727
1181,142,MAA,BOM,2026-09-13,2026-09-20,14774.00,INR,130,Round trip,Air India,0,96,WyJDalJJVXpGelltMTZNRXBpUWtGQlIzTm9iMUZDUnkwdExTMHRMUzB0TFhaMGEzRXhPRUZCUVVGQlIzRnNWV0paUlhSaWIwVkJFZ1ZCU1RZME1Cb0tDTFp6RUFBYUEwbE9VamdjY09WNCIsW1siTUFBIiwiMjAyNi0wOS0xMyIsIkJPTSIsbnVsbCwiQUkiLCI2NDAiXV1d,2026-09-12 18:50:46.812068
1182,142,MAA,BOM,2026-09-13,2026-09-20,14848.00,INR,135,Round trip,IndiGo,0,85,WyJDalJJVXpGelltMTZNRXBpUWtGQlIzTm9iMUZDUnkwdExTMHRMUzB0TFhaMGEzRXhPRUZCUVVGQlIzRnNWV0paUlhSaWIwVkJFZ1kyUlRZeE5EQWFDZ2lBZEJBQUdnTkpUbEk0SEhDemVRPT0iLFtbIk1BQSIsIjIwMjYtMDktMTMiLCJCT00iLG51bGwsIjZFIiwiNjE0MCJdXV0=,2026-09-12 18:50:46.814252
1183,143,MAA,HYD,2026-09-13,2026-09-20,11662.00,INR,85,Round trip,Air India Express,0,61,WyJDalJJVldaVVRWVmpkVmRpYjI5QlMwY3pUVUZDUnkwdExTMHRMUzB0TFMxdmVYSnBPVUZCUVVGQlIzRnNWV0p2U0V0MFlrRkJFZ1pKV0RFNE16SWFDZ2lPV3hBQUdnTkpUbEk0SEhDc1h3PT0iLFtbIk1BQSIsIjIwMjYtMDktMTMiLCJIWUQiLG51bGwsIklYIiwiMTgzMiJdXV0=,2026-09-12 18:50:55.533866
1184,143,MAA,HYD,2026-09-13,2026-09-20,12722.00,INR,75,Round trip,IndiGo,0,55,WyJDalJJVldaVVRWVmpkVmRpYjI5QlMwY3pUVUZDUnkwdExTMHRMUzB0TFMxdmVYSnBPVUZCUVVGQlIzRnNWV0p2U0V0MFlrRkJFZ1UyUlRNM01ob0tDTEpqRUFBYUEwbE9VamdjY0lKbyIsW1siTUFBIiwiMjAyNi0wOS0xMyIsIkhZRCIsbnVsbCwiNkUiLCIzNzIiXV1d,2026-09-12 18:50:55.536328
1185,143,MAA,HYD,2026-09-13,2026-09-20,13313.00,INR,75,Round trip,IndiGo,0,50,WyJDalJJVldaVVRWVmpkVmRpYjI5QlMwY3pUVUZDUnkwdExTMHRMUzB0TFMxdmVYSnBPVUZCUVVGQlIzRnNWV0p2U0V0MFlrRkJFZ1UyUlRRNU5Sb0tDSUZvRUFBYUEwbE9VamdjY094cyIsW1siTUFBIiwiMjAyNi0wOS0xMyIsIkhZRCIsbnVsbCwiNkUiLCI0OTUiXV1d,2026-09-12 18:50:55.538151
1186,143,MAA,HYD,2026-09-13,2026-09-20,13313.00,INR,75,Round trip,IndiGo,0,50,WyJDalJJVldaVVRWVmpkVmRpYjI5QlMwY3pUVUZDUnkwdExTMHRMUzB0TFMxdmVYSnBPVUZCUVVGQlIzRnNWV0p2U0V0MFlrRkJFZ1UyUlRnek5Cb0tDSUZvRUFBYUEwbE9VamdjY094cyIsW1siTUFBIiwiMjAyNi0wOS0xMyIsIkhZRCIsbnVsbCwiNkUiLCI4MzQiXV1d,2026-09-12 18:50:55.540222
1187,143,MAA,HYD,2026-09-13,2026-09-20,13313.00,INR,75,Round trip,IndiGo,0,50,WyJDalJJVldaVVRWVmpkVmRpYjI5QlMwY3pUVUZDUnkwdExTMHRMUzB0TFMxdmVYSnBPVUZCUVVGQlIzRnNWV0p2U0V0MFlrRkJFZ1kyUlRZNU1qVWFDZ2lCYUJBQUdnTkpUbEk0SEhEc2JBPT0iLFtbIk1BQSIsIjIwMjYtMDktMTMiLCJIWUQiLG51bGwsIjZFIiwiNjkyNSJdXV0=,2026-09-12 18:50:55.541815
1188,143,MAA,HYD,2026-09-13,2026-09-20,12499.00,INR,205,Round trip,IndiGo,1,88,WyJDalJJVldaVVRWVmpkVmRpYjI5QlMwY3pUVUZDUnkwdExTMHRMUzB0TFMxdmVYSnBPVUZCUVVGQlIzRnNWV0p2U0V0MFlrRkJFZ3cyUlRZd09ERjhOa1V6TVRJYUNnalRZUkFBR2dOSlRsSTRISENZWmc9PSIsW1siTUFBIiwiMjAyNi0wOS0xMyIsIkJMUiIsbnVsbCwiNkUiLCI2MDgxIl0sWyJCTFIiLCIyMDI2LTA5LTEzIiwiSFlEIixudWxsLCI2RSIsIjMxMiJdXV0=,2026-09-12 18:50:55.543785
1189,143,MAA,HYD,2026-09-13,2026-09-20,12499.00,INR,235,Round trip,IndiGo,1,88,WyJDalJJVldaVVRWVmpkVmRpYjI5QlMwY3pUVUZDUnkwdExTMHRMUzB0TFMxdmVYSnBPVUZCUVVGQlIzRnNWV0p2U0V0MFlrRkJFZzAyUlRZNE1UVjhOa1UyTkRBMEdnb0kwMkVRQUJvRFNVNVNPQnh3bUdZPSIsW1siTUFBIiwiMjAyNi0wOS0xMyIsIkJMUiIsbnVsbCwiNkUiLCI2ODE1Il0sWyJCTFIiLCIyMDI2LTA5LTEzIiwiSFlEIixudWxsLCI2RSIsIjY0MDQiXV1d,2026-09-12 18:50:55.546354
1190,143,MAA,HYD,2026-09-13,2026-09-20,13256.00,INR,75,Round trip,IndiGo,0,50,WyJDalJJVldaVVRWVmpkVmRpYjI5QlMwY3pUVUZDUnkwdExTMHRMUzB0TFMxdmVYSnBPVUZCUVVGQlIzRnNWV0p2U0V0MFlrRkJFZ1kyUlRZME9EY2FDZ2pJWnhBQUdnTkpUbEk0SEhDeGJBPT0iLFtbIk1BQSIsIjIwMjYtMDktMTMiLCJIWUQiLG51bGwsIjZFIiwiNjQ4NyJdXV0=,2026-09-12 18:50:55.549055
1191,143,MAA,HYD,2026-09-13,2026-09-20,13313.00,INR,75,Round trip,IndiGo,0,55,WyJDalJJVldaVVRWVmpkVmRpYjI5QlMwY3pUVUZDUnkwdExTMHRMUzB0TFMxdmVYSnBPVUZCUVVGQlIzRnNWV0p2U0V0MFlrRkJFZ1kyUlRZeE5UZ2FDZ2lCYUJBQUdnTkpUbEk0SEhEc2JBPT0iLFtbIk1BQSIsIjIwMjYtMDktMTMiLCJIWUQiLG51bGwsIjZFIiwiNjE1OCJdXV0=,2026-09-12 18:50:55.551263
1192,143,MAA,HYD,2026-09-13,2026-09-20,13313.00,INR,75,Round trip,IndiGo,0,50,WyJDalJJVldaVVRWVmpkVmRpYjI5QlMwY3pUVUZDUnkwdExTMHRMUzB0TFMxdmVYSnBPVUZCUVVGQlIzRnNWV0p2U0V0MFlrRkJFZ1UyUlRVMk1ob0tDSUZvRUFBYUEwbE9VamdjY094cyIsW1siTUFBIiwiMjAyNi0wOS0xMyIsIkhZRCIsbnVsbCwiNkUiLCI1NjIiXV1d,2026-09-12 18:50:55.553604
1193,143,MAA,HYD,2026-09-13,2026-09-20,13313.00,INR,85,Round trip,IndiGo,0,50,WyJDalJJVldaVVRWVmpkVmRpYjI5QlMwY3pUVUZDUnkwdExTMHRMUzB0TFMxdmVYSnBPVUZCUVVGQlIzRnNWV0p2U0V0MFlrRkJFZ1UyUlRFNU14b0tDSUZvRUFBYUEwbE9VamdjY094cyIsW1siTUFBIiwiMjAyNi0wOS0xMyIsIkhZRCIsbnVsbCwiNkUiLCIxOTMiXV1d,2026-09-12 18:50:55.556089
1194,144,MAA,CCU,2026-09-13,2026-09-20,15414.00,INR,150,Round trip,Air India Express,0,119,WyJDalJJYkdWUlIxQktNMTlDY0hkQlMzVnlja0ZDUnkwdExTMHRMUzB0TFMxMmQybHZOMEZCUVVGQlIzRnNWV05uUWt4aVpFTkJFZ1pKV0RFMU56Y2FDZ2kyZUJBQUdnTkpUbEk0SEhDRGZnPT0iLFtbIk1BQSIsIjIwMjYtMDktMTMiLCJDQ1UiLG51bGwsIklYIiwiMTU3NyJdXV0=,2026-09-12 18:51:03.888775
1195,144,MAA,CCU,2026-09-13,2026-09-20,16218.00,INR,140,Round trip,IndiGo,0,101,WyJDalJJYkdWUlIxQktNMTlDY0hkQlMzVnlja0ZDUnkwdExTMHRMUzB0TFMxMmQybHZOMEZCUVVGQlIzRnNWV05uUWt4aVpFTkJFZ1UyUlRreU14b0tDTnArRUFBYUEwbE9VamdjY015RUFRPT0iLFtbIk1BQSIsIjIwMjYtMDktMTMiLCJDQ1UiLG51bGwsIjZFIiwiOTIzIl1dXQ==,2026-09-12 18:51:03.890471
1196,144,MAA,CCU,2026-09-13,2026-09-20,17058.00,INR,150,Round trip,IndiGo,0,101,WyJDalJJYkdWUlIxQktNMTlDY0hkQlMzVnlja0ZDUnkwdExTMHRMUzB0TFMxMmQybHZOMEZCUVVGQlIzRnNWV05uUWt4aVpFTkJFZ1UyUlRZd05ob0xDS0tGQVJBQUdnTkpUbEk0SEhDN2l3RT0iLFtbIk1BQSIsIjIwMjYtMDktMTMiLCJDQ1UiLG51bGwsIjZFIiwiNjA2Il1dXQ==,2026-09-12 18:51:03.893178
1197,144,MAA,CCU,2026-09-13,2026-09-20,18907.00,INR,140,Round trip,IndiGo,0,101,WyJDalJJYkdWUlIxQktNMTlDY0hkQlMzVnlja0ZDUnkwdExTMHRMUzB0TFMxMmQybHZOMEZCUVVGQlIzRnNWV05uUWt4aVpFTkJFZ1UyUlRNeU1Sb0xDTnVUQVJBQUdnTkpUbEk0SEhES21nRT0iLFtbIk1BQSIsIjIwMjYtMDktMTMiLCJDQ1UiLG51bGwsIjZFIiwiMzIxIl1dXQ==,2026-09-12 18:51:03.894907
1198,144,MAA,CCU,2026-09-13,2026-09-20,15394.00,INR,300,Round trip,IndiGo,1,126,WyJDalJJYkdWUlIxQktNMTlDY0hkQlMzVnlja0ZDUnkwdExTMHRMUzB0TFMxMmQybHZOMEZCUVVGQlIzRnNWV05uUWt4aVpFTkJFZ3cyUlRJMk9UaDhOa1UyTVRjYUNnaWllQkFBR2dOSlRsSTRISER1ZlE9PSIsW1siTUFBIiwiMjAyNi0wOS0xMyIsIlZUWiIsbnVsbCwiNkUiLCIyNjk4Il0sWyJWVFoiLCIyMDI2LTA5LTEzIiwiQ0NVIixudWxsLCI2RSIsIjYxNyJdXV0=,2026-09-12 18:51:03.896743
1199,144,MAA,CCU,2026-09-13,2026-09-20,16613.00,INR,305,Round trip,IndiGo,1,143,WyJDalJJYkdWUlIxQktNMTlDY0hkQlMzVnlja0ZDUnkwdExTMHRMUzB0TFMxMmQybHZOMEZCUVVGQlIzRnNWV05uUWt4aVpFTkJFZ3MyUlRVMk1udzJSVGswTkJvTENPV0JBUkFBR2dOSlRsSTRISERxaHdFPSIsW1siTUFBIiwiMjAyNi0wOS0xMyIsIkhZRCIsbnVsbCwiNkUiLCI1NjIiXSxbIkhZRCIsIjIwMjYtMDktMTMiLCJDQ1UiLG51bGwsIjZFIiwiOTQ0Il1dXQ==,2026-09-12 18:51:03.898735
1200,144,MAA,CCU,2026-09-13,2026-09-20,18843.00,INR,145,Round trip,IndiGo,0,101,WyJDalJJYkdWUlIxQktNMTlDY0hkQlMzVnlja0ZDUnkwdExTMHRMUzB0TFMxMmQybHZOMEZCUVVGQlIzRnNWV05uUWt4aVpFTkJFZ1kyUlRZek1qWWFDd2lia3dFUUFCb0RTVTVTT0J4d2g1b0IiLFtbIk1BQSIsIjIwMjYtMDktMTMiLCJDQ1UiLG51bGwsIjZFIiwiNjMyNiJdXV0=,2026-09-12 18:51:03.900953
1201,144,MAA,CCU,2026-09-13,2026-09-20,19039.00,INR,150,Round trip,Air India Express,0,119,WyJDalJJYkdWUlIxQktNMTlDY0hkQlMzVnlja0ZDUnkwdExTMHRMUzB0TFMxMmQybHZOMEZCUVVGQlIzRnNWV05uUWt4aVpFTkJFZ1pKV0RFeU5UWWFDd2pmbEFFUUFCb0RTVTVTT0J4dzFac0IiLFtbIk1BQSIsIjIwMjYtMDktMTMiLCJDQ1UiLG51bGwsIklYIiwiMTI1NiJdXV0=,2026-09-12 18:51:03.902569
1202,144,MAA,CCU,2026-09-13,2026-09-20,19852.00,INR,140,Round trip,IndiGo,0,101,WyJDalJJYkdWUlIxQktNMTlDY0hkQlMzVnlja0ZDUnkwdExTMHRMUzB0TFMxMmQybHZOMEZCUVVGQlIzRnNWV05uUWt4aVpFTkJFZ1UyUlRrNE54b0xDSXliQVJBQUdnTkpUbEk0SEhDbm9nRT0iLFtbIk1BQSIsIjIwMjYtMDktMTMiLCJDQ1UiLG51bGwsIjZFIiwiOTg3Il1dXQ==,2026-09-12 18:51:03.904618
1203,145,MAA,PNQ,2026-09-13,2026-09-20,9830.00,INR,110,Round trip,IndiGo,0,72,WyJDalJJYzFOcVRFNVFVVUl6VEZGQlJrdHdha0ZDUnkwdExTMHRMUzB0TFMxd2FuVm1NMEZCUVVGQlIzRnNWV056U2pWVGQzZEJFZ1UyUlRVd01ob0tDT1pNRUFBYUEwbE9VamdjY0s5USIsW1siTUFBIiwiMjAyNi0wOS0xMyIsIlBOUSIsbnVsbCwiNkUiLCI1MDIiXV1d,2026-09-12 18:51:07.627464
1204,145,MAA,PNQ,2026-09-13,2026-09-20,10659.00,INR,115,Round trip,IndiGo,0,77,WyJDalJJYzFOcVRFNVFVVUl6VEZGQlJrdHdha0ZDUnkwdExTMHRMUzB0TFMxd2FuVm1NMEZCUVVGQlIzRnNWV056U2pWVGQzZEJFZ1UyUlRZd054b0tDS05URUFBYUEwbE9VamdjY0pOWCIsW1siTUFBIiwiMjAyNi0wOS0xMyIsIlBOUSIsbnVsbCwiNkUiLCI2MDciXV1d,2026-09-12 18:51:07.630889
1205,145,MAA,PNQ,2026-09-13,2026-09-20,10974.00,INR,105,Round trip,IndiGo,0,72,WyJDalJJYzFOcVRFNVFVVUl6VEZGQlJrdHdha0ZDUnkwdExTMHRMUzB0TFMxd2FuVm1NMEZCUVVGQlIzRnNWV056U2pWVGQzZEJFZ1UyUlRVMk1Sb0tDTjVWRUFBYUEwbE9VamdjY054WiIsW1siTUFBIiwiMjAyNi0wOS0xMyIsIlBOUSIsbnVsbCwiNkUiLCI1NjEiXV1d,2026-09-12 18:51:07.63361
1206,145,MAA,PNQ,2026-09-13,2026-09-20,11289.00,INR,95,Round trip,IndiGo,0,77,WyJDalJJYzFOcVRFNVFVVUl6VEZGQlJrdHdha0ZDUnkwdExTMHRMUzB0TFMxd2FuVm1NMEZCUVVGQlIzRnNWV056U2pWVGQzZEJFZ1UyUlRJMU14b0tDSmxZRUFBYUEwbE9VamdjY0taYyIsW1siTUFBIiwiMjAyNi0wOS0xMyIsIlBOUSIsbnVsbCwiNkUiLCIyNTMiXV1d,2026-09-12 18:51:07.636313
1207,145,MAA,PNQ,2026-09-13,2026-09-20,11710.00,INR,100,Round trip,IndiGo,0,72,WyJDalJJYzFOcVRFNVFVVUl6VEZGQlJrdHdha0ZDUnkwdExTMHRMUzB0TFMxd2FuVm1NMEZCUVVGQlIzRnNWV056U2pWVGQzZEJFZ1UyUlRFNE14b0tDTDViRUFBYUEwbE9VamdjY045ZiIsW1siTUFBIiwiMjAyNi0wOS0xMyIsIlBOUSIsbnVsbCwiNkUiLCIxODMiXV1d,2026-09-12 18:51:07.638734
1208,145,MAA,PNQ,2026-09-13,2026-09-20,,INR,100,Round trip,Air India Express,0,89,WyJDalJJYzFOcVRFNVFVVUl6VEZGQlJrdHdha0ZDUnkwdExTMHRMUzB0TFMxd2FuVm1NMEZCUVVGQlIzRnNWV056U2pWVGQzZEJFZ1pKV0RJMk5qRTRIQT09IixbWyJNQUEiLCIyMDI2LTA5LTEzIiwiUE5RIixudWxsLCJJWCIsIjI2NjEiXV1d,2026-09-12 18:51:07.641212
1209,145,MAA,PNQ,2026-09-13,2026-09-20,11113.00,INR,285,Round trip,IndiGo,1,99,WyJDalJJYzFOcVRFNVFVVUl6VEZGQlJrdHdha0ZDUnkwdExTMHRMUzB0TFMxd2FuVm1NMEZCUVVGQlIzRnNWV056U2pWVGQzZEJFZ3cyUlRRNU5YdzJSVFkwTnpFYUNnanBWaEFBR2dOSlRsSTRISER1V2c9PSIsW1siTUFBIiwiMjAyNi0wOS0xMyIsIkhZRCIsbnVsbCwiNkUiLCI0OTUiXSxbIkhZRCIsIjIwMjYtMDktMTMiLCJQTlEiLG51bGwsIjZFIiwiNjQ3MSJdXV0=,2026-09-12 18:51:07.643545
1210,145,MAA,PNQ,2026-09-13,2026-09-20,11113.00,INR,240,Round trip,IndiGo,1,98,WyJDalJJYzFOcVRFNVFVVUl6VEZGQlJrdHdha0ZDUnkwdExTMHRMUzB0TFMxd2FuVm1NMEZCUVVGQlIzRnNWV056U2pWVGQzZEJFZ3MyUlRnME4zdzJSVEV3TlJvS0NPbFdFQUFhQTBsT1VqZ2NjTzVhIixbWyJNQUEiLCIyMDI2LTA5LTEzIiwiQkxSIixudWxsLCI2RSIsIjg0NyJdLFsiQkxSIiwiMjAyNi0wOS0xMyIsIlBOUSIsbnVsbCwiNkUiLCIxMDUiXV1d,2026-09-12 18:51:07.648127
1211,145,MAA,PNQ,2026-09-13,2026-09-20,12075.00,INR,245,Round trip,IndiGo,1,102,WyJDalJJYzFOcVRFNVFVVUl6VEZGQlJrdHdha0ZDUnkwdExTMHRMUzB0TFMxd2FuVm1NMEZCUVVGQlIzRnNWV056U2pWVGQzZEJFZ3MyUlRFNE9YdzJSVFV5T0JvS0NLdGVFQUFhQTBsT1VqZ2NjTjFpIixbWyJNQUEiLCIyMDI2LTA5LTEzIiwiQkxSIixudWxsLCI2RSIsIjE4OSJdLFsiQkxSIiwiMjAyNi0wOS0xMyIsIlBOUSIsbnVsbCwiNkUiLCI1MjgiXV1d,2026-09-12 18:51:07.651344
1212,146,MAA,AMD,2026-09-13,2026-09-20,17819.00,INR,265,Round trip,IndiGo,1,134,WyJDalJJZEVaWmJXeEVOV3h1V2pSQlJXcExOR2RDUnkwdExTMHRMUzB0TFMxd1ptMXpOVUZCUVVGQlIzRnNWV000U2pRemNWbEJFZ3cyUlRNM01udzJSVFl3T1RrYUN3aWJpd0VRQUJvRFNVNVNPQnh3MkpFQiIsW1siTUFBIiwiMjAyNi0wOS0xMyIsIkhZRCIsbnVsbCwiNkUiLCIzNzIiXSxbIkhZRCIsIjIwMjYtMDktMTMiLCJBTUQiLG51bGwsIjZFIiwiNjA5OSJdXV0=,2026-09-12 18:51:16.82369
1213,146,MAA,AMD,2026-09-13,2026-09-20,17898.00,INR,265,Round trip,IndiGo,1,129,WyJDalJJZEVaWmJXeEVOV3h1V2pSQlJXcExOR2RDUnkwdExTMHRMUzB0TFMxd1ptMXpOVUZCUVVGQlIzRnNWV000U2pRemNWbEJFZ3cyUlRZeU1EbDhOa1V5TXprYUN3anFpd0VRQUJvRFNVNVNPQnh3cXBJQiIsW1siTUFBIiwiMjAyNi0wOS0xMyIsIkJMUiIsbnVsbCwiNkUiLCI2MjA5Il0sWyJCTFIiLCIyMDI2LTA5LTEzIiwiQU1EIixudWxsLCI2RSIsIjIzOSJdXV0=,2026-09-12 18:51:16.830651
1214,146,MAA,AMD,2026-09-13,2026-09-20,18989.00,INR,135,Round trip,IndiGo,0,102,WyJDalJJZEVaWmJXeEVOV3h1V2pSQlJXcExOR2RDUnkwdExTMHRMUzB0TFMxd1ptMXpOVUZCUVVGQlIzRnNWV000U2pRemNWbEJFZ1UyUlRJME5Cb0xDSzJVQVJBQUdnTkpUbEk0SEhDZ213RT0iLFtbIk1BQSIsIjIwMjYtMDktMTMiLCJBTUQiLG51bGwsIjZFIiwiMjQ0Il1dXQ==,2026-09-12 18:51:16.832845
1215,146,MAA,AMD,2026-09-13,2026-09-20,17076.00,INR,470,Round trip,IndiGo,1,124,WyJDalJJZEVaWmJXeEVOV3h1V2pSQlJXcExOR2RDUnkwdExTMHRMUzB0TFMxd1ptMXpOVUZCUVVGQlIzRnNWV000U2pRemNWbEJFZ3MyUlRVMk1YdzJSVGd4T1JvTENMU0ZBUkFBR2dOSlRsSTRISERPaXdFPSIsW1siTUFBIiwiMjAyNi0wOS0xMyIsIlBOUSIsbnVsbCwiNkUiLCI1NjEiXSxbIlBOUSIsIjIwMjYtMDktMTQiLCJBTUQiLG51bGwsIjZFIiwiODE5Il1dXQ==,2026-09-12 18:51:16.834885
1216,146,MAA,AMD,2026-09-13,2026-09-20,17819.00,INR,265,Round trip,IndiGo,1,133,WyJDalJJZEVaWmJXeEVOV3h1V2pSQlJXcExOR2RDUnkwdExTMHRMUzB0TFMxd1ptMXpOVUZCUVVGQlIzRnNWV000U2pRemNWbEJFZ3cyUlRZd04zdzJSVEl4TlRVYUN3aWJpd0VRQUJvRFNVNVNPQnh3MkpFQiIsW1siTUFBIiwiMjAyNi0wOS0xMyIsIlBOUSIsbnVsbCwiNkUiLCI2MDciXSxbIlBOUSIsIjIwMjYtMDktMTMiLCJBTUQiLG51bGwsIjZFIiwiMjE1NSJdXV0=,2026-09-12 18:51:16.837879
1217,146,MAA,AMD,2026-09-13,2026-09-20,17819.00,INR,365,Round trip,IndiGo,1,124,WyJDalJJZEVaWmJXeEVOV3h1V2pSQlJXcExOR2RDUnkwdExTMHRMUzB0TFMxd1ptMXpOVUZCUVVGQlIzRnNWV000U2pRemNWbEJFZ3cyUlRVd01udzJSVFkxTlRNYUN3aWJpd0VRQUJvRFNVNVNPQnh3MkpFQiIsW1siTUFBIiwiMjAyNi0wOS0xMyIsIlBOUSIsbnVsbCwiNkUiLCI1MDIiXSxbIlBOUSIsIjIwMjYtMDktMTMiLCJBTUQiLG51bGwsIjZFIiwiNjU1MyJdXV0=,2026-09-12 18:51:16.839821
1218,146,MAA,AMD,2026-09-13,2026-09-20,17819.00,INR,445,Round trip,IndiGo,1,129,WyJDalJJZEVaWmJXeEVOV3h1V2pSQlJXcExOR2RDUnkwdExTMHRMUzB0TFMxd1ptMXpOVUZCUVVGQlIzRnNWV000U2pRemNWbEJFZ3MyUlRFNE0zdzJSVFUwTnhvTENKdUxBUkFBR2dOSlRsSTRISERZa1FFPSIsW1siTUFBIiwiMjAyNi0wOS0xMyIsIlBOUSIsbnVsbCwiNkUiLCIxODMiXSxbIlBOUSIsIjIwMjYtMDktMTMiLCJBTUQiLG51bGwsIjZFIiwiNTQ3Il1dXQ==,2026-09-12 18:51:16.843269
1219,146,MAA,AMD,2026-09-13,2026-09-20,17898.00,INR,305,Round trip,IndiGo,1,129,WyJDalJJZEVaWmJXeEVOV3h1V2pSQlJXcExOR2RDUnkwdExTMHRMUzB0TFMxd1ptMXpOVUZCUVVGQlIzRnNWV000U2pRemNWbEJFZzAyUlRZNE9USjhOa1UyTlRrMUdnc0k2b3NCRUFBYUEwbE9VamdjY0txU0FRPT0iLFtbIk1BQSIsIjIwMjYtMDktMTMiLCJCTFIiLG51bGwsIjZFIiwiNjg5MiJdLFsiQkxSIiwiMjAyNi0wOS0xMyIsIkFNRCIsbnVsbCwiNkUiLCI2NTk1Il1dXQ==,2026-09-12 18:51:16.845848
1220,146,MAA,AMD,2026-09-13,2026-09-20,17898.00,INR,355,Round trip,IndiGo,1,129,WyJDalJJZEVaWmJXeEVOV3h1V2pSQlJXcExOR2RDUnkwdExTMHRMUzB0TFMxd1ptMXpOVUZCUVVGQlIzRnNWV000U2pRemNWbEJFZ3cyUlRnME4zdzJSVFkwTWpNYUN3anFpd0VRQUJvRFNVNVNPQnh3cXBJQiIsW1siTUFBIiwiMjAyNi0wOS0xMyIsIkJMUiIsbnVsbCwiNkUiLCI4NDciXSxbIkJMUiIsIjIwMjYtMDktMTMiLCJBTUQiLG51bGwsIjZFIiwiNjQyMyJdXV0=,2026-09-12 18:51:16.848323
1221,146,MAA,AMD,2026-09-13,2026-09-20,18055.00,INR,355,Round trip,Air India,1,154,WyJDalJJZEVaWmJXeEVOV3h1V2pSQlJXcExOR2RDUnkwdExTMHRMUzB0TFMxd1ptMXpOVUZCUVVGQlIzRnNWV000U2pRemNWbEJFZ3hCU1RZME1IeEJTVEk1TVRrYUN3aUhqUUVRQUJvRFNVNVNPQnh3ejVNQiIsW1siTUFBIiwiMjAyNi0wOS0xMyIsIkJPTSIsbnVsbCwiQUkiLCI2NDAiXSxbIkJPTSIsIjIwMjYtMDktMTMiLCJBTUQiLG51bGwsIkFJIiwiMjkxOSJdXV0=,2026-09-12 18:51:16.851077
1222,146,MAA,AMD,2026-09-13,2026-09-20,19207.00,INR,280,Round trip,IndiGo,1,129,WyJDalJJZEVaWmJXeEVOV3h1V2pSQlJXcExOR2RDUnkwdExTMHRMUzB0TFMxd1ptMXpOVUZCUVVGQlIzRnNWV000U2pRemNWbEJFZ3MyUlRVMk1udzJSVEl4TmhvTENJZVdBUkFBR2dOSlRsSTRISENFblFFPSIsW1siTUFBIiwiMjAyNi0wOS0xMyIsIkhZRCIsbnVsbCwiNkUiLCI1NjIiXSxbIkhZRCIsIjIwMjYtMDktMTMiLCJBTUQiLG51bGwsIjZFIiwiMjE2Il1dXQ==,2026-09-12 18:51:16.853634
1223,146,MAA,AMD,2026-09-13,2026-09-20,22546.00,INR,265,Round trip,Air India,1,154,WyJDalJJZEVaWmJXeEVOV3h1V2pSQlJXcExOR2RDUnkwdExTMHRMUzB0TFMxd1ptMXpOVUZCUVVGQlIzRnNWV000U2pRemNWbEJFZzFCU1RJM056bDhRVWt5T0RRM0dnc0lrckFCRUFBYUEwbE9VamdjY0t1NEFRPT0iLFtbIk1BQSIsIjIwMjYtMDktMTMiLCJCT00iLG51bGwsIkFJIiwiMjc3OSJdLFsiQk9NIiwiMjAyNi0wOS0xMyIsIkFNRCIsbnVsbCwiQUkiLCIyODQ3Il1dXQ==,2026-09-12 18:51:16.85609
1224,146,MAA,AMD,2026-09-13,2026-09-20,23714.00,INR,135,Round trip,IndiGo,0,108,WyJDalJJZEVaWmJXeEVOV3h1V2pSQlJXcExOR2RDUnkwdExTMHRMUzB0TFMxd1ptMXpOVUZCUVVGQlIzRnNWV000U2pRemNWbEJFZ1UyUlRnME9Cb0xDS0s1QVJBQUdnTkpUbEk0SEhEeHdRRT0iLFtbIk1BQSIsIjIwMjYtMDktMTMiLCJBTUQiLG51bGwsIjZFIiwiODQ4Il1dXQ==,2026-09-12 18:51:16.858613
1225,147,MAA,COK,2026-09-13,2026-09-20,15014.00,INR,315,Round trip,IndiGo,1,83,WyJDalJJY2tkbWNGSnBlblkxUXpCQlMxcFJlV2RDUnkwdExTMHRMUzB0TFc5clltaDBNa0ZCUVVGQlIzRnNWV1JuU21OVlRsZEJFZ3MyUlRnME4zdzJSVFF6TlJvS0NLWjFFQUFhQTBsT1VqZ2NjT0I2IixbWyJNQUEiLCIyMDI2LTA5LTEzIiwiQkxSIixudWxsLCI2RSIsIjg0NyJdLFsiQkxSIiwiMjAyNi0wOS0xMyIsIkNPSyIsbnVsbCwiNkUiLCI0MzUiXV1d,2026-09-12 18:51:23.524366
1226,147,MAA,COK,2026-09-13,2026-09-20,15031.00,INR,70,Round trip,IndiGo,0,51,WyJDalJJY2tkbWNGSnBlblkxUXpCQlMxcFJlV2RDUnkwdExTMHRMUzB0TFc5clltaDBNa0ZCUVVGQlIzRnNWV1JuU21OVlRsZEJFZ1kyUlRVek9UUWFDZ2kzZFJBQUdnTkpUbEk0SEhEeWVnPT0iLFtbIk1BQSIsIjIwMjYtMDktMTMiLCJDT0siLG51bGwsIjZFIiwiNTM5NCJdXV0=,2026-09-12 18:51:23.527225
1227,147,MAA,COK,2026-09-13,2026-09-20,17405.00,INR,405,Round trip,Air India Express,1,100,WyJDalJJY2tkbWNGSnBlblkxUXpCQlMxcFJlV2RDUnkwdExTMHRMUzB0TFc5clltaDBNa0ZCUVVGQlIzRnNWV1JuU21OVlRsZEJFZzFKV0RJNU56RjhTVmd5TmpBNEdnc0kvWWNCRUFBYUEwbE9VamdjY0tlT0FRPT0iLFtbIk1BQSIsIjIwMjYtMDktMTMiLCJCTFIiLG51bGwsIklYIiwiMjk3MSJdLFsiQkxSIiwiMjAyNi0wOS0xMyIsIkNPSyIsbnVsbCwiSVgiLCIyNjA4Il1dXQ==,2026-09-12 18:51:23.530198
1228,147,MAA,COK,2026-09-13,2026-09-20,15014.00,INR,490,Round trip,IndiGo,1,78,WyJDalJJY2tkbWNGSnBlblkxUXpCQlMxcFJlV2RDUnkwdExTMHRMUzB0TFc5clltaDBNa0ZCUVVGQlIzRnNWV1JuU21OVlRsZEJFZ3cyUlRZNE9USjhOa1V4TkRRYUNnaW1kUkFBR2dOSlRsSTRISERnZWc9PSIsW1siTUFBIiwiMjAyNi0wOS0xMyIsIkJMUiIsbnVsbCwiNkUiLCI2ODkyIl0sWyJCTFIiLCIyMDI2LTA5LTEzIiwiQ09LIixudWxsLCI2RSIsIjE0NCJdXV0=,2026-09-12 18:51:23.532674
1229,147,MAA,COK,2026-09-13,2026-09-20,15031.00,INR,75,Round trip,IndiGo,0,55,WyJDalJJY2tkbWNGSnBlblkxUXpCQlMxcFJlV2RDUnkwdExTMHRMUzB0TFc5clltaDBNa0ZCUVVGQlIzRnNWV1JuU21OVlRsZEJFZ1UyUlRreU54b0tDTGQxRUFBYUEwbE9VamdjY1BKNiIsW1siTUFBIiwiMjAyNi0wOS0xMyIsIkNPSyIsbnVsbCwiNkUiLCI5MjciXV1d,2026-09-12 18:51:23.535229
1230,147,MAA,COK,2026-09-13,2026-09-20,15031.00,INR,75,Round trip,IndiGo,0,55,WyJDalJJY2tkbWNGSnBlblkxUXpCQlMxcFJlV2RDUnkwdExTMHRMUzB0TFc5clltaDBNa0ZCUVVGQlIzRnNWV1JuU21OVlRsZEJFZ1UyUlRVNU54b0tDTGQxRUFBYUEwbE9VamdjY1BKNiIsW1siTUFBIiwiMjAyNi0wOS0xMyIsIkNPSyIsbnVsbCwiNkUiLCI1OTciXV1d,2026-09-12 18:51:23.537517
1231,147,MAA,COK,2026-09-13,2026-09-20,15031.00,INR,80,Round trip,IndiGo,0,51,WyJDalJJY2tkbWNGSnBlblkxUXpCQlMxcFJlV2RDUnkwdExTMHRMUzB0TFc5clltaDBNa0ZCUVVGQlIzRnNWV1JuU21OVlRsZEJFZ1kyUlRZNU1ETWFDZ2kzZFJBQUdnTkpUbEk0SEhEeWVnPT0iLFtbIk1BQSIsIjIwMjYtMDktMTMiLCJDT0siLG51bGwsIjZFIiwiNjkwMyJdXV0=,2026-09-12 18:51:23.539742
1232,147,MAA,COK,2026-09-13,2026-09-20,15031.00,INR,75,Round trip,IndiGo,0,55,WyJDalJJY2tkbWNGSnBlblkxUXpCQlMxcFJlV2RDUnkwdExTMHRMUzB0TFc5clltaDBNa0ZCUVVGQlIzRnNWV1JuU21OVlRsZEJFZ1UyUlRFMU5ob0tDTGQxRUFBYUEwbE9VamdjY1BKNiIsW1siTUFBIiwiMjAyNi0wOS0xMyIsIkNPSyIsbnVsbCwiNkUiLCIxNTYiXV1d,2026-09-12 18:51:23.542147
1233,147,MAA,COK,2026-09-13,2026-09-20,21877.00,INR,325,Round trip,Air India Express,1,198,WyJDalJJY2tkbWNGSnBlblkxUXpCQlMxcFJlV2RDUnkwdExTMHRMUzB0TFc5clltaDBNa0ZCUVVGQlIzRnNWV1JuU21OVlRsZEJFZzFKV0RJMk5qRjhTVmd5TnpNNUdnc0k5YW9CRUFBYUEwbE9VamdjY08reUFRPT0iLFtbIk1BQSIsIjIwMjYtMDktMTMiLCJQTlEiLG51bGwsIklYIiwiMjY2MSJdLFsiUE5RIiwiMjAyNi0wOS0xNCIsIkNPSyIsbnVsbCwiSVgiLCIyNzM5Il1dXQ==,2026-09-12 18:51:23.545199
1234,147,MAA,COK,2026-09-13,2026-09-20,33181.00,INR,305,Round trip,Air India,1,192,WyJDalJJY2tkbWNGSnBlblkxUXpCQlMxcFJlV2RDUnkwdExTMHRMUzB0TFc5clltaDBNa0ZCUVVGQlIzRnNWV1JuU21OVlRsZEJFZzFCU1RJM056bDhRVWt5T0RVMUdnc0luWU1DRUFBYUEwbE9VamdjY0tTUEFnPT0iLFtbIk1BQSIsIjIwMjYtMDktMTMiLCJCT00iLG51bGwsIkFJIiwiMjc3OSJdLFsiQk9NIiwiMjAyNi0wOS0xMyIsIkNPSyIsbnVsbCwiQUkiLCIyODU1Il1dXQ==,2026-09-12 18:51:23.548241
1235,147,MAA,COK,2026-09-13,2026-09-20,242616.00,INR,695,Round trip,Malaysia Airlines,1,440,WyJDalJJY2tkbWNGSnBlblkxUXpCQlMxcFJlV2RDUnkwdExTMHRMUzB0TFc5clltaDBNa0ZCUVVGQlIzRnNWV1JuU21OVlRsZEJFZ3ROU0RFNE0zeE5TREV3T0JvTENMam5EaEFBR2dOSlRsSTRISEROdnc4PSIsW1siTUFBIiwiMjAyNi0wOS0xMyIsIktVTCIsbnVsbCwiTUgiLCIxODMiXSxbIktVTCIsIjIwMjYtMDktMTMiLCJDT0siLG51bGwsIk1IIiwiMTA4Il1dXQ==,2026-09-12 18:51:23.551287
1236,148,MAA,GOI,2026-09-13,2026-09-20,12077.00,INR,90,Round trip,IndiGo,0,63,WyJDalJJZVRCdlVqbERjbTVXYmtGQlRFSk1RVkZDUnkwdExTMHRMUzB0TFc5NWNtRXlOa0ZCUVVGQlIzRnNWV1ZSUVdWbk1HVkJFZ1UyUlRVNE9Cb0tDSzFlRUFBYUEwbE9VamdjY045aSIsW1siTUFBIiwiMjAyNi0wOS0xMyIsIkdPSSIsbnVsbCwiNkUiLCI1ODgiXV1d,2026-09-12 18:51:31.928197
1237,148,MAA,GOI,2026-09-13,2026-09-20,14195.00,INR,560,Round trip,IndiGo,1,85,WyJDalJJZVRCdlVqbERjbTVXYmtGQlRFSk1RVkZDUnkwdExTMHRMUzB0TFc5NWNtRXlOa0ZCUVVGQlIzRnNWV1ZSUVdWbk1HVkJFZ3MyUlRjNU5udzJSVEU1TkJvS0NQTnVFQUFhQTBsT1VqZ2NjSWQwIixbWyJNQUEiLCIyMDI2LTA5LTEzIiwiQkxSIixudWxsLCI2RSIsIjc5NiJdLFsiQkxSIiwiMjAyNi0wOS0xNCIsIkdPSSIsbnVsbCwiNkUiLCIxOTQiXV1d,2026-09-12 18:51:31.931436
1238,148,MAA,GOI,2026-09-13,2026-09-20,14285.00,INR,480,Round trip,IndiGo,1,85,WyJDalJJZVRCdlVqbERjbTVXYmtGQlRFSk1RVkZDUnkwdExTMHRMUzB0TFc5NWNtRXlOa0ZCUVVGQlIzRnNWV1ZSUVdWbk1HVkJFZzAyUlRZNE9USjhOa1UyTVRZNEdnb0l6VzhRQUJvRFNVNVNPQnh3NVhRPSIsW1siTUFBIiwiMjAyNi0wOS0xMyIsIkJMUiIsbnVsbCwiNkUiLCI2ODkyIl0sWyJCTFIiLCIyMDI2LTA5LTEzIiwiR09JIixudWxsLCI2RSIsIjYxNjgiXV1d,2026-09-12 18:51:31.9348
1239,148,MAA,GOI,2026-09-13,2026-09-20,14925.00,INR,260,Round trip,IndiGo,1,85,WyJDalJJZVRCdlVqbERjbTVXYmtGQlRFSk1RVkZDUnkwdExTMHRMUzB0TFc5NWNtRXlOa0ZCUVVGQlIzRnNWV1ZSUVdWbk1HVkJFZzAyUlRZeU1EbDhOa1UyTVRZNEdnb0l6WFFRQUJvRFNVNVNPQnh3ZzNvPSIsW1siTUFBIiwiMjAyNi0wOS0xMyIsIkJMUiIsbnVsbCwiNkUiLCI2MjA5Il0sWyJCTFIiLCIyMDI2LTA5LTEzIiwiR09JIixudWxsLCI2RSIsIjYxNjgiXV1d,2026-09-12 18:51:31.937755
1240,148,MAA,GOI,2026-09-13,2026-09-20,16560.00,INR,340,Round trip,IndiGo,1,85,WyJDalJJZVRCdlVqbERjbTVXYmtGQlRFSk1RVkZDUnkwdExTMHRMUzB0TFc5NWNtRXlOa0ZCUVVGQlIzRnNWV1ZSUVdWbk1HVkJFZzAyUlRZNE9USjhOa1UyTnpVekdnc0lzSUVCRUFBYUEwbE9VamdjY0xLSEFRPT0iLFtbIk1BQSIsIjIwMjYtMDktMTMiLCJCTFIiLG51bGwsIjZFIiwiNjg5MiJdLFsiQkxSIiwiMjAyNi0wOS0xMyIsIkdPSSIsbnVsbCwiNkUiLCI2NzUzIl1dXQ==,2026-09-12 18:51:31.942906
1241,148,MAA,GOI,2026-09-13,2026-09-20,18614.00,INR,295,Round trip,IndiGo,1,85,WyJDalJJZVRCdlVqbERjbTVXYmtGQlRFSk1RVkZDUnkwdExTMHRMUzB0TFc5NWNtRXlOa0ZCUVVGQlIzRnNWV1ZSUVdWbk1HVkJFZzAyUlRZNE1UVjhOa1UyTmpVekdnc0l0cEVCRUFBYUEwbE9VamdjY0ppWUFRPT0iLFtbIk1BQSIsIjIwMjYtMDktMTMiLCJCTFIiLG51bGwsIjZFIiwiNjgxNSJdLFsiQkxSIiwiMjAyNi0wOS0xMyIsIkdPSSIsbnVsbCwiNkUiLCI2NjUzIl1dXQ==,2026-09-12 18:51:31.945913
1242,148,MAA,GOI,2026-09-13,2026-09-20,19050.00,INR,395,Round trip,IndiGo,1,106,WyJDalJJZVRCdlVqbERjbTVXYmtGQlRFSk1RVkZDUnkwdExTMHRMUzB0TFc5NWNtRXlOa0ZCUVVGQlIzRnNWV1ZSUVdWbk1HVkJFZ3cyUlRZNU1qVjhOa1V4TWpFYUN3anFsQUVRQUJvRFNVNVNPQnh3NEpzQiIsW1siTUFBIiwiMjAyNi0wOS0xMyIsIkhZRCIsbnVsbCwiNkUiLCI2OTI1Il0sWyJIWUQiLCIyMDI2LTA5LTEzIiwiR09JIixudWxsLCI2RSIsIjEyMSJdXV0=,2026-09-12 18:51:31.948941
1243,148,MAA,GOI,2026-09-13,2026-09-20,19823.00,INR,210,Round trip,IndiGo,1,106,WyJDalJJZVRCdlVqbERjbTVXYmtGQlRFSk1RVkZDUnkwdExTMHRMUzB0TFc5NWNtRXlOa0ZCUVVGQlIzRnNWV1ZSUVdWbk1HVkJFZ3MyUlRnek5IdzJSVE0yTWhvTENPK2FBUkFBR2dOSlRsSTRISENKb2dFPSIsW1siTUFBIiwiMjAyNi0wOS0xMyIsIkhZRCIsbnVsbCwiNkUiLCI4MzQiXSxbIkhZRCIsIjIwMjYtMDktMTMiLCJHT0kiLG51bGwsIjZFIiwiMzYyIl1dXQ==,2026-09-12 18:51:31.952002
1244,148,MAA,GOI,2026-09-13,2026-09-20,22425.00,INR,545,Round trip,Air India Express,1,102,WyJDalJJZVRCdlVqbERjbTVXYmtGQlRFSk1RVkZDUnkwdExTMHRMUzB0TFc5NWNtRXlOa0ZCUVVGQlIzRnNWV1ZSUVdWbk1HVkJFZzFKV0RJMk5qSjhTVmd4TlRNNUdnc0ltYThCRUFBYUEwbE9VamdjY0t5M0FRPT0iLFtbIk1BQSIsIjIwMjYtMDktMTMiLCJCTFIiLG51bGwsIklYIiwiMjY2MiJdLFsiQkxSIiwiMjAyNi0wOS0xNCIsIkdPSSIsbnVsbCwiSVgiLCIxNTM5Il1dXQ==,2026-09-12 18:51:31.954818
1245,148,MAA,GOI,2026-09-13,2026-09-20,27688.00,INR,210,Round trip,Air India Express,1,105,WyJDalJJZVRCdlVqbERjbTVXYmtGQlRFSk1RVkZDUnkwdExTMHRMUzB0TFc5NWNtRXlOa0ZCUVVGQlIzRnNWV1ZSUVdWbk1HVkJFZzFKV0RJNU56RjhTVmd4TXpnMkdnc0lxTmdCRUFBYUEwbE9VamdjY0xEaUFRPT0iLFtbIk1BQSIsIjIwMjYtMDktMTMiLCJCTFIiLG51bGwsIklYIiwiMjk3MSJdLFsiQkxSIiwiMjAyNi0wOS0xMyIsIkdPSSIsbnVsbCwiSVgiLCIxMzg2Il1dXQ==,2026-09-12 18:51:31.957532
1246,149,CCU,BLR,2026-09-13,2026-09-20,16371.00,INR,290,Round trip,IndiGo,1,137,WyJDalJJT0VoSlYyUXRTVjlPUzFsQlMyVkxkV2RDUnkwdExTMHRMUzB0TFhsc2JIRXhPVUZCUVVGQlIzRnNWV1ZuUVRKQ2N5MUJFZ3MyUlRJek5IdzJSVGM1TmhvS0NQTi9FQUFhQTBsT1VqZ2NjT3lGQVE9PSIsW1siQ0NVIiwiMjAyNi0wOS0xMyIsIk1BQSIsbnVsbCwiNkUiLCIyMzQiXSxbIk1BQSIsIjIwMjYtMDktMTMiLCJCTFIiLG51bGwsIjZFIiwiNzk2Il1dXQ==,2026-09-12 18:51:41.299845
1247,149,CCU,BLR,2026-09-13,2026-09-20,17895.00,INR,165,Round trip,IndiGo,0,111,WyJDalJJT0VoSlYyUXRTVjlPUzFsQlMyVkxkV2RDUnkwdExTMHRMUzB0TFhsc2JIRXhPVUZCUVVGQlIzRnNWV1ZuUVRKQ2N5MUJFZ1kyUlRZek1UUWFDd2puaXdFUUFCb0RTVTVTT0J4d3A1SUIiLFtbIkNDVSIsIjIwMjYtMDktMTMiLCJCTFIiLG51bGwsIjZFIiwiNjMxNCJdXV0=,2026-09-12 18:51:41.302479
1248,149,CCU,BLR,2026-09-13,2026-09-20,19324.00,INR,160,Round trip,Akasa Air,0,116,WyJDalJJT0VoSlYyUXRTVjlPUzFsQlMyVkxkV2RDUnkwdExTMHRMUzB0TFhsc2JIRXhPVUZCUVVGQlIzRnNWV1ZuUVRKQ2N5MUJFZ1pSVURFMU5qUWFDd2o4bGdFUUFCb0RTVTVTT0J4dy81MEIiLFtbIkNDVSIsIjIwMjYtMDktMTMiLCJCTFIiLG51bGwsIlFQIiwiMTU2NCJdXV0=,2026-09-12 18:51:41.304391
1249,149,CCU,BLR,2026-09-13,2026-09-20,15976.00,INR,385,Round trip,IndiGo,1,171,WyJDalJJT0VoSlYyUXRTVjlPUzFsQlMyVkxkV2RDUnkwdExTMHRMUzB0TFhsc2JIRXhPVUZCUVVGQlIzRnNWV1ZuUVRKQ2N5MUJFZ3cyUlRnNU5YdzJSVFkwTlRJYUNnam9mQkFBR2dOSlRsSTRISERQZ2dFPSIsW1siQ0NVIiwiMjAyNi0wOS0xMyIsIlBBVCIsbnVsbCwiNkUiLCI4OTUiXSxbIlBBVCIsIjIwMjYtMDktMTMiLCJCTFIiLG51bGwsIjZFIiwiNjQ1MiJdXV0=,2026-09-12 18:51:41.306185
1250,149,CCU,BLR,2026-09-13,2026-09-20,16107.00,INR,330,Round trip,IndiGo,1,175,WyJDalJJT0VoSlYyUXRTVjlPUzFsQlMyVkxkV2RDUnkwdExTMHRMUzB0TFhsc2JIRXhPVUZCUVVGQlIzRnNWV1ZuUVRKQ2N5MUJFZ3cyUlRRM05udzJSVFl3TlRVYUNnanJmUkFBR2dOSlRsSTRISERZZ3dFPSIsW1siQ0NVIiwiMjAyNi0wOS0xMyIsIlBOUSIsbnVsbCwiNkUiLCI0NzYiXSxbIlBOUSIsIjIwMjYtMDktMTMiLCJCTFIiLG51bGwsIjZFIiwiNjA1NSJdXV0=,2026-09-12 18:51:41.308246
1251,149,CCU,BLR,2026-09-13,2026-09-20,16292.00,INR,315,Round trip,IndiGo,1,136,WyJDalJJT0VoSlYyUXRTVjlPUzFsQlMyVkxkV2RDUnkwdExTMHRMUzB0TFhsc2JIRXhPVUZCUVVGQlIzRnNWV1ZuUVRKQ2N5MUJFZ3cyUlRZeE5udzJSVEkzTnpJYUNnaWtmeEFBR2dOSlRsSTRISENhaFFFPSIsW1siQ0NVIiwiMjAyNi0wOS0xMyIsIlZUWiIsbnVsbCwiNkUiLCI2MTYiXSxbIlZUWiIsIjIwMjYtMDktMTMiLCJCTFIiLG51bGwsIjZFIiwiMjc3MiJdXV0=,2026-09-12 18:51:41.312212
1252,149,CCU,BLR,2026-09-13,2026-09-20,16371.00,INR,300,Round trip,IndiGo,1,137,WyJDalJJT0VoSlYyUXRTVjlPUzFsQlMyVkxkV2RDUnkwdExTMHRMUzB0TFhsc2JIRXhPVUZCUVVGQlIzRnNWV1ZuUVRKQ2N5MUJFZ3cyUlRNME5IdzJSVFk0TVRVYUNnanpmeEFBR2dOSlRsSTRISERzaFFFPSIsW1siQ0NVIiwiMjAyNi0wOS0xMyIsIk1BQSIsbnVsbCwiNkUiLCIzNDQiXSxbIk1BQSIsIjIwMjYtMDktMTMiLCJCTFIiLG51bGwsIjZFIiwiNjgxNSJdXV0=,2026-09-12 18:51:41.315567
1253,149,CCU,BLR,2026-09-13,2026-09-20,16712.00,INR,360,Round trip,IndiGo,1,180,WyJDalJJT0VoSlYyUXRTVjlPUzFsQlMyVkxkV2RDUnkwdExTMHRMUzB0TFhsc2JIRXhPVUZCUVVGQlIzRnNWV1ZuUVRKQ2N5MUJFZ3MyUlRFek5YdzJSVE13TWhvTENNaUNBUkFBR2dOSlRsSTRISERSaUFFPSIsW1siQ0NVIiwiMjAyNi0wOS0xMyIsIlBOUSIsbnVsbCwiNkUiLCIxMzUiXSxbIlBOUSIsIjIwMjYtMDktMTMiLCJCTFIiLG51bGwsIjZFIiwiMzAyIl1dXQ==,2026-09-12 18:51:41.318162
1254,149,CCU,BLR,2026-09-13,2026-09-20,17167.00,INR,290,Round trip,IndiGo,1,150,WyJDalJJT0VoSlYyUXRTVjlPUzFsQlMyVkxkV2RDUnkwdExTMHRMUzB0TFhsc2JIRXhPVUZCUVVGQlIzRnNWV1ZuUVRKQ2N5MUJFZ3MyUlRReE4zdzJSVGszT1JvTENJK0dBUkFBR2dOSlRsSTRISEN0akFFPSIsW1siQ0NVIiwiMjAyNi0wOS0xMyIsIlJQUiIsbnVsbCwiNkUiLCI0MTciXSxbIlJQUiIsIjIwMjYtMDktMTMiLCJCTFIiLG51bGwsIjZFIiwiOTc5Il1dXQ==,2026-09-12 18:51:41.320838
1255,149,CCU,BLR,2026-09-13,2026-09-20,18105.00,INR,160,Round trip,IndiGo,0,111,WyJDalJJT0VoSlYyUXRTVjlPUzFsQlMyVkxkV2RDUnkwdExTMHRMUzB0TFhsc2JIRXhPVUZCUVVGQlIzRnNWV1ZuUVRKQ2N5MUJFZ1UyUlRjM01Sb0xDTG1OQVJBQUdnTkpUbEk0SEhDRGxBRT0iLFtbIkNDVSIsIjIwMjYtMDktMTMiLCJCTFIiLG51bGwsIjZFIiwiNzcxIl1dXQ==,2026-09-12 18:51:41.323482
1256,149,CCU,BLR,2026-09-13,2026-09-20,18105.00,INR,160,Round trip,IndiGo,0,138,WyJDalJJT0VoSlYyUXRTVjlPUzFsQlMyVkxkV2RDUnkwdExTMHRMUzB0TFhsc2JIRXhPVUZCUVVGQlIzRnNWV1ZuUVRKQ2N5MUJFZ1UyUlRVM014b0xDTG1OQVJBQUdnTkpUbEk0SEhDRGxBRT0iLFtbIkNDVSIsIjIwMjYtMDktMTMiLCJCTFIiLG51bGwsIjZFIiwiNTczIl1dXQ==,2026-09-12 18:51:41.32574
1257,149,CCU,BLR,2026-09-13,2026-09-20,18630.00,INR,160,Round trip,IndiGo,0,111,WyJDalJJT0VoSlYyUXRTVjlPUzFsQlMyVkxkV2RDUnkwdExTMHRMUzB0TFhsc2JIRXhPVUZCUVVGQlIzRnNWV1ZuUVRKQ2N5MUJFZ1UyUlRRNU5ob0xDTWFSQVJBQUdnTkpUbEk0SEhDcG1BRT0iLFtbIkNDVSIsIjIwMjYtMDktMTMiLCJCTFIiLG51bGwsIjZFIiwiNDk2Il1dXQ==,2026-09-12 18:51:41.32799
1258,149,CCU,BLR,2026-09-13,2026-09-20,18630.00,INR,165,Round trip,IndiGo,0,111,WyJDalJJT0VoSlYyUXRTVjlPUzFsQlMyVkxkV2RDUnkwdExTMHRMUzB0TFhsc2JIRXhPVUZCUVVGQlIzRnNWV1ZuUVRKQ2N5MUJFZ1UyUlRNNE5ob0xDTWFSQVJBQUdnTkpUbEk0SEhDcG1BRT0iLFtbIkNDVSIsIjIwMjYtMDktMTMiLCJCTFIiLG51bGwsIjZFIiwiMzg2Il1dXQ==,2026-09-12 18:51:41.330234
1259,149,CCU,BLR,2026-09-13,2026-09-20,19365.00,INR,160,Round trip,IndiGo,0,111,WyJDalJJT0VoSlYyUXRTVjlPUzFsQlMyVkxkV2RDUnkwdExTMHRMUzB0TFhsc2JIRXhPVUZCUVVGQlIzRnNWV1ZuUVRKQ2N5MUJFZ1UyUlRJek5Sb0xDS1dYQVJBQUdnTkpUbEk0SEhDcW5nRT0iLFtbIkNDVSIsIjIwMjYtMDktMTMiLCJCTFIiLG51bGwsIjZFIiwiMjM1Il1dXQ==,2026-09-12 18:51:41.332201
1260,149,CCU,BLR,2026-09-13,2026-09-20,19365.00,INR,160,Round trip,IndiGo,0,111,WyJDalJJT0VoSlYyUXRTVjlPUzFsQlMyVkxkV2RDUnkwdExTMHRMUzB0TFhsc2JIRXhPVUZCUVVGQlIzRnNWV1ZuUVRKQ2N5MUJFZ1kyUlRZeU5URWFDd2lsbHdFUUFCb0RTVTVTT0J4d3FwNEIiLFtbIkNDVSIsIjIwMjYtMDktMTMiLCJCTFIiLG51bGwsIjZFIiwiNjI1MSJdXV0=,2026-09-12 18:51:41.334387
1261,149,CCU,BLR,2026-09-13,2026-09-20,20100.00,INR,165,Round trip,IndiGo,0,111,WyJDalJJT0VoSlYyUXRTVjlPUzFsQlMyVkxkV2RDUnkwdExTMHRMUzB0TFhsc2JIRXhPVUZCUVVGQlIzRnNWV1ZuUVRKQ2N5MUJFZ1UyUlRRMU5Sb0xDSVNkQVJBQUdnTkpUbEk0SEhDcnBBRT0iLFtbIkNDVSIsIjIwMjYtMDktMTMiLCJCTFIiLG51bGwsIjZFIiwiNDU1Il1dXQ==,2026-09-12 18:51:41.336624
1262,149,CCU,BLR,2026-09-13,2026-09-20,20246.00,INR,160,Round trip,Air India Express,0,130,WyJDalJJT0VoSlYyUXRTVjlPUzFsQlMyVkxkV2RDUnkwdExTMHRMUzB0TFhsc2JIRXhPVUZCUVVGQlIzRnNWV1ZuUVRKQ2N5MUJFZ1pKV0RFek56RWFDd2lXbmdFUUFCb0RTVTVTT0J4d3hLVUIiLFtbIkNDVSIsIjIwMjYtMDktMTMiLCJCTFIiLG51bGwsIklYIiwiMTM3MSJdXV0=,2026-09-12 18:51:41.338756
1263,149,CCU,BLR,2026-09-13,2026-09-20,20444.00,INR,485,Round trip,Air India Express,1,225,WyJDalJJT0VoSlYyUXRTVjlPUzFsQlMyVkxkV2RDUnkwdExTMHRMUzB0TFhsc2JIRXhPVUZCUVVGQlIzRnNWV1ZuUVRKQ2N5MUJFZzFKV0RFMU1UZDhTVmd5T1RNeUdnc0kzSjhCRUFBYUEwbE9VamdjY0pPbkFRPT0iLFtbIkNDVSIsIjIwMjYtMDktMTMiLCJHQVUiLG51bGwsIklYIiwiMTUxNyJdLFsiR0FVIiwiMjAyNi0wOS0xMyIsIkJMUiIsbnVsbCwiSVgiLCIyOTMyIl1dXQ==,2026-09-12 18:51:41.34105
1264,149,CCU,BLR,2026-09-13,2026-09-20,20940.00,INR,160,Round trip,IndiGo,0,111,WyJDalJJT0VoSlYyUXRTVjlPUzFsQlMyVkxkV2RDUnkwdExTMHRMUzB0TFhsc2JIRXhPVUZCUVVGQlIzRnNWV1ZuUVRKQ2N5MUJFZ1UyUlRjMU54b0xDTXlqQVJBQUdnTkpUbEk0SEhDYXF3RT0iLFtbIkNDVSIsIjIwMjYtMDktMTMiLCJCTFIiLG51bGwsIjZFIiwiNzU3Il1dXQ==,2026-09-12 18:51:41.343501
1265,149,CCU,BLR,2026-09-13,2026-09-20,32370.00,INR,160,Round trip,Air India Express,0,134,WyJDalJJT0VoSlYyUXRTVjlPUzFsQlMyVkxkV2RDUnkwdExTMHRMUzB0TFhsc2JIRXhPVUZCUVVGQlIzRnNWV1ZuUVRKQ2N5MUJFZ1pKV0RFME9UWWFDd2p5L0FFUUFCb0RTVTVTT0J4dzFJZ0MiLFtbIkNDVSIsIjIwMjYtMDktMTMiLCJCTFIiLG51bGwsIklYIiwiMTQ5NiJdXV0=,2026-09-12 18:51:41.347482
1266,149,CCU,BLR,2026-09-13,2026-09-20,,INR,165,Round trip,Air India Express,0,131,WyJDalJJT0VoSlYyUXRTVjlPUzFsQlMyVkxkV2RDUnkwdExTMHRMUzB0TFhsc2JIRXhPVUZCUVVGQlIzRnNWV1ZuUVRKQ2N5MUJFZ1pKV0RFMU5ETTRIQT09IixbWyJDQ1UiLCIyMDI2LTA5LTEzIiwiQkxSIixudWxsLCJJWCIsIjE1NDMiXV1d,2026-09-12 18:51:41.349621
1267,150,CCU,DEL,2026-09-13,2026-09-20,15963.00,INR,145,Round trip,IndiGo,0,99,WyJDalJJTUU5T2MzcFhTVmxLTlhOQlMydGFWVUZDUnkwdExTMHRMUzB0TFhsc2JHc3lNRUZCUVVGQlIzRnNWV1pCU2w5SVVXMUJFZ1kyUlRVeE9UQWFDZ2piZkJBQUdnTkpUbEk0SEhEQmdnRT0iLFtbIkNDVSIsIjIwMjYtMDktMTMiLCJERUwiLG51bGwsIjZFIiwiNTE5MCJdXV0=,2026-09-12 18:51:44.988329
1268,150,CCU,DEL,2026-09-13,2026-09-20,15983.00,INR,155,Round trip,Air India,0,115,WyJDalJJTUU5T2MzcFhTVmxLTlhOQlMydGFWVUZDUnkwdExTMHRMUzB0TFhsc2JHc3lNRUZCUVVGQlIzRnNWV1pCU2w5SVVXMUJFZ1pCU1RJM01UQWFDZ2p2ZkJBQUdnTkpUbEk0SEhEV2dnRT0iLFtbIkNDVSIsIjIwMjYtMDktMTMiLCJERUwiLG51bGwsIkFJIiwiMjcxMCJdXV0=,2026-09-12 18:51:44.991494
1269,150,CCU,DEL,2026-09-13,2026-09-20,17522.00,INR,140,Round trip,Akasa Air,0,98,WyJDalJJTUU5T2MzcFhTVmxLTlhOQlMydGFWVUZDUnkwdExTMHRMUzB0TFhsc2JHc3lNRUZCUVVGQlIzRnNWV1pCU2w5SVVXMUJFZ1pSVURFNE1ESWFDd2p5aUFFUUFCb0RTVTVTT0J4d29ZOEIiLFtbIkNDVSIsIjIwMjYtMDktMTMiLCJERUwiLG51bGwsIlFQIiwiMTgwMiJdXV0=,2026-09-12 18:51:44.994187
1270,150,CCU,DEL,2026-09-13,2026-09-20,15376.00,INR,290,Round trip,IndiGo,1,120,WyJDalJJTUU5T2MzcFhTVmxLTlhOQlMydGFWVUZDUnkwdExTMHRMUzB0TFhsc2JHc3lNRUZCUVVGQlIzRnNWV1pCU2w5SVVXMUJFZzAyUlRZeE16bDhOa1V5TVRFeEdnb0lrSGdRQUJvRFNVNVNPQnh3MjMwPSIsW1siQ0NVIiwiMjAyNi0wOS0xMyIsIkxLTyIsbnVsbCwiNkUiLCI2MTM5Il0sWyJMS08iLCIyMDI2LTA5LTEzIiwiREVMIixudWxsLCI2RSIsIjIxMTEiXV1d,2026-09-12 18:51:44.996727
1271,150,CCU,DEL,2026-09-13,2026-09-20,15376.00,INR,270,Round trip,IndiGo,1,139,WyJDalJJTUU5T2MzcFhTVmxLTlhOQlMydGFWVUZDUnkwdExTMHRMUzB0TFhsc2JHc3lNRUZCUVVGQlIzRnNWV1pCU2w5SVVXMUJFZ3cyUlRnNU5YdzJSVFkwT1RnYUNnaVFlQkFBR2dOSlRsSTRISERiZlE9PSIsW1siQ0NVIiwiMjAyNi0wOS0xMyIsIlBBVCIsbnVsbCwiNkUiLCI4OTUiXSxbIlBBVCIsIjIwMjYtMDktMTMiLCJERUwiLG51bGwsIjZFIiwiNjQ5OCJdXV0=,2026-09-12 18:51:44.999724
1272,150,CCU,DEL,2026-09-13,2026-09-20,15963.00,INR,145,Round trip,IndiGo,0,99,WyJDalJJTUU5T2MzcFhTVmxLTlhOQlMydGFWVUZDUnkwdExTMHRMUzB0TFhsc2JHc3lNRUZCUVVGQlIzRnNWV1pCU2w5SVVXMUJFZ1UyUlRreE54b0tDTnQ4RUFBYUEwbE9VamdjY01HQ0FRPT0iLFtbIkNDVSIsIjIwMjYtMDktMTMiLCJERUwiLG51bGwsIjZFIiwiOTE3Il1dXQ==,2026-09-12 18:51:45.002503
1273,150,CCU,DEL,2026-09-13,2026-09-20,16540.00,INR,150,Round trip,IndiGo,0,99,WyJDalJJTUU5T2MzcFhTVmxLTlhOQlMydGFWVUZDUnkwdExTMHRMUzB0TFhsc2JHc3lNRUZCUVVGQlIzRnNWV1pCU2w5SVVXMUJFZ1UyUlRnNU1Sb0xDSnlCQVJBQUdnTkpUbEk0SEhDZGh3RT0iLFtbIkNDVSIsIjIwMjYtMDktMTMiLCJERUwiLG51bGwsIjZFIiwiODkxIl1dXQ==,2026-09-12 18:51:45.004422
1274,150,CCU,DEL,2026-09-13,2026-09-20,16540.00,INR,145,Round trip,IndiGo,0,99,WyJDalJJTUU5T2MzcFhTVmxLTlhOQlMydGFWVUZDUnkwdExTMHRMUzB0TFhsc2JHc3lNRUZCUVVGQlIzRnNWV1pCU2w5SVVXMUJFZ1UyUlRRNU14b0xDSnlCQVJBQUdnTkpUbEk0SEhDZGh3RT0iLFtbIkNDVSIsIjIwMjYtMDktMTMiLCJERUwiLG51bGwsIjZFIiwiNDkzIl1dXQ==,2026-09-12 18:51:45.006976
1275,150,CCU,DEL,2026-09-13,2026-09-20,16960.00,INR,140,Round trip,IndiGo,0,99,WyJDalJJTUU5T2MzcFhTVmxLTlhOQlMydGFWVUZDUnkwdExTMHRMUzB0TFhsc2JHc3lNRUZCUVVGQlIzRnNWV1pCU2w5SVVXMUJFZ1UyUlRnNU5ob0xDTUNFQVJBQUdnTkpUbEk0SEhEVmlnRT0iLFtbIkNDVSIsIjIwMjYtMDktMTMiLCJERUwiLG51bGwsIjZFIiwiODk2Il1dXQ==,2026-09-12 18:51:45.009582
1276,150,CCU,DEL,2026-09-13,2026-09-20,16960.00,INR,145,Round trip,IndiGo,0,99,WyJDalJJTUU5T2MzcFhTVmxLTlhOQlMydGFWVUZDUnkwdExTMHRMUzB0TFhsc2JHc3lNRUZCUVVGQlIzRnNWV1pCU2w5SVVXMUJFZ1UyUlRnNU9Sb0xDTUNFQVJBQUdnTkpUbEk0SEhEVmlnRT0iLFtbIkNDVSIsIjIwMjYtMDktMTMiLCJERUwiLG51bGwsIjZFIiwiODk5Il1dXQ==,2026-09-12 18:51:45.012106
1277,150,CCU,DEL,2026-09-13,2026-09-20,17291.00,INR,155,Round trip,Air India,0,115,WyJDalJJTUU5T2MzcFhTVmxLTlhOQlMydGFWVUZDUnkwdExTMHRMUzB0TFhsc2JHc3lNRUZCUVVGQlIzRnNWV1pCU2w5SVVXMUJFZ1pCU1RJM01qQWFDd2lMaHdFUUFCb0RTVTVTT0J4d3I0MEIiLFtbIkNDVSIsIjIwMjYtMDktMTMiLCJERUwiLG51bGwsIkFJIiwiMjcyMCJdXV0=,2026-09-12 18:51:45.014728
1278,150,CCU,DEL,2026-09-13,2026-09-20,17291.00,INR,145,Round trip,Air India,0,115,WyJDalJJTUU5T2MzcFhTVmxLTlhOQlMydGFWVUZDUnkwdExTMHRMUzB0TFhsc2JHc3lNRUZCUVVGQlIzRnNWV1pCU2w5SVVXMUJFZ1pCU1RFNE5qTWFDd2lMaHdFUUFCb0RTVTVTT0J4d3I0MEIiLFtbIkNDVSIsIjIwMjYtMDktMTMiLCJERUwiLG51bGwsIkFJIiwiMTg2MyJdXV0=,2026-09-12 18:51:45.017213
1279,150,CCU,DEL,2026-09-13,2026-09-20,17291.00,INR,155,Round trip,Air India,0,115,WyJDalJJTUU5T2MzcFhTVmxLTlhOQlMydGFWVUZDUnkwdExTMHRMUzB0TFhsc2JHc3lNRUZCUVVGQlIzRnNWV1pCU2w5SVVXMUJFZ1pCU1RJM01EZ2FDd2lMaHdFUUFCb0RTVTVTT0J4d3I0MEIiLFtbIkNDVSIsIjIwMjYtMDktMTMiLCJERUwiLG51bGwsIkFJIiwiMjcwOCJdXV0=,2026-09-12 18:51:45.02083
1280,150,CCU,DEL,2026-09-13,2026-09-20,17433.00,INR,145,Round trip,IndiGo,0,99,WyJDalJJTUU5T2MzcFhTVmxLTlhOQlMydGFWVUZDUnkwdExTMHRMUzB0TFhsc2JHc3lNRUZCUVVGQlIzRnNWV1pCU2w5SVVXMUJFZ1kyUlRZek5UZ2FDd2laaUFFUUFCb0RTVTVTT0J4d3hJNEIiLFtbIkNDVSIsIjIwMjYtMDktMTMiLCJERUwiLG51bGwsIjZFIiwiNjM1OCJdXV0=,2026-09-12 18:51:45.023831
1281,150,CCU,DEL,2026-09-13,2026-09-20,17433.00,INR,145,Round trip,IndiGo,0,99,WyJDalJJTUU5T2MzcFhTVmxLTlhOQlMydGFWVUZDUnkwdExTMHRMUzB0TFhsc2JHc3lNRUZCUVVGQlIzRnNWV1pCU2w5SVVXMUJFZ1kyUlRJeU56VWFDd2laaUFFUUFCb0RTVTVTT0J4d3hJNEIiLFtbIkNDVSIsIjIwMjYtMDktMTMiLCJERUwiLG51bGwsIjZFIiwiMjI3NSJdXV0=,2026-09-12 18:51:45.026356
1282,150,CCU,DEL,2026-09-13,2026-09-20,17433.00,INR,145,Round trip,IndiGo,0,99,WyJDalJJTUU5T2MzcFhTVmxLTlhOQlMydGFWVUZDUnkwdExTMHRMUzB0TFhsc2JHc3lNRUZCUVVGQlIzRnNWV1pCU2w5SVVXMUJFZ1kyUlRZMU1UWWFDd2laaUFFUUFCb0RTVTVTT0J4d3hJNEIiLFtbIkNDVSIsIjIwMjYtMDktMTMiLCJERUwiLG51bGwsIjZFIiwiNjUxNiJdXV0=,2026-09-12 18:51:45.028766
1283,150,CCU,DEL,2026-09-13,2026-09-20,17433.00,INR,150,Round trip,IndiGo,0,99,WyJDalJJTUU5T2MzcFhTVmxLTlhOQlMydGFWVUZDUnkwdExTMHRMUzB0TFhsc2JHc3lNRUZCUVVGQlIzRnNWV1pCU2w5SVVXMUJFZ1kyUlRZeE9ETWFDd2laaUFFUUFCb0RTVTVTT0J4d3hJNEIiLFtbIkNDVSIsIjIwMjYtMDktMTMiLCJERUwiLG51bGwsIjZFIiwiNjE4MyJdXV0=,2026-09-12 18:51:45.031167
1284,150,CCU,DEL,2026-09-13,2026-09-20,17522.00,INR,140,Round trip,Akasa Air,0,98,WyJDalJJTUU5T2MzcFhTVmxLTlhOQlMydGFWVUZDUnkwdExTMHRMUzB0TFhsc2JHc3lNRUZCUVVGQlIzRnNWV1pCU2w5SVVXMUJFZ1pSVURFNE1EUWFDd2p5aUFFUUFCb0RTVTVTT0J4d29ZOEIiLFtbIkNDVSIsIjIwMjYtMDktMTMiLCJERUwiLG51bGwsIlFQIiwiMTgwNCJdXV0=,2026-09-12 18:51:45.033663
1285,150,CCU,DEL,2026-09-13,2026-09-20,17638.00,INR,155,Round trip,Air India,0,115,WyJDalJJTUU5T2MzcFhTVmxLTlhOQlMydGFWVUZDUnkwdExTMHRMUzB0TFhsc2JHc3lNRUZCUVVGQlIzRnNWV1pCU2w5SVVXMUJFZ1pCU1RFNE16SWFDd2ptaVFFUUFCb0RTVTVTT0J4d21wQUIiLFtbIkNDVSIsIjIwMjYtMDktMTMiLCJERUwiLG51bGwsIkFJIiwiMTgzMiJdXV0=,2026-09-12 18:51:45.03591
1286,150,CCU,DEL,2026-09-13,2026-09-20,17969.00,INR,150,Round trip,Air India,0,115,WyJDalJJTUU5T2MzcFhTVmxLTlhOQlMydGFWVUZDUnkwdExTMHRMUzB0TFhsc2JHc3lNRUZCUVVGQlIzRnNWV1pCU2w5SVVXMUJFZ1pCU1RJM05qZ2FDd2l4akFFUUFCb0RTVTVTT0J4dzlaSUIiLFtbIkNDVSIsIjIwMjYtMDktMTMiLCJERUwiLG51bGwsIkFJIiwiMjc2OCJdXV0=,2026-09-12 18:51:45.03815
1287,150,CCU,DEL,2026-09-13,2026-09-20,18151.00,INR,135,Round trip,SpiceJet,0,121,WyJDalJJTUU5T2MzcFhTVmxLTlhOQlMydGFWVUZDUnkwdExTMHRMUzB0TFhsc2JHc3lNRUZCUVVGQlIzRnNWV1pCU2w5SVVXMUJFZ1ZUUnprd05ob0xDT2VOQVJBQUdnTkpUbEk0SEhDemxBRT0iLFtbIkNDVSIsIjIwMjYtMDktMTMiLCJERUwiLG51bGwsIlNHIiwiOTA2Il1dXQ==,2026-09-12 18:51:45.04081
1288,151,CCU,BOM,2026-09-13,2026-09-20,17168.00,INR,180,Round trip,Air India,0,138,WyJDalJJWkVadlgyRktWV0pRV2sxQlMzcFpSRkZDUnkwdExTMHRMUzB0TFMxNWJHbHpORUZCUVVGQlIzRnNWV1pSUm1aaGVVdEJFZ1pCU1RJMk5EUWFDd2lRaGdFUUFCb0RTVTVTT0J4d3I0d0IiLFtbIkNDVSIsIjIwMjYtMDktMTMiLCJCT00iLG51bGwsIkFJIiwiMjY0NCJdXV0=,2026-09-12 18:51:50.725473
1289,151,CCU,BOM,2026-09-13,2026-09-20,17173.00,INR,165,Round trip,IndiGo,0,119,WyJDalJJWkVadlgyRktWV0pRV2sxQlMzcFpSRkZDUnkwdExTMHRMUzB0TFMxNWJHbHpORUZCUVVGQlIzRnNWV1pSUm1aaGVVdEJFZ1UyUlRFeE5Sb0xDSldHQVJBQUdnTkpUbEk0SEhDMGpBRT0iLFtbIkNDVSIsIjIwMjYtMDktMTMiLCJCT00iLG51bGwsIjZFIiwiMTE1Il1dXQ==,2026-09-12 18:51:50.728242
1290,151,CCU,BOM,2026-09-13,2026-09-20,17364.00,INR,160,Round trip,Akasa Air,0,116,WyJDalJJWkVadlgyRktWV0pRV2sxQlMzcFpSRkZDUnkwdExTMHRMUzB0TFMxNWJHbHpORUZCUVVGQlIzRnNWV1pSUm1aaGVVdEJFZ1pSVURFeE1qWWFDd2pVaHdFUUFCb0RTVTVTT0J4dy9JMEIiLFtbIkNDVSIsIjIwMjYtMDktMTMiLCJCT00iLG51bGwsIlFQIiwiMTEyNiJdXV0=,2026-09-12 18:51:50.730289
1291,151,CCU,BOM,2026-09-13,2026-09-20,17173.00,INR,170,Round trip,IndiGo,0,119,WyJDalJJWkVadlgyRktWV0pRV2sxQlMzcFpSRkZDUnkwdExTMHRMUzB0TFMxNWJHbHpORUZCUVVGQlIzRnNWV1pSUm1aaGVVdEJFZ1kyUlRVeE9UUWFDd2lWaGdFUUFCb0RTVTVTT0J4d3RJd0IiLFtbIkNDVSIsIjIwMjYtMDktMTMiLCJCT00iLG51bGwsIjZFIiwiNTE5NCJdXV0=,2026-09-12 18:51:50.732186
1292,151,CCU,BOM,2026-09-13,2026-09-20,17446.00,INR,190,Round trip,Air India,0,138,WyJDalJJWkVadlgyRktWV0pRV2sxQlMzcFpSRkZDUnkwdExTMHRMUzB0TFMxNWJHbHpORUZCUVVGQlIzRnNWV1pSUm1aaGVVdEJFZ1pCU1RJME9ESWFDd2ltaUFFUUFCb0RTVTVTT0J4dzBZNEIiLFtbIkNDVSIsIjIwMjYtMDktMTMiLCJCT00iLG51bGwsIkFJIiwiMjQ4MiJdXV0=,2026-09-12 18:51:50.734139
1293,151,CCU,BOM,2026-09-13,2026-09-20,17514.00,INR,155,Round trip,Akasa Air,0,121,WyJDalJJWkVadlgyRktWV0pRV2sxQlMzcFpSRkZDUnkwdExTMHRMUzB0TFMxNWJHbHpORUZCUVVGQlIzRnNWV1pSUm1aaGVVdEJFZ1pSVURFeE16WWFDd2pxaUFFUUFCb0RTVTVTT0J4d21ZOEIiLFtbIkNDVSIsIjIwMjYtMDktMTMiLCJCT00iLG51bGwsIlFQIiwiMTEzNiJdXV0=,2026-09-12 18:51:50.735777
1294,151,CCU,BOM,2026-09-13,2026-09-20,17514.00,INR,185,Round trip,Air India,0,138,WyJDalJJWkVadlgyRktWV0pRV2sxQlMzcFpSRkZDUnkwdExTMHRMUzB0TFMxNWJHbHpORUZCUVVGQlIzRnNWV1pSUm1aaGVVdEJFZ1pCU1RJME56SWFDd2pxaUFFUUFCb0RTVTVTT0J4d21ZOEIiLFtbIkNDVSIsIjIwMjYtMDktMTMiLCJCT00iLG51bGwsIkFJIiwiMjQ3MiJdXV0=,2026-09-12 18:51:50.73852
1295,151,CCU,BOM,2026-09-13,2026-09-20,17903.00,INR,165,Round trip,IndiGo,0,119,WyJDalJJWkVadlgyRktWV0pRV2sxQlMzcFpSRkZDUnkwdExTMHRMUzB0TFMxNWJHbHpORUZCUVVGQlIzRnNWV1pSUm1aaGVVdEJFZ1kyUlRVeE1qZ2FDd2p2aXdFUUFCb0RTVTVTT0J4d3NKSUIiLFtbIkNDVSIsIjIwMjYtMDktMTMiLCJCT00iLG51bGwsIjZFIiwiNTEyOCJdXV0=,2026-09-12 18:51:50.740072
1296,151,CCU,BOM,2026-09-13,2026-09-20,18155.00,INR,165,Round trip,Akasa Air,0,116,WyJDalJJWkVadlgyRktWV0pRV2sxQlMzcFpSRkZDUnkwdExTMHRMUzB0TFMxNWJHbHpORUZCUVVGQlIzRnNWV1pSUm1aaGVVdEJFZ1pSVURFeE1EZ2FDd2pyalFFUUFCb0RTVTVTT0J4d3Q1UUIiLFtbIkNDVSIsIjIwMjYtMDktMTMiLCJCT00iLG51bGwsIlFQIiwiMTEwOCJdXV0=,2026-09-12 18:51:50.741571
1297,151,CCU,BOM,2026-09-13,2026-09-20,18166.00,INR,150,Round trip,IndiGo,0,119,WyJDalJJWkVadlgyRktWV0pRV2sxQlMzcFpSRkZDUnkwdExTMHRMUzB0TFMxNWJHbHpORUZCUVVGQlIzRnNWV1pSUm1aaGVVdEJFZ1kyUlRVeE9ETWFDd2oyalFFUUFCb0RTVTVTT0J4d3c1UUIiLFtbIkNDVSIsIjIwMjYtMDktMTMiLCJCT00iLG51bGwsIjZFIiwiNTE4MyJdXV0=,2026-09-12 18:51:50.743059
1298,151,CCU,BOM,2026-09-13,2026-09-20,18166.00,INR,180,Round trip,IndiGo,0,119,WyJDalJJWkVadlgyRktWV0pRV2sxQlMzcFpSRkZDUnkwdExTMHRMUzB0TFMxNWJHbHpORUZCUVVGQlIzRnNWV1pSUm1aaGVVdEJFZ1kyUlRVeU9EZ2FDd2oyalFFUUFCb0RTVTVTT0J4d3c1UUIiLFtbIkNDVSIsIjIwMjYtMDktMTMiLCJCT00iLG51bGwsIjZFIiwiNTI4OCJdXV0=,2026-09-12 18:51:50.744535
1299,151,CCU,BOM,2026-09-13,2026-09-20,18166.00,INR,165,Round trip,IndiGo,0,119,WyJDalJJWkVadlgyRktWV0pRV2sxQlMzcFpSRkZDUnkwdExTMHRMUzB0TFMxNWJHbHpORUZCUVVGQlIzRnNWV1pSUm1aaGVVdEJFZ1kyUlRVeU1qY2FDd2oyalFFUUFCb0RTVTVTT0J4d3c1UUIiLFtbIkNDVSIsIjIwMjYtMDktMTMiLCJCT00iLG51bGwsIjZFIiwiNTIyNyJdXV0=,2026-09-12 18:51:50.745968
1300,151,CCU,BOM,2026-09-13,2026-09-20,18166.00,INR,170,Round trip,IndiGo,0,119,WyJDalJJWkVadlgyRktWV0pRV2sxQlMzcFpSRkZDUnkwdExTMHRMUzB0TFMxNWJHbHpORUZCUVVGQlIzRnNWV1pSUm1aaGVVdEJFZ1kyUlRZeU1EWWFDd2oyalFFUUFCb0RTVTVTT0J4d3c1UUIiLFtbIkNDVSIsIjIwMjYtMDktMTMiLCJCT00iLG51bGwsIjZFIiwiNjIwNiJdXV0=,2026-09-12 18:51:50.747383
1301,151,CCU,BOM,2026-09-13,2026-09-20,23547.00,INR,185,Round trip,Air India,0,138,WyJDalJJWkVadlgyRktWV0pRV2sxQlMzcFpSRkZDUnkwdExTMHRMUzB0TFMxNWJHbHpORUZCUVVGQlIzRnNWV1pSUm1aaGVVdEJFZ1pCU1RJM056SWFDd2o3dHdFUUFCb0RTVTVTT0J4d3dzQUIiLFtbIkNDVSIsIjIwMjYtMDktMTMiLCJCT00iLG51bGwsIkFJIiwiMjc3MiJdXV0=,2026-09-12 18:51:50.748792
1302,152,CCU,HYD,2026-09-13,2026-09-20,18841.00,INR,330,Round trip,IndiGo,1,168,WyJDalJJYzNjMmVuSlhZVVZDTFdOQlMwd3pNbmRDUnkwdExTMHRMUzF2YTNSdE5DMXVNVUZCUVVGQlIzRnNWV1p2UkU1MFEyZEJFZ3cyUlRZd016ZDhOa1V6TlRJYUN3aVprd0VRQUJvRFNVNVNPQnh3aFpvQiIsW1siQ0NVIiwiMjAyNi0wOS0xMyIsIlBOUSIsbnVsbCwiNkUiLCI2MDM3Il0sWyJQTlEiLCIyMDI2LTA5LTEzIiwiSFlEIixudWxsLCI2RSIsIjM1MiJdXV0=,2026-09-12 18:51:59.116385
1303,152,CCU,HYD,2026-09-13,2026-09-20,18891.00,INR,130,Round trip,IndiGo,0,92,WyJDalJJYzNjMmVuSlhZVVZDTFdOQlMwd3pNbmRDUnkwdExTMHRMUzF2YTNSdE5DMXVNVUZCUVVGQlIzRnNWV1p2UkU1MFEyZEJFZ1kyUlRZMk1qTWFDd2pMa3dFUUFCb0RTVTVTT0J4d3Vwb0IiLFtbIkNDVSIsIjIwMjYtMDktMTMiLCJIWUQiLG51bGwsIjZFIiwiNjYyMyJdXV0=,2026-09-12 18:51:59.120173
1304,152,CCU,HYD,2026-09-13,2026-09-20,20361.00,INR,140,Round trip,IndiGo,0,92,WyJDalJJYzNjMmVuSlhZVVZDTFdOQlMwd3pNbmRDUnkwdExTMHRMUzF2YTNSdE5DMXVNVUZCUVVGQlIzRnNWV1p2UkU1MFEyZEJFZ1kyUlRZMU1UTWFDd2lKbndFUUFCb0RTVTVTT0J4d3ZLWUIiLFtbIkNDVSIsIjIwMjYtMDktMTMiLCJIWUQiLG51bGwsIjZFIiwiNjUxMyJdXV0=,2026-09-12 18:51:59.122899
1305,152,CCU,HYD,2026-09-13,2026-09-20,20361.00,INR,135,Round trip,IndiGo,0,92,WyJDalJJYzNjMmVuSlhZVVZDTFdOQlMwd3pNbmRDUnkwdExTMHRMUzF2YTNSdE5DMXVNVUZCUVVGQlIzRnNWV1p2UkU1MFEyZEJFZ1kyUlRZMU1qZ2FDd2lKbndFUUFCb0RTVTVTT0J4d3ZLWUIiLFtbIkNDVSIsIjIwMjYtMDktMTMiLCJIWUQiLG51bGwsIjZFIiwiNjUyOCJdXV0=,2026-09-12 18:51:59.125447
1306,152,CCU,HYD,2026-09-13,2026-09-20,18131.00,INR,430,Round trip,IndiGo,1,162,WyJDalJJYzNjMmVuSlhZVVZDTFdOQlMwd3pNbmRDUnkwdExTMHRMUzF2YTNSdE5DMXVNVUZCUVVGQlIzRnNWV1p2UkU1MFEyZEJFZ3MyUlRRM05udzJSVE16TmhvTENOT05BUkFBR2dOSlRsSTRISENlbEFFPSIsW1siQ0NVIiwiMjAyNi0wOS0xMyIsIlBOUSIsbnVsbCwiNkUiLCI0NzYiXSxbIlBOUSIsIjIwMjYtMDktMTQiLCJIWUQiLG51bGwsIjZFIiwiMzM2Il1dXQ==,2026-09-12 18:51:59.127951
1307,152,CCU,HYD,2026-09-13,2026-09-20,19328.00,INR,245,Round trip,IndiGo,1,120,WyJDalJJYzNjMmVuSlhZVVZDTFdOQlMwd3pNbmRDUnkwdExTMHRMUzF2YTNSdE5DMXVNVUZCUVVGQlIzRnNWV1p2UkU1MFEyZEJFZ3MyUlRZeE5udzJSVGc0TXhvTENJQ1hBUkFBR2dOSlRsSTRISENEbmdFPSIsW1siQ0NVIiwiMjAyNi0wOS0xMyIsIlZUWiIsbnVsbCwiNkUiLCI2MTYiXSxbIlZUWiIsIjIwMjYtMDktMTMiLCJIWUQiLG51bGwsIjZFIiwiODgzIl1dXQ==,2026-09-12 18:51:59.130889
1308,152,CCU,HYD,2026-09-13,2026-09-20,20349.00,INR,330,Round trip,Air India,1,208,WyJDalJJYzNjMmVuSlhZVVZDTFdOQlMwd3pNbmRDUnkwdExTMHRMUzF2YTNSdE5DMXVNVUZCUVVGQlIzRnNWV1p2UkU1MFEyZEJFZzFCU1RJMk5EUjhRVWt5TkRRMEdnc0kvWjRCRUFBYUEwbE9VamdjY0srbUFRPT0iLFtbIkNDVSIsIjIwMjYtMDktMTMiLCJCT00iLG51bGwsIkFJIiwiMjY0NCJdLFsiQk9NIiwiMjAyNi0wOS0xMyIsIkhZRCIsbnVsbCwiQUkiLCIyNDQ0Il1dXQ==,2026-09-12 18:51:59.133512
1309,152,CCU,HYD,2026-09-13,2026-09-20,22146.00,INR,140,Round trip,IndiGo,0,92,WyJDalJJYzNjMmVuSlhZVVZDTFdOQlMwd3pNbmRDUnkwdExTMHRMUzF2YTNSdE5DMXVNVUZCUVVGQlIzRnNWV1p2UkU1MFEyZEJFZ1UyUlRNek5Cb0xDSUt0QVJBQUdnTkpUbEk0SEhDSXRRRT0iLFtbIkNDVSIsIjIwMjYtMDktMTMiLCJIWUQiLG51bGwsIjZFIiwiMzM0Il1dXQ==,2026-09-12 18:51:59.135663
1310,152,CCU,HYD,2026-09-13,2026-09-20,22146.00,INR,130,Round trip,IndiGo,0,92,WyJDalJJYzNjMmVuSlhZVVZDTFdOQlMwd3pNbmRDUnkwdExTMHRMUzF2YTNSdE5DMXVNVUZCUVVGQlIzRnNWV1p2UkU1MFEyZEJFZ1kyUlRZNU1EZ2FDd2lDclFFUUFCb0RTVTVTT0J4d2lMVUIiLFtbIkNDVSIsIjIwMjYtMDktMTMiLCJIWUQiLG51bGwsIjZFIiwiNjkwOCJdXV0=,2026-09-12 18:51:59.137306
1311,152,CCU,HYD,2026-09-13,2026-09-20,28026.00,INR,130,Round trip,IndiGo,0,98,WyJDalJJYzNjMmVuSlhZVVZDTFdOQlMwd3pNbmRDUnkwdExTMHRMUzF2YTNSdE5DMXVNVUZCUVVGQlIzRnNWV1p2UkU1MFEyZEJFZ1kyUlRZeE5UUWFDd2o2MmdFUUFCb0RTVTVTT0J4d2t1VUIiLFtbIkNDVSIsIjIwMjYtMDktMTMiLCJIWUQiLG51bGwsIjZFIiwiNjE1NCJdXV0=,2026-09-12 18:51:59.139002
1312,152,CCU,HYD,2026-09-13,2026-09-20,34457.00,INR,300,Round trip,Air India Express,1,188,WyJDalJJYzNjMmVuSlhZVVZDTFdOQlMwd3pNbmRDUnkwdExTMHRMUzF2YTNSdE5DMXVNVUZCUVVGQlIzRnNWV1p2UkU1MFEyZEJFZzFKV0RFek56RjhTVmd4TnpJekdnc0ltWTBDRUFBYUEwbE9VamdjY055WkFnPT0iLFtbIkNDVSIsIjIwMjYtMDktMTMiLCJCTFIiLG51bGwsIklYIiwiMTM3MSJdLFsiQkxSIiwiMjAyNi0wOS0xMyIsIkhZRCIsbnVsbCwiSVgiLCIxNzIzIl1dXQ==,2026-09-12 18:51:59.141074
1313,153,CCU,MAA,2026-09-13,2026-09-20,15693.00,INR,135,Round trip,IndiGo,0,100,WyJDalJJZVhVdFJrZHVWa2xPYm05QlJtSnJlVUZDUnkwdExTMHRMUzF3Wm1WcE1pMXVNa0ZCUVVGQlIzRnNWV2RKVDIxc01UaEJFZ1UyUlRNME5Cb0tDTTE2RUFBYUEwbE9VamdjY0tlQUFRPT0iLFtbIkNDVSIsIjIwMjYtMDktMTMiLCJNQUEiLG51bGwsIjZFIiwiMzQ0Il1dXQ==,2026-09-12 18:52:04.443333
1314,153,CCU,MAA,2026-09-13,2026-09-20,15693.00,INR,140,Round trip,IndiGo,0,100,WyJDalJJZVhVdFJrZHVWa2xPYm05QlJtSnJlVUZDUnkwdExTMHRMUzF3Wm1WcE1pMXVNa0ZCUVVGQlIzRnNWV2RKVDIxc01UaEJFZ1UyUlRVMk14b0tDTTE2RUFBYUEwbE9VamdjY0tlQUFRPT0iLFtbIkNDVSIsIjIwMjYtMDktMTMiLCJNQUEiLG51bGwsIjZFIiwiNTYzIl1dXQ==,2026-09-12 18:52:04.445614
1315,153,CCU,MAA,2026-09-13,2026-09-20,15889.00,INR,155,Round trip,Air India Express,0,118,WyJDalJJZVhVdFJrZHVWa2xPYm05QlJtSnJlVUZDUnkwdExTMHRMUzF3Wm1WcE1pMXVNa0ZCUVVGQlIzRnNWV2RKVDIxc01UaEJFZ1pKV0RFeU5UUWFDZ2lSZkJBQUdnTkpUbEk0SEhEMGdRRT0iLFtbIkNDVSIsIjIwMjYtMDktMTMiLCJNQUEiLG51bGwsIklYIiwiMTI1NCJdXV0=,2026-09-12 18:52:04.447968
1316,153,CCU,MAA,2026-09-13,2026-09-20,13906.00,INR,360,Round trip,IndiGo,1,143,WyJDalJJZVhVdFJrZHVWa2xPYm05QlJtSnJlVUZDUnkwdExTMHRMUzF3Wm1WcE1pMXVNa0ZCUVVGQlIzRnNWV2RKVDIxc01UaEJFZzAyUlRZMk1qTjhOa1UyTVRVeEdnb0kwbXdRQUJvRFNVNVNPQnh3MlhFPSIsW1siQ0NVIiwiMjAyNi0wOS0xMyIsIkhZRCIsbnVsbCwiNkUiLCI2NjIzIl0sWyJIWUQiLCIyMDI2LTA5LTEzIiwiTUFBIixudWxsLCI2RSIsIjYxNTEiXV1d,2026-09-12 18:52:04.455549
1317,153,CCU,MAA,2026-09-13,2026-09-20,14363.00,INR,325,Round trip,IndiGo,1,147,WyJDalJJZVhVdFJrZHVWa2xPYm05QlJtSnJlVUZDUnkwdExTMHRMUzF3Wm1WcE1pMXVNa0ZCUVVGQlIzRnNWV2RKVDIxc01UaEJFZ3MyUlRjM01YdzJSVGt3TkJvS0NKdHdFQUFhQTBsT1VqZ2NjTGQxIixbWyJDQ1UiLCIyMDI2LTA5LTEzIiwiQkxSIixudWxsLCI2RSIsIjc3MSJdLFsiQkxSIiwiMjAyNi0wOS0xMyIsIk1BQSIsbnVsbCwiNkUiLCI5MDQiXV1d,2026-09-12 18:52:04.458096
1318,153,CCU,MAA,2026-09-13,2026-09-20,14363.00,INR,335,Round trip,IndiGo,1,147,WyJDalJJZVhVdFJrZHVWa2xPYm05QlJtSnJlVUZDUnkwdExTMHRMUzF3Wm1WcE1pMXVNa0ZCUVVGQlIzRnNWV2RKVDIxc01UaEJFZ3cyUlRRNU5udzJSVFl5TURnYUNnaWJjQkFBR2dOSlRsSTRISEMzZFE9PSIsW1siQ0NVIiwiMjAyNi0wOS0xMyIsIkJMUiIsbnVsbCwiNkUiLCI0OTYiXSxbIkJMUiIsIjIwMjYtMDktMTMiLCJNQUEiLG51bGwsIjZFIiwiNjIwOCJdXV0=,2026-09-12 18:52:04.460665
1319,153,CCU,MAA,2026-09-13,2026-09-20,14363.00,INR,350,Round trip,IndiGo,1,147,WyJDalJJZVhVdFJrZHVWa2xPYm05QlJtSnJlVUZDUnkwdExTMHRMUzF3Wm1WcE1pMXVNa0ZCUVVGQlIzRnNWV2RKVDIxc01UaEJFZ3cyUlRRMU5YdzJSVFl3TVRjYUNnaWJjQkFBR2dOSlRsSTRISEMzZFE9PSIsW1siQ0NVIiwiMjAyNi0wOS0xMyIsIkJMUiIsbnVsbCwiNkUiLCI0NTUiXSxbIkJMUiIsIjIwMjYtMDktMTMiLCJNQUEiLG51bGwsIjZFIiwiNjAxNyJdXV0=,2026-09-12 18:52:04.463316
1320,153,CCU,MAA,2026-09-13,2026-09-20,14945.00,INR,285,Round trip,IndiGo,1,147,WyJDalJJZVhVdFJrZHVWa2xPYm05QlJtSnJlVUZDUnkwdExTMHRMUzF3Wm1WcE1pMXVNa0ZCUVVGQlIzRnNWV2RKVDIxc01UaEJFZ3MyUlRRMU5YdzJSVE0xTmhvS0NPRjBFQUFhQTBsT1VqZ2NjSmg2IixbWyJDQ1UiLCIyMDI2LTA5LTEzIiwiQkxSIixudWxsLCI2RSIsIjQ1NSJdLFsiQkxSIiwiMjAyNi0wOS0xMyIsIk1BQSIsbnVsbCwiNkUiLCIzNTYiXV1d,2026-09-12 18:52:04.465921
1321,153,CCU,MAA,2026-09-13,2026-09-20,15693.00,INR,135,Round trip,IndiGo,0,100,WyJDalJJZVhVdFJrZHVWa2xPYm05QlJtSnJlVUZDUnkwdExTMHRMUzF3Wm1WcE1pMXVNa0ZCUVVGQlIzRnNWV2RKVDIxc01UaEJFZ1UyUlRjeU14b0tDTTE2RUFBYUEwbE9VamdjY0tlQUFRPT0iLFtbIkNDVSIsIjIwMjYtMDktMTMiLCJNQUEiLG51bGwsIjZFIiwiNzIzIl1dXQ==,2026-09-12 18:52:04.468601
1322,153,CCU,MAA,2026-09-13,2026-09-20,16323.00,INR,140,Round trip,IndiGo,0,100,WyJDalJJZVhVdFJrZHVWa2xPYm05QlJtSnJlVUZDUnkwdExTMHRMUzF3Wm1WcE1pMXVNa0ZCUVVGQlIzRnNWV2RKVDIxc01UaEJFZ1UyUlRJek5Cb0tDTU4vRUFBYUEwbE9VamdjY0xxRkFRPT0iLFtbIkNDVSIsIjIwMjYtMDktMTMiLCJNQUEiLG51bGwsIjZFIiwiMjM0Il1dXQ==,2026-09-12 18:52:04.470715
1323,153,CCU,MAA,2026-09-13,2026-09-20,16689.00,INR,145,Round trip,Air India Express,0,118,WyJDalJJZVhVdFJrZHVWa2xPYm05QlJtSnJlVUZDUnkwdExTMHRMUzF3Wm1WcE1pMXVNa0ZCUVVGQlIzRnNWV2RKVDIxc01UaEJFZ1pKV0RFeU5Ua2FDd2l4Z2dFUUFCb0RTVTVTT0J4d3VZZ0IiLFtbIkNDVSIsIjIwMjYtMDktMTMiLCJNQUEiLG51bGwsIklYIiwiMTI1OSJdXV0=,2026-09-12 18:52:04.472805
1324,153,CCU,MAA,2026-09-13,2026-09-20,17163.00,INR,140,Round trip,IndiGo,0,100,WyJDalJJZVhVdFJrZHVWa2xPYm05QlJtSnJlVUZDUnkwdExTMHRMUzF3Wm1WcE1pMXVNa0ZCUVVGQlIzRnNWV2RKVDIxc01UaEJFZ1UyUlRnNU1ob0xDSXVHQVJBQUdnTkpUbEk0SEhDcGpBRT0iLFtbIkNDVSIsIjIwMjYtMDktMTMiLCJNQUEiLG51bGwsIjZFIiwiODkyIl1dXQ==,2026-09-12 18:52:04.474931
1325,154,CCU,PNQ,2026-09-13,2026-09-20,14723.00,INR,495,Round trip,IndiGo,1,140,WyJDalJJZVZCM05tUXhORnB6YkRoQlNGVmFXbmRDUnkwdExTMHRMUzEyZDNreE9DMXVNVUZCUVVGQlIzRnNWV2RqVHpKQ2EzbEJFZ3cyUlRnMk1udzJSVFkyTlRrYUNnaURjeEFBR2dOSlRsSTRISEN3ZUE9PSIsW1siQ0NVIiwiMjAyNi0wOS0xMyIsIk5BRyIsbnVsbCwiNkUiLCI4NjIiXSxbIk5BRyIsIjIwMjYtMDktMTQiLCJQTlEiLG51bGwsIjZFIiwiNjY1OSJdXV0=,2026-09-12 18:52:12.811062
1326,154,CCU,PNQ,2026-09-13,2026-09-20,15224.00,INR,150,Round trip,IndiGo,0,112,WyJDalJJZVZCM05tUXhORnB6YkRoQlNGVmFXbmRDUnkwdExTMHRMUzEyZDNreE9DMXVNVUZCUVVGQlIzRnNWV2RqVHpKQ2EzbEJFZ1UyUlRRM05ob0tDUGgyRUFBYUEwbE9VamdjY0x4OCIsW1siQ0NVIiwiMjAyNi0wOS0xMyIsIlBOUSIsbnVsbCwiNkUiLCI0NzYiXV1d,2026-09-12 18:52:12.813635
1327,154,CCU,PNQ,2026-09-13,2026-09-20,15854.00,INR,155,Round trip,IndiGo,0,112,WyJDalJJZVZCM05tUXhORnB6YkRoQlNGVmFXbmRDUnkwdExTMHRMUzEyZDNreE9DMXVNVUZCUVVGQlIzRnNWV2RqVHpKQ2EzbEJFZ1UyUlRFek5Sb0tDTzU3RUFBYUEwbE9VamdjY00rQkFRPT0iLFtbIkNDVSIsIjIwMjYtMDktMTMiLCJQTlEiLG51bGwsIjZFIiwiMTM1Il1dXQ==,2026-09-12 18:52:12.815668
1328,154,CCU,PNQ,2026-09-13,2026-09-20,16000.00,INR,165,Round trip,Akasa Air,0,112,WyJDalJJZVZCM05tUXhORnB6YkRoQlNGVmFXbmRDUnkwdExTMHRMUzEyZDNreE9DMXVNVUZCUVVGQlIzRnNWV2RqVHpKQ2EzbEJFZ1pSVURFMU5qSWFDZ2lBZlJBQUdnTkpUbEk0SEhEb2dnRT0iLFtbIkNDVSIsIjIwMjYtMDktMTMiLCJQTlEiLG51bGwsIlFQIiwiMTU2MiJdXV0=,2026-09-12 18:52:12.818134
1329,154,CCU,PNQ,2026-09-13,2026-09-20,16700.00,INR,395,Round trip,IndiGo,1,141,WyJDalJJZVZCM05tUXhORnB6YkRoQlNGVmFXbmRDUnkwdExTMHRMUzEyZDNreE9DMXVNVUZCUVVGQlIzRnNWV2RqVHpKQ2EzbEJFZzAyUlRZMk1qTjhOa1UyTkRjeEdnc0l2SUlCRUFBYUEwbE9VamdjY01XSUFRPT0iLFtbIkNDVSIsIjIwMjYtMDktMTMiLCJIWUQiLG51bGwsIjZFIiwiNjYyMyJdLFsiSFlEIiwiMjAyNi0wOS0xMyIsIlBOUSIsbnVsbCwiNkUiLCI2NDcxIl1dXQ==,2026-09-12 18:52:12.819964
1330,154,CCU,PNQ,2026-09-13,2026-09-20,16700.00,INR,270,Round trip,IndiGo,1,141,WyJDalJJZVZCM05tUXhORnB6YkRoQlNGVmFXbmRDUnkwdExTMHRMUzEyZDNreE9DMXVNVUZCUVVGQlIzRnNWV2RqVHpKQ2EzbEJFZ3cyUlRZMU1qaDhOa1UwTWpZYUN3aThnZ0VRQUJvRFNVNVNPQnh3eFlnQiIsW1siQ0NVIiwiMjAyNi0wOS0xMyIsIkhZRCIsbnVsbCwiNkUiLCI2NTI4Il0sWyJIWUQiLCIyMDI2LTA5LTEzIiwiUE5RIixudWxsLCI2RSIsIjQyNiJdXV0=,2026-09-12 18:52:12.822716
1331,154,CCU,PNQ,2026-09-13,2026-09-20,17462.00,INR,420,Round trip,IndiGo,1,145,WyJDalJJZVZCM05tUXhORnB6YkRoQlNGVmFXbmRDUnkwdExTMHRMUzEyZDNreE9DMXVNVUZCUVVGQlIzRnNWV2RqVHpKQ2EzbEJFZ3MyUlRNek5IdzJSVFUzTmhvTENMYUlBUkFBR2dOSlRsSTRISERpamdFPSIsW1siQ0NVIiwiMjAyNi0wOS0xMyIsIkhZRCIsbnVsbCwiNkUiLCIzMzQiXSxbIkhZRCIsIjIwMjYtMDktMTMiLCJQTlEiLG51bGwsIjZFIiwiNTc2Il1dXQ==,2026-09-12 18:52:12.824995
1332,154,CCU,PNQ,2026-09-13,2026-09-20,20049.00,INR,140,Round trip,IndiGo,0,118,WyJDalJJZVZCM05tUXhORnB6YkRoQlNGVmFXbmRDUnkwdExTMHRMUzEyZDNreE9DMXVNVUZCUVVGQlIzRnNWV2RqVHpKQ2EzbEJFZ1kyUlRZd016Y2FDd2pSbkFFUUFCb0RTVTVTT0J4dzlxTUIiLFtbIkNDVSIsIjIwMjYtMDktMTMiLCJQTlEiLG51bGwsIjZFIiwiNjAzNyJdXV0=,2026-09-12 18:52:12.827072
1333,154,CCU,PNQ,2026-09-13,2026-09-20,20444.00,INR,345,Round trip,Air India,1,220,WyJDalJJZVZCM05tUXhORnB6YkRoQlNGVmFXbmRDUnkwdExTMHRMUzEyZDNreE9DMXVNVUZCUVVGQlIzRnNWV2RqVHpKQ2EzbEJFZzFCU1RJM01UQjhRVWt5TnpFeEdnc0kzSjhCRUFBYUEwbE9VamdjY0pPbkFRPT0iLFtbIkNDVSIsIjIwMjYtMDktMTMiLCJERUwiLG51bGwsIkFJIiwiMjcxMCJdLFsiREVMIiwiMjAyNi0wOS0xNCIsIlBOUSIsbnVsbCwiQUkiLCIyNzExIl1dXQ==,2026-09-12 18:52:12.828962
1334,155,CCU,AMD,2026-09-13,2026-09-20,13711.00,INR,160,Round trip,IndiGo,0,113,WyJDalJJVldaVVRWVmpkVmRpYjI5QlMwaFBNR2RDUnkwdExTMHRMUzB0TFMxdmVYSnBPVUZCUVVGQlIzRnNWV2hCVFU1SFlYVkJFZ1UyUlRJME5Sb0tDSTlyRUFBYUEwbE9VamdjY0kxdyIsW1siQ0NVIiwiMjAyNi0wOS0xMyIsIkFNRCIsbnVsbCwiNkUiLCIyNDUiXV1d,2026-09-12 18:52:22.028475
1335,155,CCU,AMD,2026-09-13,2026-09-20,17911.00,INR,155,Round trip,IndiGo,0,119,WyJDalJJVldaVVRWVmpkVmRpYjI5QlMwaFBNR2RDUnkwdExTMHRMUzB0TFMxdmVYSnBPVUZCUVVGQlIzRnNWV2hCVFU1SFlYVkJFZ1UyUlRNeE9Cb0xDUGVMQVJBQUdnTkpUbEk0SEhDNGtnRT0iLFtbIkNDVSIsIjIwMjYtMDktMTMiLCJBTUQiLG51bGwsIjZFIiwiMzE4Il1dXQ==,2026-09-12 18:52:22.032059
1336,155,CCU,AMD,2026-09-13,2026-09-20,18948.00,INR,345,Round trip,IndiGo,1,159,WyJDalJJVldaVVRWVmpkVmRpYjI5QlMwaFBNR2RDUnkwdExTMHRMUzB0TFMxdmVYSnBPVUZCUVVGQlIzRnNWV2hCVFU1SFlYVkJFZzAyUlRjek1qVjhOa1UyTmpVMEdnc0loSlFCRUFBYUEwbE9VamdjY1BXYUFRPT0iLFtbIkNDVSIsIjIwMjYtMDktMTMiLCJJWFIiLG51bGwsIjZFIiwiNzMyNSJdLFsiSVhSIiwiMjAyNi0wOS0xMyIsIkFNRCIsbnVsbCwiNkUiLCI2NjU0Il1dXQ==,2026-09-12 18:52:22.035105
1337,155,CCU,AMD,2026-09-13,2026-09-20,19801.00,INR,155,Round trip,IndiGo,0,113,WyJDalJJVldaVVRWVmpkVmRpYjI5QlMwaFBNR2RDUnkwdExTMHRMUzB0TFMxdmVYSnBPVUZCUVVGQlIzRnNWV2hCVFU1SFlYVkJFZ1UyUlRJNU1ob0xDTm1hQVJBQUdnTkpUbEk0SEhEeW9RRT0iLFtbIkNDVSIsIjIwMjYtMDktMTMiLCJBTUQiLG51bGwsIjZFIiwiMjkyIl1dXQ==,2026-09-12 18:52:22.038505
1338,155,CCU,AMD,2026-09-13,2026-09-20,18013.00,INR,510,Round trip,IndiGo,1,151,WyJDalJJVldaVVRWVmpkVmRpYjI5QlMwaFBNR2RDUnkwdExTMHRMUzB0TFMxdmVYSnBPVUZCUVVGQlIzRnNWV2hCVFU1SFlYVkJFZzAyUlRZeU1UUjhOa1UyTWpNNEdnc0kzWXdCRUFBYUEwbE9VamdjY0tPVEFRPT0iLFtbIkNDVSIsIjIwMjYtMDktMTMiLCJCQkkiLG51bGwsIjZFIiwiNjIxNCJdLFsiQkJJIiwiMjAyNi0wOS0xMyIsIkFNRCIsbnVsbCwiNkUiLCI2MjM4Il1dXQ==,2026-09-12 18:52:22.041342
1339,155,CCU,AMD,2026-09-13,2026-09-20,19680.00,INR,500,Round trip,Air India,1,192,WyJDalJJVldaVVRWVmpkVmRpYjI5QlMwaFBNR2RDUnkwdExTMHRMUzB0TFMxdmVYSnBPVUZCUVVGQlIzRnNWV2hCVFU1SFlYVkJFZzFCU1RFNE16SjhRVWt5T1RVNUdnc0k0SmtCRUFBYUEwbE9VamdjY1BPZ0FRPT0iLFtbIkNDVSIsIjIwMjYtMDktMTMiLCJERUwiLG51bGwsIkFJIiwiMTgzMiJdLFsiREVMIiwiMjAyNi0wOS0xMyIsIkFNRCIsbnVsbCwiQUkiLCIyOTU5Il1dXQ==,2026-09-12 18:52:22.044707
1340,155,CCU,AMD,2026-09-13,2026-09-20,20444.00,INR,710,Round trip,Air India,1,192,WyJDalJJVldaVVRWVmpkVmRpYjI5QlMwaFBNR2RDUnkwdExTMHRMUzB0TFMxdmVYSnBPVUZCUVVGQlIzRnNWV2hCVFU1SFlYVkJFZzFCU1RJM01EaDhRVWt5T1RVNUdnc0kzSjhCRUFBYUEwbE9VamdjY0pPbkFRPT0iLFtbIkNDVSIsIjIwMjYtMDktMTMiLCJERUwiLG51bGwsIkFJIiwiMjcwOCJdLFsiREVMIiwiMjAyNi0wOS0xNCIsIkFNRCIsbnVsbCwiQUkiLCIyOTU5Il1dXQ==,2026-09-12 18:52:22.048459
1341,155,CCU,AMD,2026-09-13,2026-09-20,20444.00,INR,770,Round trip,Air India,1,213,WyJDalJJVldaVVRWVmpkVmRpYjI5QlMwaFBNR2RDUnkwdExTMHRMUzB0TFMxdmVYSnBPVUZCUVVGQlIzRnNWV2hCVFU1SFlYVkJFZ3hCU1RJM01UQjhRVWswTWpNYUN3amNud0VRQUJvRFNVNVNPQnh3azZjQiIsW1siQ0NVIiwiMjAyNi0wOS0xMyIsIkRFTCIsbnVsbCwiQUkiLCIyNzEwIl0sWyJERUwiLCIyMDI2LTA5LTE0IiwiQU1EIixudWxsLCJBSSIsIjQyMyJdXV0=,2026-09-12 18:52:22.052634
1342,155,CCU,AMD,2026-09-13,2026-09-20,22833.00,INR,425,Round trip,Air India,1,216,WyJDalJJVldaVVRWVmpkVmRpYjI5QlMwaFBNR2RDUnkwdExTMHRMUzB0TFMxdmVYSnBPVUZCUVVGQlIzRnNWV2hCVFU1SFlYVkJFZ3hCU1RFNE16SjhRVWs0TVRjYUN3aXhzZ0VRQUJvRFNVNVNPQnh3MTdvQiIsW1siQ0NVIiwiMjAyNi0wOS0xMyIsIkRFTCIsbnVsbCwiQUkiLCIxODMyIl0sWyJERUwiLCIyMDI2LTA5LTEzIiwiQU1EIixudWxsLCJBSSIsIjgxNyJdXV0=,2026-09-12 18:52:22.055745
1343,155,CCU,AMD,2026-09-13,2026-09-20,24797.00,INR,360,Round trip,Air India,1,192,WyJDalJJVldaVVRWVmpkVmRpYjI5QlMwaFBNR2RDUnkwdExTMHRMUzB0TFMxdmVYSnBPVUZCUVVGQlIzRnNWV2hCVFU1SFlYVkJFZzFCU1RJM05qaDhRVWt5TlRRMUdnc0kzY0VCRUFBYUEwbE9VamdjY043S0FRPT0iLFtbIkNDVSIsIjIwMjYtMDktMTMiLCJERUwiLG51bGwsIkFJIiwiMjc2OCJdLFsiREVMIiwiMjAyNi0wOS0xMyIsIkFNRCIsbnVsbCwiQUkiLCIyNTQ1Il1dXQ==,2026-09-12 18:52:22.05887
1344,156,CCU,COK,2026-09-13,2026-09-20,29180.00,INR,340,Round trip,IndiGo,1,153,WyJDalJJV1hScVNVd3RWSFl3ZG10QlIzQk1jM2RDUnkwdExTMHRMUzB0TFMxMmRHUnlNa0ZCUVVGQlIzRnNWV2hyU0hneE9FVkJFZ3MyUlRRNU5udzJSVGN3TXhvTENQempBUkFBR2dOSlRsSTRISERKN2dFPSIsW1siQ0NVIiwiMjAyNi0wOS0xMyIsIkJMUiIsbnVsbCwiNkUiLCI0OTYiXSxbIkJMUiIsIjIwMjYtMDktMTMiLCJDT0siLG51bGwsIjZFIiwiNzAzIl1dXQ==,2026-09-12 18:52:25.831887
1345,156,CCU,COK,2026-09-13,2026-09-20,30491.00,INR,320,Round trip,IndiGo,1,153,WyJDalJJV1hScVNVd3RWSFl3ZG10QlIzQk1jM2RDUnkwdExTMHRMUzB0TFMxMmRHUnlNa0ZCUVVGQlIzRnNWV2hyU0hneE9FVkJFZ3MyUlRNNE5udzJSVFl3TWhvTENKdnVBUkFBR2dOSlRsSTRISENsK1FFPSIsW1siQ0NVIiwiMjAyNi0wOS0xMyIsIkJMUiIsbnVsbCwiNkUiLCIzODYiXSxbIkJMUiIsIjIwMjYtMDktMTMiLCJDT0siLG51bGwsIjZFIiwiNjAyIl1dXQ==,2026-09-12 18:52:25.836854
1346,156,CCU,COK,2026-09-13,2026-09-20,31867.00,INR,290,Round trip,IndiGo,1,156,WyJDalJJV1hScVNVd3RWSFl3ZG10QlIzQk1jM2RDUnkwdExTMHRMUzB0TFMxMmRHUnlNa0ZCUVVGQlIzRnNWV2hyU0hneE9FVkJFZ3MyUlRVMk0zdzJSVGt5TnhvTENQdjRBUkFBR2dOSlRsSTRISERGaEFJPSIsW1siQ0NVIiwiMjAyNi0wOS0xMyIsIk1BQSIsbnVsbCwiNkUiLCI1NjMiXSxbIk1BQSIsIjIwMjYtMDktMTMiLCJDT0siLG51bGwsIjZFIiwiOTI3Il1dXQ==,2026-09-12 18:52:25.842129
1347,156,CCU,COK,2026-09-13,2026-09-20,26994.00,INR,690,Round trip,IndiGo,1,158,WyJDalJJV1hScVNVd3RWSFl3ZG10QlIzQk1jM2RDUnkwdExTMHRMUzB0TFMxMmRHUnlNa0ZCUVVGQlIzRnNWV2hyU0hneE9FVkJFZ3cyUlRZek1UUjhOa1UzTmpNYUN3ankwZ0VRQUJvRFNVNVNPQnh3MnR3QiIsW1siQ0NVIiwiMjAyNi0wOS0xMyIsIkJMUiIsbnVsbCwiNkUiLCI2MzE0Il0sWyJCTFIiLCIyMDI2LTA5LTE0IiwiQ09LIixudWxsLCI2RSIsIjc2MyJdXV0=,2026-09-12 18:52:25.845774
1348,156,CCU,COK,2026-09-13,2026-09-20,27729.00,INR,605,Round trip,IndiGo,1,184,WyJDalJJV1hScVNVd3RWSFl3ZG10QlIzQk1jM2RDUnkwdExTMHRMUzB0TFMxMmRHUnlNa0ZCUVVGQlIzRnNWV2hyU0hneE9FVkJFZ3MyUlRVM00zdzJSVGMyTXhvTENOSFlBUkFBR2dOSlRsSTRISERiNGdFPSIsW1siQ0NVIiwiMjAyNi0wOS0xMyIsIkJMUiIsbnVsbCwiNkUiLCI1NzMiXSxbIkJMUiIsIjIwMjYtMDktMTQiLCJDT0siLG51bGwsIjZFIiwiNzYzIl1dXQ==,2026-09-12 18:52:25.850727
1349,156,CCU,COK,2026-09-13,2026-09-20,28757.00,INR,645,Round trip,IndiGo,1,153,WyJDalJJV1hScVNVd3RWSFl3ZG10QlIzQk1jM2RDUnkwdExTMHRMUzB0TFMxMmRHUnlNa0ZCUVVGQlIzRnNWV2hyU0hneE9FVkJFZ3MyUlRRNU5udzJSVEUwTkJvTENOWGdBUkFBR2dOSlRsSTRISENQNndFPSIsW1siQ0NVIiwiMjAyNi0wOS0xMyIsIkJMUiIsbnVsbCwiNkUiLCI0OTYiXSxbIkJMUiIsIjIwMjYtMDktMTMiLCJDT0siLG51bGwsIjZFIiwiMTQ0Il1dXQ==,2026-09-12 18:52:25.855321
1350,156,CCU,COK,2026-09-13,2026-09-20,29597.00,INR,440,Round trip,IndiGo,1,153,WyJDalJJV1hScVNVd3RWSFl3ZG10QlIzQk1jM2RDUnkwdExTMHRMUzB0TFMxMmRHUnlNa0ZCUVVGQlIzRnNWV2hyU0hneE9FVkJFZ3MyUlRJek5YdzJSVEUwTkJvTENKM25BUkFBR2dOSlRsSTRISEQrOFFFPSIsW1siQ0NVIiwiMjAyNi0wOS0xMyIsIkJMUiIsbnVsbCwiNkUiLCIyMzUiXSxbIkJMUiIsIjIwMjYtMDktMTMiLCJDT0siLG51bGwsIjZFIiwiMTQ0Il1dXQ==,2026-09-12 18:52:25.859306
1351,156,CCU,COK,2026-09-13,2026-09-20,30365.00,INR,285,Round trip,IndiGo,1,156,WyJDalJJV1hScVNVd3RWSFl3ZG10QlIzQk1jM2RDUnkwdExTMHRMUzB0TFMxMmRHUnlNa0ZCUVVGQlIzRnNWV2hyU0hneE9FVkJFZ3MyUlRJek5IdzJSVEUxTmhvTENKM3RBUkFBR2dOSlRsSTRISENoK0FFPSIsW1siQ0NVIiwiMjAyNi0wOS0xMyIsIk1BQSIsbnVsbCwiNkUiLCIyMzQiXSxbIk1BQSIsIjIwMjYtMDktMTMiLCJDT0siLG51bGwsIjZFIiwiMTU2Il1dXQ==,2026-09-12 18:52:25.862749
1352,156,CCU,COK,2026-09-13,2026-09-20,30437.00,INR,340,Round trip,IndiGo,1,153,WyJDalJJV1hScVNVd3RWSFl3ZG10QlIzQk1jM2RDUnkwdExTMHRMUzB0TFMxMmRHUnlNa0ZCUVVGQlIzRnNWV2hyU0hneE9FVkJFZ3MyUlRRMU5YdzJSVEUwTkJvTENPWHRBUkFBR2dOSlRsSTRISER0K0FFPSIsW1siQ0NVIiwiMjAyNi0wOS0xMyIsIkJMUiIsbnVsbCwiNkUiLCI0NTUiXSxbIkJMUiIsIjIwMjYtMDktMTMiLCJDT0siLG51bGwsIjZFIiwiMTQ0Il1dXQ==,2026-09-12 18:52:25.866366
1421,161,PNQ,HYD,2026-09-13,2026-09-20,9095.00,INR,80,Round trip,IndiGo,0,50,WyJDalJJYjFwemNXOUxkVlJzTjJkQlFYQmpjV2RDUnkwdExTMHRMUzB0TFMxdmVXWnlOVUZCUVVGQlIzRnNWV3RqU1MxVE5HZEJFZ1UyUlRFd014b0tDSWRIRUFBYUEwbE9VamdjY0s1SyIsW1siUE5RIiwiMjAyNi0wOS0xMyIsIkhZRCIsbnVsbCwiNkUiLCIxMDMiXV1d,2026-09-12 18:53:11.565751
1353,156,CCU,COK,2026-09-13,2026-09-20,31205.00,INR,370,Round trip,IndiGo,1,151,WyJDalJJV1hScVNVd3RWSFl3ZG10QlIzQk1jM2RDUnkwdExTMHRMUzB0TFMxMmRHUnlNa0ZCUVVGQlIzRnNWV2hyU0hneE9FVkJFZ3cyUlRnNU1udzJSVFk1TURNYUN3amw4d0VRQUJvRFNVNVNPQnh3a1A4QiIsW1siQ0NVIiwiMjAyNi0wOS0xMyIsIk1BQSIsbnVsbCwiNkUiLCI4OTIiXSxbIk1BQSIsIjIwMjYtMDktMTMiLCJDT0siLG51bGwsIjZFIiwiNjkwMyJdXV0=,2026-09-12 18:52:25.869678
1354,156,CCU,COK,2026-09-13,2026-09-20,33616.00,INR,375,Round trip,IndiGo,1,160,WyJDalJJV1hScVNVd3RWSFl3ZG10QlIzQk1jM2RDUnkwdExTMHRMUzB0TFMxMmRHUnlNa0ZCUVVGQlIzRnNWV2hyU0hneE9FVkJFZzAyUlRZMk1qTjhOa1UyTnpBM0dnc0kwSVlDRUFBYUEwbE9VamdjY095U0FnPT0iLFtbIkNDVSIsIjIwMjYtMDktMTMiLCJIWUQiLG51bGwsIjZFIiwiNjYyMyJdLFsiSFlEIiwiMjAyNi0wOS0xMyIsIkNPSyIsbnVsbCwiNkUiLCI2NzA3Il1dXQ==,2026-09-12 18:52:25.87259
1355,156,CCU,COK,2026-09-13,2026-09-20,34843.00,INR,310,Round trip,IndiGo,1,153,WyJDalJJV1hScVNVd3RWSFl3ZG10QlIzQk1jM2RDUnkwdExTMHRMUzB0TFMxMmRHUnlNa0ZCUVVGQlIzRnNWV2hyU0hneE9FVkJFZ3cyUlRjM01YdzJSVFkwTkRVYUN3aWJrQUlRQUJvRFNVNVNPQnh3OEp3QyIsW1siQ0NVIiwiMjAyNi0wOS0xMyIsIkJMUiIsbnVsbCwiNkUiLCI3NzEiXSxbIkJMUiIsIjIwMjYtMDktMTMiLCJDT0siLG51bGwsIjZFIiwiNjQ0NSJdXV0=,2026-09-12 18:52:25.875577
1356,156,CCU,COK,2026-09-13,2026-09-20,,INR,430,Round trip,"Air India, Air India Express",1,249,WyJDalJJV1hScVNVd3RWSFl3ZG10QlIzQk1jM2RDUnkwdExTMHRMUzB0TFMxMmRHUnlNa0ZCUVVGQlIzRnNWV2hyU0hneE9FVkJFZzFCU1RJME56SjhTVmd4T0RBeE9Cdz0iLFtbIkNDVSIsIjIwMjYtMDktMTMiLCJCT00iLG51bGwsIkFJIiwiMjQ3MiJdLFsiQk9NIiwiMjAyNi0wOS0xMyIsIkNPSyIsbnVsbCwiSVgiLCIxODAxIl1dXQ==,2026-09-12 18:52:25.878362
1357,157,CCU,GOI,2026-09-13,2026-09-20,28110.00,INR,520,Round trip,IndiGo,1,143,WyJDalJJZVRCdlVqbERjbTVXYmtGQlRFSmljR2RDUnkwdExTMHRMUzB0TFc5NWNtRXlOa0ZCUVVGQlIzRnNWV2cwUVhSSWMyZEJFZ3cyUlRNek5IdzJSVFl6TWprYUN3ak8yd0VRQUJvRFNVNVNPQnh3NmVVQiIsW1siQ0NVIiwiMjAyNi0wOS0xMyIsIkhZRCIsbnVsbCwiNkUiLCIzMzQiXSxbIkhZRCIsIjIwMjYtMDktMTMiLCJHT0kiLG51bGwsIjZFIiwiNjMyOSJdXV0=,2026-09-12 18:52:35.837153
1358,157,CCU,GOI,2026-09-13,2026-09-20,28189.00,INR,280,Round trip,IndiGo,1,157,WyJDalJJZVRCdlVqbERjbTVXYmtGQlRFSmljR2RDUnkwdExTMHRMUzB0TFc5NWNtRXlOa0ZCUVVGQlIzRnNWV2cwUVhSSWMyZEJFZ3MyUlRFek5YdzJSVE0yTnhvTENKM2NBUkFBR2dOSlRsSTRISEM4NWdFPSIsW1siQ0NVIiwiMjAyNi0wOS0xMyIsIlBOUSIsbnVsbCwiNkUiLCIxMzUiXSxbIlBOUSIsIjIwMjYtMDktMTMiLCJHT0kiLG51bGwsIjZFIiwiMzY3Il1dXQ==,2026-09-12 18:52:35.840795
1359,157,CCU,GOI,2026-09-13,2026-09-20,29136.00,INR,435,Round trip,IndiGo,1,148,WyJDalJJZVRCdlVqbERjbTVXYmtGQlRFSmljR2RDUnkwdExTMHRMUzB0TFc5NWNtRXlOa0ZCUVVGQlIzRnNWV2cwUVhSSWMyZEJFZ3cyUlRZMk1qTjhOa1V6TmpJYUN3alE0d0VRQUJvRFNVNVNPQnh3bSs0QiIsW1siQ0NVIiwiMjAyNi0wOS0xMyIsIkhZRCIsbnVsbCwiNkUiLCI2NjIzIl0sWyJIWUQiLCIyMDI2LTA5LTEzIiwiR09JIixudWxsLCI2RSIsIjM2MiJdXV0=,2026-09-12 18:52:35.84426
1360,157,CCU,GOI,2026-09-13,2026-09-20,30246.00,INR,275,Round trip,IndiGo,1,143,WyJDalJJZVRCdlVqbERjbTVXYmtGQlRFSmljR2RDUnkwdExTMHRMUzB0TFc5NWNtRXlOa0ZCUVVGQlIzRnNWV2cwUVhSSWMyZEJFZzAyUlRZNU1EaDhOa1UyTXpJNUdnc0lwdXdCRUFBYUEwbE9VamdjY0tYM0FRPT0iLFtbIkNDVSIsIjIwMjYtMDktMTMiLCJIWUQiLG51bGwsIjZFIiwiNjkwOCJdLFsiSFlEIiwiMjAyNi0wOS0xMyIsIkdPSSIsbnVsbCwiNkUiLCI2MzI5Il1dXQ==,2026-09-12 18:52:35.847156
1361,157,CCU,GOI,2026-09-13,2026-09-20,34433.00,INR,165,Round trip,IndiGo,0,124,WyJDalJJZVRCdlVqbERjbTVXYmtGQlRFSmljR2RDUnkwdExTMHRMUzB0TFc5NWNtRXlOa0ZCUVVGQlIzRnNWV2cwUVhSSWMyZEJFZ1UyUlRZek5Cb0xDSUdOQWhBQUdnTkpUbEk0SEhERG1RST0iLFtbIkNDVSIsIjIwMjYtMDktMTMiLCJHT0kiLG51bGwsIjZFIiwiNjM0Il1dXQ==,2026-09-12 18:52:35.849724
1362,157,CCU,GOI,2026-09-13,2026-09-20,28110.00,INR,595,Round trip,IndiGo,1,148,WyJDalJJZVRCdlVqbERjbTVXYmtGQlRFSmljR2RDUnkwdExTMHRMUzB0TFc5NWNtRXlOa0ZCUVVGQlIzRnNWV2cwUVhSSWMyZEJFZ3cyUlRZMU1UTjhOa1V4TWpFYUN3ak8yd0VRQUJvRFNVNVNPQnh3NmVVQiIsW1siQ0NVIiwiMjAyNi0wOS0xMyIsIkhZRCIsbnVsbCwiNkUiLCI2NTEzIl0sWyJIWUQiLCIyMDI2LTA5LTEzIiwiR09JIixudWxsLCI2RSIsIjEyMSJdXV0=,2026-09-12 18:52:35.851975
1363,157,CCU,GOI,2026-09-13,2026-09-20,30764.00,INR,445,Round trip,Air India,1,217,WyJDalJJZVRCdlVqbERjbTVXYmtGQlRFSmljR2RDUnkwdExTMHRMUzB0TFc5NWNtRXlOa0ZCUVVGQlIzRnNWV2cwUVhSSWMyZEJFZzFCU1RJMk5EUjhRVWt5TkRjM0dnc0lyUEFCRUFBYUEwbE9VamdjY01QN0FRPT0iLFtbIkNDVSIsIjIwMjYtMDktMTMiLCJCT00iLG51bGwsIkFJIiwiMjY0NCJdLFsiQk9NIiwiMjAyNi0wOS0xMyIsIkdPSSIsbnVsbCwiQUkiLCIyNDc3Il1dXQ==,2026-09-12 18:52:35.854644
1364,157,CCU,GOI,2026-09-13,2026-09-20,31388.00,INR,460,Round trip,IndiGo,1,148,WyJDalJJZVRCdlVqbERjbTVXYmtGQlRFSmljR2RDUnkwdExTMHRMUzB0TFc5NWNtRXlOa0ZCUVVGQlIzRnNWV2cwUVhSSWMyZEJFZ3MyUlRNek5IdzJSVEV5TVJvTENKejFBUkFBR2dOSlRsSTRISERRZ0FJPSIsW1siQ0NVIiwiMjAyNi0wOS0xMyIsIkhZRCIsbnVsbCwiNkUiLCIzMzQiXSxbIkhZRCIsIjIwMjYtMDktMTMiLCJHT0kiLG51bGwsIjZFIiwiMTIxIl1dXQ==,2026-09-12 18:52:35.857282
1365,157,CCU,GOI,2026-09-13,2026-09-20,,INR,340,Round trip,Air India,1,193,WyJDalJJZVRCdlVqbERjbTVXYmtGQlRFSmljR2RDUnkwdExTMHRMUzB0TFc5NWNtRXlOa0ZCUVVGQlIzRnNWV2cwUVhSSWMyZEJFZzFCU1RJME56SjhRVWt5TlRBMU9Cdz0iLFtbIkNDVSIsIjIwMjYtMDktMTMiLCJCT00iLG51bGwsIkFJIiwiMjQ3MiJdLFsiQk9NIiwiMjAyNi0wOS0xMyIsIkdPSSIsbnVsbCwiQUkiLCIyNTA1Il1dXQ==,2026-09-12 18:52:35.860222
1366,158,PNQ,BLR,2026-09-13,2026-09-20,8977.00,INR,95,Round trip,IndiGo,0,63,WyJDalJJWm1SS1N6UTFOR0V4TUhkQlNVeFpjVkZDUnkwdExTMHRMUzB0TFhaMGJtTXlOVUZCUVVGQlIzRnNWV2t3VGtORFRFbEJFZ1kyUlRZNE56Y2FDZ2lSUmhBQUdnTkpUbEk0SEhDelNRPT0iLFtbIlBOUSIsIjIwMjYtMDktMTMiLCJCTFIiLG51bGwsIjZFIiwiNjg3NyJdXV0=,2026-09-12 18:52:47.30979
1367,158,PNQ,BLR,2026-09-13,2026-09-20,9199.00,INR,95,Round trip,Air India Express,0,78,WyJDalJJWm1SS1N6UTFOR0V4TUhkQlNVeFpjVkZDUnkwdExTMHRMUzB0TFhaMGJtTXlOVUZCUVVGQlIzRnNWV2t3VGtORFRFbEJFZ1pKV0RJMk9ERWFDZ2p2UnhBQUdnTkpUbEk0SEhDYlN3PT0iLFtbIlBOUSIsIjIwMjYtMDktMTMiLCJCTFIiLG51bGwsIklYIiwiMjY4MSJdXV0=,2026-09-12 18:52:47.312322
1368,158,PNQ,BLR,2026-09-13,2026-09-20,9278.00,INR,105,Round trip,Akasa Air,0,65,WyJDalJJWm1SS1N6UTFOR0V4TUhkQlNVeFpjVkZDUnkwdExTMHRMUzB0TFhaMGJtTXlOVUZCUVVGQlIzRnNWV2t3VGtORFRFbEJFZ1pSVURFek1USWFDZ2krU0JBQUdnTkpUbEk0SEhEdVN3PT0iLFtbIlBOUSIsIjIwMjYtMDktMTMiLCJCTFIiLG51bGwsIlFQIiwiMTMxMiJdXV0=,2026-09-12 18:52:47.316552
1369,158,PNQ,BLR,2026-09-13,2026-09-20,8977.00,INR,100,Round trip,IndiGo,0,63,WyJDalJJWm1SS1N6UTFOR0V4TUhkQlNVeFpjVkZDUnkwdExTMHRMUzB0TFhaMGJtTXlOVUZCUVVGQlIzRnNWV2t3VGtORFRFbEJFZ1UyUlRNMk1Sb0tDSkZHRUFBYUEwbE9VamdjY0xOSiIsW1siUE5RIiwiMjAyNi0wOS0xMyIsIkJMUiIsbnVsbCwiNkUiLCIzNjEiXV1d,2026-09-12 18:52:47.319155
1370,158,PNQ,BLR,2026-09-13,2026-09-20,8977.00,INR,100,Round trip,IndiGo,0,63,WyJDalJJWm1SS1N6UTFOR0V4TUhkQlNVeFpjVkZDUnkwdExTMHRMUzB0TFhaMGJtTXlOVUZCUVVGQlIzRnNWV2t3VGtORFRFbEJFZ1kyUlRZMU5qUWFDZ2lSUmhBQUdnTkpUbEk0SEhDelNRPT0iLFtbIlBOUSIsIjIwMjYtMDktMTMiLCJCTFIiLG51bGwsIjZFIiwiNjU2NCJdXV0=,2026-09-12 18:52:47.321674
1371,158,PNQ,BLR,2026-09-13,2026-09-20,8977.00,INR,110,Round trip,IndiGo,0,63,WyJDalJJWm1SS1N6UTFOR0V4TUhkQlNVeFpjVkZDUnkwdExTMHRMUzB0TFhaMGJtTXlOVUZCUVVGQlIzRnNWV2t3VGtORFRFbEJFZ1UyUlRNNU1Sb0tDSkZHRUFBYUEwbE9VamdjY0xOSiIsW1siUE5RIiwiMjAyNi0wOS0xMyIsIkJMUiIsbnVsbCwiNkUiLCIzOTEiXV1d,2026-09-12 18:52:47.324179
1372,158,PNQ,BLR,2026-09-13,2026-09-20,8977.00,INR,110,Round trip,IndiGo,0,68,WyJDalJJWm1SS1N6UTFOR0V4TUhkQlNVeFpjVkZDUnkwdExTMHRMUzB0TFhaMGJtTXlOVUZCUVVGQlIzRnNWV2t3VGtORFRFbEJFZ1UyUlRFM05Cb0tDSkZHRUFBYUEwbE9VamdjY0xOSiIsW1siUE5RIiwiMjAyNi0wOS0xMyIsIkJMUiIsbnVsbCwiNkUiLCIxNzQiXV1d,2026-09-12 18:52:47.326536
1373,158,PNQ,BLR,2026-09-13,2026-09-20,8977.00,INR,100,Round trip,IndiGo,0,63,WyJDalJJWm1SS1N6UTFOR0V4TUhkQlNVeFpjVkZDUnkwdExTMHRMUzB0TFhaMGJtTXlOVUZCUVVGQlIzRnNWV2t3VGtORFRFbEJFZ1UyUlRFd054b0tDSkZHRUFBYUEwbE9VamdjY0xOSiIsW1siUE5RIiwiMjAyNi0wOS0xMyIsIkJMUiIsbnVsbCwiNkUiLCIxMDciXV1d,2026-09-12 18:52:47.328951
1374,158,PNQ,BLR,2026-09-13,2026-09-20,8977.00,INR,100,Round trip,IndiGo,0,63,WyJDalJJWm1SS1N6UTFOR0V4TUhkQlNVeFpjVkZDUnkwdExTMHRMUzB0TFhaMGJtTXlOVUZCUVVGQlIzRnNWV2t3VGtORFRFbEJFZ1kyUlRZd05UVWFDZ2lSUmhBQUdnTkpUbEk0SEhDelNRPT0iLFtbIlBOUSIsIjIwMjYtMDktMTMiLCJCTFIiLG51bGwsIjZFIiwiNjA1NSJdXV0=,2026-09-12 18:52:47.331336
1375,158,PNQ,BLR,2026-09-13,2026-09-20,9199.00,INR,105,Round trip,Air India Express,0,73,WyJDalJJWm1SS1N6UTFOR0V4TUhkQlNVeFpjVkZDUnkwdExTMHRMUzB0TFhaMGJtTXlOVUZCUVVGQlIzRnNWV2t3VGtORFRFbEJFZ1pKV0RJM01EWWFDZ2p2UnhBQUdnTkpUbEk0SEhDYlN3PT0iLFtbIlBOUSIsIjIwMjYtMDktMTMiLCJCTFIiLG51bGwsIklYIiwiMjcwNiJdXV0=,2026-09-12 18:52:47.333522
1376,158,PNQ,BLR,2026-09-13,2026-09-20,9199.00,INR,100,Round trip,Air India Express,0,78,WyJDalJJWm1SS1N6UTFOR0V4TUhkQlNVeFpjVkZDUnkwdExTMHRMUzB0TFhaMGJtTXlOVUZCUVVGQlIzRnNWV2t3VGtORFRFbEJFZ1pKV0RJM01UZ2FDZ2p2UnhBQUdnTkpUbEk0SEhDYlN3PT0iLFtbIlBOUSIsIjIwMjYtMDktMTMiLCJCTFIiLG51bGwsIklYIiwiMjcxOCJdXV0=,2026-09-12 18:52:47.33601
1377,158,PNQ,BLR,2026-09-13,2026-09-20,9199.00,INR,105,Round trip,Air India Express,0,78,WyJDalJJWm1SS1N6UTFOR0V4TUhkQlNVeFpjVkZDUnkwdExTMHRMUzB0TFhaMGJtTXlOVUZCUVVGQlIzRnNWV2t3VGtORFRFbEJFZ1pKV0RJNE56UWFDZ2p2UnhBQUdnTkpUbEk0SEhDYlN3PT0iLFtbIlBOUSIsIjIwMjYtMDktMTMiLCJCTFIiLG51bGwsIklYIiwiMjg3NCJdXV0=,2026-09-12 18:52:47.338241
1378,158,PNQ,BLR,2026-09-13,2026-09-20,9199.00,INR,110,Round trip,Air India Express,0,78,WyJDalJJWm1SS1N6UTFOR0V4TUhkQlNVeFpjVkZDUnkwdExTMHRMUzB0TFhaMGJtTXlOVUZCUVVGQlIzRnNWV2t3VGtORFRFbEJFZ1pKV0RJNE16a2FDZ2p2UnhBQUdnTkpUbEk0SEhDYlN3PT0iLFtbIlBOUSIsIjIwMjYtMDktMTMiLCJCTFIiLG51bGwsIklYIiwiMjgzOSJdXV0=,2026-09-12 18:52:47.340603
1379,158,PNQ,BLR,2026-09-13,2026-09-20,9432.00,INR,105,Round trip,Akasa Air,0,65,WyJDalJJWm1SS1N6UTFOR0V4TUhkQlNVeFpjVkZDUnkwdExTMHRMUzB0TFhaMGJtTXlOVUZCUVVGQlIzRnNWV2t3VGtORFRFbEJFZ1pSVURFek1UUWFDZ2pZU1JBQUdnTkpUbEk0SEhDUFRRPT0iLFtbIlBOUSIsIjIwMjYtMDktMTMiLCJCTFIiLG51bGwsIlFQIiwiMTMxNCJdXV0=,2026-09-12 18:52:47.343137
1380,158,PNQ,BLR,2026-09-13,2026-09-20,9432.00,INR,105,Round trip,Akasa Air,0,65,WyJDalJJWm1SS1N6UTFOR0V4TUhkQlNVeFpjVkZDUnkwdExTMHRMUzB0TFhaMGJtTXlOVUZCUVVGQlIzRnNWV2t3VGtORFRFbEJFZ1pSVURFek1qWWFDZ2pZU1JBQUdnTkpUbEk0SEhDUFRRPT0iLFtbIlBOUSIsIjIwMjYtMDktMTMiLCJCTFIiLG51bGwsIlFQIiwiMTMyNiJdXV0=,2026-09-12 18:52:47.345379
1381,158,PNQ,BLR,2026-09-13,2026-09-20,9432.00,INR,110,Round trip,Akasa Air,0,65,WyJDalJJWm1SS1N6UTFOR0V4TUhkQlNVeFpjVkZDUnkwdExTMHRMUzB0TFhaMGJtTXlOVUZCUVVGQlIzRnNWV2t3VGtORFRFbEJFZ1pSVURFek1UWWFDZ2pZU1JBQUdnTkpUbEk0SEhDUFRRPT0iLFtbIlBOUSIsIjIwMjYtMDktMTMiLCJCTFIiLG51bGwsIlFQIiwiMTMxNiJdXV0=,2026-09-12 18:52:47.347431
1382,158,PNQ,BLR,2026-09-13,2026-09-20,9484.00,INR,100,Round trip,IndiGo,0,68,WyJDalJJWm1SS1N6UTFOR0V4TUhkQlNVeFpjVkZDUnkwdExTMHRMUzB0TFhaMGJtTXlOVUZCUVVGQlIzRnNWV2t3VGtORFRFbEJFZ1UyUlRFek54b0tDSXhLRUFBYUEwbE9VamdjY01WTiIsW1siUE5RIiwiMjAyNi0wOS0xMyIsIkJMUiIsbnVsbCwiNkUiLCIxMzciXV1d,2026-09-12 18:52:47.349478
1383,158,PNQ,BLR,2026-09-13,2026-09-20,9860.00,INR,100,Round trip,IndiGo,0,68,WyJDalJJWm1SS1N6UTFOR0V4TUhkQlNVeFpjVkZDUnkwdExTMHRMUzB0TFhaMGJtTXlOVUZCUVVGQlIzRnNWV2t3VGtORFRFbEJFZ1UyUlRNd01ob0tDSVJORUFBYUEwbE9VamdjY005USIsW1siUE5RIiwiMjAyNi0wOS0xMyIsIkJMUiIsbnVsbCwiNkUiLCIzMDIiXV1d,2026-09-12 18:52:47.351602
1384,158,PNQ,BLR,2026-09-13,2026-09-20,12004.00,INR,455,Round trip,Air India Express,1,138,WyJDalJJWm1SS1N6UTFOR0V4TUhkQlNVeFpjVkZDUnkwdExTMHRMUzB0TFhaMGJtTXlOVUZCUVVGQlIzRnNWV2t3VGtORFRFbEJFZzFKV0RJMk5qQjhTVmd5T1RjMUdnb0k1RjBRQUJvRFNVNVNPQnh3a21JPSIsW1siUE5RIiwiMjAyNi0wOS0xMyIsIk1BQSIsbnVsbCwiSVgiLCIyNjYwIl0sWyJNQUEiLCIyMDI2LTA5LTEzIiwiQkxSIixudWxsLCJJWCIsIjI5NzUiXV1d,2026-09-12 18:52:47.35491
1385,159,PNQ,DEL,2026-09-13,2026-09-20,13861.00,INR,140,Round trip,Air India,0,111,WyJDalJJZEVaWmJXeEVOV3h1V2pSQlJXcFhlbEZDUnkwdExTMHRMUzB0TFMxd1ptMXpOVUZCUVVGQlIzRnNWV3BOUnpSUVpXVkJFZ1pCU1RJM01USWFDZ2lsYkJBQUdnTkpUbEk0SEhDcWNRPT0iLFtbIlBOUSIsIjIwMjYtMDktMTMiLCJERUwiLG51bGwsIkFJIiwiMjcxMiJdXV0=,2026-09-12 18:52:52.782026
1386,159,PNQ,DEL,2026-09-13,2026-09-20,13892.00,INR,145,Round trip,Air India,0,111,WyJDalJJZEVaWmJXeEVOV3h1V2pSQlJXcFhlbEZDUnkwdExTMHRMUzB0TFMxd1ptMXpOVUZCUVVGQlIzRnNWV3BOUnpSUVpXVkJFZ1pCU1RFNE16Z2FDZ2pFYkJBQUdnTkpUbEk0SEhES2NRPT0iLFtbIlBOUSIsIjIwMjYtMDktMTMiLCJERUwiLG51bGwsIkFJIiwiMTgzOCJdXV0=,2026-09-12 18:52:52.784726
1387,159,PNQ,DEL,2026-09-13,2026-09-20,13894.00,INR,135,Round trip,IndiGo,0,96,WyJDalJJZEVaWmJXeEVOV3h1V2pSQlJXcFhlbEZDUnkwdExTMHRMUzB0TFMxd1ptMXpOVUZCUVVGQlIzRnNWV3BOUnpSUVpXVkJFZ1kyUlRJME1UZ2FDZ2pHYkJBQUdnTkpUbEk0SEhETWNRPT0iLFtbIlBOUSIsIjIwMjYtMDktMTMiLCJERUwiLG51bGwsIjZFIiwiMjQxOCJdXV0=,2026-09-12 18:52:52.786999
1388,159,PNQ,DEL,2026-09-13,2026-09-20,13861.00,INR,145,Round trip,Air India,0,111,WyJDalJJZEVaWmJXeEVOV3h1V2pSQlJXcFhlbEZDUnkwdExTMHRMUzB0TFMxd1ptMXpOVUZCUVVGQlIzRnNWV3BOUnpSUVpXVkJFZ1pCU1RJMk1EZ2FDZ2lsYkJBQUdnTkpUbEk0SEhDcWNRPT0iLFtbIlBOUSIsIjIwMjYtMDktMTMiLCJERUwiLG51bGwsIkFJIiwiMjYwOCJdXV0=,2026-09-12 18:52:52.789568
1389,159,PNQ,DEL,2026-09-13,2026-09-20,13861.00,INR,145,Round trip,Air India,0,111,WyJDalJJZEVaWmJXeEVOV3h1V2pSQlJXcFhlbEZDUnkwdExTMHRMUzB0TFMxd1ptMXpOVUZCUVVGQlIzRnNWV3BOUnpSUVpXVkJFZ1pCU1RJME1EUWFDZ2lsYkJBQUdnTkpUbEk0SEhDcWNRPT0iLFtbIlBOUSIsIjIwMjYtMDktMTMiLCJERUwiLG51bGwsIkFJIiwiMjQwNCJdXV0=,2026-09-12 18:52:52.792539
1390,159,PNQ,DEL,2026-09-13,2026-09-20,13861.00,INR,145,Round trip,Air India,0,111,WyJDalJJZEVaWmJXeEVOV3h1V2pSQlJXcFhlbEZDUnkwdExTMHRMUzB0TFMxd1ptMXpOVUZCUVVGQlIzRnNWV3BOUnpSUVpXVkJFZ1pCU1RFNE1EUWFDZ2lsYkJBQUdnTkpUbEk0SEhDcWNRPT0iLFtbIlBOUSIsIjIwMjYtMDktMTMiLCJERUwiLG51bGwsIkFJIiwiMTgwNCJdXV0=,2026-09-12 18:52:52.79535
1391,159,PNQ,DEL,2026-09-13,2026-09-20,13892.00,INR,145,Round trip,Air India,0,141,WyJDalJJZEVaWmJXeEVOV3h1V2pSQlJXcFhlbEZDUnkwdExTMHRMUzB0TFMxd1ptMXpOVUZCUVVGQlIzRnNWV3BOUnpSUVpXVkJFZ1pCU1RJME56QWFDZ2pFYkJBQUdnTkpUbEk0SEhES2NRPT0iLFtbIlBOUSIsIjIwMjYtMDktMTMiLCJERUwiLG51bGwsIkFJIiwiMjQ3MCJdXV0=,2026-09-12 18:52:52.798011
1392,159,PNQ,DEL,2026-09-13,2026-09-20,13892.00,INR,145,Round trip,Air India,0,111,WyJDalJJZEVaWmJXeEVOV3h1V2pSQlJXcFhlbEZDUnkwdExTMHRMUzB0TFMxd1ptMXpOVUZCUVVGQlIzRnNWV3BOUnpSUVpXVkJFZ1pCU1RFNE16a2FDZ2pFYkJBQUdnTkpUbEk0SEhES2NRPT0iLFtbIlBOUSIsIjIwMjYtMDktMTMiLCJERUwiLG51bGwsIkFJIiwiMTgzOSJdXV0=,2026-09-12 18:52:52.800576
1393,159,PNQ,DEL,2026-09-13,2026-09-20,13892.00,INR,145,Round trip,Air India,0,111,WyJDalJJZEVaWmJXeEVOV3h1V2pSQlJXcFhlbEZDUnkwdExTMHRMUzB0TFMxd1ptMXpOVUZCUVVGQlIzRnNWV3BOUnpSUVpXVkJFZ1pCU1RJNU56SWFDZ2pFYkJBQUdnTkpUbEk0SEhES2NRPT0iLFtbIlBOUSIsIjIwMjYtMDktMTMiLCJERUwiLG51bGwsIkFJIiwiMjk3MiJdXV0=,2026-09-12 18:52:52.802954
1394,159,PNQ,DEL,2026-09-13,2026-09-20,13892.00,INR,150,Round trip,Air India,0,111,WyJDalJJZEVaWmJXeEVOV3h1V2pSQlJXcFhlbEZDUnkwdExTMHRMUzB0TFMxd1ptMXpOVUZCUVVGQlIzRnNWV3BOUnpSUVpXVkJFZ1pCU1RJMU5EZ2FDZ2pFYkJBQUdnTkpUbEk0SEhES2NRPT0iLFtbIlBOUSIsIjIwMjYtMDktMTMiLCJERUwiLG51bGwsIkFJIiwiMjU0OCJdXV0=,2026-09-12 18:52:52.805745
1395,159,PNQ,DEL,2026-09-13,2026-09-20,14188.00,INR,135,Round trip,IndiGo,0,94,WyJDalJJZEVaWmJXeEVOV3h1V2pSQlJXcFhlbEZDUnkwdExTMHRMUzB0TFMxd1ptMXpOVUZCUVVGQlIzRnNWV3BOUnpSUVpXVkJFZ1kyUlRVek1qRWFDZ2pzYmhBQUdnTkpUbEk0SEhDQWRBPT0iLFtbIlBOUSIsIjIwMjYtMDktMTMiLCJERUwiLG51bGwsIjZFIiwiNTMyMSJdXV0=,2026-09-12 18:52:52.808428
1396,159,PNQ,DEL,2026-09-13,2026-09-20,14188.00,INR,130,Round trip,IndiGo,0,96,WyJDalJJZEVaWmJXeEVOV3h1V2pSQlJXcFhlbEZDUnkwdExTMHRMUzB0TFMxd1ptMXpOVUZCUVVGQlIzRnNWV3BOUnpSUVpXVkJFZ1kyUlRJME1Ua2FDZ2pzYmhBQUdnTkpUbEk0SEhDQWRBPT0iLFtbIlBOUSIsIjIwMjYtMDktMTMiLCJERUwiLG51bGwsIjZFIiwiMjQxOSJdXV0=,2026-09-12 18:52:52.810909
1397,159,PNQ,DEL,2026-09-13,2026-09-20,14188.00,INR,135,Round trip,IndiGo,0,94,WyJDalJJZEVaWmJXeEVOV3h1V2pSQlJXcFhlbEZDUnkwdExTMHRMUzB0TFMxd1ptMXpOVUZCUVVGQlIzRnNWV3BOUnpSUVpXVkJFZ1kyUlRJek56VWFDZ2pzYmhBQUdnTkpUbEk0SEhDQWRBPT0iLFtbIlBOUSIsIjIwMjYtMDktMTMiLCJERUwiLG51bGwsIjZFIiwiMjM3NSJdXV0=,2026-09-12 18:52:52.81347
1398,159,PNQ,DEL,2026-09-13,2026-09-20,14188.00,INR,135,Round trip,IndiGo,0,96,WyJDalJJZEVaWmJXeEVOV3h1V2pSQlJXcFhlbEZDUnkwdExTMHRMUzB0TFMxd1ptMXpOVUZCUVVGQlIzRnNWV3BOUnpSUVpXVkJFZ1kyUlRJMk1qUWFDZ2pzYmhBQUdnTkpUbEk0SEhDQWRBPT0iLFtbIlBOUSIsIjIwMjYtMDktMTMiLCJERUwiLG51bGwsIjZFIiwiMjYyNCJdXV0=,2026-09-12 18:52:52.816022
1399,159,PNQ,DEL,2026-09-13,2026-09-20,14408.00,INR,135,Round trip,IndiGo,0,96,WyJDalJJZEVaWmJXeEVOV3h1V2pSQlJXcFhlbEZDUnkwdExTMHRMUzB0TFMxd1ptMXpOVUZCUVVGQlIzRnNWV3BOUnpSUVpXVkJFZ1kyUlRJMk5qRWFDZ2pJY0JBQUdnTkpUbEk0SEhEbWRRPT0iLFtbIlBOUSIsIjIwMjYtMDktMTMiLCJERUwiLG51bGwsIjZFIiwiMjY2MSJdXV0=,2026-09-12 18:52:52.819694
1400,159,PNQ,DEL,2026-09-13,2026-09-20,14408.00,INR,135,Round trip,IndiGo,0,96,WyJDalJJZEVaWmJXeEVOV3h1V2pSQlJXcFhlbEZDUnkwdExTMHRMUzB0TFMxd1ptMXpOVUZCUVVGQlIzRnNWV3BOUnpSUVpXVkJFZ1kyUlRJeE1qWWFDZ2pJY0JBQUdnTkpUbEk0SEhEbWRRPT0iLFtbIlBOUSIsIjIwMjYtMDktMTMiLCJERUwiLG51bGwsIjZFIiwiMjEyNiJdXV0=,2026-09-12 18:52:52.822427
1401,159,PNQ,DEL,2026-09-13,2026-09-20,14471.00,INR,150,Round trip,Air India Express,0,113,WyJDalJJZEVaWmJXeEVOV3h1V2pSQlJXcFhlbEZDUnkwdExTMHRMUzB0TFMxd1ptMXpOVUZCUVVGQlIzRnNWV3BOUnpSUVpXVkJFZ1pKV0RFMk56SWFDZ2lIY1JBQUdnTkpUbEk0SEhDb2RnPT0iLFtbIlBOUSIsIjIwMjYtMDktMTMiLCJERUwiLG51bGwsIklYIiwiMTY3MiJdXV0=,2026-09-12 18:52:52.82447
1402,159,PNQ,DEL,2026-09-13,2026-09-20,14471.00,INR,150,Round trip,Air India Express,0,113,WyJDalJJZEVaWmJXeEVOV3h1V2pSQlJXcFhlbEZDUnkwdExTMHRMUzB0TFMxd1ptMXpOVUZCUVVGQlIzRnNWV3BOUnpSUVpXVkJFZ1pKV0RFeU16RWFDZ2lIY1JBQUdnTkpUbEk0SEhDb2RnPT0iLFtbIlBOUSIsIjIwMjYtMDktMTMiLCJERUwiLG51bGwsIklYIiwiMTIzMSJdXV0=,2026-09-12 18:52:52.826682
1403,159,PNQ,DEL,2026-09-13,2026-09-20,14588.00,INR,155,Round trip,SpiceJet,0,112,WyJDalJJZEVaWmJXeEVOV3h1V2pSQlJXcFhlbEZDUnkwdExTMHRMUzB0TFMxd1ptMXpOVUZCUVVGQlIzRnNWV3BOUnpSUVpXVkJFZ1ZUUnprek54b0tDUHh4RUFBYUEwbE9VamdjY0tOMyIsW1siUE5RIiwiMjAyNi0wOS0xMyIsIkRFTCIsbnVsbCwiU0ciLCI5MzciXV1d,2026-09-12 18:52:52.829003
1404,159,PNQ,DEL,2026-09-13,2026-09-20,14599.00,INR,140,Round trip,Akasa Air,0,95,WyJDalJJZEVaWmJXeEVOV3h1V2pSQlJXcFhlbEZDUnkwdExTMHRMUzB0TFMxd1ptMXpOVUZCUVVGQlIzRnNWV3BOUnpSUVpXVkJFZ1pSVURFMk1EY2FDZ2lIY2hBQUdnTkpUbEk0SEhDdWR3PT0iLFtbIlBOUSIsIjIwMjYtMDktMTMiLCJERUwiLG51bGwsIlFQIiwiMTYwNyJdXV0=,2026-09-12 18:52:52.831264
1405,159,PNQ,DEL,2026-09-13,2026-09-20,14599.00,INR,145,Round trip,Akasa Air,0,99,WyJDalJJZEVaWmJXeEVOV3h1V2pSQlJXcFhlbEZDUnkwdExTMHRMUzB0TFMxd1ptMXpOVUZCUVVGQlIzRnNWV3BOUnpSUVpXVkJFZ1pSVURFNE1UQWFDZ2lIY2hBQUdnTkpUbEk0SEhDdWR3PT0iLFtbIlBOUSIsIjIwMjYtMDktMTMiLCJERUwiLG51bGwsIlFQIiwiMTgxMCJdXV0=,2026-09-12 18:52:52.833586
1406,159,PNQ,DEL,2026-09-13,2026-09-20,14723.00,INR,135,Round trip,IndiGo,0,96,WyJDalJJZEVaWmJXeEVOV3h1V2pSQlJXcFhlbEZDUnkwdExTMHRMUzB0TFMxd1ptMXpOVUZCUVVGQlIzRnNWV3BOUnpSUVpXVkJFZ1kyUlRJeU9EVWFDZ2lEY3hBQUdnTkpUbEk0SEhDd2VBPT0iLFtbIlBOUSIsIjIwMjYtMDktMTMiLCJERUwiLG51bGwsIjZFIiwiMjI4NSJdXV0=,2026-09-12 18:52:52.835725
1407,159,PNQ,DEL,2026-09-13,2026-09-20,15248.00,INR,135,Round trip,IndiGo,0,96,WyJDalJJZEVaWmJXeEVOV3h1V2pSQlJXcFhlbEZDUnkwdExTMHRMUzB0TFMxd1ptMXpOVUZCUVVGQlIzRnNWV3BOUnpSUVpXVkJFZ1kyUlRZME16RWFDZ2lRZHhBQUdnTkpUbEk0SEhEVmZBPT0iLFtbIlBOUSIsIjIwMjYtMDktMTMiLCJERUwiLG51bGwsIjZFIiwiNjQzMSJdXV0=,2026-09-12 18:52:52.838001
1408,159,PNQ,DEL,2026-09-13,2026-09-20,15269.00,INR,140,Round trip,Akasa Air,0,95,WyJDalJJZEVaWmJXeEVOV3h1V2pSQlJXcFhlbEZDUnkwdExTMHRMUzB0TFMxd1ptMXpOVUZCUVVGQlIzRnNWV3BOUnpSUVpXVkJFZ1pSVURFNE56SWFDZ2lsZHhBQUdnTkpUbEk0SEhEcmZBPT0iLFtbIlBOUSIsIjIwMjYtMDktMTMiLCJERUwiLG51bGwsIlFQIiwiMTg3MiJdXV0=,2026-09-12 18:52:52.840127
1409,160,PNQ,BOM,2026-09-13,2026-09-20,,INR,480,Round trip,"Air India Express, Air India",1,188,WyJDalJJY0ZOZk0wdFRiblJNYzFGQlNqUjBVWGRDUnkwdExTMHRMUzB0TFhsc2Izb3hNMEZCUVVGQlIzRnNWV3ROVGxKalZXRkJFZzFKV0RJMk5qQjhRVWt5T0RJNE9Cdz0iLFtbIlBOUSIsIjIwMjYtMDktMTMiLCJNQUEiLG51bGwsIklYIiwiMjY2MCJdLFsiTUFBIiwiMjAyNi0wOS0xMyIsIkJPTSIsbnVsbCwiQUkiLCIyODI4Il1dXQ==,2026-09-12 18:53:08.150404
1410,160,PNQ,BOM,2026-09-13,2026-09-20,,INR,405,Round trip,Air India,1,214,WyJDalJJY0ZOZk0wdFRiblJNYzFGQlNqUjBVWGRDUnkwdExTMHRMUzB0TFhsc2Izb3hNMEZCUVVGQlIzRnNWV3ROVGxKalZXRkJFZzFCU1RJMk1EaDhRVWt4TnpRMU9Cdz0iLFtbIlBOUSIsIjIwMjYtMDktMTMiLCJERUwiLG51bGwsIkFJIiwiMjYwOCJdLFsiREVMIiwiMjAyNi0wOS0xMyIsIkJPTSIsbnVsbCwiQUkiLCIxNzQ1Il1dXQ==,2026-09-12 18:53:08.15378
1411,160,PNQ,BOM,2026-09-13,2026-09-20,,INR,340,Round trip,Air India,1,214,WyJDalJJY0ZOZk0wdFRiblJNYzFGQlNqUjBVWGRDUnkwdExTMHRMUzB0TFhsc2Izb3hNMEZCUVVGQlIzRnNWV3ROVGxKalZXRkJFZzFCU1RJME1EUjhRVWt5TmpjNE9Cdz0iLFtbIlBOUSIsIjIwMjYtMDktMTMiLCJERUwiLG51bGwsIkFJIiwiMjQwNCJdLFsiREVMIiwiMjAyNi0wOS0xMyIsIkJPTSIsbnVsbCwiQUkiLCIyNjc4Il1dXQ==,2026-09-12 18:53:08.157146
1412,160,PNQ,BOM,2026-09-13,2026-09-20,,INR,280,Round trip,"Air India Express, Air India",1,179,WyJDalJJY0ZOZk0wdFRiblJNYzFGQlNqUjBVWGRDUnkwdExTMHRMUzB0TFhsc2Izb3hNMEZCUVVGQlIzRnNWV3ROVGxKalZXRkJFZzFKV0RJM01EWjhRVWt5TkRFeE9Cdz0iLFtbIlBOUSIsIjIwMjYtMDktMTMiLCJCTFIiLG51bGwsIklYIiwiMjcwNiJdLFsiQkxSIiwiMjAyNi0wOS0xMyIsIkJPTSIsbnVsbCwiQUkiLCIyNDExIl1dXQ==,2026-09-12 18:53:08.160282
1413,160,PNQ,BOM,2026-09-13,2026-09-20,,INR,710,Round trip,"Air India Express, Air India",1,125,WyJDalJJY0ZOZk0wdFRiblJNYzFGQlNqUjBVWGRDUnkwdExTMHRMUzB0TFhsc2Izb3hNMEZCUVVGQlIzRnNWV3ROVGxKalZXRkJFZzFKV0RFeU16WjhRVWt4Tnpnd09Cdz0iLFtbIlBOUSIsIjIwMjYtMDktMTMiLCJJRFIiLG51bGwsIklYIiwiMTIzNiJdLFsiSURSIiwiMjAyNi0wOS0xMyIsIkJPTSIsbnVsbCwiQUkiLCIxNzgwIl1dXQ==,2026-09-12 18:53:08.16434
1414,160,PNQ,BOM,2026-09-13,2026-09-20,,INR,860,Round trip,Air India,1,214,WyJDalJJY0ZOZk0wdFRiblJNYzFGQlNqUjBVWGRDUnkwdExTMHRMUzB0TFhsc2Izb3hNMEZCUVVGQlIzRnNWV3ROVGxKalZXRkJFZzFCU1RFNE16aDhRVWt5T1RVM09Cdz0iLFtbIlBOUSIsIjIwMjYtMDktMTMiLCJERUwiLG51bGwsIkFJIiwiMTgzOCJdLFsiREVMIiwiMjAyNi0wOS0xMyIsIkJPTSIsbnVsbCwiQUkiLCIyOTU3Il1dXQ==,2026-09-12 18:53:08.167547
1415,160,PNQ,BOM,2026-09-13,2026-09-20,,INR,305,Round trip,"Air India Express, Air India",1,162,WyJDalJJY0ZOZk0wdFRiblJNYzFGQlNqUjBVWGRDUnkwdExTMHRMUzB0TFhsc2Izb3hNMEZCUVVGQlIzRnNWV3ROVGxKalZXRkJFZzFKV0RJM01UaDhRVWt5T0RVME9Cdz0iLFtbIlBOUSIsIjIwMjYtMDktMTMiLCJCTFIiLG51bGwsIklYIiwiMjcxOCJdLFsiQkxSIiwiMjAyNi0wOS0xMyIsIkJPTSIsbnVsbCwiQUkiLCIyODU0Il1dXQ==,2026-09-12 18:53:08.170757
1416,160,PNQ,BOM,2026-09-13,2026-09-20,,INR,280,Round trip,"Air India Express, Air India",1,162,WyJDalJJY0ZOZk0wdFRiblJNYzFGQlNqUjBVWGRDUnkwdExTMHRMUzB0TFhsc2Izb3hNMEZCUVVGQlIzRnNWV3ROVGxKalZXRkJFZzFKV0RJNE56UjhRVWt5TmpReU9Cdz0iLFtbIlBOUSIsIjIwMjYtMDktMTMiLCJCTFIiLG51bGwsIklYIiwiMjg3NCJdLFsiQkxSIiwiMjAyNi0wOS0xMyIsIkJPTSIsbnVsbCwiQUkiLCIyNjQyIl1dXQ==,2026-09-12 18:53:08.173832
1417,160,PNQ,BOM,2026-09-13,2026-09-20,,INR,310,Round trip,"Air India Express, Air India",1,162,WyJDalJJY0ZOZk0wdFRiblJNYzFGQlNqUjBVWGRDUnkwdExTMHRMUzB0TFhsc2Izb3hNMEZCUVVGQlIzRnNWV3ROVGxKalZXRkJFZzFKV0RJNE16bDhRVWt5T0RFeE9Cdz0iLFtbIlBOUSIsIjIwMjYtMDktMTMiLCJCTFIiLG51bGwsIklYIiwiMjgzOSJdLFsiQkxSIiwiMjAyNi0wOS0xMyIsIkJPTSIsbnVsbCwiQUkiLCIyODExIl1dXQ==,2026-09-12 18:53:08.176872
1418,160,PNQ,BOM,2026-09-13,2026-09-20,,INR,560,Round trip,Air India,1,214,WyJDalJJY0ZOZk0wdFRiblJNYzFGQlNqUjBVWGRDUnkwdExTMHRMUzB0TFhsc2Izb3hNMEZCUVVGQlIzRnNWV3ROVGxKalZXRkJFZzFCU1RFNE1EUjhRVWt4TnpRMU9Cdz0iLFtbIlBOUSIsIjIwMjYtMDktMTMiLCJERUwiLG51bGwsIkFJIiwiMTgwNCJdLFsiREVMIiwiMjAyNi0wOS0xNCIsIkJPTSIsbnVsbCwiQUkiLCIxNzQ1Il1dXQ==,2026-09-12 18:53:08.182343
1419,161,PNQ,HYD,2026-09-13,2026-09-20,8940.00,INR,70,Round trip,Star Air,0,93,WyJDalJJYjFwemNXOUxkVlJzTjJkQlFYQmpjV2RDUnkwdExTMHRMUzB0TFMxdmVXWnlOVUZCUVVGQlIzRnNWV3RqU1MxVE5HZEJFZ1ZUTlRFM05Cb0tDT3hGRUFBYUEwbE9VamdjY0l4SiIsW1siUE5RIiwiMjAyNi0wOS0xMyIsIkhZRCIsbnVsbCwiUzUiLCIxNzQiXV1d,2026-09-12 18:53:11.553338
1420,161,PNQ,HYD,2026-09-13,2026-09-20,9095.00,INR,80,Round trip,IndiGo,0,50,WyJDalJJYjFwemNXOUxkVlJzTjJkQlFYQmpjV2RDUnkwdExTMHRMUzB0TFMxdmVXWnlOVUZCUVVGQlIzRnNWV3RqU1MxVE5HZEJFZ1UyUlRNek5ob0tDSWRIRUFBYUEwbE9VamdjY0s1SyIsW1siUE5RIiwiMjAyNi0wOS0xMyIsIkhZRCIsbnVsbCwiNkUiLCIzMzYiXV1d,2026-09-12 18:53:11.562917
1422,161,PNQ,HYD,2026-09-13,2026-09-20,9777.00,INR,90,Round trip,IndiGo,0,50,WyJDalJJYjFwemNXOUxkVlJzTjJkQlFYQmpjV2RDUnkwdExTMHRMUzB0TFMxdmVXWnlOVUZCUVVGQlIzRnNWV3RqU1MxVE5HZEJFZ1kyUlRZME56TWFDZ2l4VEJBQUdnTkpUbEk0SEhENFR3PT0iLFtbIlBOUSIsIjIwMjYtMDktMTMiLCJIWUQiLG51bGwsIjZFIiwiNjQ3MyJdXV0=,2026-09-12 18:53:11.568445
1423,161,PNQ,HYD,2026-09-13,2026-09-20,10092.00,INR,80,Round trip,IndiGo,0,54,WyJDalJJYjFwemNXOUxkVlJzTjJkQlFYQmpjV2RDUnkwdExTMHRMUzB0TFMxdmVXWnlOVUZCUVVGQlIzRnNWV3RqU1MxVE5HZEJFZ1UyUlRVM054b0tDT3hPRUFBYUEwbE9VamdjY01GUyIsW1siUE5RIiwiMjAyNi0wOS0xMyIsIkhZRCIsbnVsbCwiNkUiLCI1NzciXV1d,2026-09-12 18:53:11.57112
1424,161,PNQ,HYD,2026-09-13,2026-09-20,10722.00,INR,75,Round trip,IndiGo,0,54,WyJDalJJYjFwemNXOUxkVlJzTjJkQlFYQmpjV2RDUnkwdExTMHRMUzB0TFMxdmVXWnlOVUZCUVVGQlIzRnNWV3RqU1MxVE5HZEJFZ1UyUlRRd054b0tDT0pURUFBYUEwbE9VamdjY05WWCIsW1siUE5RIiwiMjAyNi0wOS0xMyIsIkhZRCIsbnVsbCwiNkUiLCI0MDciXV1d,2026-09-12 18:53:11.57386
1425,161,PNQ,HYD,2026-09-13,2026-09-20,11457.00,INR,85,Round trip,IndiGo,0,50,WyJDalJJYjFwemNXOUxkVlJzTjJkQlFYQmpjV2RDUnkwdExTMHRMUzB0TFMxdmVXWnlOVUZCUVVGQlIzRnNWV3RqU1MxVE5HZEJFZ1UyUlRNMU1ob0tDTUZaRUFBYUEwbE9VamdjY05aZCIsW1siUE5RIiwiMjAyNi0wOS0xMyIsIkhZRCIsbnVsbCwiNkUiLCIzNTIiXV1d,2026-09-12 18:53:11.576214
1426,161,PNQ,HYD,2026-09-13,2026-09-20,,INR,335,Round trip,Air India,1,226,WyJDalJJYjFwemNXOUxkVlJzTjJkQlFYQmpjV2RDUnkwdExTMHRMUzB0TFMxdmVXWnlOVUZCUVVGQlIzRnNWV3RqU1MxVE5HZEJFZzFCU1RJNU56SjhRVWt5TkRRNU9Cdz0iLFtbIlBOUSIsIjIwMjYtMDktMTMiLCJERUwiLG51bGwsIkFJIiwiMjk3MiJdLFsiREVMIiwiMjAyNi0wOS0xMyIsIkhZRCIsbnVsbCwiQUkiLCIyNDQ5Il1dXQ==,2026-09-12 18:53:11.578722
1427,162,PNQ,MAA,2026-09-13,2026-09-20,9830.00,INR,110,Round trip,IndiGo,0,75,WyJDalJJU0VaYWJGWkZlWFU1ZFdOQlNFcDBWSGRDUnkwdExTMHRMUzB0TFMxMmRISnJNVUZCUVVGQlIzRnNWV3R6UlV4dWNqUkJFZ1kyUlRZM05EVWFDZ2ptVEJBQUdnTkpUbEk0SEhDdlVBPT0iLFtbIlBOUSIsIjIwMjYtMDktMTMiLCJNQUEiLG51bGwsIjZFIiwiNjc0NSJdXV0=,2026-09-12 18:53:19.462226
1428,162,PNQ,MAA,2026-09-13,2026-09-20,9830.00,INR,110,Round trip,IndiGo,0,79,WyJDalJJU0VaYWJGWkZlWFU1ZFdOQlNFcDBWSGRDUnkwdExTMHRMUzB0TFMxMmRISnJNVUZCUVVGQlIzRnNWV3R6UlV4dWNqUkJFZ1UyUlRFMU9Sb0tDT1pNRUFBYUEwbE9VamdjY0s5USIsW1siUE5RIiwiMjAyNi0wOS0xMyIsIk1BQSIsbnVsbCwiNkUiLCIxNTkiXV1d,2026-09-12 18:53:19.465895
1429,162,PNQ,MAA,2026-09-13,2026-09-20,11951.00,INR,115,Round trip,Air India Express,0,92,WyJDalJJU0VaYWJGWkZlWFU1ZFdOQlNFcDBWSGRDUnkwdExTMHRMUzB0TFMxMmRISnJNVUZCUVVGQlIzRnNWV3R6UlV4dWNqUkJFZ1pKV0RJMk5qQWFDZ2l2WFJBQUdnTkpUbEk0SEhEYllRPT0iLFtbIlBOUSIsIjIwMjYtMDktMTMiLCJNQUEiLG51bGwsIklYIiwiMjY2MCJdXV0=,2026-09-12 18:53:19.467814
1430,162,PNQ,MAA,2026-09-13,2026-09-20,9830.00,INR,110,Round trip,IndiGo,0,79,WyJDalJJU0VaYWJGWkZlWFU1ZFdOQlNFcDBWSGRDUnkwdExTMHRMUzB0TFMxMmRISnJNVUZCUVVGQlIzRnNWV3R6UlV4dWNqUkJFZ1UyUlRJek9Cb0tDT1pNRUFBYUEwbE9VamdjY0s5USIsW1siUE5RIiwiMjAyNi0wOS0xMyIsIk1BQSIsbnVsbCwiNkUiLCIyMzgiXV1d,2026-09-12 18:53:19.469602
1431,162,PNQ,MAA,2026-09-13,2026-09-20,10268.00,INR,105,Round trip,IndiGo,0,75,WyJDalJJU0VaYWJGWkZlWFU1ZFdOQlNFcDBWSGRDUnkwdExTMHRMUzB0TFMxMmRISnJNVUZCUVVGQlIzRnNWV3R6UlV4dWNqUkJFZ1kyUlRZM01UUWFDZ2ljVUJBQUdnTkpUbEk0SEhENlV3PT0iLFtbIlBOUSIsIjIwMjYtMDktMTMiLCJNQUEiLG51bGwsIjZFIiwiNjcxNCJdXV0=,2026-09-12 18:53:19.471295
1432,162,PNQ,MAA,2026-09-13,2026-09-20,10551.00,INR,115,Round trip,IndiGo,0,75,WyJDalJJU0VaYWJGWkZlWFU1ZFdOQlNFcDBWSGRDUnkwdExTMHRMUzB0TFMxMmRISnJNVUZCUVVGQlIzRnNWV3R6UlV4dWNqUkJFZ1UyUlRZeU5Sb0tDTGRTRUFBYUEwbE9VamdjY0tKVyIsW1siUE5RIiwiMjAyNi0wOS0xMyIsIk1BQSIsbnVsbCwiNkUiLCI2MjUiXV1d,2026-09-12 18:53:19.472883
1433,162,PNQ,MAA,2026-09-13,2026-09-20,10801.00,INR,295,Round trip,IndiGo,1,101,WyJDalJJU0VaYWJGWkZlWFU1ZFdOQlNFcDBWSGRDUnkwdExTMHRMUzB0TFMxMmRISnJNVUZCUVVGQlIzRnNWV3R6UlV4dWNqUkJFZ3cyUlRNMU1udzJSVFl4TlRFYUNnaXhWQkFBR2dOSlRsSTRISENuV0E9PSIsW1siUE5RIiwiMjAyNi0wOS0xMyIsIkhZRCIsbnVsbCwiNkUiLCIzNTIiXSxbIkhZRCIsIjIwMjYtMDktMTMiLCJNQUEiLG51bGwsIjZFIiwiNjE1MSJdXV0=,2026-09-12 18:53:19.474452
1434,162,PNQ,MAA,2026-09-13,2026-09-20,10801.00,INR,305,Round trip,IndiGo,1,99,WyJDalJJU0VaYWJGWkZlWFU1ZFdOQlNFcDBWSGRDUnkwdExTMHRMUzB0TFMxMmRISnJNVUZCUVVGQlIzRnNWV3R6UlV4dWNqUkJFZ3MyUlRNNU1YdzJSVGt3TkJvS0NMRlVFQUFhQTBsT1VqZ2NjS2RZIixbWyJQTlEiLCIyMDI2LTA5LTEzIiwiQkxSIixudWxsLCI2RSIsIjM5MSJdLFsiQkxSIiwiMjAyNi0wOS0xMyIsIk1BQSIsbnVsbCwiNkUiLCI5MDQiXV1d,2026-09-12 18:53:19.476464
1435,162,PNQ,MAA,2026-09-13,2026-09-20,16581.00,INR,1260,Round trip,Air India Express,1,124,WyJDalJJU0VaYWJGWkZlWFU1ZFdOQlNFcDBWSGRDUnkwdExTMHRMUzB0TFMxMmRISnJNVUZCUVVGQlIzRnNWV3R6UlV4dWNqUkJFZzFKV0RJNE56UjhTVmd5TlRBMUdnc0l4WUVCRUFBYUEwbE9VamdjY01pSEFRPT0iLFtbIlBOUSIsIjIwMjYtMDktMTMiLCJCTFIiLG51bGwsIklYIiwiMjg3NCJdLFsiQkxSIiwiMjAyNi0wOS0xNCIsIk1BQSIsbnVsbCwiSVgiLCIyNTA1Il1dXQ==,2026-09-12 18:53:19.478528
1436,163,PNQ,CCU,2026-09-13,2026-09-20,13854.00,INR,155,Round trip,IndiGo,0,114,WyJDalJJTUU5T2MzcFhTVmxLTlhOQlMydHRiMEZDUnkwdExTMHRMUzB0TFhsc2JHc3lNRUZCUVVGQlIzRnNWV3hqVDFSc01YVkJFZ1kyUlRZNU1qRWFDZ2llYkJBQUdnTkpUbEk0SEhDaWNRPT0iLFtbIlBOUSIsIjIwMjYtMDktMTMiLCJDQ1UiLG51bGwsIjZFIiwiNjkyMSJdXV0=,2026-09-12 18:53:27.823548
1437,163,PNQ,CCU,2026-09-13,2026-09-20,14397.00,INR,155,Round trip,IndiGo,0,120,WyJDalJJTUU5T2MzcFhTVmxLTlhOQlMydHRiMEZDUnkwdExTMHRMUzB0TFhsc2JHc3lNRUZCUVVGQlIzRnNWV3hqVDFSc01YVkJFZ1kyUlRZek5Ua2FDZ2k5Y0JBQUdnTkpUbEk0SEhEYmRRPT0iLFtbIlBOUSIsIjIwMjYtMDktMTMiLCJDQ1UiLG51bGwsIjZFIiwiNjM1OSJdXV0=,2026-09-12 18:53:27.827091
1438,163,PNQ,CCU,2026-09-13,2026-09-20,14397.00,INR,150,Round trip,IndiGo,0,114,WyJDalJJTUU5T2MzcFhTVmxLTlhOQlMydHRiMEZDUnkwdExTMHRMUzB0TFhsc2JHc3lNRUZCUVVGQlIzRnNWV3hqVDFSc01YVkJFZ1kyUlRZMU5qRWFDZ2k5Y0JBQUdnTkpUbEk0SEhEYmRRPT0iLFtbIlBOUSIsIjIwMjYtMDktMTMiLCJDQ1UiLG51bGwsIjZFIiwiNjU2MSJdXV0=,2026-09-12 18:53:27.830037
1439,163,PNQ,CCU,2026-09-13,2026-09-20,14799.00,INR,170,Round trip,Akasa Air,0,119,WyJDalJJTUU5T2MzcFhTVmxLTlhOQlMydHRiMEZDUnkwdExTMHRMUzB0TFhsc2JHc3lNRUZCUVVGQlIzRnNWV3hqVDFSc01YVkJFZ1pSVURFMU5qTWFDZ2pQY3hBQUdnTkpUbEk0SEhEL2VBPT0iLFtbIlBOUSIsIjIwMjYtMDktMTMiLCJDQ1UiLG51bGwsIlFQIiwiMTU2MyJdXV0=,2026-09-12 18:53:27.833313
1440,163,PNQ,CCU,2026-09-13,2026-09-20,14913.00,INR,295,Round trip,IndiGo,1,147,WyJDalJJTUU5T2MzcFhTVmxLTlhOQlMydHRiMEZDUnkwdExTMHRMUzB0TFhsc2JHc3lNRUZCUVVGQlIzRnNWV3hqVDFSc01YVkJFZ3MyUlRVM04zdzJSVGswTkJvS0NNRjBFQUFhQTBsT1VqZ2NjUGQ1IixbWyJQTlEiLCIyMDI2LTA5LTEzIiwiSFlEIixudWxsLCI2RSIsIjU3NyJdLFsiSFlEIiwiMjAyNi0wOS0xMyIsIkNDVSIsbnVsbCwiNkUiLCI5NDQiXV1d,2026-09-12 18:53:27.836583
1441,163,PNQ,CCU,2026-09-13,2026-09-20,14834.00,INR,535,Round trip,IndiGo,1,142,WyJDalJJTUU5T2MzcFhTVmxLTlhOQlMydHRiMEZDUnkwdExTMHRMUzB0TFhsc2JHc3lNRUZCUVVGQlIzRnNWV3hqVDFSc01YVkJFZ3cyUlRZM09UaDhOa1U0TVRJYUNnanljeEFBR2dOSlRsSTRISENrZVE9PSIsW1siUE5RIiwiMjAyNi0wOS0xMyIsIk5BRyIsbnVsbCwiNkUiLCI2Nzk4Il0sWyJOQUciLCIyMDI2LTA5LTE0IiwiQ0NVIixudWxsLCI2RSIsIjgxMiJdXV0=,2026-09-12 18:53:27.839606
1442,163,PNQ,CCU,2026-09-13,2026-09-20,14913.00,INR,375,Round trip,IndiGo,1,143,WyJDalJJTUU5T2MzcFhTVmxLTlhOQlMydHRiMEZDUnkwdExTMHRMUzB0TFhsc2JHc3lNRUZCUVVGQlIzRnNWV3hqVDFSc01YVkJFZ3cyUlRNek5udzJSVFkwT1RRYUNnakJkQkFBR2dOSlRsSTRISEQzZVE9PSIsW1siUE5RIiwiMjAyNi0wOS0xMyIsIkhZRCIsbnVsbCwiNkUiLCIzMzYiXSxbIkhZRCIsIjIwMjYtMDktMTMiLCJDQ1UiLG51bGwsIjZFIiwiNjQ5NCJdXV0=,2026-09-12 18:53:27.843961
1443,163,PNQ,CCU,2026-09-13,2026-09-20,14913.00,INR,595,Round trip,IndiGo,1,143,WyJDalJJTUU5T2MzcFhTVmxLTlhOQlMydHRiMEZDUnkwdExTMHRMUzB0TFhsc2JHc3lNRUZCUVVGQlIzRnNWV3hqVDFSc01YVkJFZ3cyUlRNMU1udzJSVFk1TURjYUNnakJkQkFBR2dOSlRsSTRISEQzZVE9PSIsW1siUE5RIiwiMjAyNi0wOS0xMyIsIkhZRCIsbnVsbCwiNkUiLCIzNTIiXSxbIkhZRCIsIjIwMjYtMDktMTMiLCJDQ1UiLG51bGwsIjZFIiwiNjkwNyJdXV0=,2026-09-12 18:53:27.846562
1486,168,AMD,DEL,2026-09-13,2026-09-20,11154.00,INR,115,Round trip,IndiGo,0,66,WyJDalJJWWw4emRVUlVWbTVmU2tGQlIzTlFhV2RDUnkwdExTMHRMUzB0TFhaMGRHOHhORUZCUVVGQlIzRnNWVzVuUlRGd00zZEJFZ1kyUlRVek9EVWFDZ2lTVnhBQUdnTkpUbEk0SEhDWld3PT0iLFtbIkFNRCIsIjIwMjYtMDktMTMiLCJERUwiLG51bGwsIjZFIiwiNTM4NSJdXV0=,2026-09-12 18:54:00.771675
1444,163,PNQ,CCU,2026-09-13,2026-09-20,19815.00,INR,410,Round trip,Air India,1,226,WyJDalJJTUU5T2MzcFhTVmxLTlhOQlMydHRiMEZDUnkwdExTMHRMUzB0TFhsc2JHc3lNRUZCUVVGQlIzRnNWV3hqVDFSc01YVkJFZzFCU1RFNE1EUjhRVWt5TnpBeUdnc0k1NW9CRUFBYUEwbE9VamdjY0lHaUFRPT0iLFtbIlBOUSIsIjIwMjYtMDktMTMiLCJERUwiLG51bGwsIkFJIiwiMTgwNCJdLFsiREVMIiwiMjAyNi0wOS0xNCIsIkNDVSIsbnVsbCwiQUkiLCIyNzAyIl1dXQ==,2026-09-12 18:53:27.850062
1445,163,PNQ,CCU,2026-09-13,2026-09-20,29169.00,INR,300,Round trip,Air India Express,1,202,WyJDalJJTUU5T2MzcFhTVmxLTlhOQlMydHRiMEZDUnkwdExTMHRMUzB0TFhsc2JHc3lNRUZCUVVGQlIzRnNWV3hqVDFSc01YVkJFZzFKV0RFeU5EbDhTVmd4TWpRNUdnc0k4ZU1CRUFBYUEwbE9VamdjY0w3dUFRPT0iLFtbIlBOUSIsIjIwMjYtMDktMTMiLCJJWEIiLG51bGwsIklYIiwiMTI0OSJdLFsiSVhCIiwiMjAyNi0wOS0xMyIsIkNDVSIsbnVsbCwiSVgiLCIxMjQ5Il1dXQ==,2026-09-12 18:53:27.852601
1446,164,PNQ,AMD,2026-09-13,2026-09-20,7066.00,INR,80,Round trip,IndiGo,0,57,WyJDalJJYW1WNVEweDNhVmhTWWpSQlMwSnpUVUZDUnkwdExTMHRMUzB0TFMxdmEyUnFORUZCUVVGQlIzRnNWV3h6U0ZBdGN6aEJFZ1UyUlRVME54b0tDSm8zRUFBYUEwbE9VamdjY09NNSIsW1siUE5RIiwiMjAyNi0wOS0xMyIsIkFNRCIsbnVsbCwiNkUiLCI1NDciXV1d,2026-09-12 18:53:31.148081
1447,164,PNQ,AMD,2026-09-13,2026-09-20,7533.00,INR,85,Round trip,Akasa Air,0,54,WyJDalJJYW1WNVEweDNhVmhTWWpSQlMwSnpUVUZDUnkwdExTMHRMUzB0TFMxdmEyUnFORUZCUVVGQlIzRnNWV3h6U0ZBdGN6aEJFZ1pSVURFNU1UZ2FDZ2p0T2hBQUdnTkpUbEk0SEhETFBRPT0iLFtbIlBOUSIsIjIwMjYtMDktMTMiLCJBTUQiLG51bGwsIlFQIiwiMTkxOCJdXV0=,2026-09-12 18:53:31.151005
1448,164,PNQ,AMD,2026-09-13,2026-09-20,8074.00,INR,70,Round trip,IndiGo,0,57,WyJDalJJYW1WNVEweDNhVmhTWWpSQlMwSnpUVUZDUnkwdExTMHRMUzB0TFMxdmEyUnFORUZCUVVGQlIzRnNWV3h6U0ZBdGN6aEJFZ1kyUlRJeE5UVWFDZ2lLUHhBQUdnTkpUbEk0SEhDQ1FnPT0iLFtbIlBOUSIsIjIwMjYtMDktMTMiLCJBTUQiLG51bGwsIjZFIiwiMjE1NSJdXV0=,2026-09-12 18:53:31.15402
1449,164,PNQ,AMD,2026-09-13,2026-09-20,8630.00,INR,90,Round trip,IndiGo,0,52,WyJDalJJYW1WNVEweDNhVmhTWWpSQlMwSnpUVUZDUnkwdExTMHRMUzB0TFMxdmEyUnFORUZCUVVGQlIzRnNWV3h6U0ZBdGN6aEJFZ1UyUlRneE9Sb0tDTFpERUFBYUEwbE9VamdjY01kRyIsW1siUE5RIiwiMjAyNi0wOS0xMyIsIkFNRCIsbnVsbCwiNkUiLCI4MTkiXV1d,2026-09-12 18:53:31.156693
1450,164,PNQ,AMD,2026-09-13,2026-09-20,8830.00,INR,85,Round trip,IndiGo,0,52,WyJDalJJYW1WNVEweDNhVmhTWWpSQlMwSnpUVUZDUnkwdExTMHRMUzB0TFMxdmEyUnFORUZCUVVGQlIzRnNWV3h6U0ZBdGN6aEJFZ1kyUlRZMU5UTWFDZ2orUkJBQUdnTkpUbEk0SEhDWlNBPT0iLFtbIlBOUSIsIjIwMjYtMDktMTMiLCJBTUQiLG51bGwsIjZFIiwiNjU1MyJdXV0=,2026-09-12 18:53:31.159811
1451,164,PNQ,AMD,2026-09-13,2026-09-20,9072.00,INR,275,Round trip,IndiGo,1,93,WyJDalJJYW1WNVEweDNhVmhTWWpSQlMwSnpUVUZDUnkwdExTMHRMUzB0TFMxdmEyUnFORUZCUVVGQlIzRnNWV3h6U0ZBdGN6aEJFZ3cyUlRJNE5IdzJSVGN4TnpRYUNnandSaEFBR2dOSlRsSTRISENXU2c9PSIsW1siUE5RIiwiMjAyNi0wOS0xMyIsIklEUiIsbnVsbCwiNkUiLCIyODQiXSxbIklEUiIsIjIwMjYtMDktMTMiLCJBTUQiLG51bGwsIjZFIiwiNzE3NCJdXV0=,2026-09-12 18:53:31.163008
1452,164,PNQ,AMD,2026-09-13,2026-09-20,9280.00,INR,85,Round trip,Akasa Air,0,54,WyJDalJJYW1WNVEweDNhVmhTWWpSQlMwSnpUVUZDUnkwdExTMHRMUzB0TFMxdmEyUnFORUZCUVVGQlIzRnNWV3h6U0ZBdGN6aEJFZ1pSVURFNU1UWWFDZ2pBU0JBQUdnTkpUbEk0SEhEd1N3PT0iLFtbIlBOUSIsIjIwMjYtMDktMTMiLCJBTUQiLG51bGwsIlFQIiwiMTkxNiJdXV0=,2026-09-12 18:53:31.166317
1453,164,PNQ,AMD,2026-09-13,2026-09-20,,INR,330,Round trip,Air India,1,227,WyJDalJJYW1WNVEweDNhVmhTWWpSQlMwSnpUVUZDUnkwdExTMHRMUzB0TFMxdmEyUnFORUZCUVVGQlIzRnNWV3h6U0ZBdGN6aEJFZzFCU1RJNU56SjhRVWt5T1RBNU9Cdz0iLFtbIlBOUSIsIjIwMjYtMDktMTMiLCJERUwiLG51bGwsIkFJIiwiMjk3MiJdLFsiREVMIiwiMjAyNi0wOS0xMyIsIkFNRCIsbnVsbCwiQUkiLCIyOTA5Il1dXQ==,2026-09-12 18:53:31.168401
1454,165,PNQ,COK,2026-09-13,2026-09-20,15553.00,INR,265,Round trip,IndiGo,1,110,WyJDalJJZVZCM05tUXhORnB6YkRoQlNGVnhNMEZDUnkwdExTMHRMUzEyZDNreE9DMXVNVUZCUVVGQlIzRnNWVzFCUkVKWVlsZEJFZ3MyUlRNd01udzJSVEUwTkJvS0NNRjVFQUFhQTBsT1VqZ2NjSlIvIixbWyJQTlEiLCIyMDI2LTA5LTEzIiwiQkxSIixudWxsLCI2RSIsIjMwMiJdLFsiQkxSIiwiMjAyNi0wOS0xMyIsIkNPSyIsbnVsbCwiNkUiLCIxNDQiXV1d,2026-09-12 18:53:38.769285
1455,165,PNQ,COK,2026-09-13,2026-09-20,17430.00,INR,105,Round trip,IndiGo,0,81,WyJDalJJZVZCM05tUXhORnB6YkRoQlNGVnhNMEZDUnkwdExTMHRMUzEyZDNreE9DMXVNVUZCUVVGQlIzRnNWVzFCUkVKWVlsZEJFZ1kyUlRZeE1qa2FDd2lXaUFFUUFCb0RTVTVTT0J4d3dZNEIiLFtbIlBOUSIsIjIwMjYtMDktMTMiLCJDT0siLG51bGwsIjZFIiwiNjEyOSJdXV0=,2026-09-12 18:53:38.772164
1456,165,PNQ,COK,2026-09-13,2026-09-20,18815.00,INR,115,Round trip,Air India Express,0,109,WyJDalJJZVZCM05tUXhORnB6YkRoQlNGVnhNMEZDUnkwdExTMHRMUzEyZDNreE9DMXVNVUZCUVVGQlIzRnNWVzFCUkVKWVlsZEJFZ1pKV0RJM016a2FDd2ova2dFUUFCb0RTVTVTT0J4dzZwa0IiLFtbIlBOUSIsIjIwMjYtMDktMTMiLCJDT0siLG51bGwsIklYIiwiMjczOSJdXV0=,2026-09-12 18:53:38.774418
1457,165,PNQ,COK,2026-09-13,2026-09-20,15553.00,INR,430,Round trip,IndiGo,1,118,WyJDalJJZVZCM05tUXhORnB6YkRoQlNGVnhNMEZDUnkwdExTMHRMUzEyZDNreE9DMXVNVUZCUVVGQlIzRnNWVzFCUkVKWVlsZEJFZ3MyUlRNek5udzJSVGMxTWhvS0NNRjVFQUFhQTBsT1VqZ2NjSlIvIixbWyJQTlEiLCIyMDI2LTA5LTEzIiwiSFlEIixudWxsLCI2RSIsIjMzNiJdLFsiSFlEIiwiMjAyNi0wOS0xMyIsIkNPSyIsbnVsbCwiNkUiLCI3NTIiXV1d,2026-09-12 18:53:38.777652
1458,165,PNQ,COK,2026-09-13,2026-09-20,15553.00,INR,290,Round trip,IndiGo,1,105,WyJDalJJZVZCM05tUXhORnB6YkRoQlNGVnhNMEZDUnkwdExTMHRMUzEyZDNreE9DMXVNVUZCUVVGQlIzRnNWVzFCUkVKWVlsZEJFZ3cyUlRNNU1YdzJSVFkwTkRVYUNnakJlUkFBR2dOSlRsSTRISENVZnc9PSIsW1siUE5RIiwiMjAyNi0wOS0xMyIsIkJMUiIsbnVsbCwiNkUiLCIzOTEiXSxbIkJMUiIsIjIwMjYtMDktMTMiLCJDT0siLG51bGwsIjZFIiwiNjQ0NSJdXV0=,2026-09-12 18:53:38.780713
1459,165,PNQ,COK,2026-09-13,2026-09-20,15553.00,INR,275,Round trip,IndiGo,1,114,WyJDalJJZVZCM05tUXhORnB6YkRoQlNGVnhNMEZDUnkwdExTMHRMUzEyZDNreE9DMXVNVUZCUVVGQlIzRnNWVzFCUkVKWVlsZEJFZ3MyUlRFek4zdzJSVFF6TlJvS0NNRjVFQUFhQTBsT1VqZ2NjSlIvIixbWyJQTlEiLCIyMDI2LTA5LTEzIiwiQkxSIixudWxsLCI2RSIsIjEzNyJdLFsiQkxSIiwiMjAyNi0wOS0xMyIsIkNPSyIsbnVsbCwiNkUiLCI0MzUiXV1d,2026-09-12 18:53:38.78406
1460,165,PNQ,COK,2026-09-13,2026-09-20,15553.00,INR,495,Round trip,IndiGo,1,110,WyJDalJJZVZCM05tUXhORnB6YkRoQlNGVnhNMEZDUnkwdExTMHRMUzEyZDNreE9DMXVNVUZCUVVGQlIzRnNWVzFCUkVKWVlsZEJFZ3cyUlRZd05UVjhOa1UzTmpNYUNnakJlUkFBR2dOSlRsSTRISENVZnc9PSIsW1siUE5RIiwiMjAyNi0wOS0xMyIsIkJMUiIsbnVsbCwiNkUiLCI2MDU1Il0sWyJCTFIiLCIyMDI2LTA5LTE0IiwiQ09LIixudWxsLCI2RSIsIjc2MyJdXV0=,2026-09-12 18:53:38.787718
1461,165,PNQ,COK,2026-09-13,2026-09-20,16088.00,INR,265,Round trip,IndiGo,1,107,WyJDalJJZVZCM05tUXhORnB6YkRoQlNGVnhNMEZDUnkwdExTMHRMUzEyZDNreE9DMXVNVUZCUVVGQlIzRnNWVzFCUkVKWVlsZEJFZzAyUlRZNE56ZDhOa1UzTURBMUdnb0kySDBRQUJvRFNVNVNPQnh3eElNQiIsW1siUE5RIiwiMjAyNi0wOS0xMyIsIkJMUiIsbnVsbCwiNkUiLCI2ODc3Il0sWyJCTFIiLCIyMDI2LTA5LTEzIiwiQ09LIixudWxsLCI2RSIsIjcwMDUiXV1d,2026-09-12 18:53:38.791283
1462,165,PNQ,COK,2026-09-13,2026-09-20,16428.00,INR,605,Round trip,Air India Express,1,132,WyJDalJJZVZCM05tUXhORnB6YkRoQlNGVnhNMEZDUnkwdExTMHRMUzEyZDNreE9DMXVNVUZCUVVGQlIzRnNWVzFCUkVKWVlsZEJFZzFKV0RJNE16bDhTVmd5TmpjNEdnc0lySUFCRUFBYUEwbE9VamdjY0tpR0FRPT0iLFtbIlBOUSIsIjIwMjYtMDktMTMiLCJCTFIiLG51bGwsIklYIiwiMjgzOSJdLFsiQkxSIiwiMjAyNi0wOS0xNCIsIkNPSyIsbnVsbCwiSVgiLCIyNjc4Il1dXQ==,2026-09-12 18:53:38.79473
1463,165,PNQ,COK,2026-09-13,2026-09-20,17496.00,INR,395,Round trip,Air India Express,1,132,WyJDalJJZVZCM05tUXhORnB6YkRoQlNGVnhNMEZDUnkwdExTMHRMUzEyZDNreE9DMXVNVUZCUVVGQlIzRnNWVzFCUkVKWVlsZEJFZzFKV0RJMk9ERjhTVmd5TmpjNEdnc0kySWdCRUFBYUEwbE9VamdjY0lhUEFRPT0iLFtbIlBOUSIsIjIwMjYtMDktMTMiLCJCTFIiLG51bGwsIklYIiwiMjY4MSJdLFsiQkxSIiwiMjAyNi0wOS0xMyIsIkNPSyIsbnVsbCwiSVgiLCIyNjc4Il1dXQ==,2026-09-12 18:53:38.797996
1464,166,PNQ,GOI,2026-09-13,2026-09-20,19323.00,INR,370,Round trip,IndiGo,1,106,WyJDalJJT0VoSlYyUXRTVjlPUzFsQlMyVjFNR2RDUnkwdExTMHRMUzB0TFhsc2JIRXhPVUZCUVVGQlIzRnNWVzFqVHpGcFJrdEJFZ3MyUlRNMU1udzJSVE0yTWhvTENQdVdBUkFBR2dOSlRsSTRISEQrblFFPSIsW1siUE5RIiwiMjAyNi0wOS0xMyIsIkhZRCIsbnVsbCwiNkUiLCIzNTIiXSxbIkhZRCIsIjIwMjYtMDktMTMiLCJHT0kiLG51bGwsIjZFIiwiMzYyIl1dXQ==,2026-09-12 18:53:48.374596
1511,169,AMD,BOM,2026-09-13,2026-09-20,9192.00,INR,105,Round trip,Air India,0,79,WyJDalJJTFc0ek1tdGljR3RXWW5kQlMyNVlWVUZDUnkwdExTMHRMUzB0TFMxNWJHOW9PRUZCUVVGQlIzRnNWVzUzUjA1RGRFdEJFZ1ZCU1RRNU5Cb0tDT2hIRUFBYUEwbE9VamdjY0pSTCIsW1siQU1EIiwiMjAyNi0wOS0xMyIsIkJPTSIsbnVsbCwiQUkiLCI0OTQiXV1d,2026-09-12 18:54:04.47457
1465,166,PNQ,GOI,2026-09-13,2026-09-20,19323.00,INR,355,Round trip,IndiGo,1,106,WyJDalJJT0VoSlYyUXRTVjlPUzFsQlMyVjFNR2RDUnkwdExTMHRMUzB0TFhsc2JIRXhPVUZCUVVGQlIzRnNWVzFqVHpGcFJrdEJFZ3cyUlRZME56TjhOa1V4TWpFYUN3ajdsZ0VRQUJvRFNVNVNPQnh3L3AwQiIsW1siUE5RIiwiMjAyNi0wOS0xMyIsIkhZRCIsbnVsbCwiNkUiLCI2NDczIl0sWyJIWUQiLCIyMDI2LTA5LTEzIiwiR09JIixudWxsLCI2RSIsIjEyMSJdXV0=,2026-09-12 18:53:48.379312
1466,166,PNQ,GOI,2026-09-13,2026-09-20,19323.00,INR,365,Round trip,IndiGo,1,106,WyJDalJJT0VoSlYyUXRTVjlPUzFsQlMyVjFNR2RDUnkwdExTMHRMUzB0TFhsc2JIRXhPVUZCUVVGQlIzRnNWVzFqVHpGcFJrdEJFZ3MyUlRRd04zdzJSVGs0TkJvTENQdVdBUkFBR2dOSlRsSTRISEQrblFFPSIsW1siUE5RIiwiMjAyNi0wOS0xMyIsIkhZRCIsbnVsbCwiNkUiLCI0MDciXSxbIkhZRCIsIjIwMjYtMDktMTMiLCJHT0kiLG51bGwsIjZFIiwiOTg0Il1dXQ==,2026-09-12 18:53:48.382254
1467,166,PNQ,GOI,2026-09-13,2026-09-20,20017.00,INR,225,Round trip,IndiGo,1,110,WyJDalJJT0VoSlYyUXRTVjlPUzFsQlMyVjFNR2RDUnkwdExTMHRMUzB0TFhsc2JIRXhPVUZCUVVGQlIzRnNWVzFqVHpGcFJrdEJFZ3MyUlRRd04zdzJSVEV5TVJvTENMR2NBUkFBR2dOSlRsSTRISERVb3dFPSIsW1siUE5RIiwiMjAyNi0wOS0xMyIsIkhZRCIsbnVsbCwiNkUiLCI0MDciXSxbIkhZRCIsIjIwMjYtMDktMTMiLCJHT0kiLG51bGwsIjZFIiwiMTIxIl1dXQ==,2026-09-12 18:53:48.384739
1468,166,PNQ,GOI,2026-09-13,2026-09-20,24460.00,INR,65,Round trip,IndiGo,0,45,WyJDalJJT0VoSlYyUXRTVjlPUzFsQlMyVjFNR2RDUnkwdExTMHRMUzB0TFhsc2JIRXhPVUZCUVVGQlIzRnNWVzFqVHpGcFJrdEJFZ1UyUlRNMk54b0xDSXkvQVJBQUdnTkpUbEk0SEhEK3h3RT0iLFtbIlBOUSIsIjIwMjYtMDktMTMiLCJHT0kiLG51bGwsIjZFIiwiMzY3Il1dXQ==,2026-09-12 18:53:48.387008
1469,166,PNQ,GOI,2026-09-13,2026-09-20,24778.00,INR,595,Round trip,Air India Express,1,137,WyJDalJJT0VoSlYyUXRTVjlPUzFsQlMyVjFNR2RDUnkwdExTMHRMUzB0TFhsc2JIRXhPVUZCUVVGQlIzRnNWVzFqVHpGcFJrdEJFZzFKV0RJNE16bDhTVmd4TlRNNUdnc0l5c0VCRUFBYUEwbE9VamdjY01yS0FRPT0iLFtbIlBOUSIsIjIwMjYtMDktMTMiLCJCTFIiLG51bGwsIklYIiwiMjgzOSJdLFsiQkxSIiwiMjAyNi0wOS0xNCIsIkdPSSIsbnVsbCwiSVgiLCIxNTM5Il1dXQ==,2026-09-12 18:53:48.389031
1470,166,PNQ,GOI,2026-09-13,2026-09-20,26784.00,INR,515,Round trip,Air India Express,1,131,WyJDalJJT0VoSlYyUXRTVjlPUzFsQlMyVjFNR2RDUnkwdExTMHRMUzB0TFhsc2JIRXhPVUZCUVVGQlIzRnNWVzFqVHpGcFJrdEJFZzFKV0RJM01EWjhTVmd4TXpnMkdnc0lvTkVCRUFBYUEwbE9VamdjY1A3YUFRPT0iLFtbIlBOUSIsIjIwMjYtMDktMTMiLCJCTFIiLG51bGwsIklYIiwiMjcwNiJdLFsiQkxSIiwiMjAyNi0wOS0xMyIsIkdPSSIsbnVsbCwiSVgiLCIxMzg2Il1dXQ==,2026-09-12 18:53:48.391267
1471,166,PNQ,GOI,2026-09-13,2026-09-20,31231.00,INR,410,Round trip,Air India Express,1,246,WyJDalJJT0VoSlYyUXRTVjlPUzFsQlMyVjFNR2RDUnkwdExTMHRMUzB0TFhsc2JIRXhPVUZCUVVGQlIzRnNWVzFqVHpGcFJrdEJFZzFKV0RFMk56SjhTVmd4TURZNEdnc0kvL01CRUFBYUEwbE9VamdjY0t6L0FRPT0iLFtbIlBOUSIsIjIwMjYtMDktMTMiLCJERUwiLG51bGwsIklYIiwiMTY3MiJdLFsiREVMIiwiMjAyNi0wOS0xMyIsIkdPSSIsbnVsbCwiSVgiLCIxMDY4Il1dXQ==,2026-09-12 18:53:48.393632
1472,167,AMD,BLR,2026-09-13,2026-09-20,15915.00,INR,140,Round trip,IndiGo,0,94,WyJDalJJWlV3d1dVSmhRV2swVWxGQlIwdHZNbEZDUnkwdExTMHRMUzB0TFhscFkzTTJOMEZCUVVGQlIzRnNWVzVSUzAxV1ozZEJFZ1UyUlRRNE1Sb0tDS3Q4RUFBYUEwbE9VamdjY0krQ0FRPT0iLFtbIkFNRCIsIjIwMjYtMDktMTMiLCJCTFIiLG51bGwsIjZFIiwiNDgxIl1dXQ==,2026-09-12 18:53:56.568948
1473,167,AMD,BLR,2026-09-13,2026-09-20,15915.00,INR,130,Round trip,IndiGo,0,94,WyJDalJJWlV3d1dVSmhRV2swVWxGQlIwdHZNbEZDUnkwdExTMHRMUzB0TFhscFkzTTJOMEZCUVVGQlIzRnNWVzVSUzAxV1ozZEJFZ1UyUlRrNU5ob0tDS3Q4RUFBYUEwbE9VamdjY0krQ0FRPT0iLFtbIkFNRCIsIjIwMjYtMDktMTMiLCJCTFIiLG51bGwsIjZFIiwiOTk2Il1dXQ==,2026-09-12 18:53:56.572221
1474,167,AMD,BLR,2026-09-13,2026-09-20,16440.00,INR,140,Round trip,IndiGo,0,94,WyJDalJJWlV3d1dVSmhRV2swVWxGQlIwdHZNbEZDUnkwdExTMHRMUzB0TFhscFkzTTJOMEZCUVVGQlIzRnNWVzVSUzAxV1ozZEJFZ1UyUlRnMk14b0xDTGlBQVJBQUdnTkpUbEk0SEhDMWhnRT0iLFtbIkFNRCIsIjIwMjYtMDktMTMiLCJCTFIiLG51bGwsIjZFIiwiODYzIl1dXQ==,2026-09-12 18:53:56.575162
1475,167,AMD,BLR,2026-09-13,2026-09-20,17490.00,INR,145,Round trip,IndiGo,0,94,WyJDalJJWlV3d1dVSmhRV2swVWxGQlIwdHZNbEZDUnkwdExTMHRMUzB0TFhscFkzTTJOMEZCUVVGQlIzRnNWVzVSUzAxV1ozZEJFZ1UyUlRneU14b0xDTktJQVJBQUdnTkpUbEk0SEhEL2pnRT0iLFtbIkFNRCIsIjIwMjYtMDktMTMiLCJCTFIiLG51bGwsIjZFIiwiODIzIl1dXQ==,2026-09-12 18:53:56.577872
1476,167,AMD,BLR,2026-09-13,2026-09-20,17861.00,INR,140,Round trip,Akasa Air,0,98,WyJDalJJWlV3d1dVSmhRV2swVWxGQlIwdHZNbEZDUnkwdExTMHRMUzB0TFhscFkzTTJOMEZCUVVGQlIzRnNWVzVSUzAxV1ozZEJFZ1pSVURFNU1ERWFDd2pGaXdFUUFCb0RTVTVTT0J4d2hKSUIiLFtbIkFNRCIsIjIwMjYtMDktMTMiLCJCTFIiLG51bGwsIlFQIiwiMTkwMSJdXV0=,2026-09-12 18:53:56.580898
1477,167,AMD,BLR,2026-09-13,2026-09-20,,INR,145,Round trip,Air India Express,0,112,WyJDalJJWlV3d1dVSmhRV2swVWxGQlIwdHZNbEZDUnkwdExTMHRMUzB0TFhscFkzTTJOMEZCUVVGQlIzRnNWVzVSUzAxV1ozZEJFZ1pKV0RFMU1EZzRIQT09IixbWyJBTUQiLCIyMDI2LTA5LTEzIiwiQkxSIixudWxsLCJJWCIsIjE1MDgiXV1d,2026-09-12 18:53:56.583542
1478,167,AMD,BLR,2026-09-13,2026-09-20,15903.00,INR,445,Round trip,IndiGo,1,125,WyJDalJJWlV3d1dVSmhRV2swVWxGQlIwdHZNbEZDUnkwdExTMHRMUzB0TFhscFkzTTJOMEZCUVVGQlIzRnNWVzVSUzAxV1ozZEJFZzAyUlRZME5qaDhOa1UxTXpneUdnb0luM3dRQUJvRFNVNVNPQnh3ZzRJQiIsW1siQU1EIiwiMjAyNi0wOS0xMyIsIkJPTSIsbnVsbCwiNkUiLCI2NDY4Il0sWyJCT00iLCIyMDI2LTA5LTEzIiwiQkxSIixudWxsLCI2RSIsIjUzODIiXV1d,2026-09-12 18:53:56.586082
1479,167,AMD,BLR,2026-09-13,2026-09-20,15903.00,INR,480,Round trip,IndiGo,1,120,WyJDalJJWlV3d1dVSmhRV2swVWxGQlIwdHZNbEZDUnkwdExTMHRMUzB0TFhscFkzTTJOMEZCUVVGQlIzRnNWVzVSUzAxV1ozZEJFZzAyUlRVd056aDhOa1UxTWpJeEdnb0luM3dRQUJvRFNVNVNPQnh3ZzRJQiIsW1siQU1EIiwiMjAyNi0wOS0xMyIsIkJPTSIsbnVsbCwiNkUiLCI1MDc4Il0sWyJCT00iLCIyMDI2LTA5LTEzIiwiQkxSIixudWxsLCI2RSIsIjUyMjEiXV1d,2026-09-12 18:53:56.589212
1480,167,AMD,BLR,2026-09-13,2026-09-20,15903.00,INR,465,Round trip,IndiGo,1,129,WyJDalJJWlV3d1dVSmhRV2swVWxGQlIwdHZNbEZDUnkwdExTMHRMUzB0TFhscFkzTTJOMEZCUVVGQlIzRnNWVzVSUzAxV1ozZEJFZzAyUlRZd09UaDhOa1UyTlRBMUdnb0luM3dRQUJvRFNVNVNPQnh3ZzRJQiIsW1siQU1EIiwiMjAyNi0wOS0xMyIsIkhZRCIsbnVsbCwiNkUiLCI2MDk4Il0sWyJIWUQiLCIyMDI2LTA5LTEzIiwiQkxSIixudWxsLCI2RSIsIjY1MDUiXV1d,2026-09-12 18:53:56.592118
1481,167,AMD,BLR,2026-09-13,2026-09-20,15903.00,INR,435,Round trip,IndiGo,1,125,WyJDalJJWlV3d1dVSmhRV2swVWxGQlIwdHZNbEZDUnkwdExTMHRMUzB0TFhscFkzTTJOMEZCUVVGQlIzRnNWVzVSUzAxV1ozZEJFZzAyUlRVeE16bDhOa1UxTXpnNEdnb0luM3dRQUJvRFNVNVNPQnh3ZzRJQiIsW1siQU1EIiwiMjAyNi0wOS0xMyIsIkJPTSIsbnVsbCwiNkUiLCI1MTM5Il0sWyJCT00iLCIyMDI2LTA5LTEzIiwiQkxSIixudWxsLCI2RSIsIjUzODgiXV1d,2026-09-12 18:53:56.595167
1482,167,AMD,BLR,2026-09-13,2026-09-20,15903.00,INR,450,Round trip,IndiGo,1,125,WyJDalJJWlV3d1dVSmhRV2swVWxGQlIwdHZNbEZDUnkwdExTMHRMUzB0TFhscFkzTTJOMEZCUVVGQlIzRnNWVzVSUzAxV1ozZEJFZzAyUlRVeE5qQjhOa1UxTXpJekdnb0luM3dRQUJvRFNVNVNPQnh3ZzRJQiIsW1siQU1EIiwiMjAyNi0wOS0xMyIsIkJPTSIsbnVsbCwiNkUiLCI1MTYwIl0sWyJCT00iLCIyMDI2LTA5LTE0IiwiQkxSIixudWxsLCI2RSIsIjUzMjMiXV1d,2026-09-12 18:53:56.59794
1483,167,AMD,BLR,2026-09-13,2026-09-20,16533.00,INR,280,Round trip,IndiGo,1,125,WyJDalJJWlV3d1dVSmhRV2swVWxGQlIwdHZNbEZDUnkwdExTMHRMUzB0TFhscFkzTTJOMEZCUVVGQlIzRnNWVzVSUzAxV1ozZEJFZzAyUlRVeE16bDhOa1UxTURNeUdnc0lsWUVCRUFBYUEwbE9VamdjY0phSEFRPT0iLFtbIkFNRCIsIjIwMjYtMDktMTMiLCJCT00iLG51bGwsIjZFIiwiNTEzOSJdLFsiQk9NIiwiMjAyNi0wOS0xMyIsIkJMUiIsbnVsbCwiNkUiLCI1MDMyIl1dXQ==,2026-09-12 18:53:56.600904
1484,167,AMD,BLR,2026-09-13,2026-09-20,16664.00,INR,280,Round trip,IndiGo,1,118,WyJDalJJWlV3d1dVSmhRV2swVWxGQlIwdHZNbEZDUnkwdExTMHRMUzB0TFhscFkzTTJOMEZCUVVGQlIzRnNWVzVSUzAxV1ozZEJFZ3MyUlRVeU1udzJSVEV6TnhvTENKaUNBUkFBR2dOSlRsSTRISENmaUFFPSIsW1siQU1EIiwiMjAyNi0wOS0xMyIsIlBOUSIsbnVsbCwiNkUiLCI1MjIiXSxbIlBOUSIsIjIwMjYtMDktMTMiLCJCTFIiLG51bGwsIjZFIiwiMTM3Il1dXQ==,2026-09-12 18:53:56.603764
1485,167,AMD,BLR,2026-09-13,2026-09-20,17356.00,INR,235,Round trip,IndiGo,1,114,WyJDalJJWlV3d1dVSmhRV2swVWxGQlIwdHZNbEZDUnkwdExTMHRMUzB0TFhscFkzTTJOMEZCUVVGQlIzRnNWVzVSUzAxV1ozZEJFZ3cyUlRZNU9YdzJSVFk0TnpjYUN3ak1od0VRQUJvRFNVNVNPQnh3ODQwQiIsW1siQU1EIiwiMjAyNi0wOS0xMyIsIlBOUSIsbnVsbCwiNkUiLCI2OTkiXSxbIlBOUSIsIjIwMjYtMDktMTMiLCJCTFIiLG51bGwsIjZFIiwiNjg3NyJdXV0=,2026-09-12 18:53:56.606741
1487,168,AMD,DEL,2026-09-13,2026-09-20,11535.00,INR,105,Round trip,IndiGo,0,66,WyJDalJJWWw4emRVUlVWbTVmU2tGQlIzTlFhV2RDUnkwdExTMHRMUzB0TFhaMGRHOHhORUZCUVVGQlIzRnNWVzVuUlRGd00zZEJFZ1kyUlRJeU1Ea2FDZ2lQV2hBQUdnTkpUbEk0SEhDb1hnPT0iLFtbIkFNRCIsIjIwMjYtMDktMTMiLCJERUwiLG51bGwsIjZFIiwiMjIwOSJdXV0=,2026-09-12 18:54:00.774849
1488,168,AMD,DEL,2026-09-13,2026-09-20,11535.00,INR,115,Round trip,IndiGo,0,66,WyJDalJJWWw4emRVUlVWbTVmU2tGQlIzTlFhV2RDUnkwdExTMHRMUzB0TFhaMGRHOHhORUZCUVVGQlIzRnNWVzVuUlRGd00zZEJFZ1kyUlRJek5EQWFDZ2lQV2hBQUdnTkpUbEk0SEhDb1hnPT0iLFtbIkFNRCIsIjIwMjYtMDktMTMiLCJERUwiLG51bGwsIjZFIiwiMjM0MCJdXV0=,2026-09-12 18:54:00.777359
1489,168,AMD,DEL,2026-09-13,2026-09-20,11724.00,INR,110,Round trip,Air India,0,79,WyJDalJJWWw4emRVUlVWbTVmU2tGQlIzTlFhV2RDUnkwdExTMHRMUzB0TFhaMGRHOHhORUZCUVVGQlIzRnNWVzVuUlRGd00zZEJFZ1pCU1RJNU5EWWFDZ2pNV3hBQUdnTkpUbEk0SEhEdFh3PT0iLFtbIkFNRCIsIjIwMjYtMDktMTMiLCJERUwiLG51bGwsIkFJIiwiMjk0NiJdXV0=,2026-09-12 18:54:00.779768
1490,168,AMD,DEL,2026-09-13,2026-09-20,11745.00,INR,105,Round trip,IndiGo,0,66,WyJDalJJWWw4emRVUlVWbTVmU2tGQlIzTlFhV2RDUnkwdExTMHRMUzB0TFhaMGRHOHhORUZCUVVGQlIzRnNWVzVuUlRGd00zZEJFZ1kyUlRJeE56a2FDZ2poV3hBQUdnTkpUbEk0SEhDRFlBPT0iLFtbIkFNRCIsIjIwMjYtMDktMTMiLCJERUwiLG51bGwsIjZFIiwiMjE3OSJdXV0=,2026-09-12 18:54:00.782319
1491,168,AMD,DEL,2026-09-13,2026-09-20,11524.00,INR,110,Round trip,Air India,0,103,WyJDalJJWWw4emRVUlVWbTVmU2tGQlIzTlFhV2RDUnkwdExTMHRMUzB0TFhaMGRHOHhORUZCUVVGQlIzRnNWVzVuUlRGd00zZEJFZ1ZCU1RnNE1ob0tDSVJhRUFBYUEwbE9VamdjY0p4ZSIsW1siQU1EIiwiMjAyNi0wOS0xMyIsIkRFTCIsbnVsbCwiQUkiLCI4ODIiXV1d,2026-09-12 18:54:00.78484
1492,168,AMD,DEL,2026-09-13,2026-09-20,11724.00,INR,100,Round trip,Air India,0,100,WyJDalJJWWw4emRVUlVWbTVmU2tGQlIzTlFhV2RDUnkwdExTMHRMUzB0TFhaMGRHOHhORUZCUVVGQlIzRnNWVzVuUlRGd00zZEJFZ1ZCU1RReU5Cb0tDTXhiRUFBYUEwbE9VamdjY08xZiIsW1siQU1EIiwiMjAyNi0wOS0xMyIsIkRFTCIsbnVsbCwiQUkiLCI0MjQiXV1d,2026-09-12 18:54:00.787204
1493,168,AMD,DEL,2026-09-13,2026-09-20,11745.00,INR,105,Round trip,IndiGo,0,66,WyJDalJJWWw4emRVUlVWbTVmU2tGQlIzTlFhV2RDUnkwdExTMHRMUzB0TFhaMGRHOHhORUZCUVVGQlIzRnNWVzVuUlRGd00zZEJFZ1kyUlRVd056SWFDZ2poV3hBQUdnTkpUbEk0SEhDRFlBPT0iLFtbIkFNRCIsIjIwMjYtMDktMTMiLCJERUwiLG51bGwsIjZFIiwiNTA3MiJdXV0=,2026-09-12 18:54:00.789588
1494,168,AMD,DEL,2026-09-13,2026-09-20,11745.00,INR,105,Round trip,IndiGo,0,66,WyJDalJJWWw4emRVUlVWbTVmU2tGQlIzTlFhV2RDUnkwdExTMHRMUzB0TFhaMGRHOHhORUZCUVVGQlIzRnNWVzVuUlRGd00zZEJFZ1UyUlRrNE1Cb0tDT0ZiRUFBYUEwbE9VamdjY0lOZyIsW1siQU1EIiwiMjAyNi0wOS0xMyIsIkRFTCIsbnVsbCwiNkUiLCI5ODAiXV1d,2026-09-12 18:54:00.792034
1495,168,AMD,DEL,2026-09-13,2026-09-20,12002.00,INR,105,Round trip,Air India,0,103,WyJDalJJWWw4emRVUlVWbTVmU2tGQlIzTlFhV2RDUnkwdExTMHRMUzB0TFhaMGRHOHhORUZCUVVGQlIzRnNWVzVuUlRGd00zZEJFZ1pCU1RJNU16Z2FDZ2ppWFJBQUdnTkpUbEk0SEhDUVlnPT0iLFtbIkFNRCIsIjIwMjYtMDktMTMiLCJERUwiLG51bGwsIkFJIiwiMjkzOCJdXV0=,2026-09-12 18:54:00.794539
1496,168,AMD,DEL,2026-09-13,2026-09-20,12002.00,INR,105,Round trip,Air India,0,79,WyJDalJJWWw4emRVUlVWbTVmU2tGQlIzTlFhV2RDUnkwdExTMHRMUzB0TFhaMGRHOHhORUZCUVVGQlIzRnNWVzVuUlRGd00zZEJFZ1pCU1RJMU5EWWFDZ2ppWFJBQUdnTkpUbEk0SEhDUVlnPT0iLFtbIkFNRCIsIjIwMjYtMDktMTMiLCJERUwiLG51bGwsIkFJIiwiMjU0NiJdXV0=,2026-09-12 18:54:00.797135
1497,168,AMD,DEL,2026-09-13,2026-09-20,12112.00,INR,110,Round trip,Air India,0,79,WyJDalJJWWw4emRVUlVWbTVmU2tGQlIzTlFhV2RDUnkwdExTMHRMUzB0TFhaMGRHOHhORUZCUVVGQlIzRnNWVzVuUlRGd00zZEJFZ1pCU1RJNU1EWWFDZ2pRWGhBQUdnTkpUbEk0SEhDRFl3PT0iLFtbIkFNRCIsIjIwMjYtMDktMTMiLCJERUwiLG51bGwsIkFJIiwiMjkwNiJdXV0=,2026-09-12 18:54:00.799687
1498,168,AMD,DEL,2026-09-13,2026-09-20,12144.00,INR,95,Round trip,Air India,0,79,WyJDalJJWWw4emRVUlVWbTVmU2tGQlIzTlFhV2RDUnkwdExTMHRMUzB0TFhaMGRHOHhORUZCUVVGQlIzRnNWVzVuUlRGd00zZEJFZ1pCU1RJM01UWWFDZ2p3WGhBQUdnTkpUbEk0SEhDbFl3PT0iLFtbIkFNRCIsIjIwMjYtMDktMTMiLCJERUwiLG51bGwsIkFJIiwiMjcxNiJdXV0=,2026-09-12 18:54:00.802205
1499,168,AMD,DEL,2026-09-13,2026-09-20,12375.00,INR,100,Round trip,IndiGo,0,66,WyJDalJJWWw4emRVUlVWbTVmU2tGQlIzTlFhV2RDUnkwdExTMHRMUzB0TFhaMGRHOHhORUZCUVVGQlIzRnNWVzVuUlRGd00zZEJFZ1kyUlRJeU5qTWFDZ2pYWUJBQUdnTkpUbEk0SEhDWFpRPT0iLFtbIkFNRCIsIjIwMjYtMDktMTMiLCJERUwiLG51bGwsIjZFIiwiMjI2MyJdXV0=,2026-09-12 18:54:00.80435
1500,168,AMD,DEL,2026-09-13,2026-09-20,12784.00,INR,130,Round trip,Air India,0,103,WyJDalJJWWw4emRVUlVWbTVmU2tGQlIzTlFhV2RDUnkwdExTMHRMUzB0TFhaMGRHOHhORUZCUVVGQlIzRnNWVzVuUlRGd00zZEJFZ1ZCU1RVek1ob0tDUEJqRUFBYUEwbE9VamdjY01ObyIsW1siQU1EIiwiMjAyNi0wOS0xMyIsIkRFTCIsbnVsbCwiQUkiLCI1MzIiXV1d,2026-09-12 18:54:00.806539
1501,168,AMD,DEL,2026-09-13,2026-09-20,13215.00,INR,100,Round trip,IndiGo,0,66,WyJDalJJWWw4emRVUlVWbTVmU2tGQlIzTlFhV2RDUnkwdExTMHRMUzB0TFhaMGRHOHhORUZCUVVGQlIzRnNWVzVuUlRGd00zZEJFZ1UyUlRrek1ob0tDSjluRUFBYUEwbE9VamdjY0lacyIsW1siQU1EIiwiMjAyNi0wOS0xMyIsIkRFTCIsbnVsbCwiNkUiLCI5MzIiXV1d,2026-09-12 18:54:00.809275
1502,168,AMD,DEL,2026-09-13,2026-09-20,16995.00,INR,105,Round trip,Air India,0,103,WyJDalJJWWw4emRVUlVWbTVmU2tGQlIzTlFhV2RDUnkwdExTMHRMUzB0TFhaMGRHOHhORUZCUVVGQlIzRnNWVzVuUlRGd00zZEJFZ1pCU1RFeE1qRWFDd2pqaEFFUUFCb0RTVTVTT0J4dytZb0IiLFtbIkFNRCIsIjIwMjYtMDktMTMiLCJERUwiLG51bGwsIkFJIiwiMTEyMSJdXV0=,2026-09-12 18:54:00.812176
1503,168,AMD,DEL,2026-09-13,2026-09-20,37611.00,INR,110,Round trip,Air India,0,155,WyJDalJJWWw4emRVUlVWbTVmU2tGQlIzTlFhV2RDUnkwdExTMHRMUzB0TFhaMGRHOHhORUZCUVVGQlIzRnNWVzVuUlRGd00zZEJFZ1pCU1RFeE1UY2FDd2pycFFJUUFCb0RTVTVTT0J4d3dMTUMiLFtbIkFNRCIsIjIwMjYtMDktMTMiLCJERUwiLG51bGwsIkFJIiwiMTExNyJdXV0=,2026-09-12 18:54:00.815185
1504,168,AMD,DEL,2026-09-13,2026-09-20,,INR,290,Round trip,Air India,1,166,WyJDalJJWWw4emRVUlVWbTVmU2tGQlIzTlFhV2RDUnkwdExTMHRMUzB0TFhaMGRHOHhORUZCUVVGQlIzRnNWVzVuUlRGd00zZEJFZzFCU1RJNU1UaDhRVWt5T1Rjd09Cdz0iLFtbIkFNRCIsIjIwMjYtMDktMTMiLCJCT00iLG51bGwsIkFJIiwiMjkxOCJdLFsiQk9NIiwiMjAyNi0wOS0xMyIsIkRFTCIsbnVsbCwiQUkiLCIyOTcwIl1dXQ==,2026-09-12 18:54:00.818183
1505,169,AMD,BOM,2026-09-13,2026-09-20,8382.00,INR,90,Round trip,IndiGo,0,53,WyJDalJJTFc0ek1tdGljR3RXWW5kQlMyNVlWVUZDUnkwdExTMHRMUzB0TFMxNWJHOW9PRUZCUVVGQlIzRnNWVzUzUjA1RGRFdEJFZ1kyUlRZeU9EVWFDZ2krUVJBQUdnTkpUbEk0SEhERVJBPT0iLFtbIkFNRCIsIjIwMjYtMDktMTMiLCJCT00iLG51bGwsIjZFIiwiNjI4NSJdXV0=,2026-09-12 18:54:04.455882
1506,169,AMD,BOM,2026-09-13,2026-09-20,8588.00,INR,105,Round trip,Air India,0,60,WyJDalJJTFc0ek1tdGljR3RXWW5kQlMyNVlWVUZDUnkwdExTMHRMUzB0TFMxNWJHOW9PRUZCUVVGQlIzRnNWVzUzUjA1RGRFdEJFZ1pCU1RJNU1UZ2FDZ2lNUXhBQUdnTkpUbEk0SEhDYlJnPT0iLFtbIkFNRCIsIjIwMjYtMDktMTMiLCJCT00iLG51bGwsIkFJIiwiMjkxOCJdXV0=,2026-09-12 18:54:04.460695
1507,169,AMD,BOM,2026-09-13,2026-09-20,8926.00,INR,85,Round trip,Akasa Air,0,52,WyJDalJJTFc0ek1tdGljR3RXWW5kQlMyNVlWVUZDUnkwdExTMHRMUzB0TFMxNWJHOW9PRUZCUVVGQlIzRnNWVzUzUjA1RGRFdEJFZ1pSVURFeE9UUWFDZ2plUlJBQUdnTkpUbEk0SEhEOVNBPT0iLFtbIkFNRCIsIjIwMjYtMDktMTMiLCJCT00iLG51bGwsIlFQIiwiMTE5NCJdXV0=,2026-09-12 18:54:04.46415
1508,169,AMD,BOM,2026-09-13,2026-09-20,8643.00,INR,75,Round trip,IndiGo,0,49,WyJDalJJTFc0ek1tdGljR3RXWW5kQlMyNVlWVUZDUnkwdExTMHRMUzB0TFMxNWJHOW9PRUZCUVVGQlIzRnNWVzUzUjA1RGRFdEJFZ1kyUlRZek5URWFDZ2pEUXhBQUdnTkpUbEk0SEhEVlJnPT0iLFtbIkFNRCIsIjIwMjYtMDktMTMiLCJCT00iLG51bGwsIjZFIiwiNjM1MSJdXV0=,2026-09-12 18:54:04.466872
1509,169,AMD,BOM,2026-09-13,2026-09-20,9008.00,INR,95,Round trip,IndiGo,0,49,WyJDalJJTFc0ek1tdGljR3RXWW5kQlMyNVlWVUZDUnkwdExTMHRMUzB0TFMxNWJHOW9PRUZCUVVGQlIzRnNWVzUzUjA1RGRFdEJFZ1UyUlRnMk9Cb0tDTEJHRUFBYUEwbE9VamdjY05OSiIsW1siQU1EIiwiMjAyNi0wOS0xMyIsIkJPTSIsbnVsbCwiNkUiLCI4NjgiXV1d,2026-09-12 18:54:04.469482
1510,169,AMD,BOM,2026-09-13,2026-09-20,9012.00,INR,100,Round trip,IndiGo,0,49,WyJDalJJTFc0ek1tdGljR3RXWW5kQlMyNVlWVUZDUnkwdExTMHRMUzB0TFMxNWJHOW9PRUZCUVVGQlIzRnNWVzUzUjA1RGRFdEJFZ1kyUlRZeU1EVWFDZ2kwUmhBQUdnTkpUbEk0SEhEWFNRPT0iLFtbIkFNRCIsIjIwMjYtMDktMTMiLCJCT00iLG51bGwsIjZFIiwiNjIwNSJdXV0=,2026-09-12 18:54:04.472107
1512,169,AMD,BOM,2026-09-13,2026-09-20,9483.00,INR,90,Round trip,IndiGo,0,62,WyJDalJJTFc0ek1tdGljR3RXWW5kQlMyNVlWVUZDUnkwdExTMHRMUzB0TFMxNWJHOW9PRUZCUVVGQlIzRnNWVzUzUjA1RGRFdEJFZ1kyUlRVeE5EWWFDZ2lMU2hBQUdnTkpUbEk0SEhERVRRPT0iLFtbIkFNRCIsIjIwMjYtMDktMTMiLCJCT00iLG51bGwsIjZFIiwiNTE0NiJdXV0=,2026-09-12 18:54:04.477286
1513,169,AMD,BOM,2026-09-13,2026-09-20,9560.00,INR,100,Round trip,Air India,0,60,WyJDalJJTFc0ek1tdGljR3RXWW5kQlMyNVlWVUZDUnkwdExTMHRMUzB0TFMxNWJHOW9PRUZCUVVGQlIzRnNWVzUzUjA1RGRFdEJFZ1pCU1RJNE5EZ2FDZ2pZU2hBQUdnTkpUbEk0SEhDVlRnPT0iLFtbIkFNRCIsIjIwMjYtMDktMTMiLCJCT00iLG51bGwsIkFJIiwiMjg0OCJdXV0=,2026-09-12 18:54:04.479966
1514,169,AMD,BOM,2026-09-13,2026-09-20,9560.00,INR,100,Round trip,Air India,0,79,WyJDalJJTFc0ek1tdGljR3RXWW5kQlMyNVlWVUZDUnkwdExTMHRMUzB0TFMxNWJHOW9PRUZCUVVGQlIzRnNWVzUzUjA1RGRFdEJFZ1pCU1RJMU1EUWFDZ2pZU2hBQUdnTkpUbEk0SEhDVlRnPT0iLFtbIkFNRCIsIjIwMjYtMDktMTMiLCJCT00iLG51bGwsIkFJIiwiMjUwNCJdXV0=,2026-09-12 18:54:04.482236
1515,169,AMD,BOM,2026-09-13,2026-09-20,9638.00,INR,90,Round trip,IndiGo,0,53,WyJDalJJTFc0ek1tdGljR3RXWW5kQlMyNVlWVUZDUnkwdExTMHRMUzB0TFMxNWJHOW9PRUZCUVVGQlIzRnNWVzUzUjA1RGRFdEJFZ1kyUlRZME5qZ2FDZ2ltU3hBQUdnTkpUbEk0SEhEbVRnPT0iLFtbIkFNRCIsIjIwMjYtMDktMTMiLCJCT00iLG51bGwsIjZFIiwiNjQ2OCJdXV0=,2026-09-12 18:54:04.484642
1516,169,AMD,BOM,2026-09-13,2026-09-20,9638.00,INR,85,Round trip,IndiGo,0,49,WyJDalJJTFc0ek1tdGljR3RXWW5kQlMyNVlWVUZDUnkwdExTMHRMUzB0TFMxNWJHOW9PRUZCUVVGQlIzRnNWVzUzUjA1RGRFdEJFZ1kyUlRVd056Z2FDZ2ltU3hBQUdnTkpUbEk0SEhEbVRnPT0iLFtbIkFNRCIsIjIwMjYtMDktMTMiLCJCT00iLG51bGwsIjZFIiwiNTA3OCJdXV0=,2026-09-12 18:54:04.486951
1517,169,AMD,BOM,2026-09-13,2026-09-20,9638.00,INR,105,Round trip,Air India,0,60,WyJDalJJTFc0ek1tdGljR3RXWW5kQlMyNVlWVUZDUnkwdExTMHRMUzB0TFMxNWJHOW9PRUZCUVVGQlIzRnNWVzUzUjA1RGRFdEJFZ1pCU1RJNU1UWWFDZ2ltU3hBQUdnTkpUbEk0SEhEbVRnPT0iLFtbIkFNRCIsIjIwMjYtMDktMTMiLCJCT00iLG51bGwsIkFJIiwiMjkxNiJdXV0=,2026-09-12 18:54:04.48939
1518,169,AMD,BOM,2026-09-13,2026-09-20,9638.00,INR,90,Round trip,IndiGo,0,53,WyJDalJJTFc0ek1tdGljR3RXWW5kQlMyNVlWVUZDUnkwdExTMHRMUzB0TFMxNWJHOW9PRUZCUVVGQlIzRnNWVzUzUjA1RGRFdEJFZ1kyUlRVeE5qQWFDZ2ltU3hBQUdnTkpUbEk0SEhEbVRnPT0iLFtbIkFNRCIsIjIwMjYtMDktMTMiLCJCT00iLG51bGwsIjZFIiwiNTE2MCJdXV0=,2026-09-12 18:54:04.491814
1519,169,AMD,BOM,2026-09-13,2026-09-20,10478.00,INR,80,Round trip,IndiGo,0,53,WyJDalJJTFc0ek1tdGljR3RXWW5kQlMyNVlWVUZDUnkwdExTMHRMUzB0TFMxNWJHOW9PRUZCUVVGQlIzRnNWVzUzUjA1RGRFdEJFZ1kyUlRVeE16a2FDZ2p1VVJBQUdnTkpUbEk0SEhEVlZRPT0iLFtbIkFNRCIsIjIwMjYtMDktMTMiLCJCT00iLG51bGwsIjZFIiwiNTEzOSJdXV0=,2026-09-12 18:54:04.494433
1520,169,AMD,BOM,2026-09-13,2026-09-20,10909.00,INR,100,Round trip,Air India,0,79,WyJDalJJTFc0ek1tdGljR3RXWW5kQlMyNVlWVUZDUnkwdExTMHRMUzB0TFMxNWJHOW9PRUZCUVVGQlIzRnNWVzUzUjA1RGRFdEJFZ1pCU1RJME9UUWFDZ2lkVlJBQUdnTkpUbEk0SEhDWVdRPT0iLFtbIkFNRCIsIjIwMjYtMDktMTMiLCJCT00iLG51bGwsIkFJIiwiMjQ5NCJdXV0=,2026-09-12 18:54:04.496687
1521,169,AMD,BOM,2026-09-13,2026-09-20,,INR,290,Round trip,Air India,1,182,WyJDalJJTFc0ek1tdGljR3RXWW5kQlMyNVlWVUZDUnkwdExTMHRMUzB0TFMxNWJHOW9PRUZCUVVGQlIzRnNWVzUzUjA1RGRFdEJFZzFCU1RJNU1EWjhRVWt5T1RZek9Cdz0iLFtbIkFNRCIsIjIwMjYtMDktMTMiLCJERUwiLG51bGwsIkFJIiwiMjkwNiJdLFsiREVMIiwiMjAyNi0wOS0xMyIsIkJPTSIsbnVsbCwiQUkiLCIyOTYzIl1dXQ==,2026-09-12 18:54:04.500658
1522,169,AMD,BOM,2026-09-13,2026-09-20,,INR,290,Round trip,Air India,1,182,WyJDalJJTFc0ek1tdGljR3RXWW5kQlMyNVlWVUZDUnkwdExTMHRMUzB0TFMxNWJHOW9PRUZCUVVGQlIzRnNWVzUzUjA1RGRFdEJFZzFCU1RJM01UWjhRVWt5T1RReE9Cdz0iLFtbIkFNRCIsIjIwMjYtMDktMTMiLCJERUwiLG51bGwsIkFJIiwiMjcxNiJdLFsiREVMIiwiMjAyNi0wOS0xMyIsIkJPTSIsbnVsbCwiQUkiLCIyOTQxIl1dXQ==,2026-09-12 18:54:04.503585
1523,170,AMD,HYD,2026-09-13,2026-09-20,13777.00,INR,170,Round trip,Star Air,1,184,WyJDalJJWlV3d1dVSmhRV2swVWxGQlIwdHhkbWRDUnkwdExTMHRMUzB0TFhscFkzTTJOMEZCUVVGQlIzRnNWVzlCUm5kM2JHZEJFZ3RUTlRJeE9YeFROVEU1TnhvS0NORnJFQUFhQTBsT1VqZ2NjTkp3IixbWyJBTUQiLCIyMDI2LTA5LTEzIiwiTkRDIixudWxsLCJTNSIsIjIxOSJdLFsiTkRDIiwiMjAyNi0wOS0xMyIsIkhZRCIsbnVsbCwiUzUiLCIxOTciXV1d,2026-09-12 18:54:13.781825
1524,170,AMD,HYD,2026-09-13,2026-09-20,14019.00,INR,95,Round trip,IndiGo,0,76,WyJDalJJWlV3d1dVSmhRV2swVWxGQlIwdHhkbWRDUnkwdExTMHRMUzB0TFhscFkzTTJOMEZCUVVGQlIzRnNWVzlCUm5kM2JHZEJFZ1kyUlRZM01qZ2FDZ2pEYlJBQUdnTkpUbEk0SEhEUGNnPT0iLFtbIkFNRCIsIjIwMjYtMDktMTMiLCJIWUQiLG51bGwsIjZFIiwiNjcyOCJdXV0=,2026-09-12 18:54:13.784615
1525,170,AMD,HYD,2026-09-13,2026-09-20,14439.00,INR,110,Round trip,IndiGo,0,76,WyJDalJJWlV3d1dVSmhRV2swVWxGQlIwdHhkbWRDUnkwdExTMHRMUzB0TFhscFkzTTJOMEZCUVVGQlIzRnNWVzlCUm5kM2JHZEJFZ1kyUlRVeU1EZ2FDZ2puY0JBQUdnTkpUbEk0SEhDSGRnPT0iLFtbIkFNRCIsIjIwMjYtMDktMTMiLCJIWUQiLG51bGwsIjZFIiwiNTIwOCJdXV0=,2026-09-12 18:54:13.786593
1526,170,AMD,HYD,2026-09-13,2026-09-20,14439.00,INR,105,Round trip,IndiGo,0,81,WyJDalJJWlV3d1dVSmhRV2swVWxGQlIwdHhkbWRDUnkwdExTMHRMUzB0TFhscFkzTTJOMEZCUVVGQlIzRnNWVzlCUm5kM2JHZEJFZ1kyUlRZd09UZ2FDZ2puY0JBQUdnTkpUbEk0SEhDSGRnPT0iLFtbIkFNRCIsIjIwMjYtMDktMTMiLCJIWUQiLG51bGwsIjZFIiwiNjA5OCJdXV0=,2026-09-12 18:54:13.789762
1527,170,AMD,HYD,2026-09-13,2026-09-20,14964.00,INR,105,Round trip,IndiGo,0,81,WyJDalJJWlV3d1dVSmhRV2swVWxGQlIwdHhkbWRDUnkwdExTMHRMUzB0TFhscFkzTTJOMEZCUVVGQlIzRnNWVzlCUm5kM2JHZEJFZ1UyUlRnM09Sb0tDUFIwRUFBYUEwbE9VamdjY0t4NiIsW1siQU1EIiwiMjAyNi0wOS0xMyIsIkhZRCIsbnVsbCwiNkUiLCI4NzkiXV1d,2026-09-12 18:54:13.791835
1528,170,AMD,HYD,2026-09-13,2026-09-20,14570.00,INR,310,Round trip,IndiGo,1,100,WyJDalJJWlV3d1dVSmhRV2swVWxGQlIwdHhkbWRDUnkwdExTMHRMUzB0TFhscFkzTTJOMEZCUVVGQlIzRnNWVzlCUm5kM2JHZEJFZ3MyUlRZNU9YdzJSVE0xTWhvS0NPcHhFQUFhQTBsT1VqZ2NjSkIzIixbWyJBTUQiLCIyMDI2LTA5LTEzIiwiUE5RIixudWxsLCI2RSIsIjY5OSJdLFsiUE5RIiwiMjAyNi0wOS0xMyIsIkhZRCIsbnVsbCwiNkUiLCIzNTIiXV1d,2026-09-12 18:54:13.793876
1529,170,AMD,HYD,2026-09-13,2026-09-20,14570.00,INR,315,Round trip,IndiGo,1,121,WyJDalJJWlV3d1dVSmhRV2swVWxGQlIwdHhkbWRDUnkwdExTMHRMUzB0TFhscFkzTTJOMEZCUVVGQlIzRnNWVzlCUm5kM2JHZEJFZzAyUlRVeE5EWjhOa1UxTVRjNEdnb0k2bkVRQUJvRFNVNVNPQnh3a0hjPSIsW1siQU1EIiwiMjAyNi0wOS0xMyIsIkJPTSIsbnVsbCwiNkUiLCI1MTQ2Il0sWyJCT00iLCIyMDI2LTA5LTEzIiwiSFlEIixudWxsLCI2RSIsIjUxNzgiXV1d,2026-09-12 18:54:13.796094
1530,170,AMD,HYD,2026-09-13,2026-09-20,14570.00,INR,255,Round trip,IndiGo,1,113,WyJDalJJWlV3d1dVSmhRV2swVWxGQlIwdHhkbWRDUnkwdExTMHRMUzB0TFhscFkzTTJOMEZCUVVGQlIzRnNWVzlCUm5kM2JHZEJFZzAyUlRVeE16bDhOa1UxTXpJMkdnb0k2bkVRQUJvRFNVNVNPQnh3a0hjPSIsW1siQU1EIiwiMjAyNi0wOS0xMyIsIkJPTSIsbnVsbCwiNkUiLCI1MTM5Il0sWyJCT00iLCIyMDI2LTA5LTEzIiwiSFlEIixudWxsLCI2RSIsIjUzMjYiXV1d,2026-09-12 18:54:13.798295
1531,170,AMD,HYD,2026-09-13,2026-09-20,15475.00,INR,820,Round trip,Air India,1,130,WyJDalJJWlV3d1dVSmhRV2swVWxGQlIwdHhkbWRDUnkwdExTMHRMUzB0TFhscFkzTTJOMEZCUVVGQlIzRnNWVzlCUm5kM2JHZEJFZzFCU1RJNU1UWjhRVWt5TmpJMUdnb0k4M2dRQUJvRFNVNVNPQnh3dzM0PSIsW1siQU1EIiwiMjAyNi0wOS0xMyIsIkJPTSIsbnVsbCwiQUkiLCIyOTE2Il0sWyJCT00iLCIyMDI2LTA5LTE0IiwiSFlEIixudWxsLCJBSSIsIjI2MjUiXV1d,2026-09-12 18:54:13.800456
1532,170,AMD,HYD,2026-09-13,2026-09-20,21495.00,INR,275,Round trip,Air India,1,130,WyJDalJJWlV3d1dVSmhRV2swVWxGQlIwdHhkbWRDUnkwdExTMHRMUzB0TFhscFkzTTJOMEZCUVVGQlIzRnNWVzlCUm5kM2JHZEJFZzFCU1RJNE5EaDhRVWt5TlRNeEdnc0k5NmNCRUFBYUEwbE9VamdjY04rdkFRPT0iLFtbIkFNRCIsIjIwMjYtMDktMTMiLCJCT00iLG51bGwsIkFJIiwiMjg0OCJdLFsiQk9NIiwiMjAyNi0wOS0xMyIsIkhZRCIsbnVsbCwiQUkiLCIyNTMxIl1dXQ==,2026-09-12 18:54:13.802629
1533,171,AMD,MAA,2026-09-13,2026-09-20,16049.00,INR,150,Round trip,IndiGo,0,110,WyJDalJJYlY4dE9XSXdRek5qTmxsQlNrSlBUSGRDUnkwdExTMHRMUzB0TFhscFltVmhNVUZCUVVGQlIzRnNWWEJCUVRSTlFXbEJFZ1UyUlRNME9Cb0tDTEY5RUFBYUEwbE9VamdjY0p1REFRPT0iLFtbIkFNRCIsIjIwMjYtMDktMTMiLCJNQUEiLG51bGwsIjZFIiwiMzQ4Il1dXQ==,2026-09-12 18:54:24.062145
1556,174,AMD,COK,2026-09-13,2026-09-20,20925.00,INR,145,Round trip,IndiGo,0,107,WyJDalJJVlRkTk5sRk1VMnRPVTBWQlIzZHhOa0ZDUnkwdExTMHRMUzB0TFhCbVltSjFOa0ZCUVVGQlIzRnNWWEZKUlZsdWFVdEJFZ1kyUlRZek9URWFDd2k5b3dFUUFCb0RTVTVTT0J4d2lxc0IiLFtbIkFNRCIsIjIwMjYtMDktMTMiLCJDT0siLG51bGwsIjZFIiwiNjM5MSJdXV0=,2026-09-12 18:54:43.546925
1534,171,AMD,MAA,2026-09-13,2026-09-20,16818.00,INR,265,Round trip,IndiGo,1,137,WyJDalJJYlY4dE9XSXdRek5qTmxsQlNrSlBUSGRDUnkwdExTMHRMUzB0TFhscFltVmhNVUZCUVVGQlIzRnNWWEJCUVRSTlFXbEJFZzAyUlRVeE16bDhOa1UxTVRBMUdnc0lzb01CRUFBYUEwbE9VamdjY01DSkFRPT0iLFtbIkFNRCIsIjIwMjYtMDktMTMiLCJCT00iLG51bGwsIjZFIiwiNTEzOSJdLFsiQk9NIiwiMjAyNi0wOS0xMyIsIk1BQSIsbnVsbCwiNkUiLCI1MTA1Il1dXQ==,2026-09-12 18:54:24.065434
1535,171,AMD,MAA,2026-09-13,2026-09-20,18254.00,INR,145,Round trip,IndiGo,0,104,WyJDalJJYlY4dE9XSXdRek5qTmxsQlNrSlBUSGRDUnkwdExTMHRMUzB0TFhscFltVmhNVUZCUVVGQlIzRnNWWEJCUVRSTlFXbEJFZ1UyUlRRM09Sb0xDTTZPQVJBQUdnTkpUbEk0SEhDZmxRRT0iLFtbIkFNRCIsIjIwMjYtMDktMTMiLCJNQUEiLG51bGwsIjZFIiwiNDc5Il1dXQ==,2026-09-12 18:54:24.068736
1536,171,AMD,MAA,2026-09-13,2026-09-20,16178.00,INR,410,Round trip,IndiGo,1,137,WyJDalJJYlY4dE9XSXdRek5qTmxsQlNrSlBUSGRDUnkwdExTMHRMUzB0TFhscFltVmhNVUZCUVVGQlIzRnNWWEJCUVRSTlFXbEJFZzAyUlRZME5qaDhOa1UxTXpNM0dnb0lzbjRRQUJvRFNVNVNPQnh3b29RQiIsW1siQU1EIiwiMjAyNi0wOS0xMyIsIkJPTSIsbnVsbCwiNkUiLCI2NDY4Il0sWyJCT00iLCIyMDI2LTA5LTEzIiwiTUFBIixudWxsLCI2RSIsIjUzMzciXV1d,2026-09-12 18:54:24.071316
1537,171,AMD,MAA,2026-09-13,2026-09-20,16178.00,INR,395,Round trip,IndiGo,1,132,WyJDalJJYlY4dE9XSXdRek5qTmxsQlNrSlBUSGRDUnkwdExTMHRMUzB0TFhscFltVmhNVUZCUVVGQlIzRnNWWEJCUVRSTlFXbEJFZzAyUlRVd056aDhOa1UxTVRrMkdnb0lzbjRRQUJvRFNVNVNPQnh3b29RQiIsW1siQU1EIiwiMjAyNi0wOS0xMyIsIkJPTSIsbnVsbCwiNkUiLCI1MDc4Il0sWyJCT00iLCIyMDI2LTA5LTEzIiwiTUFBIixudWxsLCI2RSIsIjUxOTYiXV1d,2026-09-12 18:54:24.074068
1538,171,AMD,MAA,2026-09-13,2026-09-20,16818.00,INR,335,Round trip,IndiGo,1,130,WyJDalJJYlY4dE9XSXdRek5qTmxsQlNrSlBUSGRDUnkwdExTMHRMUzB0TFhscFltVmhNVUZCUVVGQlIzRnNWWEJCUVRSTlFXbEJFZ3cyUlRneU0zdzJSVFl5TURnYUN3aXlnd0VRQUJvRFNVNVNPQnh3d0lrQiIsW1siQU1EIiwiMjAyNi0wOS0xMyIsIkJMUiIsbnVsbCwiNkUiLCI4MjMiXSxbIkJMUiIsIjIwMjYtMDktMTMiLCJNQUEiLG51bGwsIjZFIiwiNjIwOCJdXV0=,2026-09-12 18:54:24.07922
1539,171,AMD,MAA,2026-09-13,2026-09-20,16818.00,INR,270,Round trip,IndiGo,1,130,WyJDalJJYlY4dE9XSXdRek5qTmxsQlNrSlBUSGRDUnkwdExTMHRMUzB0TFhscFltVmhNVUZCUVVGQlIzRnNWWEJCUVRSTlFXbEJFZ3cyUlRnMk0zdzJSVFl3TnpjYUN3aXlnd0VRQUJvRFNVNVNPQnh3d0lrQiIsW1siQU1EIiwiMjAyNi0wOS0xMyIsIkJMUiIsbnVsbCwiNkUiLCI4NjMiXSxbIkJMUiIsIjIwMjYtMDktMTMiLCJNQUEiLG51bGwsIjZFIiwiNjA3NyJdXV0=,2026-09-12 18:54:24.082616
1540,171,AMD,MAA,2026-09-13,2026-09-20,17439.00,INR,280,Round trip,IndiGo,1,130,WyJDalJJYlY4dE9XSXdRek5qTmxsQlNrSlBUSGRDUnkwdExTMHRMUzB0TFhscFltVmhNVUZCUVVGQlIzRnNWWEJCUVRSTlFXbEJFZ3MyUlRZNU9YdzJSVEUxT1JvTENKK0lBUkFBR2dOSlRsSTRISERLamdFPSIsW1siQU1EIiwiMjAyNi0wOS0xMyIsIlBOUSIsbnVsbCwiNkUiLCI2OTkiXSxbIlBOUSIsIjIwMjYtMDktMTMiLCJNQUEiLG51bGwsIjZFIiwiMTU5Il1dXQ==,2026-09-12 18:54:24.086423
1541,171,AMD,MAA,2026-09-13,2026-09-20,,INR,280,Round trip,Air India,1,157,WyJDalJJYlY4dE9XSXdRek5qTmxsQlNrSlBUSGRDUnkwdExTMHRMUzB0TFhscFltVmhNVUZCUVVGQlIzRnNWWEJCUVRSTlFXbEJFZzFCU1RJNU1UWjhRVWt5T0RJM09Cdz0iLFtbIkFNRCIsIjIwMjYtMDktMTMiLCJCT00iLG51bGwsIkFJIiwiMjkxNiJdLFsiQk9NIiwiMjAyNi0wOS0xMyIsIk1BQSIsbnVsbCwiQUkiLCIyODI3Il1dXQ==,2026-09-12 18:54:24.089693
1542,172,AMD,CCU,2026-09-13,2026-09-20,14341.00,INR,160,Round trip,IndiGo,0,114,WyJDalJJUkdkWlREZFNjRVU0VTJOQlJteGhWWGRDUnkwdExTMHRMUzB0TFhscFltZHdPRUZCUVVGQlIzRnNWWEJSUTNGdGFFdEJFZ1UyUlRNeE9Sb0tDSVZ3RUFBYUEwbE9VamdjY0tCMSIsW1siQU1EIiwiMjAyNi0wOS0xMyIsIkNDVSIsbnVsbCwiNkUiLCIzMTkiXV1d,2026-09-12 18:54:28.751865
1543,172,AMD,CCU,2026-09-13,2026-09-20,17365.00,INR,160,Round trip,IndiGo,0,114,WyJDalJJUkdkWlREZFNjRVU0VTJOQlJteGhWWGRDUnkwdExTMHRMUzB0TFhscFltZHdPRUZCUVVGQlIzRnNWWEJSUTNGdGFFdEJFZ1UyUlRjMU1Sb0xDTldIQVJBQUdnTkpUbEk0SEhEOWpRRT0iLFtbIkFNRCIsIjIwMjYtMDktMTMiLCJDQ1UiLG51bGwsIjZFIiwiNzUxIl1dXQ==,2026-09-12 18:54:28.754209
1544,172,AMD,CCU,2026-09-13,2026-09-20,18100.00,INR,160,Round trip,IndiGo,0,120,WyJDalJJUkdkWlREZFNjRVU0VTJOQlJteGhWWGRDUnkwdExTMHRMUzB0TFhscFltZHdPRUZCUVVGQlIzRnNWWEJSUTNGdGFFdEJFZ1kyUlRZMU5UWWFDd2kwalFFUUFCb0RTVTVTT0J4dy9wTUIiLFtbIkFNRCIsIjIwMjYtMDktMTMiLCJDQ1UiLG51bGwsIjZFIiwiNjU1NiJdXV0=,2026-09-12 18:54:28.756104
1545,172,AMD,CCU,2026-09-13,2026-09-20,18825.00,INR,480,Round trip,IndiGo,1,143,WyJDalJJUkdkWlREZFNjRVU0VTJOQlJteGhWWGRDUnkwdExTMHRMUzB0TFhscFltZHdPRUZCUVVGQlIzRnNWWEJSUTNGdGFFdEJFZzAyUlRZME9UTjhOa1UzTXpJMkdnc0lpWk1CRUFBYUEwbE9VamdjY1BXWkFRPT0iLFtbIkFNRCIsIjIwMjYtMDktMTMiLCJJWFIiLG51bGwsIjZFIiwiNjQ5MyJdLFsiSVhSIiwiMjAyNi0wOS0xMyIsIkNDVSIsbnVsbCwiNkUiLCI3MzI2Il1dXQ==,2026-09-12 18:54:28.757713
1546,172,AMD,CCU,2026-09-13,2026-09-20,,INR,335,Round trip,Air India,1,215,WyJDalJJUkdkWlREZFNjRVU0VTJOQlJteGhWWGRDUnkwdExTMHRMUzB0TFhscFltZHdPRUZCUVVGQlIzRnNWWEJSUTNGdGFFdEJFZ3hCU1RReU5IeEJTVEUzTXpNNEhBPT0iLFtbIkFNRCIsIjIwMjYtMDktMTMiLCJERUwiLG51bGwsIkFJIiwiNDI0Il0sWyJERUwiLCIyMDI2LTA5LTEzIiwiQ0NVIixudWxsLCJBSSIsIjE3MzMiXV1d,2026-09-12 18:54:28.760677
1547,173,AMD,PNQ,2026-09-13,2026-09-20,9676.00,INR,505,Round trip,IndiGo,1,92,WyJDalJJUW0xTmRUWTRTek5MTW05QlJUbDNUMUZDUnkwdExTMHRMUzB0TFMxd2FuSjVPRUZCUVVGQlIzRnNWWEJyUkhkbVJGZEJFZ3cyUlRjeE9EZDhOa1V4TWpBYUNnak1TeEFBR2dOSlRsSTRISENPVHc9PSIsW1siQU1EIiwiMjAyNi0wOS0xMyIsIklEUiIsbnVsbCwiNkUiLCI3MTg3Il0sWyJJRFIiLCIyMDI2LTA5LTE0IiwiUE5RIixudWxsLCI2RSIsIjEyMCJdXV0=,2026-09-12 18:54:37.952109
1548,173,AMD,PNQ,2026-09-13,2026-09-20,10447.00,INR,90,Round trip,IndiGo,0,55,WyJDalJJUW0xTmRUWTRTek5MTW05QlJUbDNUMUZDUnkwdExTMHRMUzB0TFMxd2FuSjVPRUZCUVVGQlIzRnNWWEJyUkhkbVJGZEJFZ1kyUlRJeE5UUWFDZ2pQVVJBQUdnTkpUbEk0SEhDMVZRPT0iLFtbIkFNRCIsIjIwMjYtMDktMTMiLCJQTlEiLG51bGwsIjZFIiwiMjE1NCJdXV0=,2026-09-12 18:54:37.955381
1549,173,AMD,PNQ,2026-09-13,2026-09-20,10827.00,INR,85,Round trip,Akasa Air,0,53,WyJDalJJUW0xTmRUWTRTek5MTW05QlJUbDNUMUZDUnkwdExTMHRMUzB0TFMxd2FuSjVPRUZCUVVGQlIzRnNWWEJyUkhkbVJGZEJFZ1pSVURFNU1URWFDZ2pMVkJBQUdnTkpUbEk0SEhERFdBPT0iLFtbIkFNRCIsIjIwMjYtMDktMTMiLCJQTlEiLG51bGwsIlFQIiwiMTkxMSJdXV0=,2026-09-12 18:54:37.957269
1550,173,AMD,PNQ,2026-09-13,2026-09-20,10930.00,INR,75,Round trip,IndiGo,0,50,WyJDalJJUW0xTmRUWTRTek5MTW05QlJUbDNUMUZDUnkwdExTMHRMUzB0TFMxd2FuSjVPRUZCUVVGQlIzRnNWWEJyUkhkbVJGZEJFZ1UyUlRVeU1ob0tDTEpWRUFBYUEwbE9VamdjY0s1WiIsW1siQU1EIiwiMjAyNi0wOS0xMyIsIlBOUSIsbnVsbCwiNkUiLCI1MjIiXV1d,2026-09-12 18:54:37.961551
1551,173,AMD,PNQ,2026-09-13,2026-09-20,11426.00,INR,90,Round trip,Akasa Air,0,52,WyJDalJJUW0xTmRUWTRTek5MTW05QlJUbDNUMUZDUnkwdExTMHRMUzB0TFMxd2FuSjVPRUZCUVVGQlIzRnNWWEJyUkhkbVJGZEJFZ1pSVURFNU1UY2FDZ2lpV1JBQUdnTkpUbEk0SEhDMVhRPT0iLFtbIkFNRCIsIjIwMjYtMDktMTMiLCJQTlEiLG51bGwsIlFQIiwiMTkxNyJdXV0=,2026-09-12 18:54:37.963332
1552,173,AMD,PNQ,2026-09-13,2026-09-20,11539.00,INR,75,Round trip,IndiGo,0,55,WyJDalJJUW0xTmRUWTRTek5MTW05QlJUbDNUMUZDUnkwdExTMHRMUzB0TFMxd2FuSjVPRUZCUVVGQlIzRnNWWEJyUkhkbVJGZEJFZ1UyUlRjNU5Cb0tDSk5hRUFBYUEwbE9VamdjY0t4ZSIsW1siQU1EIiwiMjAyNi0wOS0xMyIsIlBOUSIsbnVsbCwiNkUiLCI3OTQiXV1d,2026-09-12 18:54:37.965039
1553,173,AMD,PNQ,2026-09-13,2026-09-20,11885.00,INR,70,Round trip,IndiGo,0,50,WyJDalJJUW0xTmRUWTRTek5MTW05QlJUbDNUMUZDUnkwdExTMHRMUzB0TFMxd2FuSjVPRUZCUVVGQlIzRnNWWEJyUkhkbVJGZEJFZ1UyUlRZNU9Sb0tDTzFjRUFBYUEwbE9VamdjY0paaCIsW1siQU1EIiwiMjAyNi0wOS0xMyIsIlBOUSIsbnVsbCwiNkUiLCI2OTkiXV1d,2026-09-12 18:54:37.966745
1554,173,AMD,PNQ,2026-09-13,2026-09-20,22123.00,INR,330,Round trip,Air India Express,1,188,WyJDalJJUW0xTmRUWTRTek5MTW05QlJUbDNUMUZDUnkwdExTMHRMUzB0TFMxd2FuSjVPRUZCUVVGQlIzRnNWWEJyUkhkbVJGZEJFZzFKV0RFMU1EaDhTVmd4T1RjeEdnc0k2NndCRUFBYUEwbE9VamdjY1BDMEFRPT0iLFtbIkFNRCIsIjIwMjYtMDktMTMiLCJCTFIiLG51bGwsIklYIiwiMTUwOCJdLFsiQkxSIiwiMjAyNi0wOS0xMyIsIlBOUSIsbnVsbCwiSVgiLCIxOTcxIl1dXQ==,2026-09-12 18:54:37.96867
1555,173,AMD,PNQ,2026-09-13,2026-09-20,24965.00,INR,315,Round trip,Air India,1,184,WyJDalJJUW0xTmRUWTRTek5MTW05QlJUbDNUMUZDUnkwdExTMHRMUzB0TFMxd2FuSjVPRUZCUVVGQlIzRnNWWEJyUkhkbVJGZEJFZzFCU1RJMU5EWjhRVWt5TnpFeEdnc0loY01CRUFBYUEwbE9VamdjY0k3TUFRPT0iLFtbIkFNRCIsIjIwMjYtMDktMTMiLCJERUwiLG51bGwsIkFJIiwiMjU0NiJdLFsiREVMIiwiMjAyNi0wOS0xNCIsIlBOUSIsbnVsbCwiQUkiLCIyNzExIl1dXQ==,2026-09-12 18:54:37.971503
1557,174,AMD,COK,2026-09-13,2026-09-20,21043.00,INR,495,Round trip,IndiGo,1,130,WyJDalJJVlRkTk5sRk1VMnRPVTBWQlIzZHhOa0ZDUnkwdExTMHRMUzB0TFhCbVltSjFOa0ZCUVVGQlIzRnNWWEZKUlZsdWFVdEJFZzAyUlRZek5URjhOa1UyTnpBeEdnc0lzNlFCRUFBYUEwbE9VamdjY0lhc0FRPT0iLFtbIkFNRCIsIjIwMjYtMDktMTMiLCJCT00iLG51bGwsIjZFIiwiNjM1MSJdLFsiQk9NIiwiMjAyNi0wOS0xNCIsIkNPSyIsbnVsbCwiNkUiLCI2NzAxIl1dXQ==,2026-09-12 18:54:43.549872
1558,174,AMD,COK,2026-09-13,2026-09-20,23078.00,INR,275,Round trip,IndiGo,1,141,WyJDalJJVlRkTk5sRk1VMnRPVTBWQlIzZHhOa0ZDUnkwdExTMHRMUzB0TFhCbVltSjFOa0ZCUVVGQlIzRnNWWEZKUlZsdWFVdEJFZ3MyUlRnMk0zdzJSVFF6TlJvTENLYTBBUkFBR2dOSlRsSTRISERYdkFFPSIsW1siQU1EIiwiMjAyNi0wOS0xMyIsIkJMUiIsbnVsbCwiNkUiLCI4NjMiXSxbIkJMUiIsIjIwMjYtMDktMTMiLCJDT0siLG51bGwsIjZFIiwiNDM1Il1dXQ==,2026-09-12 18:54:43.552917
1559,174,AMD,COK,2026-09-13,2026-09-20,22879.00,INR,455,Round trip,IndiGo,1,134,WyJDalJJVlRkTk5sRk1VMnRPVTBWQlIzZHhOa0ZDUnkwdExTMHRMUzB0TFhCbVltSjFOa0ZCUVVGQlIzRnNWWEZKUlZsdWFVdEJFZzAyUlRVeE16bDhOa1V5TURrekdnc0kzN0lCRUFBYUEwbE9VamdjY0llN0FRPT0iLFtbIkFNRCIsIjIwMjYtMDktMTMiLCJCT00iLG51bGwsIjZFIiwiNTEzOSJdLFsiQk9NIiwiMjAyNi0wOS0xMyIsIkNPSyIsbnVsbCwiNkUiLCIyMDkzIl1dXQ==,2026-09-12 18:54:43.555438
1560,174,AMD,COK,2026-09-13,2026-09-20,22996.00,INR,375,Round trip,IndiGo,1,130,WyJDalJJVlRkTk5sRk1VMnRPVTBWQlIzZHhOa0ZDUnkwdExTMHRMUzB0TFhCbVltSjFOa0ZCUVVGQlIzRnNWWEZKUlZsdWFVdEJFZzAyUlRZeU1EVjhOa1UyTnpBeEdnc0kxTE1CRUFBYUEwbE9VamdjY0lLOEFRPT0iLFtbIkFNRCIsIjIwMjYtMDktMTMiLCJCT00iLG51bGwsIjZFIiwiNjIwNSJdLFsiQk9NIiwiMjAyNi0wOS0xMyIsIkNPSyIsbnVsbCwiNkUiLCI2NzAxIl1dXQ==,2026-09-12 18:54:43.558442
1561,174,AMD,COK,2026-09-13,2026-09-20,22999.00,INR,485,Round trip,IndiGo,1,135,WyJDalJJVlRkTk5sRk1VMnRPVTBWQlIzZHhOa0ZDUnkwdExTMHRMUzB0TFhCbVltSjFOa0ZCUVVGQlIzRnNWWEZKUlZsdWFVdEJFZ3cyUlRjNU5IdzJSVFl4TWprYUN3alhzd0VRQUJvRFNVNVNPQnh3aGJ3QiIsW1siQU1EIiwiMjAyNi0wOS0xMyIsIlBOUSIsbnVsbCwiNkUiLCI3OTQiXSxbIlBOUSIsIjIwMjYtMDktMTQiLCJDT0siLG51bGwsIjZFIiwiNjEyOSJdXV0=,2026-09-12 18:54:43.561654
1562,174,AMD,COK,2026-09-13,2026-09-20,24002.00,INR,315,Round trip,IndiGo,1,144,WyJDalJJVlRkTk5sRk1VMnRPVTBWQlIzZHhOa0ZDUnkwdExTMHRMUzB0TFhCbVltSjFOa0ZCUVVGQlIzRnNWWEZKUlZsdWFVdEJFZzAyUlRVeU1EaDhOa1UyTnpBM0dnc0l3cnNCRUFBYUEwbE9VamdjY0o3RUFRPT0iLFtbIkFNRCIsIjIwMjYtMDktMTMiLCJIWUQiLG51bGwsIjZFIiwiNTIwOCJdLFsiSFlEIiwiMjAyNi0wOS0xMyIsIkNPSyIsbnVsbCwiNkUiLCI2NzA3Il1dXQ==,2026-09-12 18:54:43.566247
1563,174,AMD,COK,2026-09-13,2026-09-20,25072.00,INR,245,Round trip,IndiGo,1,138,WyJDalJJVlRkTk5sRk1VMnRPVTBWQlIzZHhOa0ZDUnkwdExTMHRMUzB0TFhCbVltSjFOa0ZCUVVGQlIzRnNWWEZKUlZsdWFVdEJFZ3cyUlRZek5EVjhOa1U0T0RVYUN3and3d0VRQUJvRFNVNVNPQnh3L3N3QiIsW1siQU1EIiwiMjAyNi0wOS0xMyIsIkdPSSIsbnVsbCwiNkUiLCI2MzQ1Il0sWyJHT0kiLCIyMDI2LTA5LTEzIiwiQ09LIixudWxsLCI2RSIsIjg4NSJdXV0=,2026-09-12 18:54:43.569416
1564,174,AMD,COK,2026-09-13,2026-09-20,,INR,340,Round trip,Air India,1,265,WyJDalJJVlRkTk5sRk1VMnRPVTBWQlIzZHhOa0ZDUnkwdExTMHRMUzB0TFhCbVltSjFOa0ZCUVVGQlIzRnNWWEZKUlZsdWFVdEJFZ3hCU1RReU5IeEJTVEkwTnpNNEhBPT0iLFtbIkFNRCIsIjIwMjYtMDktMTMiLCJERUwiLG51bGwsIkFJIiwiNDI0Il0sWyJERUwiLCIyMDI2LTA5LTEzIiwiQ09LIixudWxsLCJBSSIsIjI0NzMiXV1d,2026-09-12 18:54:43.572676
1565,175,AMD,GOI,2026-09-13,2026-09-20,13298.00,INR,95,Round trip,IndiGo,0,71,WyJDalJJUW0xTmRUWTRTek5MTW05QlJUbDRjbEZDUnkwdExTMHRMUzB0TFMxd2FuSjVPRUZCUVVGQlIzRnNWWEZqU0VGUU0yTkJFZ1UyUlRrNU1ob0tDUEpuRUFBYUEwbE9VamdjY04xcyIsW1siQU1EIiwiMjAyNi0wOS0xMyIsIkdPSSIsbnVsbCwiNkUiLCI5OTIiXV1d,2026-09-12 18:54:47.473033
1566,175,AMD,GOI,2026-09-13,2026-09-20,13718.00,INR,100,Round trip,IndiGo,0,76,WyJDalJJUW0xTmRUWTRTek5MTW05QlJUbDRjbEZDUnkwdExTMHRMUzB0TFMxd2FuSjVPRUZCUVVGQlIzRnNWWEZqU0VGUU0yTkJFZ1kyUlRZek5EVWFDZ2lXYXhBQUdnTkpUbEk0SEhDVWNBPT0iLFtbIkFNRCIsIjIwMjYtMDktMTMiLCJHT0kiLG51bGwsIjZFIiwiNjM0NSJdXV0=,2026-09-12 18:54:47.476716
1567,175,AMD,GOI,2026-09-13,2026-09-20,15337.00,INR,235,Round trip,IndiGo,1,103,WyJDalJJUW0xTmRUWTRTek5MTW05QlJUbDRjbEZDUnkwdExTMHRMUzB0TFMxd2FuSjVPRUZCUVVGQlIzRnNWWEZqU0VGUU0yTkJFZzAyUlRVeE5qQjhOa1UxTVRBMkdnb0k2WGNRQUJvRFNVNVNPQnh3c24wPSIsW1siQU1EIiwiMjAyNi0wOS0xMyIsIkJPTSIsbnVsbCwiNkUiLCI1MTYwIl0sWyJCT00iLCIyMDI2LTA5LTEzIiwiR09JIixudWxsLCI2RSIsIjUxMDYiXV1d,2026-09-12 18:54:47.479441
1568,175,AMD,GOI,2026-09-13,2026-09-20,15337.00,INR,370,Round trip,IndiGo,1,98,WyJDalJJUW0xTmRUWTRTek5MTW05QlJUbDRjbEZDUnkwdExTMHRMUzB0TFMxd2FuSjVPRUZCUVVGQlIzRnNWWEZqU0VGUU0yTkJFZ3cyUlRZME5qaDhOa1V5TXpBYUNnanBkeEFBR2dOSlRsSTRISEN5ZlE9PSIsW1siQU1EIiwiMjAyNi0wOS0xMyIsIkJPTSIsbnVsbCwiNkUiLCI2NDY4Il0sWyJCT00iLCIyMDI2LTA5LTEzIiwiR09JIixudWxsLCI2RSIsIjIzMCJdXV0=,2026-09-12 18:54:47.482491
1569,175,AMD,GOI,2026-09-13,2026-09-20,15337.00,INR,410,Round trip,IndiGo,1,94,WyJDalJJUW0xTmRUWTRTek5MTW05QlJUbDRjbEZDUnkwdExTMHRMUzB0TFMxd2FuSjVPRUZCUVVGQlIzRnNWWEZqU0VGUU0yTkJFZzAyUlRZek5URjhOa1UyTXpZeEdnb0k2WGNRQUJvRFNVNVNPQnh3c24wPSIsW1siQU1EIiwiMjAyNi0wOS0xMyIsIkJPTSIsbnVsbCwiNkUiLCI2MzUxIl0sWyJCT00iLCIyMDI2LTA5LTE0IiwiR09JIixudWxsLCI2RSIsIjYzNjEiXV1d,2026-09-12 18:54:47.485344
1570,175,AMD,GOI,2026-09-13,2026-09-20,16028.00,INR,285,Round trip,IndiGo,1,107,WyJDalJJUW0xTmRUWTRTek5MTW05QlJUbDRjbEZDUnkwdExTMHRMUzB0TFMxd2FuSjVPRUZCUVVGQlIzRnNWWEZqU0VGUU0yTkJFZ3cyUlRjeE56TjhOa1UwT1RjYUNnaWNmUkFBR2dOSlRsSTRISENGZ3dFPSIsW1siQU1EIiwiMjAyNi0wOS0xMyIsIklEUiIsbnVsbCwiNkUiLCI3MTczIl0sWyJJRFIiLCIyMDI2LTA5LTEzIiwiR09JIixudWxsLCI2RSIsIjQ5NyJdXV0=,2026-09-12 18:54:47.488243
1571,175,AMD,GOI,2026-09-13,2026-09-20,21376.00,INR,290,Round trip,IndiGo,1,94,WyJDalJJUW0xTmRUWTRTek5MTW05QlJUbDRjbEZDUnkwdExTMHRMUzB0TFMxd2FuSjVPRUZCUVVGQlIzRnNWWEZqU0VGUU0yTkJFZzAyUlRZeU1EVjhOa1UyTXpZeEdnc0lnS2NCRUFBYUEwbE9VamdjY09LdUFRPT0iLFtbIkFNRCIsIjIwMjYtMDktMTMiLCJCT00iLG51bGwsIjZFIiwiNjIwNSJdLFsiQk9NIiwiMjAyNi0wOS0xMyIsIkdPSSIsbnVsbCwiNkUiLCI2MzYxIl1dXQ==,2026-09-12 18:54:47.491313
1572,175,AMD,GOI,2026-09-13,2026-09-20,,INR,235,Round trip,Air India,1,149,WyJDalJJUW0xTmRUWTRTek5MTW05QlJUbDRjbEZDUnkwdExTMHRMUzB0TFMxd2FuSjVPRUZCUVVGQlIzRnNWWEZqU0VGUU0yTkJFZ3hCU1RRNU5IeEJTVEkwTWpBNEhBPT0iLFtbIkFNRCIsIjIwMjYtMDktMTMiLCJCT00iLG51bGwsIkFJIiwiNDk0Il0sWyJCT00iLCIyMDI2LTA5LTEzIiwiR09JIixudWxsLCJBSSIsIjI0MjAiXV1d,2026-09-12 18:54:47.493999
1573,176,COK,BLR,2026-09-13,2026-09-20,11270.00,INR,75,Round trip,IndiGo,0,43,WyJDalJJU2s5TldtWXpOVjloUjJ0QlNVOU5RbWRDUnkwdExTMHRMUzB0TFMxMmQyOXJOa0ZCUVVGQlIzRnNWWEZ2VDNaRVpVRkJFZ1kyUlRZNU1qSWFDZ2lHV0JBQUdnTkpUbEk0SEhDU1hBPT0iLFtbIkNPSyIsIjIwMjYtMDktMTMiLCJCTFIiLG51bGwsIjZFIiwiNjkyMiJdXV0=,2026-09-12 18:54:51.35248
1574,176,COK,BLR,2026-09-13,2026-09-20,13671.00,INR,75,Round trip,IndiGo,0,43,WyJDalJJU2s5TldtWXpOVjloUjJ0QlNVOU5RbWRDUnkwdExTMHRMUzB0TFMxMmQyOXJOa0ZCUVVGQlIzRnNWWEZ2VDNaRVpVRkJFZ1kyUlRZMU16VWFDZ2puYWhBQUdnTkpUbEk0SEhEamJ3PT0iLFtbIkNPSyIsIjIwMjYtMDktMTMiLCJCTFIiLG51bGwsIjZFIiwiNjUzNSJdXV0=,2026-09-12 18:54:51.356144
1575,176,COK,BLR,2026-09-13,2026-09-20,14272.00,INR,70,Round trip,Air India Express,0,54,WyJDalJJU2s5TldtWXpOVjloUjJ0QlNVOU5RbWRDUnkwdExTMHRMUzB0TFMxMmQyOXJOa0ZCUVVGQlIzRnNWWEZ2VDNaRVpVRkJFZ1pKV0RFNE9UUWFDZ2pBYnhBQUdnTkpUbEk0SEhEWWRBPT0iLFtbIkNPSyIsIjIwMjYtMDktMTMiLCJCTFIiLG51bGwsIklYIiwiMTg5NCJdXV0=,2026-09-12 18:54:51.358757
1576,176,COK,BLR,2026-09-13,2026-09-20,14650.00,INR,75,Round trip,IndiGo,0,47,WyJDalJJU2s5TldtWXpOVjloUjJ0QlNVOU5RbWRDUnkwdExTMHRMUzB0TFMxMmQyOXJOa0ZCUVVGQlIzRnNWWEZ2VDNaRVpVRkJFZ1kyUlRZME9ESWFDZ2k2Y2hBQUdnTkpUbEk0SEhEamR3PT0iLFtbIkNPSyIsIjIwMjYtMDktMTMiLCJCTFIiLG51bGwsIjZFIiwiNjQ4MiJdXV0=,2026-09-12 18:54:51.361617
1577,176,COK,BLR,2026-09-13,2026-09-20,14650.00,INR,70,Round trip,IndiGo,0,43,WyJDalJJU2s5TldtWXpOVjloUjJ0QlNVOU5RbWRDUnkwdExTMHRMUzB0TFMxMmQyOXJOa0ZCUVVGQlIzRnNWWEZ2VDNaRVpVRkJFZ1UyUlRRM01ob0tDTHB5RUFBYUEwbE9VamdjY09OMyIsW1siQ09LIiwiMjAyNi0wOS0xMyIsIkJMUiIsbnVsbCwiNkUiLCI0NzIiXV1d,2026-09-12 18:54:51.365199
1578,176,COK,BLR,2026-09-13,2026-09-20,14950.00,INR,75,Round trip,Air India Express,0,61,WyJDalJJU2s5TldtWXpOVjloUjJ0QlNVOU5RbWRDUnkwdExTMHRMUzB0TFMxMmQyOXJOa0ZCUVVGQlIzRnNWWEZ2VDNaRVpVRkJFZ1pKV0RJeE1UVWFDZ2ptZEJBQUdnTkpUbEk0SEhDZGVnPT0iLFtbIkNPSyIsIjIwMjYtMDktMTMiLCJCTFIiLG51bGwsIklYIiwiMjExNSJdXV0=,2026-09-12 18:54:51.368025
1579,176,COK,BLR,2026-09-13,2026-09-20,16035.00,INR,75,Round trip,Air India Express,0,54,WyJDalJJU2s5TldtWXpOVjloUjJ0QlNVOU5RbWRDUnkwdExTMHRMUzB0TFMxMmQyOXJOa0ZCUVVGQlIzRnNWWEZ2VDNaRVpVRkJFZ1pKV0RFNE9UWWFDZ2lqZlJBQUdnTkpUbEk0SEhDTmd3RT0iLFtbIkNPSyIsIjIwMjYtMDktMTMiLCJCTFIiLG51bGwsIklYIiwiMTg5NiJdXV0=,2026-09-12 18:54:51.370802
1580,176,COK,BLR,2026-09-13,2026-09-20,16934.00,INR,75,Round trip,IndiGo,0,43,WyJDalJJU2s5TldtWXpOVjloUjJ0QlNVOU5RbWRDUnkwdExTMHRMUzB0TFMxMmQyOXJOa0ZCUVVGQlIzRnNWWEZ2VDNaRVpVRkJFZ1UyUlRFNU5ob0xDS2FFQVJBQUdnTkpUbEk0SEhDNmlnRT0iLFtbIkNPSyIsIjIwMjYtMDktMTMiLCJCTFIiLG51bGwsIjZFIiwiMTk2Il1dXQ==,2026-09-12 18:54:51.373537
1581,176,COK,BLR,2026-09-13,2026-09-20,19735.00,INR,90,Round trip,IndiGo,0,44,WyJDalJJU2s5TldtWXpOVjloUjJ0QlNVOU5RbWRDUnkwdExTMHRMUzB0TFMxMmQyOXJOa0ZCUVVGQlIzRnNWWEZ2VDNaRVpVRkJFZ1kyUlRjd01EWWFDd2lYbWdFUUFCb0RTVTVTT0J4d3JhRUIiLFtbIkNPSyIsIjIwMjYtMDktMTMiLCJCTFIiLG51bGwsIjZFIiwiNzAwNiJdXV0=,2026-09-12 18:54:51.376174
1582,176,COK,BLR,2026-09-13,2026-09-20,19735.00,INR,70,Round trip,IndiGo,0,43,WyJDalJJU2s5TldtWXpOVjloUjJ0QlNVOU5RbWRDUnkwdExTMHRMUzB0TFMxMmQyOXJOa0ZCUVVGQlIzRnNWWEZ2VDNaRVpVRkJFZ1UyUlRjek9Cb0xDSmVhQVJBQUdnTkpUbEk0SEhDdG9RRT0iLFtbIkNPSyIsIjIwMjYtMDktMTMiLCJCTFIiLG51bGwsIjZFIiwiNzM4Il1dXQ==,2026-09-12 18:54:51.378734
1583,176,COK,BLR,2026-09-13,2026-09-20,,INR,75,Round trip,Air India Express,0,54,WyJDalJJU2s5TldtWXpOVjloUjJ0QlNVOU5RbWRDUnkwdExTMHRMUzB0TFMxMmQyOXJOa0ZCUVVGQlIzRnNWWEZ2VDNaRVpVRkJFZ1pKV0RFMk9USTRIQT09IixbWyJDT0siLCIyMDI2LTA5LTEzIiwiQkxSIixudWxsLCJJWCIsIjE2OTIiXV1d,2026-09-12 18:54:51.381482
1584,177,COK,DEL,2026-09-13,2026-09-20,23532.00,INR,195,Round trip,IndiGo,0,140,WyJDalJJVjI1UmJWcHhNRXhMVUVWQlJWOXRTbEZDUnkwdExTMHRMUzB0TFhscFltWnZPRUZCUVVGQlIzRnNWWEpCUkZaSGNrRkJFZ1kyUlRJM01EWWFDd2pzdHdFUUFCb0RTVTVTT0J4d3M4QUIiLFtbIkNPSyIsIjIwMjYtMDktMTMiLCJERUwiLG51bGwsIjZFIiwiMjcwNiJdXV0=,2026-09-12 18:55:01.484166
1585,177,COK,DEL,2026-09-13,2026-09-20,24300.00,INR,195,Round trip,IndiGo,0,140,WyJDalJJVjI1UmJWcHhNRXhMVUVWQlJWOXRTbEZDUnkwdExTMHRMUzB0TFhscFltWnZPRUZCUVVGQlIzRnNWWEpCUkZaSGNrRkJFZ1kyUlRZeU16SWFDd2pzdlFFUUFCb0RTVTVTT0J4dzFzWUIiLFtbIkNPSyIsIjIwMjYtMDktMTMiLCJERUwiLG51bGwsIjZFIiwiNjIzMiJdXV0=,2026-09-12 18:55:01.487518
1586,177,COK,DEL,2026-09-13,2026-09-20,25728.00,INR,200,Round trip,Air India Express,0,185,WyJDalJJVjI1UmJWcHhNRXhMVUVWQlJWOXRTbEZDUnkwdExTMHRMUzB0TFhscFltWnZPRUZCUVVGQlIzRnNWWEpCUkZaSGNrRkJFZ1pKV0RFNE1UWWFDd2lBeVFFUUFCb0RTVTVTT0J4d3JkSUIiLFtbIkNPSyIsIjIwMjYtMDktMTMiLCJERUwiLG51bGwsIklYIiwiMTgxNiJdXV0=,2026-09-12 18:55:01.490576
1587,177,COK,DEL,2026-09-13,2026-09-20,25908.00,INR,200,Round trip,Air India,0,165,WyJDalJJVjI1UmJWcHhNRXhMVUVWQlJWOXRTbEZDUnkwdExTMHRMUzB0TFhscFltWnZPRUZCUVVGQlIzRnNWWEpCUkZaSGNrRkJFZ1pCU1RJME5Ua2FDd2kweWdFUUFCb0RTVTVTT0J4dzZkTUIiLFtbIkNPSyIsIjIwMjYtMDktMTMiLCJERUwiLG51bGwsIkFJIiwiMjQ1OSJdXV0=,2026-09-12 18:55:01.493337
1588,177,COK,DEL,2026-09-13,2026-09-20,24434.00,INR,345,Round trip,IndiGo,1,177,WyJDalJJVjI1UmJWcHhNRXhMVUVWQlJWOXRTbEZDUnkwdExTMHRMUzB0TFhscFltWnZPRUZCUVVGQlIzRnNWWEpCUkZaSGNrRkJFZ3cyUlRZMk1udzJSVFk0TWpjYUN3anl2Z0VRQUJvRFNVNVNPQnh3NHNjQiIsW1siQ09LIiwiMjAyNi0wOS0xMyIsIkJPTSIsbnVsbCwiNkUiLCI2NjIiXSxbIkJPTSIsIjIwMjYtMDktMTMiLCJERUwiLG51bGwsIjZFIiwiNjgyNyJdXV0=,2026-09-12 18:55:01.495817
1589,177,COK,DEL,2026-09-13,2026-09-20,24434.00,INR,320,Round trip,IndiGo,1,180,WyJDalJJVjI1UmJWcHhNRXhMVUVWQlJWOXRTbEZDUnkwdExTMHRMUzB0TFhscFltWnZPRUZCUVVGQlIzRnNWWEpCUkZaSGNrRkJFZzAyUlRJMk1qSjhOa1UyTURBeUdnc0k4cjRCRUFBYUEwbE9VamdjY09MSEFRPT0iLFtbIkNPSyIsIjIwMjYtMDktMTMiLCJNQUEiLG51bGwsIjZFIiwiMjYyMiJdLFsiTUFBIiwiMjAyNi0wOS0xMyIsIkRFTCIsbnVsbCwiNkUiLCI2MDAyIl1dXQ==,2026-09-12 18:55:01.500488
1590,177,COK,DEL,2026-09-13,2026-09-20,24434.00,INR,330,Round trip,IndiGo,1,177,WyJDalJJVjI1UmJWcHhNRXhMVUVWQlJWOXRTbEZDUnkwdExTMHRMUzB0TFhscFltWnZPRUZCUVVGQlIzRnNWWEpCUkZaSGNrRkJFZ3cyUlRRek5udzJSVFkzTURRYUN3anl2Z0VRQUJvRFNVNVNPQnh3NHNjQiIsW1siQ09LIiwiMjAyNi0wOS0xMyIsIkJPTSIsbnVsbCwiNkUiLCI0MzYiXSxbIkJPTSIsIjIwMjYtMDktMTMiLCJERUwiLG51bGwsIjZFIiwiNjcwNCJdXV0=,2026-09-12 18:55:01.503784
1591,177,COK,DEL,2026-09-13,2026-09-20,25121.00,INR,195,Round trip,IndiGo,0,147,WyJDalJJVjI1UmJWcHhNRXhMVUVWQlJWOXRTbEZDUnkwdExTMHRMUzB0TFhscFltWnZPRUZCUVVGQlIzRnNWWEpCUkZaSGNrRkJFZ1kyUlRJek9ESWFDd2loeEFFUUFCb0RTVTVTT0J4d3NjMEIiLFtbIkNPSyIsIjIwMjYtMDktMTMiLCJERUwiLG51bGwsIjZFIiwiMjM4MiJdXV0=,2026-09-12 18:55:01.506783
1592,177,COK,DEL,2026-09-13,2026-09-20,25332.00,INR,415,Round trip,Air India,1,208,WyJDalJJVjI1UmJWcHhNRXhMVUVWQlJWOXRTbEZDUnkwdExTMHRMUzB0TFhscFltWnZPRUZCUVVGQlIzRnNWWEpCUkZaSGNrRkJFZzFCU1RJM09EaDhRVWt5T1RRMEdnc0k5TVVCRUFBYUEwbE9VamdjY0k3UEFRPT0iLFtbIkNPSyIsIjIwMjYtMDktMTMiLCJCT00iLG51bGwsIkFJIiwiMjc4OCJdLFsiQk9NIiwiMjAyNi0wOS0xMyIsIkRFTCIsbnVsbCwiQUkiLCIyOTQ0Il1dXQ==,2026-09-12 18:55:01.509273
1593,177,COK,DEL,2026-09-13,2026-09-20,27591.00,INR,180,Round trip,Air India Express,0,185,WyJDalJJVjI1UmJWcHhNRXhMVUVWQlJWOXRTbEZDUnkwdExTMHRMUzB0TFhscFltWnZPRUZCUVVGQlIzRnNWWEpCUkZaSGNrRkJFZ1pKV0RFNE1UUWFDd2pIMXdFUUFCb0RTVTVTT0J4d3l1RUIiLFtbIkNPSyIsIjIwMjYtMDktMTMiLCJERUwiLG51bGwsIklYIiwiMTgxNCJdXV0=,2026-09-12 18:55:01.51211
1594,177,COK,DEL,2026-09-13,2026-09-20,28591.00,INR,205,Round trip,Air India,0,165,WyJDalJJVjI1UmJWcHhNRXhMVUVWQlJWOXRTbEZDUnkwdExTMHRMUzB0TFhscFltWnZPRUZCUVVGQlIzRnNWWEpCUkZaSGNrRkJFZ1pCU1RFNE1qZ2FDd2l2M3dFUUFCb0RTVTVTT0J4dzRla0IiLFtbIkNPSyIsIjIwMjYtMDktMTMiLCJERUwiLG51bGwsIkFJIiwiMTgyOCJdXV0=,2026-09-12 18:55:01.51451
1595,177,COK,DEL,2026-09-13,2026-09-20,31473.00,INR,200,Round trip,Air India,0,165,WyJDalJJVjI1UmJWcHhNRXhMVUVWQlJWOXRTbEZDUnkwdExTMHRMUzB0TFhscFltWnZPRUZCUVVGQlIzRnNWWEpCUkZaSGNrRkJFZ1pCU1RJNE9EUWFDd2p4OVFFUUFCb0RTVTVTT0J4d3FZRUMiLFtbIkNPSyIsIjIwMjYtMDktMTMiLCJERUwiLG51bGwsIkFJIiwiMjg4NCJdXV0=,2026-09-12 18:55:01.516928
1596,177,COK,DEL,2026-09-13,2026-09-20,31657.00,INR,205,Round trip,Air India,0,165,WyJDalJJVjI1UmJWcHhNRXhMVUVWQlJWOXRTbEZDUnkwdExTMHRMUzB0TFhscFltWnZPRUZCUVVGQlIzRnNWWEpCUkZaSGNrRkJFZ1pCU1RJME56UWFDd2lwOXdFUUFCb0RTVTVTT0J4dzZZSUMiLFtbIkNPSyIsIjIwMjYtMDktMTMiLCJERUwiLG51bGwsIkFJIiwiMjQ3NCJdXV0=,2026-09-12 18:55:01.519595
1597,178,COK,BOM,2026-09-13,2026-09-20,15583.00,INR,125,Round trip,IndiGo,0,85,WyJDalJJYzNjMmVuSlhZVVZDTFdOQlMwMW9SRUZDUnkwdExTMHRMUzF2YTNSdE5DMXVNVUZCUVVGQlIzRnNWWEpyU0VoWVluTkJFZ1UyUlRRek5ob0tDTjk1RUFBYUEwbE9VamdjY0xSLyIsW1siQ09LIiwiMjAyNi0wOS0xMyIsIkJPTSIsbnVsbCwiNkUiLCI0MzYiXV1d,2026-09-12 18:55:09.401525
1598,178,COK,BOM,2026-09-13,2026-09-20,16538.00,INR,145,Round trip,Air India Express,0,117,WyJDalJJYzNjMmVuSlhZVVZDTFdOQlMwMW9SRUZDUnkwdExTMHRMUzF2YTNSdE5DMXVNVUZCUVVGQlIzRnNWWEpyU0VoWVluTkJFZ1pKV0RFM09UZ2FDd2lhZ1FFUUFCb0RTVTVTT0J4d200Y0IiLFtbIkNPSyIsIjIwMjYtMDktMTMiLCJCT00iLG51bGwsIklYIiwiMTc5OCJdXV0=,2026-09-12 18:55:09.403458
1599,178,COK,BOM,2026-09-13,2026-09-20,16862.00,INR,140,Round trip,Akasa Air,0,90,WyJDalJJYzNjMmVuSlhZVVZDTFdOQlMwMW9SRUZDUnkwdExTMHRMUzF2YTNSdE5DMXVNVUZCUVVGQlIzRnNWWEpyU0VoWVluTkJFZ1pSVURFeE16Z2FDd2plZ3dFUUFCb0RTVTVTT0J4dzdva0IiLFtbIkNPSyIsIjIwMjYtMDktMTMiLCJCT00iLG51bGwsIlFQIiwiMTEzOCJdXV0=,2026-09-12 18:55:09.405025
1600,178,COK,BOM,2026-09-13,2026-09-20,16913.00,INR,150,Round trip,Air India,0,102,WyJDalJJYzNjMmVuSlhZVVZDTFdOQlMwMW9SRUZDUnkwdExTMHRMUzF2YTNSdE5DMXVNVUZCUVVGQlIzRnNWWEpyU0VoWVluTkJFZ1pCU1RJM09EZ2FDd2lSaEFFUUFCb0RTVTVTT0J4d3BJb0IiLFtbIkNPSyIsIjIwMjYtMDktMTMiLCJCT00iLG51bGwsIkFJIiwiMjc4OCJdXV0=,2026-09-12 18:55:09.406708
1601,178,COK,BOM,2026-09-13,2026-09-20,15672.00,INR,270,Round trip,IndiGo,1,114,WyJDalJJYzNjMmVuSlhZVVZDTFdOQlMwMW9SRUZDUnkwdExTMHRMUzF2YTNSdE5DMXVNVUZCUVVGQlIzRnNWWEpyU0VoWVluTkJFZzAyUlRZNU1qSjhOa1UxTURrMEdnb0l1SG9RQUJvRFNVNVNPQnh3a1lBQiIsW1siQ09LIiwiMjAyNi0wOS0xMyIsIkJMUiIsbnVsbCwiNkUiLCI2OTIyIl0sWyJCTFIiLCIyMDI2LTA5LTEzIiwiQk9NIixudWxsLCI2RSIsIjUwOTQiXV1d,2026-09-12 18:55:09.408401
1602,178,COK,BOM,2026-09-13,2026-09-20,16509.00,INR,125,Round trip,IndiGo,0,85,WyJDalJJYzNjMmVuSlhZVVZDTFdOQlMwMW9SRUZDUnkwdExTMHRMUzF2YTNSdE5DMXVNVUZCUVVGQlIzRnNWWEpyU0VoWVluTkJFZ1UyUlRZMk1ob0xDUDJBQVJBQUdnTkpUbEk0SEhEOWhnRT0iLFtbIkNPSyIsIjIwMjYtMDktMTMiLCJCT00iLG51bGwsIjZFIiwiNjYyIl1dXQ==,2026-09-12 18:55:09.412764
1603,178,COK,BOM,2026-09-13,2026-09-20,17343.00,INR,145,Round trip,Air India,0,102,WyJDalJJYzNjMmVuSlhZVVZDTFdOQlMwMW9SRUZDUnkwdExTMHRMUzF2YTNSdE5DMXVNVUZCUVVGQlIzRnNWWEpyU0VoWVluTkJFZ1pCU1RJNE5UWWFDd2kvaHdFUUFCb0RTVTVTT0J4dzVvMEIiLFtbIkNPSyIsIjIwMjYtMDktMTMiLCJCT00iLG51bGwsIkFJIiwiMjg1NiJdXV0=,2026-09-12 18:55:09.415083
1604,178,COK,BOM,2026-09-13,2026-09-20,18001.00,INR,130,Round trip,IndiGo,0,85,WyJDalJJYzNjMmVuSlhZVVZDTFdOQlMwMW9SRUZDUnkwdExTMHRMUzF2YTNSdE5DMXVNVUZCUVVGQlIzRnNWWEpyU0VoWVluTkJFZ1UyUlRZM05Cb0xDTkdNQVJBQUdnTkpUbEk0SEhDV2t3RT0iLFtbIkNPSyIsIjIwMjYtMDktMTMiLCJCT00iLG51bGwsIjZFIiwiNjc0Il1dXQ==,2026-09-12 18:55:09.417405
1605,178,COK,BOM,2026-09-13,2026-09-20,19610.00,INR,145,Round trip,Air India Express,0,102,WyJDalJJYzNjMmVuSlhZVVZDTFdOQlMwMW9SRUZDUnkwdExTMHRMUzF2YTNSdE5DMXVNVUZCUVVGQlIzRnNWWEpyU0VoWVluTkJFZ1pKV0RFNE1EQWFDd2lhbVFFUUFCb0RTVTVTT0J4d3FxQUIiLFtbIkNPSyIsIjIwMjYtMDktMTMiLCJCT00iLG51bGwsIklYIiwiMTgwMCJdXV0=,2026-09-12 18:55:09.419524
1606,178,COK,BOM,2026-09-13,2026-09-20,19742.00,INR,125,Round trip,IndiGo,0,85,WyJDalJJYzNjMmVuSlhZVVZDTFdOQlMwMW9SRUZDUnkwdExTMHRMUzF2YTNSdE5DMXVNVUZCUVVGQlIzRnNWWEpyU0VoWVluTkJFZ1kyUlRJd09UUWFDd2llbWdFUUFCb0RTVTVTT0J4d3RLRUIiLFtbIkNPSyIsIjIwMjYtMDktMTMiLCJCT00iLG51bGwsIjZFIiwiMjA5NCJdXV0=,2026-09-12 18:55:09.421272
1607,178,COK,BOM,2026-09-13,2026-09-20,20527.00,INR,145,Round trip,Air India Express,0,117,WyJDalJJYzNjMmVuSlhZVVZDTFdOQlMwMW9SRUZDUnkwdExTMHRMUzF2YTNSdE5DMXVNVUZCUVVGQlIzRnNWWEpyU0VoWVluTkJFZ1pKV0RFNE1ESWFDd2l2b0FFUUFCb0RTVTVTT0J4dzZxY0IiLFtbIkNPSyIsIjIwMjYtMDktMTMiLCJCT00iLG51bGwsIklYIiwiMTgwMiJdXV0=,2026-09-12 18:55:09.423242
1608,178,COK,BOM,2026-09-13,2026-09-20,24530.00,INR,145,Round trip,Air India,0,144,WyJDalJJYzNjMmVuSlhZVVZDTFdOQlMwMW9SRUZDUnkwdExTMHRMUzF2YTNSdE5DMXVNVUZCUVVGQlIzRnNWWEpyU0VoWVluTkJFZ1ZCU1RZNU9Sb0xDTksvQVJBQUdnTkpUbEk0SEhESHlBRT0iLFtbIkNPSyIsIjIwMjYtMDktMTMiLCJCT00iLG51bGwsIkFJIiwiNjk5Il1dXQ==,2026-09-12 18:55:09.425134
